pdb	seed	DockQ_HA	iRMSD_HA	fnat_HA	LRMSD_HA	DockQ_LA	iRMSD_LA	iptm	ptm	confidence_score	complex_plddt	complex_iplddt
7y3o	1	0.0223135797641921	16.230225021684635	0.0	34.108543861862685	0.0222100366118576	16.51461197836746	0.6873996257781982	0.7675355076789856	0.8711208701133728	0.9170510768890381	0.8769907355308533
7y3o	2	0.0328610222389249	15.267585730557062	0.0	27.1908037026546	0.0331783478336706	14.18521297547549	0.6621389985084534	0.7469178438186646	0.8640972375869751	0.9145867824554443	0.8773866295814514
7y3o	3	0.0278187548325846	13.393078324873253	0.0	30.73078163529586	0.0281604612347136	13.48213337561383	0.7344360947608948	0.7963164448738098	0.8790795207023621	0.9152403473854065	0.8679004311561584
7y3o	4	0.0332613460419342	15.40035231331566	0.0	26.9647226841029	0.0340337094347563	14.525522704857488	0.6047805547714233	0.7109144330024719	0.8509469032287598	0.9124884605407715	0.8684382438659668
7y3o	5	0.0331061226459121	15.145857199411656	0.0	27.093611746479866	0.0337237679202553	14.511840796328736	0.6034451723098755	0.7087824940681458	0.8499280214309692	0.9115486741065979	0.8685334920883179
7yds	1	0.5672675539489723	2.317855807866658	0.5	2.727894607340432	0.6485443082857356	1.4076599627016118	0.7926271557807922	0.8373259902000427	0.9004587531089783	0.9274165630340576	0.9046226739883423
7yds	2	0.5084478881220401	2.454419132668378	0.3529411764705882	2.8258978861544914	0.6106694211648919	1.5779268371630952	0.7601895928382874	0.8147519826889038	0.8931383490562439	0.9263754487037659	0.9030015468597412
7yds	3	0.3948546385526215	3.055932983515768	0.2647058823529412	5.225755609919699	0.4264267781137401	2.2539456383434016	0.8128387928009033	0.8417384028434753	0.8979237675666809	0.9191949963569641	0.8906583189964294
7yds	4	0.4562248781933373	3.0658573022437547	0.3235294117647059	3.542614011803328	0.4820216863252293	2.092356612103866	0.8230341076850891	0.8554174900054932	0.9054275751113892	0.926025927066803	0.9023765325546265
7yds	5	0.5875484780497902	2.297609718091101	0.5294117647058824	2.2523776946793026	0.6666954029541449	1.3574230885172798	0.7662275433540344	0.816247284412384	0.8962893486022949	0.9288048148155212	0.9044654369354248
7yv1	1	0.1009235331874411	6.776840098476952	0.0	14.488041792573556	0.0966871979447607	6.519720640815234	0.8238878846168518	0.8561546802520752	0.907748818397522	0.9287139773368835	0.9007458686828613
7yv1	2	0.046428470802915	8.832135661637967	0.0	24.024699906997835	0.0445911180754711	9.016146714956957	0.7965248823165894	0.8407238721847534	0.8976551294326782	0.9229376316070557	0.910968542098999
7yv1	3	0.0807294142041375	6.600243048793272	0.0333333333333333	19.494629722509515	0.0684472271611107	6.4680766383936446	0.8489490747451782	0.8743938207626343	0.9103192687034607	0.9256618022918701	0.9014071226119995
7yv1	4	0.0660706046691336	7.104718446316075	0.0	19.805633761589775	0.0592886879864664	7.680206691403351	0.8895230889320374	0.9104913473129272	0.9159124493598938	0.9225097894668579	0.9007924795150757
7yv1	5	0.0810317251975184	6.543917841612426	0.0	17.371276932061438	0.0750148534391653	6.527567547503621	0.6868195533752441	0.7662319540977478	0.8784618377685547	0.9263724088668823	0.895744264125824
7z1x	1	0.0442341916052402	9.827764798645722	0.0754716981132075	44.989330898570685			0.5917052626609802	0.8265420198440552	0.7736627459526062	0.8191520571708679	0.7067388296127319
7z1x	2	0.0048708929209457	23.758867671002484	0.0	81.95443624090899			0.7669131755828857	0.8926981687545776	0.8218590021133423	0.835595428943634	0.7827447652816772
7z1x	3							0.7492648363113403	0.8693727254867554	0.8177430033683777	0.8348625898361206	0.7709766626358032
7z1x	4							0.7148604393005371	0.8466507196426392	0.8117102980613708	0.8359227180480957	0.7740183472633362
7z1x	5	0.0109478456046557	13.173633273195176	0.0	59.4325521988545			0.31173136830329895	0.7457410097122192	0.7237635254859924	0.8267715573310852	0.7037913203239441
7zau	1							0.17144227027893066	0.7767590284347534	0.7519924640655518	0.897130012512207	0.8211707472801208
7zau	2							0.2069813758134842	0.7840926647186279	0.7594224810600281	0.8975327014923096	0.8256722688674927
7zau	3							0.2687673270702362	0.7965887784957886	0.772585928440094	0.8985405564308167	0.8245071172714233
7zau	4							0.2279106229543686	0.7847498655319214	0.7647533416748047	0.8989640474319458	0.827732503414154
7zau	5							0.2647588551044464	0.7993727326393127	0.7713207602500916	0.8979612588882446	0.8328962922096252
7zoz	1	0.07657478643803	10.692423022284425	0.0909090909090909	23.07113523973192	0.0839096999566918	10.598242963163752	0.6624001264572144	0.7417896389961243	0.8650199174880981	0.9156748652458191	0.8868497610092163
7zoz	2	0.0654622246305071	11.509844124949948	0.0606060606060606	23.11891837259585	0.1024672099123582	9.814079563079492	0.702296793460846	0.7662115693092346	0.8728979229927063	0.9155482053756714	0.8899332880973816
7zoz	3	0.5662983887389269	2.1203212350911698	0.5454545454545454	3.9838085381642023	0.6556019625064127	1.5811170724310564	0.7666763067245483	0.8051889538764954	0.8982834815979004	0.9311853051185608	0.9171538352966309
7zoz	4	0.0754395020948368	11.343647542508624	0.0909090909090909	23.21369729680087	0.0620131069626229	10.00713135722272	0.7394832968711853	0.7902716994285583	0.8800742030143738	0.9152219295501709	0.8892725706100464
7zoz	5	0.0867803856225308	9.076195675085373	0.0909090909090909	20.821702920270475	0.1126860071480366	9.182617822912816	0.6926614046096802	0.7565702795982361	0.87286776304245	0.9179193377494812	0.8940967321395874
8a44	1	0.0086033728225658	13.143500561174038	0.0	74.19951531456702	0.010289204646324	10.43172222236112	0.6101586818695068	0.6963446140289307	0.8596819043159485	0.9220627546310425	0.9091725945472717
8a44	2	0.0092678068027134	13.066835050188589	0.0	69.35761919412876	0.0147815296768266	8.626496638743703	0.5058352947235107	0.6246808767318726	0.8388722538948059	0.9221314787864685	0.9069863557815552
8a44	3	0.009009615222115	13.073118987404689	0.0	71.24368277306729	0.0115321051862373	9.86637317227204	0.57658451795578	0.6733943223953247	0.8532961010932922	0.9224739670753479	0.9120867848396301
8a44	4	0.0088321707790802	13.12854834494544	0.0	72.36108914480366	0.013851112708997	8.854077870404787	0.5986224412918091	0.6896995902061462	0.8657699823379517	0.9325568079948425	0.9243176579475403
8a44	5	0.0089470781425674	13.088198693500413	0.0	71.65405581875864	0.0142730402742997	8.64254933466571	0.6098846197128296	0.7018293142318726	0.8649016618728638	0.9286559224128723	0.921517550945282
8acf	1	0.0351081080814394	14.09959288211724	0.0	26.3681831031841	0.0355421326659027	11.190699000976323	0.6520395874977112	0.7542062997817993	0.8728280067443848	0.9280250668525696	0.9220069646835327
8acf	2	0.0383539183788408	14.792722144935183	0.0	24.83153176616256	0.036476511843848	13.988714040115129	0.6685079336166382	0.7690061330795288	0.8750078082084656	0.9266327619552612	0.9132007360458374
8acf	3	0.0350537570245915	14.08458385300469	0.0	26.397082974892005	0.0366413107944024	10.630388755830976	0.6524685621261597	0.7494311332702637	0.8719713091850281	0.9268470406532288	0.9203441739082336
8acf	4	0.0326615124542661	14.224416461211938	0.0	27.5379300857985	0.0339415171414485	11.17793766014401	0.6913038492202759	0.7847654819488525	0.8793991208076477	0.9264229536056519	0.916195273399353
8acf	5	0.0321149819782985	14.134898444345769	0.0	27.850795213860305	0.0336345884045467	11.396569060310895	0.6628834009170532	0.758629560470581	0.874311089515686	0.9271680116653442	0.9208240509033203
8aci	1	0.0329730648973614	14.176867953532971	0.0	27.389624561642268	0.0336624659636437	11.390405013587374	0.6929103136062622	0.7812539339065552	0.8796330690383911	0.9263136982917786	0.916793167591095
8aci	2	0.0348285601199073	14.74407685463795	0.0	26.351414515352275	0.0396700135807647	9.935890624462097	0.6877249479293823	0.7749387621879578	0.8754715323448181	0.9224081039428711	0.9130977988243103
8aci	3	0.0321657202429151	14.164827257726156	0.0	27.815357185108105	0.0337397696718967	11.135450440709311	0.6868919730186462	0.775126576423645	0.8788692355155945	0.9268635511398315	0.916528582572937
8aci	4	0.0323115717013227	14.125735534288326	0.0	27.748488256902903	0.0337588649547051	11.188862911928586	0.7209811210632324	0.8000181317329407	0.8843294382095337	0.9251664280891418	0.9100004434585571
8aci	5	0.0305620675281212	14.25750261803467	0.0	28.68121398719004	0.032331260933051	11.080339845359209	0.657819926738739	0.7574609518051147	0.8725606203079224	0.9262457489967346	0.9184964299201965
8aok	1	0.1257518047819031	5.482851227936718	0.1346153846153846	18.584032177608307			0.783233642578125	0.8845512270927429	0.8890385627746582	0.9154897928237915	0.8611955642700195
8aok	2	0.1349365601311225	4.966841613112019	0.1346153846153846	17.745910736705927			0.808175265789032	0.8965467810630798	0.8952473998069763	0.9170153737068176	0.8673510551452637
8aok	3	0.1341276065490062	4.95407079417272	0.1153846153846153	16.841182790095136			0.6193521618843079	0.8015788197517395	0.8439019322395325	0.9000393748283386	0.8377062678337097
8aok	4	0.1207343991745939	5.062295540656484	0.0961538461538461	17.82077552299871			0.7268237471580505	0.8552116751670837	0.8834256529808044	0.9225761294364929	0.8757455945014954
8aok	5	0.1469845153363037	4.806764165248359	0.1538461538461538	17.087220072617882			0.5250809788703918	0.7543236613273621	0.8265328407287598	0.9018957614898682	0.8403571248054504
8aom	1	0.7088495542942868	1.4661607232324063	0.75	3.355939598480264			0.9072762727737427	0.8669437170028687	0.9351304173469543	0.9420939087867737	0.9354944825172424
8aom	2	0.7035299096879419	1.294351703592176	0.75	4.41685720304575			0.9174952507019043	0.858318567276001	0.9385196566581726	0.9437758326530457	0.93819260597229
8aom	3	0.7000501671315303	1.3186792289801168	0.8181818181818182	5.328225341956299			0.9135446548461914	0.8502321243286133	0.9362894296646118	0.9419756531715393	0.9353386759757996
8aom	4	0.7406353110485924	1.2549505274133494	0.7727272727272727	3.4162933242352955			0.8946149945259094	0.8548561334609985	0.9346022605895996	0.9445990920066833	0.935146689414978
8aom	5	0.7592830786973117	1.0892521669736457	0.75	3.2404307670500776			0.9313164949417114	0.8831366896629333	0.9420740008354187	0.9447633624076843	0.9413549304008484
8apy	1	0.8467784483100854	0.8962578147540068	0.8157894736842105	0.9511605642618138			0.9083456993103027	0.9387809634208679	0.9592634439468384	0.9719929099082947	0.9639872312545776
8apy	2	0.8391983306985185	0.9692460297627932	0.8421052631578947	1.4939048451241297			0.9140626192092896	0.9459306597709656	0.9615442156791687	0.9734146595001221	0.9661388993263245
8apy	3	0.8190215641097208	1.0291336243339493	0.8026315789473685	1.3751730577113297			0.9207363724708557	0.9497677087783813	0.9616161584854126	0.9718360304832458	0.9641726613044739
8apy	4	0.8792747226017882	0.8011003375894524	0.868421052631579	0.7948793784138342			0.9108760952949524	0.9428278803825378	0.9593376517295837	0.9714530110359192	0.9621537923812866
8apy	5	0.8508188586954449	0.8883697982106132	0.8289473684210527	1.1116694772596978			0.9161149859428406	0.9457802176475525	0.9611001014709473	0.9723463654518127	0.9638659954071045
8b17	1	0.8128668683526215	0.7722710025004513	0.759493670886076	3.0090581756231587			0.9310282468795776	0.9467373490333557	0.9287022948265076	0.9281207323074341	0.9359794855117798
8b17	2	0.8148921592619439	0.8276075292727771	0.7721518987341772	2.7395544221436245			0.927110493183136	0.9443856477737427	0.9275779128074646	0.9276946783065796	0.9379588961601257
8b17	3	0.6989360094003193	1.062513278340377	0.6455696202531646	4.443808190834512			0.8838216662406921	0.9349327087402344	0.919433057308197	0.9283358454704285	0.9317721724510193
8b17	4	0.8176672427680067	0.8191819939373413	0.759493670886076	2.45092840391935			0.9338886737823486	0.9489256143569946	0.9305806159973145	0.9297536015510559	0.9376933574676514
8b17	5	0.7629095031425933	0.970414613964424	0.7468354430379747	3.751841992321293			0.9398323893547058	0.955244779586792	0.9348602294921875	0.9336171746253967	0.9391226172447205
8b18	1	0.8143036430103541	0.7463871611862706	0.7532467532467533	3.016836624799872			0.9310282468795776	0.9467373490333557	0.9287022948265076	0.9281207323074341	0.9359794855117798
8b18	2	0.8207701512428335	0.802883412066547	0.7792207792207793	2.741345165706845			0.927110493183136	0.9443856477737427	0.9275779128074646	0.9276946783065796	0.9379588961601257
8b18	3	0.7111178620256601	1.0387809673401336	0.6623376623376623	4.314311492342539			0.8838216662406921	0.9349327087402344	0.919433057308197	0.9283358454704285	0.9317721724510193
8b18	4	0.8250528881995329	0.801008751452968	0.7792207792207793	2.543348930953711			0.9338886737823486	0.9489256143569946	0.9305806159973145	0.9297536015510559	0.9376933574676514
8b18	5	0.767773109592925	0.9403005117427432	0.7532467532467533	3.8171147172119726			0.9398323893547058	0.955244779586792	0.9348602294921875	0.9336171746253967	0.9391226172447205
8b19	1	0.8124713903656583	0.7365097612723508	0.7435897435897436	3.017505385235145			0.9310282468795776	0.9467373490333557	0.9287022948265076	0.9281207323074341	0.9359794855117798
8b19	2	0.8155757482632676	0.7918608960208832	0.7564102564102564	2.701358511913141			0.927110493183136	0.9443856477737427	0.9275779128074646	0.9276946783065796	0.9379588961601257
8b19	3	0.7045236023789826	1.0397006054890252	0.6410256410256411	4.288909212118167			0.8838216662406921	0.9349327087402344	0.919433057308197	0.9283358454704285	0.9317721724510193
8b19	4	0.8209255157775912	0.7884205399935539	0.7564102564102564	2.457952896494769			0.9338886737823486	0.9489256143569946	0.9305806159973145	0.9297536015510559	0.9376933574676514
8b19	5	0.7680920375531111	0.930742239193826	0.7435897435897436	3.728016799293324			0.9398323893547058	0.955244779586792	0.9348602294921875	0.9336171746253967	0.9391226172447205
8b1a	1	0.8076565942011599	0.7649925546233254	0.7468354430379747	3.100914037632599			0.9310282468795776	0.9467373490333557	0.9287022948265076	0.9281207323074341	0.9359794855117798
8b1a	2	0.8084775628805181	0.8237483920360525	0.759493670886076	2.870279597090549			0.927110493183136	0.9443856477737427	0.9275779128074646	0.9276946783065796	0.9379588961601257
8b1a	3	0.6995634754811223	1.0519987822628651	0.6329113924050633	4.309974272941952			0.8838216662406921	0.9349327087402344	0.919433057308197	0.9283358454704285	0.9317721724510193
8b1a	4	0.8078687166742888	0.816109627295087	0.7468354430379747	2.751148614778047			0.9338886737823486	0.9489256143569946	0.9305806159973145	0.9297536015510559	0.9376933574676514
8b1a	5	0.7542820925206547	0.9607095005280996	0.7341772151898734	3.988464859135112			0.9398323893547058	0.955244779586792	0.9348602294921875	0.9336171746253967	0.9391226172447205
8b1d	1	0.8233950508356195	0.7508244045459126	0.7808219178082192	2.992620528289206			0.9310282468795776	0.9467373490333557	0.9287022948265076	0.9281207323074341	0.9359794855117798
8b1d	2	0.8222041275066089	0.8048614158814215	0.7808219178082192	2.683885419083178			0.927110493183136	0.9443856477737427	0.9275779128074646	0.9276946783065796	0.9379588961601257
8b1d	3	0.715800019289878	1.034008335379403	0.6712328767123288	4.272731753755258			0.8838216662406921	0.9349327087402344	0.919433057308197	0.9283358454704285	0.9317721724510193
8b1d	4	0.8279250373169419	0.8006679618706695	0.7808219178082192	2.4256795636249766			0.9338886737823486	0.9489256143569946	0.9305806159973145	0.9297536015510559	0.9376933574676514
8b1d	5	0.7747665097591493	0.9427883211608484	0.7671232876712328	3.704829025677936			0.9398323893547058	0.955244779586792	0.9348602294921875	0.9336171746253967	0.9391226172447205
8b1e	1	0.8074261378033531	0.7701871709258685	0.7466666666666667	3.075381681841144			0.9310282468795776	0.9467373490333557	0.9287022948265076	0.9281207323074341	0.9359794855117798
8b1e	2	0.8047068743054765	0.8282528002052677	0.7466666666666667	2.815893536547857			0.927110493183136	0.9443856477737427	0.9275779128074646	0.9276946783065796	0.9379588961601257
8b1e	3	0.7032829242120555	1.056911284646615	0.64	4.228602261158764			0.8838216662406921	0.9349327087402344	0.919433057308197	0.9283358454704285	0.9317721724510193
8b1e	4	0.8077596227564244	0.8240312291090196	0.7466666666666667	2.698521867333632			0.9338886737823486	0.9489256143569946	0.9305806159973145	0.9297536015510559	0.9376933574676514
8b1e	5	0.7540552512433111	0.9669326322383922	0.7333333333333333	3.950193921932089			0.9398323893547058	0.955244779586792	0.9348602294921875	0.9336171746253967	0.9391226172447205
8b1f	1	0.8112780138596127	0.7761391469336102	0.7631578947368421	3.1110586536944886			0.9310282468795776	0.9467373490333557	0.9287022948265076	0.9281207323074341	0.9359794855117798
8b1f	2	0.8166985929536903	0.8382832249656372	0.7894736842105263	2.855123386773897			0.927110493183136	0.9443856477737427	0.9275779128074646	0.9276946783065796	0.9379588961601257
8b1f	3	0.7092460479941041	1.0539548525903888	0.6578947368421053	4.245163738866084			0.8838216662406921	0.9349327087402344	0.919433057308197	0.9283358454704285	0.9317721724510193
8b1f	4	0.8156937813409272	0.8324871110347971	0.7763157894736842	2.7339095168509653			0.9338886737823486	0.9489256143569946	0.9305806159973145	0.9297536015510559	0.9376933574676514
8b1f	5	0.7574617896903688	0.977831815709866	0.75	3.974196521675159			0.9398323893547058	0.955244779586792	0.9348602294921875	0.9336171746253967	0.9391226172447205
8b1g	1	0.7996106725140301	0.8200028526442616	0.75	3.154890650816366			0.9310282468795776	0.9467373490333557	0.9287022948265076	0.9281207323074341	0.9359794855117798
8b1g	2	0.8012941077143876	0.8732178069524843	0.7631578947368421	2.92935689571635			0.927110493183136	0.9443856477737427	0.9275779128074646	0.9276946783065796	0.9379588961601257
8b1g	3	0.7071120770897807	1.0595046386617206	0.6578947368421053	4.299210845057021			0.8838216662406921	0.9349327087402344	0.919433057308197	0.9283358454704285	0.9317721724510193
8b1g	4	0.8034436997038314	0.8731093727630237	0.7631578947368421	2.8295445614412			0.9338886737823486	0.9489256143569946	0.9305806159973145	0.9297536015510559	0.9376933574676514
8b1g	5	0.7462506391794893	1.0116510444285418	0.7368421052631579	4.055649962030655			0.9398323893547058	0.955244779586792	0.9348602294921875	0.9336171746253967	0.9391226172447205
8b7h	1	0.2899100893702092	3.464795667856261	0.5151515151515151	17.17530250926718	0.4213779849535207	2.8917234241144616	0.6874573826789856	0.7369122505187988	0.8576530814170837	0.9002019762992859	0.8917570114135742
8b7h	2	0.2562250747004521	4.1869113210590445	0.5151515151515151	21.08688686522521	0.1018435017423455	3.575090396295554	0.6851194500923157	0.7390017509460449	0.8564648032188416	0.8993011116981506	0.8907871842384338
8b7h	3	0.3461935562630656	3.320051671288508	0.5454545454545454	12.288835677544975	0.3371889287817029	2.4832045881265112	0.7231568098068237	0.7659413814544678	0.8619926571846008	0.8967015743255615	0.8826008439064026
8b7h	4	0.1645247224859994	20.02106114830966	0.4242424242424242	32.57430050384864	0.0282831010499596	9.572804979140388	0.6868959069252014	0.7674662470817566	0.8455718159675598	0.8852407336235046	0.8814486861228943
8b7h	5	0.3231853907630075	3.0471274221245426	0.5454545454545454	15.59465095245028	0.3175004541716457	2.028448152776736	0.7415302991867065	0.7849699258804321	0.866916298866272	0.8982627987861633	0.8851833939552307
8be2	1	0.0078260369784693	20.84740859164465	0.0	62.208158065939365			0.3572007417678833	0.7686221599578857	0.7845590710639954	0.8913986086845398	0.8125421404838562
8be2	2	0.2035196731487061	4.0972499416872	0.4150943396226415	29.3718032496849			0.3953278064727783	0.6763706207275391	0.7864125370979309	0.8841837048530579	0.8554138541221619
8be2	3	0.0647451016508923	16.257089298947655	0.1509433962264151	44.73132496572905			0.5066472887992859	0.8216122984886169	0.8166574835777283	0.8941599726676941	0.8501110076904297
8be2	4	0.519703774780517	1.9803193386482112	0.5283018867924528	6.01617784979184			0.5328526496887207	0.8044664263725281	0.8150789141654968	0.885635495185852	0.8527303338050842
8be2	5	0.2532192660926485	3.602579644280441	0.4716981132075472	21.04861415588249			0.45611825585365295	0.6804018020629883	0.7960283160209656	0.8810057640075684	0.8501473665237427
8bec	1							0.1577017903327942	0.5088837742805481	0.7635049223899841	0.914955735206604	0.8701722621917725
8bec	2	0.2346912499114281	19.45581878974712	0.6666666666666666	47.13317401302273			0.35767069458961487	0.5783829689025879	0.8107234239578247	0.9239866137504578	0.8906078934669495
8bec	3							0.3553764224052429	0.573363721370697	0.8073793649673462	0.9203800559043884	0.8865675330162048
8bec	4							0.31524255871772766	0.5617640018463135	0.8007311820983887	0.9221032857894897	0.889845609664917
8bec	5							0.2741459906101227	0.5478977560997009	0.7914813160896301	0.920815110206604	0.8912113904953003
8bg2	1							0.46317431330680847	0.6120712161064148	0.8274655342102051	0.9185383915901184	0.8672479391098022
8bg2	2							0.21835066378116608	0.5200725197792053	0.7754284143447876	0.9146978259086609	0.8777068257331848
8bg2	3							0.5465238690376282	0.6495800018310547	0.8413586616516113	0.9150673151016235	0.8679140210151672
8bg2	4							0.5258809328079224	0.6404483318328857	0.8376075029373169	0.9155390858650208	0.8611151576042175
8bg2	5							0.20073775947093964	0.5155389904975891	0.7755000591278076	0.9191906452178955	0.8809184432029724
8bg3	1							0.5151345729827881	0.6386973857879639	0.8452802896499634	0.9278167486190796	0.8919717669487
8bg3	2							0.5637323260307312	0.6647183299064636	0.8559228777885437	0.9289705753326416	0.8931377530097961
8bg3	3							0.543272078037262	0.6581935286521912	0.8529520034790039	0.9303719401359558	0.8957986235618591
8bg3	4							0.4690485894680023	0.6364501714706421	0.8343558311462402	0.9256826639175415	0.8914861083030701
8bg3	5							0.6348927021026611	0.6901856660842896	0.8704819083213806	0.9293791055679321	0.8958925604820251
8bg4	1	0.2044753075552406	19.510051751270375	0.580952380952381	51.4217856561215			0.21486300230026245	0.5317858457565308	0.7872235178947449	0.9303136467933655	0.9126250743865967
8bg4	2	0.2086700163951718	19.25257925281457	0.6	59.53577536873216			0.2532292604446411	0.5450708866119385	0.8006925582885742	0.9375584125518799	0.9276029467582703
8bg4	3	0.2121575584834638	19.654896117920597	0.5904761904761905	41.53008351229818			0.2743810713291168	0.5535597205162048	0.7984415888786316	0.9294566512107849	0.918651819229126
8bg4	4	0.0203721497140739	23.34378860517189	0.0380952380952381	61.226088428437066			0.15811388194561005	0.5218156576156616	0.7581043839454651	0.9081019759178162	0.8643971085548401
8bg4	5	0.1916981705116105	19.122787752583804	0.5523809523809524	65.42637125876495			0.26616522669792175	0.5499491691589355	0.793509840965271	0.9253459572792053	0.9129776954650879
8bg5	1							0.31790706515312195	0.57125324010849	0.7928699851036072	0.9116107225418091	0.8693110346794128
8bg5	2	0.0131174463778904	23.542187573160657	0.0210526315789473	70.67973414481845			0.43108639121055603	0.619037926197052	0.8270239233970642	0.9260082244873047	0.8947365880012512
8bg5	3	0.0132065972258424	23.896917665431044	0.0210526315789473	69.72792098957454			0.5217982530593872	0.6463133096694946	0.8421838879585266	0.9222803115844727	0.8867440223693848
8bg5	4	0.0129956181121196	24.4950107509861	0.0210526315789473	70.82654263929466			0.4115024507045746	0.6093335747718811	0.8203199505805969	0.9225243330001831	0.8871703743934631
8bg5	5	0.0129732167029998	23.684843821329142	0.0210526315789473	71.666093198277			0.518811821937561	0.6477821469306946	0.8386186957359314	0.918570339679718	0.8784722089767456
8bk2	1							0.9131519794464111	0.9157052636146545	0.9436901211738586	0.9513246417045593	0.9533886313438416
8bk2	2							0.920940101146698	0.9216559529304504	0.9445891380310059	0.9505013823509216	0.955156147480011
8bk2	3							0.9166396260261536	0.9184764623641968	0.9459319114685059	0.9532549381256104	0.9579482674598694
8bk2	4							0.9047154784202576	0.9061830043792725	0.9439114928245544	0.9537104368209839	0.9579256176948547
8bk2	5							0.9272924661636353	0.92762690782547	0.9456165432929993	0.9501975178718567	0.9549217224121094
8byu	1	0.0137061077101801	14.49348916574868	0.0	47.9061362302734	0.0165007104610533	9.369068626056654	0.6203329563140869	0.6818466782569885	0.8549367189407349	0.9135876297950745	0.9173269867897034
8byu	2	0.0302294769406472	10.90662273635067	0.0208333333333333	36.55636354140852	0.0455581648621033	7.834514069004432	0.5247023701667786	0.6139166951179504	0.8346442580223083	0.9121297001838684	0.8876264095306396
8byu	3	0.0063098414431927	17.099742762232427	0.0	79.53178590369723	0.0080746037714744	12.719090912520066	0.644736111164093	0.6987920999526978	0.8696230053901672	0.925844669342041	0.915381669998169
8byu	4	0.0456849364711811	10.496204725306086	0.0833333333333333	45.51046728303084	0.0374198069234188	6.953995439430097	0.5539271235466003	0.6441301107406616	0.8460788726806641	0.9191167950630188	0.9100959300994873
8byu	5	0.0456736373798296	9.519405608461032	0.0625	36.93676019822856	0.0480128857695851	6.2596970164109385	0.4876341223716736	0.5879911780357361	0.8263196349143982	0.9109909534454346	0.8919195532798767
8c3k	1	0.762493655763611	1.2696459835923373	0.7843137254901961	2.496833901760511			0.9178950190544128	0.9544278979301453	0.9291813969612122	0.9320030212402344	0.9201454520225525
8c3k	2	0.7917424400142736	1.1398181732210166	0.7843137254901961	1.8025200730633528			0.8839340209960938	0.9340933561325073	0.9220466613769531	0.9315748810768127	0.9164173007011414
8c3k	3	0.7833422070700627	1.1919752211667276	0.803921568627451	2.274874582272516			0.8710209727287292	0.9291766285896301	0.9188776016235352	0.9308418035507202	0.9138844609260559
8c3k	4	0.7772537849828914	1.2044497598905837	0.803921568627451	2.509124817247998			0.8838232159614563	0.9358292818069458	0.9221014976501465	0.9316710829734802	0.9193550944328308
8c3k	5	0.781735890926921	1.131842278797171	0.7647058823529411	2.08392954861984			0.8466848134994507	0.9185100197792053	0.9184592366218567	0.9364028573036194	0.9233452081680298
8c5h	1	0.1719013781184964	6.189986922769649	0.2244897959183673	15.30424467682622			0.5905771255493164	0.7765464782714844	0.8502565622329712	0.9151763319969177	0.8589973449707031
8c5h	2	0.4593809944389802	2.185326464122055	0.5918367346938775	9.098124231411704			0.7667598128318787	0.866072416305542	0.882888913154602	0.9119212031364441	0.8611218333244324
8c5h	3	0.1716364007298144	6.159978451504073	0.2244897959183673	15.35993388411319			0.6332909464836121	0.7942479252815247	0.8545109629631042	0.9098160266876221	0.8542822599411011
8c5h	4	0.2183666376235395	5.409422649865769	0.2653061224489796	12.436698453980467			0.6715671420097351	0.8186253905296326	0.8693081140518188	0.918743371963501	0.8696398138999939
8c5h	5	0.2556130625938846	4.077523615803786	0.2857142857142857	11.286088559385824			0.4133201241493225	0.6863269805908203	0.7961477637290955	0.8918547034263611	0.8197711110115051
8cbf	1	0.0262505480957758	18.222967205632937	0.0	30.510980349293924	0.0277950996618499	14.127451799729956	0.7242236733436584	0.7932894229888916	0.9091375470161438	0.9553659558296204	0.9413059949874878
8cbf	2	0.0250790662667603	18.76825979752001	0.0	31.249328749103885	0.0268959946034714	14.095605103880958	0.8820193409919739	0.9037944078445435	0.9492482542991638	0.9660554528236389	0.9647905826568604
8cbf	3	0.0199740632781031	19.369900597906906	0.0	35.59043877765999	0.0189079410370933	22.241306829019617	0.5872644782066345	0.709900975227356	0.8590901494026184	0.9270465970039368	0.9021703004837036
8cbf	4	0.0267112901416856	18.33928320202212	0.0	30.181080477109877	0.0277693088523266	14.555331951220737	0.7288163900375366	0.7931377291679382	0.9082815051078796	0.953147828578949	0.9378900527954102
8cbf	5	0.0264095847006805	18.092955874450592	0.0	30.4244155888072	0.0277516931255313	14.14307500644824	0.7401696443557739	0.8049054145812988	0.9149840474128723	0.9586876630783081	0.9472848176956177
8d9y	1	0.0602732809593706	9.726018095292632	0.048780487804878	24.3263867975915	0.0704912138791612	9.914073950939011	0.8262559771537781	0.8482815623283386	0.896367073059082	0.9138948917388916	0.8780211210250854
8d9y	2							0.86549311876297	0.8729397058486938	0.9037572741508484	0.9133233428001404	0.8795924186706543
8d9y	3							0.805121123790741	0.8268496990203857	0.8893930315971375	0.9104610681533813	0.8733357191085815
8d9y	4							0.7954802513122559	0.8294429183006287	0.8836773037910461	0.9057265520095825	0.8579748868942261
8d9y	5							0.7553467750549316	0.8047480583190918	0.8653931021690369	0.8929046392440796	0.8461426496505737
8d9z	1	0.2854224067628686	5.499626431235916	0.6857142857142857	25.315679408393283	0.0483165697936613	8.561913091959696	0.7112929224967957	0.767172634601593	0.8730489611625671	0.91348797082901	0.8797415494918823
8d9z	2	0.3507146070000735	4.025983808000031	0.7714285714285715	19.561853597077462	0.0701245239660926	6.412516833228114	0.8247765302658081	0.8566972017288208	0.911121666431427	0.9327079057693481	0.9169365763664246
8d9z	3	0.1343947286611337	10.651181993677922	0.3142857142857143	31.11347391504082	0.0737149666917504	8.787714885111956	0.8462315201759338	0.8710682988166809	0.911808431148529	0.9282025694847107	0.8947892189025879
8d9z	4	0.0431311288172421	10.91968066883477	0.0571428571428571	35.67108646443334	0.069096640143334	8.679225942549985	0.8395593166351318	0.8630461096763611	0.9019126296043396	0.917500913143158	0.8865807056427002
8d9z	5	0.3128312753326117	6.712800125943404	0.7428571428571429	20.38781146072545	0.0911386755610993	5.619479995961204	0.7860874533653259	0.8214881420135498	0.9015706181526184	0.9304414391517639	0.9032951593399048
8da0	1							0.7976863980293274	0.8241820335388184	0.9057117700576782	0.9327180981636047	0.9111953377723694
8da0	2							0.8262949585914612	0.8489574790000916	0.9096257090568542	0.9304584264755249	0.9083693027496338
8da0	3							0.807681679725647	0.8349609375	0.8999027609825134	0.9229580163955688	0.8994958400726318
8da0	4							0.7960087656974792	0.815488338470459	0.9071125984191895	0.9348886013031006	0.9172046184539795
8da0	5							0.8473218679428101	0.858316957950592	0.9103204011917114	0.9260700345039368	0.9024590253829956
8ee2	1							0.28647181391716003	0.7906774282455444	0.7980010509490967	0.9258833527565002	0.919903576374054
8ee2	2	0.5426583609229533	2.950928079771247	0.7580645161290323	6.038639449746155			0.5779578685760498	0.8620871901512146	0.8620491027832031	0.9330719709396362	0.8526694774627686
8ee2	3							0.5751664638519287	0.8712524771690369	0.8496326804161072	0.9182491898536682	0.8964163661003113
8ee2	4							0.3984609842300415	0.820077121257782	0.8187813758850098	0.9238614439964294	0.9059046506881714
8ee2	5							0.43083658814430237	0.8290309906005859	0.8203690648078918	0.9177521467208862	0.9071868062019348
8eln	1							0.8810972571372986	0.9528762698173523	0.951171338558197	0.9686898589134216	0.9430200457572937
8eln	2							0.8787031173706055	0.9526722431182861	0.949894368648529	0.9676920771598816	0.9380942583084106
8eln	3							0.9009274840354919	0.9591154456138611	0.9562073945999146	0.9700273275375366	0.9469186067581177
8eln	4							0.8877648115158081	0.9553234577178955	0.9531006217002869	0.9694345593452454	0.9426714181900024
8eln	5							0.8879757523536682	0.9563230872154236	0.9511460661888123	0.9669386148452759	0.9349605441093445
8elq	1	0.0106140006637612	13.866477661918832	0.0	59.08590123877618			0.5821401476860046	0.8089097142219543	0.813220202922821	0.8709902763366699	0.779852569103241
8elq	2	0.01321161924825	14.466466591333823	0.0	49.18639092795243			0.2944261133670807	0.6957079172134399	0.7639417052268982	0.881320595741272	0.8256532549858093
8elq	3	0.0100707433995023	14.837236403792762	0.0	59.356263752252666			0.492503821849823	0.7734573483467102	0.8042731285095215	0.8822154998779297	0.8035019040107727
8elq	4	0.0116667936851611	15.164641820363236	0.0	52.74679332764416			0.25032123923301697	0.6772087812423706	0.7523910999298096	0.8779085874557495	0.83717942237854
8elq	5	0.010688188641246	15.7765862278415	0.0	55.26907330876575			0.2134859561920166	0.6644951105117798	0.7428853511810303	0.8752351999282837	0.8112139701843262
8et0	1							0.47895392775535583	0.8867784142494202	0.8246000409126282	0.9110115766525269	0.8595513701438904
8et0	2							0.5786269307136536	0.9062215089797974	0.8455297350883484	0.9122554063796997	0.8596494793891907
8et0	3							0.55633145570755	0.9013931155204773	0.8415868878364563	0.9129007458686829	0.8604636192321777
8et0	4							0.5487266778945923	0.8990217447280884	0.840924859046936	0.913974404335022	0.8551575541496277
8et0	5							0.502323567867279	0.889644980430603	0.8292016386985779	0.9109210968017578	0.8520714640617371
8evd	1							0.606269359588623	0.8696404099464417	0.8803966641426086	0.9489284157752991	0.9082735776901245
8evd	2							0.8807241916656494	0.9526328444480896	0.9293503761291504	0.9415069222450256	0.8826621174812317
8evd	3							0.5447990894317627	0.8474127650260925	0.8589786887168884	0.937523603439331	0.9004347920417786
8evd	4							0.8836587071418762	0.9514815807342529	0.9161095023155212	0.9242221713066101	0.8319958448410034
8evd	5							0.37863874435424805	0.8009548783302307	0.821100652217865	0.9317160844802856	0.859633207321167
8ezk	1							0.20608225464820862	0.5684009790420532	0.7623724937438965	0.9014450311660767	0.8705942034721375
8ezk	2							0.17965282499790192	0.47615936398506165	0.7758009433746338	0.9248379468917847	0.9095941781997681
8ezk	3							0.20143254101276398	0.48726972937583923	0.7862533330917358	0.9324585199356079	0.9127336144447327
8ezk	4							0.158924400806427	0.4682457745075226	0.7518726587295532	0.9001097083091736	0.8584755063056946
8ezk	5							0.17891700565814972	0.4759807288646698	0.7782073616981506	0.9280299544334412	0.9167368412017822
8ezl	1	0.0079984518348245	21.76541977132946	0.0	60.64183334423055			0.404438316822052	0.5491229891777039	0.7888097167015076	0.8849025964736938	0.8448247313499451
8ezl	2	0.010611734549528	20.567949766353987	0.0	51.474009380369246			0.620263397693634	0.6916323900222778	0.8246512413024902	0.8757481575012207	0.8459765315055847
8ezl	3	0.0264379317201441	22.227937801070848	0.0	29.89833691368452			0.7821640968322754	0.68668532371521	0.8667665719985962	0.8879171013832092	0.8558859825134277
8ezl	4	0.0207312479430549	23.17037374708587	0.0	34.24915999690515			0.6842715740203857	0.6556333899497986	0.8506292700767517	0.8922186493873596	0.8630617260932922
8ezl	5	0.0259833176514892	21.774263942631052	0.0	30.239241179266283			0.40166184306144714	0.5542564988136292	0.7718037962913513	0.8643392324447632	0.8050298690795898
8ezm	1	0.0103784116732793	31.49668764805508	0.0	49.29652157065496			0.17459802329540253	0.49139469861984253	0.7716165781021118	0.9208711981773376	0.9032369256019592
8ezm	2	0.0113986581417735	31.415360039651624	0.0	46.80945803670253			0.1635512262582779	0.4725511968135834	0.7753126621246338	0.9282529950141907	0.9110089540481567
8ezm	3	0.040392661353143	20.76688320783201	0.0806451612903225	44.40744309371925			0.29272887110710144	0.5190828442573547	0.780062198638916	0.9018955230712891	0.8753314018249512
8ezm	4	0.01067438202349	31.07102004427728	0.0	48.585782463799006			0.16976162791252136	0.4722801446914673	0.7729385495185852	0.9237327575683594	0.9069557189941406
8ezm	5	0.0096864437004339	31.15610493305219	0.0	51.27386667626292			0.20285864174365997	0.4988008737564087	0.7757914066314697	0.9190245866775513	0.9016205072402954
8f5i	1	0.6860896384613443	1.6652194780581389	0.6956521739130435	2.596141220515427	0.6808395246894158	1.646790352192339	0.9124813079833984	0.9229276180267334	0.9564090967178345	0.9673909544944763	0.9642987251281738
8f5i	2	0.6835973502982142	1.5523886682279318	0.6956521739130435	3.252260687521099	0.6961877275163992	1.7760610845427778	0.9246548414230347	0.9353106617927551	0.9565387964248657	0.9645097851753235	0.9583858847618103
8f5i	3	0.7527569804879342	1.3103009397868934	0.7391304347826086	1.909768199318504	0.7586470770293193	1.4301152080607369	0.9133269190788269	0.926520049571991	0.9561381340026855	0.966840922832489	0.9626141786575317
8f5i	4	0.7203853517684046	1.562921305905345	0.7391304347826086	2.0983222938977963	0.7195322920688286	1.5159879729295371	0.9095929265022278	0.9234241247177124	0.9561821818351746	0.9678294658660889	0.9632337093353271
8f5i	5	0.7793602860634663	1.3480702915880804	0.8695652173913043	2.585333939162882	0.6882417325412513	1.635549778795637	0.9135802388191223	0.9282878041267395	0.9561993479728699	0.9668540954589844	0.9620097279548645
8f6u	1							0.4173124432563782	0.8085634708404541	0.8388270735740662	0.9442057013511658	0.9020772576332092
8f6u	2							0.8735103607177734	0.9489448070526123	0.9104635119438171	0.9197018146514893	0.8442094326019287
8f6u	3							0.6968997120857239	0.8958555459976196	0.8840300440788269	0.930812656879425	0.9025130271911621
8f6u	4							0.6362326145172119	0.8775912523269653	0.8759990930557251	0.935940682888031	0.9009748101234436
8f6u	5							0.2761322259902954	0.7678333520889282	0.8063474893569946	0.9389013051986694	0.8893592357635498
8f6v	1							0.1652800589799881	0.7400435209274292	0.7619864344596863	0.9111630320549011	0.8450043797492981
8f6v	2	0.0078511637907351	17.22967607505172	0.0	66.5926524800542			0.7989484667778015	0.9265162944793701	0.8955380320549011	0.9196854829788208	0.8523042798042297
8f6v	3							0.41484570503234863	0.8145790100097656	0.8201065063476562	0.9214217662811279	0.8473540544509888
8f6v	4							0.4927864670753479	0.8391653299331665	0.8417641520500183	0.9290086030960083	0.8676413297653198
8f6v	5							0.4107745885848999	0.8143109083175659	0.8103153109550476	0.9102004766464233	0.8380990624427795
8fdo	1	0.0478915918408934	15.099167943361822	0.0357142857142857	25.76013087595945	0.0375687651947789	12.879046251829786	0.7428192496299744	0.8079599738121033	0.8929154276847839	0.9304394721984863	0.9047250747680664
8fdo	2	0.0870521372727246	10.073539008265252	0.0	15.14809008445318	0.0878443419840945	8.982240273261782	0.6745076179504395	0.769951343536377	0.8797807693481445	0.9310991168022156	0.9141831994056702
8fdo	3	0.0539630032997298	15.001581947831369	0.0535714285714285	25.726615901986577	0.0370579493797565	12.829991685853548	0.758162796497345	0.8191745281219482	0.8982524871826172	0.9332749247550964	0.9070488214492798
8fdo	4	0.6487971838679379	1.6598423635339574	0.6785714285714286	4.005662409952274	0.7558129153341008	1.3129313431249097	0.839120090007782	0.8688880205154419	0.917393147945404	0.9369613528251648	0.9097105264663696
8fdo	5	0.0463365637819402	15.358444193202455	0.0357142857142857	26.412521308937336	0.035867455027373	12.719474803070703	0.7526686191558838	0.8203506469726562	0.9036545753479004	0.9414010643959045	0.9248864650726318
8fxv	1	0.0521466978986253	14.079538048381274	0.0793650793650793	32.014136513293785			0.6873673796653748	0.7325686812400818	0.8056115508079529	0.8351725935935974	0.8267885446548462
8fxv	2	0.0489165720321027	12.236262131585438	0.0634920634920634	31.356393778065204			0.7667973637580872	0.7275930047035217	0.8116094470024109	0.8228124380111694	0.8016504049301147
8fxv	3	0.0465829751073514	13.756328608562232	0.0793650793650793	37.594496151623			0.809289813041687	0.8136669993400574	0.8319135904312134	0.837569534778595	0.833914577960968
8fxv	4	0.0668505475656781	13.768201336977738	0.1428571428571428	38.72493323342456			0.8329028487205505	0.8292604088783264	0.8265690207481384	0.8249855041503906	0.7694506049156189
8fxv	5	0.0430956943967185	13.503911962542585	0.0793650793650793	42.92407140342008			0.798846960067749	0.7597528100013733	0.797457754611969	0.7971104383468628	0.7379302978515625
8g0i	1	0.0079520479487894	16.842289747415094	0.0	66.68701012316839			0.18112562596797943	0.6899944543838501	0.7652242183685303	0.9112488627433777	0.8412052392959595
8g0i	2	0.0160109652240501	15.641012538689834	0.0	42.239110353163504			0.3714323043823242	0.761590838432312	0.7985365390777588	0.9053125977516174	0.8578910231590271
8g0i	3	0.0205367452455889	16.803800321549225	0.0327868852459016	58.15248505770252			0.3447015583515167	0.7329081892967224	0.798397421836853	0.9118213653564453	0.8402047157287598
8g0i	4	0.02075346967661	16.97949393349542	0.0327868852459016	57.032412747948605			0.5080904960632324	0.8047243356704712	0.8315901160240173	0.9124649167060852	0.8388082981109619
8g0i	5	0.0089182844473009	16.691161676110514	0.0	61.50169123406107			0.29153701663017273	0.7189253568649292	0.7951698899269104	0.921078085899353	0.8608691692352295
8g4p	1	0.0761640644749826	9.864332476128318	0.0	16.693194825757335			0.7926576137542725	0.8150920867919922	0.8979728817939758	0.9243016839027405	0.9135878086090088
8g4p	2	0.1697039279678241	3.7942214357143897	0.2708333333333333	25.068822013461656			0.8202710747718811	0.8270589113235474	0.9003305435180664	0.9203454256057739	0.9216345548629761
8g4p	3	0.0591345186842565	10.415524819911846	0.0	19.68993937521733			0.7949157953262329	0.8368626832962036	0.9014784097671509	0.9281190037727356	0.9182273149490356
8g4p	4	0.0274718046116404	14.059765570868327	0.0	30.709102116352295			0.7648390531539917	0.7954373359680176	0.8924347162246704	0.9243335723876953	0.9129908084869385
8g4p	5	0.0348010117101613	11.104247893894591	0.0	27.625696098744			0.7975687980651855	0.8168854117393494	0.898445725440979	0.923664927482605	0.9184454679489136
8gjr	1	0.7369805241722078	1.1468752506943776	0.7419354838709677	3.738271673536886			0.8248852491378784	0.9248538017272949	0.9144394993782043	0.9368280172348022	0.8628495931625366
8gjr	2	0.7144887782213257	1.0860013793078955	0.7258064516129032	4.756051605452482			0.7518599033355713	0.914360761642456	0.8963220715522766	0.9324376583099365	0.8535306453704834
8gjr	3	0.0077314899785259	16.794130912801634	0.0	68.23579459880213			0.413004994392395	0.8182914853096008	0.8185827136039734	0.9199771881103516	0.8743913173675537
8gjr	4	0.4298219813242165	2.854768638522601	0.532258064516129	7.831643945772989			0.695559561252594	0.8902005553245544	0.8866758346557617	0.9344548583030701	0.8599576950073242
8gjr	5	0.6037490187098368	1.5269658252654188	0.7096774193548387	6.789697145194883			0.8156447410583496	0.9240994453430176	0.9080252051353455	0.9311202168464661	0.8491851687431335
8gy5	1	0.4939500245468688	3.9553849349586327	0.75	6.852108044836533	0.6160604487365088	1.6351851343501245	0.9623927474021912	0.9637734293937683	0.9591985940933228	0.9584000706672668	0.9558406472206116
8gy5	2	0.5178772061417388	3.187854570987635	0.7142857142857143	6.126971766118994	0.6205691523151575	1.6862523175036732	0.9716461300849915	0.9734090566635132	0.9626771807670593	0.9604349136352539	0.9596866369247437
8gy5	3	0.5001512019877713	3.154519058794503	0.75	7.442487926753915	0.602283698037111	1.645658714691079	0.9567610621452332	0.9599432349205017	0.9582061171531677	0.9585673213005066	0.9593678116798401
8gy5	4	0.524172792248003	3.00196241982251	0.75	6.616029471390232	0.6228189800652332	1.590898451259831	0.9464831948280334	0.9508497714996338	0.9551379084587097	0.9573015570640564	0.9555089473724365
8gy5	5	0.4639533593674717	3.8590439595559847	0.7142857142857143	7.745877811408674	0.6519008984230636	1.7602748845587253	0.9583895206451416	0.9597315192222595	0.9569258689880371	0.956559956073761	0.9519333243370056
8gye	1	0.0120616164992806	14.957869786038597	0.0	51.7917033073648	0.013069197535439	13.511089685328558	0.7565158009529114	0.8324139714241028	0.8896612524986267	0.9229475259780884	0.9156502485275269
8gye	2	0.0190560396778386	14.007305911848649	0.0238095238095238	56.6454806784762	0.0105737681526659	15.798474104339745	0.7375954389572144	0.8240732550621033	0.8873095512390137	0.9247380495071411	0.9196892380714417
8gye	3	0.0342802830688894	12.603885877800153	0.0714285714285714	63.78859763009414	0.0110338304717651	12.003602407382669	0.8417748212814331	0.8903624415397644	0.9066306948661804	0.922844648361206	0.9257190823554993
8gye	4	0.0124507447493121	14.51554310647615	0.0	51.234870697260114	0.0132504089088155	13.463831586854376	0.7278112173080444	0.8169934749603271	0.8790605664253235	0.9168729186058044	0.90682452917099
8gye	5	0.010565334965838	13.925630222124	0.0	59.1590084147518	0.0120420147369524	12.191121177831596	0.8081012964248657	0.8713304996490479	0.917324960231781	0.9446308612823486	0.9480515122413635
8h5t	1	0.0189482907245066	9.75083300781103	0.0	45.49646984527869			0.17389699816703796	0.6514992117881775	0.7498242259025574	0.8938060402870178	0.8384509682655334
8h5t	2	0.0230306870913682	8.99684017995675	0.0	40.57195096080889			0.3361705541610718	0.7143681645393372	0.7820659875869751	0.8935397863388062	0.8361201286315918
8h5t	3	0.0954933069573122	4.910369475622983	0.0655737704918032	21.464934529551464			0.13900238275527954	0.6381096839904785	0.7389561533927917	0.8889446258544922	0.8518944978713989
8h5t	4	0.0228287721175064	9.000238355190751	0.0	40.87009714286764			0.3199460208415985	0.7066412568092346	0.7809548377990723	0.8962070345878601	0.8355932235717773
8h5t	5	0.0194386640096682	9.536337619724272	0.0	45.18894212542396			0.18064744770526886	0.6549597382545471	0.7509404420852661	0.8935136795043945	0.8401319980621338
8h5u	1							0.5198216438293457	0.787862241268158	0.8069174885749817	0.8786914348602295	0.791394054889679
8h5u	2							0.1902862787246704	0.6772298216819763	0.7400404810905457	0.877479076385498	0.8203276991844177
8h5u	3							0.665407121181488	0.8557838201522827	0.8471708297729492	0.8926118016242981	0.8130274415016174
8h5u	4							0.3592078983783722	0.7436099052429199	0.7748697400093079	0.8787851929664612	0.8130989670753479
8h5u	5	0.0098436503087162	19.085146542309964	0.0	54.92226789046772			0.3579089641571045	0.7346609234809875	0.7759088277816772	0.880408763885498	0.8281071782112122
8h63	1	0.6431825608821461	1.4872042631349798	0.5753424657534246	3.5718094515258585			0.7866559028625488	0.9001798629760742	0.9161489605903625	0.9485222697257996	0.9073132276535034
8h63	2	0.7193407868177184	1.2385900842504476	0.6438356164383562	2.5134128975329406			0.7866678237915039	0.8996920585632324	0.9143749475479126	0.9463017582893372	0.8999622464179993
8h63	3	0.7295541315718413	1.278066244964755	0.6438356164383562	1.60807794460622			0.8116726875305176	0.9084042906761169	0.9252445101737976	0.953637421131134	0.9145015478134155
8h63	4	0.7146118445649274	1.2994134711765757	0.6301369863013698	2.101195955839561			0.8392423391342163	0.916357159614563	0.9301490187644958	0.9528756141662598	0.9130714535713196
8h63	5	0.4738170744791164	2.233104768141683	0.4520547945205479	6.121419620022039			0.8022042512893677	0.9114465117454529	0.9150764346122742	0.9432944655418396	0.8973364233970642
8h64	1							0.8838213086128235	0.9437154531478882	0.9265195727348328	0.9371941685676575	0.8799373507499695
8h64	2							0.42007917165756226	0.8286829590797424	0.824268639087677	0.9253159761428833	0.8658285140991211
8h64	3							0.7521034479141235	0.9079716801643372	0.8982521295547485	0.9347892999649048	0.8764809966087341
8h64	4							0.7256030440330505	0.9003002047538757	0.8994832038879395	0.9429532289505005	0.885144829750061
8h64	5							0.37055733799934387	0.8167319893836975	0.8260824084281921	0.939963698387146	0.8833545446395874
8hes	1	0.6621611747060832	1.2969419698147062	0.6721311475409836	5.010440670386835	0.7098420756491124	1.3200934945789151	0.4716635048389435	0.5524007081985474	0.8010334968566895	0.8833759427070618	0.8569133281707764
8hes	2	0.0866040667202589	6.040898796880124	0.1311475409836065	30.84287434642269	0.0378096735790602	7.324713126697412	0.4846862852573395	0.568926215171814	0.8069527745246887	0.887519359588623	0.8759773373603821
8hes	3	0.0227253384533485	13.898554752878084	0.0327868852459016	54.34951795488816	0.0269143043540926	6.10313530065055	0.5021730661392212	0.5776444673538208	0.8034135103225708	0.8787235617637634	0.8535139560699463
8hes	4	0.0863303146306054	8.047404894843325	0.1147540983606557	24.09668035371284	0.2039518279454567	3.1786907832050595	0.4983871579170227	0.5715698003768921	0.8101530075073242	0.888094425201416	0.860649049282074
8hes	5	0.0756358366199218	6.73827175971005	0.1147540983606557	32.25435402037196	0.0299506687245022	9.515750807169349	0.453077495098114	0.5398419499397278	0.7987975478172302	0.8852275609970093	0.8647580742835999
8hr2	1	0.2697693095113803	3.159046908235512	0.4042553191489361	15.955124149730104			0.26567813754081726	0.6598957777023315	0.7442009449005127	0.863831639289856	0.7791652679443359
8hr2	2	0.0254572758363346	8.482138214374814	0.0	38.68847985328649			0.19721335172653198	0.6371304988861084	0.7281364798545837	0.8608672618865967	0.7784697413444519
8hr2	3	0.0091264819347775	15.50865440717831	0.0	62.58562768353054			0.7289484739303589	0.8618595600128174	0.8323792815208435	0.8582369089126587	0.776321530342102
8hr2	4	0.0814846660259795	10.7190363352009	0.1276595744680851	25.84778763621068			0.5784057974815369	0.8033814430236816	0.8079516291618347	0.865338146686554	0.7807598114013672
8hr2	5	0.0098187597732966	14.912981265204692	0.0	60.36725549408944			0.4018307328224182	0.7188069224357605	0.7764513492584229	0.8701065182685852	0.8064685463905334
8idi	1							0.14892472326755524	0.6506612300872803	0.7359375357627869	0.8826907277107239	0.7912911176681519
8idi	2							0.6406940221786499	0.8307920694351196	0.8275928497314453	0.8743175864219666	0.7809792160987854
8idi	3	0.0070324925909339	17.622744829240034	0.0	71.58112528856695			0.44828784465789795	0.7550522685050964	0.7984721064567566	0.8860182166099548	0.7962650656700134
8idi	4							0.7573426961898804	0.8720285892486572	0.8652828335762024	0.8922678828239441	0.8160122632980347
8idi	5	0.0068625326377372	18.741094974022207	0.0	70.76583583680194			0.7369755506515503	0.8685154914855957	0.8638718724250793	0.895595908164978	0.8220117688179016
8ido	1	0.0067845276260602	19.854080240097566	0.0	69.64255443465291			0.752874493598938	0.8793546557426453	0.8788782954216003	0.9103792905807495	0.8472110033035278
8ido	2	0.0068724026127245	19.96757526137506	0.0	68.86669406551815			0.4814484119415283	0.7724097371101379	0.821471631526947	0.9064774513244629	0.8411902785301208
8ido	3	0.0069413836335739	20.00819931514742	0.0	68.33788021436122			0.5259894728660583	0.7865855097770691	0.8311375975608826	0.9074245691299438	0.8428400754928589
8ido	4	0.0069534039047523	20.179738319978053	0.0	68.04333091642522			0.43232667446136475	0.7504832148551941	0.8099703788757324	0.9043813347816467	0.8436952829360962
8ido	5	0.0068479377990358	19.891736814742824	0.0	69.1385573048872			0.5642628073692322	0.8021147847175598	0.8408613204956055	0.9100109934806824	0.8448375463485718
8im0	1	0.0130003668112313	17.544261528594053	0.0	46.94415832407743			0.7772116661071777	0.8988665342330933	0.9276357889175415	0.9652417302131653	0.950509250164032
8im0	2	0.0110630664916237	16.001848341129104	0.0	53.65906099969465			0.5808524489402771	0.8272621035575867	0.8867790102958679	0.9632606506347656	0.9378284215927124
8im0	3	0.0124779912042452	18.489071086130213	0.0	47.60576483752918			0.611873209476471	0.8400505185127258	0.8914424777030945	0.961334764957428	0.9379855990409851
8im0	4	0.0096770642357571	14.647587276913022	0.0	61.65315113282414			0.32619598507881165	0.7180723547935486	0.8218753933906555	0.9457951784133911	0.9101894497871399
8im0	5	0.0126329876789473	17.836866639076103	0.0	47.62049590821535			0.7491496205329895	0.8893787264823914	0.9211921691894531	0.9642027616500854	0.9483378529548645
8im1	1							0.4326534569263458	0.7647969126701355	0.8397515416145325	0.9415259957313538	0.8794974684715271
8im1	2							0.7480881214141846	0.8883118629455566	0.9054916501045227	0.944842517375946	0.9084113836288452
8im1	3							0.3377011716365814	0.7263646125793457	0.8179553151130676	0.938018798828125	0.8920036554336548
8im1	4							0.6447277665138245	0.8504666686058044	0.8835197687149048	0.9432177543640137	0.9052577018737793
8im1	5							0.8223224878311157	0.9150195121765137	0.915850818157196	0.9392328858375549	0.8802034258842468
8ipc	1	0.4220201472117668	2.2901131884325103	0.8775510204081632	27.31371208708385	0.2302010117387067	6.49425506136357	0.7531344294548035	0.768796443939209	0.8924881219863892	0.927326500415802	0.9208887815475464
8ipc	2	0.5645178486634601	1.275330716294114	0.979591836734694	21.651802949267367	0.2714877275394057	4.808712167833315	0.7779970765113831	0.7701959013938904	0.9008030295372009	0.931504487991333	0.9271198511123657
8ipc	3	0.4104587561161512	2.636459851776333	0.8979591836734694	27.215387224681496	0.2202672287040248	6.244315763434072	0.7732399106025696	0.7614283561706543	0.8988847136497498	0.9302958846092224	0.9265698194503784
8ipc	4	0.4045270783403628	2.739538755646462	0.8775510204081632	24.76605689930616	0.2418389565407307	5.605910211868665	0.755634605884552	0.7621414661407471	0.8917486071586609	0.9257771372795105	0.9179443717002869
8ipc	5	0.5774992774415525	1.1580052430292795	0.979591836734694	22.35263528755507	0.2700929825948115	5.5760477704208125	0.7668761014938354	0.7528379559516907	0.8945769667625427	0.9265021085739136	0.9186545610427856
8jel	1							0.9161346554756165	0.921315610408783	0.9382416605949402	0.9437684416770935	0.9245951175689697
8jel	2							0.9019101858139038	0.9097621440887451	0.9307267069816589	0.9379308819770813	0.9221436381340027
8jel	3							0.9098637104034424	0.917365550994873	0.9359303712844849	0.9424470067024231	0.9253678321838379
8jel	4							0.9091582298278809	0.9186078906059265	0.9360575079917908	0.9427822828292847	0.9280262589454651
8jel	5							0.909448504447937	0.9167523980140686	0.9355472922325134	0.9420719742774963	0.9237056970596313
8jeo	1							0.7972118854522705	0.851912260055542	0.903338611125946	0.9298702478408813	0.9082022309303284
8jeo	2							0.8194737434387207	0.8694160580635071	0.9076882600784302	0.9297418594360352	0.9061844348907471
8jeo	3							0.8146935105323792	0.8683844804763794	0.9088994860649109	0.9324510097503662	0.9124892354011536
8jeo	4							0.8386247158050537	0.8836192488670349	0.9117143750190735	0.9299867153167725	0.91094571352005
8jeo	5							0.8403984308242798	0.8827494978904724	0.9069910049438477	0.923639178276062	0.8981063961982727
8jyr	1	0.0470577099918833	8.287842050763908	0.024390243902439	27.876487638474757	0.0401195392755146	8.599321601895367	0.7767251133918762	0.8364002108573914	0.9125173687934875	0.9464654326438904	0.9386107325553894
8jyr	2	0.0219758113934887	13.359878564258588	0.0	35.75980585518921	0.0241149075715261	11.862444388793191	0.7127364277839661	0.7951744794845581	0.8963916897773743	0.9423054456710815	0.9357328414916992
8jyr	3	0.0423472627360132	8.47626900946939	0.024390243902439	30.45081282029352	0.0355190503690142	8.81148554760465	0.8578612208366394	0.8934723734855652	0.9326041340827942	0.9512898921966553	0.9471701979637146
8jyr	4	0.043742872319644	8.387637642238495	0.024390243902439	29.6701350855395	0.0361614785329686	8.840029503281235	0.8575604557991028	0.8934012055397034	0.9312438368797302	0.9496645927429199	0.9431383013725281
8jyr	5	0.0430980811656131	8.451275388257985	0.024390243902439	29.98868565975488	0.0362912089366451	8.694463982082572	0.8268101811408997	0.8720476627349854	0.9254326820373535	0.9500883221626282	0.9449402689933777
8k33	1							0.704752504825592	0.8489214181900024	0.8941950798034668	0.9415556788444519	0.9128803610801697
8k33	2							0.4879014194011688	0.7377011775970459	0.8411858677864075	0.9295070171356201	0.8866580724716187
8k33	3							0.7212753891944885	0.8622764348983765	0.8910455107688904	0.9334879517555237	0.8835186958312988
8k33	4							0.7784294486045837	0.8863126039505005	0.8686437010765076	0.8911972045898438	0.819984495639801
8k33	5							0.2717367708683014	0.658008873462677	0.7541793584823608	0.8747899532318115	0.7982848882675171
8k3k	1	0.0084771339947566	16.439275939635273	0.0	64.30057990445304			0.6235787868499756	0.8045313954353333	0.798327624797821	0.8420148491859436	0.7646752595901489
8k3k	2	0.0082266290249154	16.82580497229613	0.0	65.03547940724947			0.5608676671981812	0.7765539288520813	0.7933907508850098	0.8515215516090393	0.7778648138046265
8k3k	3	0.0174650452065601	17.34762333308198	0.0	39.16927434996909			0.3837546110153198	0.7065255045890808	0.7482841610908508	0.83941650390625	0.7664369940757751
8k3k	4	0.0081944411493698	16.43932877504183	0.0	65.97782774819605			0.5967270135879517	0.7858731150627136	0.7946428656578064	0.8441218137741089	0.774817168712616
8k3k	5	0.0085181989517056	16.35136057510204	0.0	64.23418683461476			0.49195268750190735	0.7448420524597168	0.7776184678077698	0.8490349054336548	0.7760371565818787
8k3l	1							0.56996089220047	0.7864863276481628	0.8322245478630066	0.8977904319763184	0.8398796319961548
8k3l	2							0.45685723423957825	0.7424172759056091	0.8051411509513855	0.8922121524810791	0.8191908001899719
8k3l	3							0.7834305763244629	0.888850212097168	0.8824149966239929	0.9071610569953918	0.8568946123123169
8k3l	4							0.6036403179168701	0.7901525497436523	0.829135537147522	0.8855093717575073	0.8239232897758484
8k3l	5							0.5123848915100098	0.7673293352127075	0.8214122653007507	0.8986691832542419	0.8307143449783325
8opr	1	0.0066604724566968	40.40243505543786	0.0	61.73432846640446			0.32726967334747314	0.5278132557868958	0.7512044310569763	0.8571881055831909	0.7941965460777283
8opr	2	0.0050520876760014	51.70485423954168	0.0	70.53213654111525			0.2812386751174927	0.3944545388221741	0.7358452677726746	0.8494969606399536	0.8102843761444092
8opr	3	0.0029558867329898	45.94562911663812	0.0	95.84919796221564			0.35665419697761536	0.5044726729393005	0.7669143080711365	0.8694792985916138	0.8317264318466187
8opr	4	0.007122794371894	39.72723824996479	0.0	59.58397954559248			0.36385682225227356	0.5230452418327332	0.7526586055755615	0.8498590588569641	0.7580118775367737
8opr	5	0.0031046068843211	41.652270791572285	0.0	94.5412401745926			0.2348935306072235	0.5225917100906372	0.7356913089752197	0.8608907461166382	0.8153936266899109
8oww	1	0.0110440719260438	17.42616649443947	0.0	52.255092601046094			0.3355550765991211	0.6944689154624939	0.7712100148200989	0.8801237344741821	0.8127312660217285
8oww	2	0.0109690610514438	17.355059893678376	0.0	52.55404206527195			0.15743263065814972	0.6523157954216003	0.7336840629577637	0.8777469396591187	0.8072875142097473
8oww	3	0.0108177868676581	17.326902868618173	0.0	53.06654363967743			0.13567794859409332	0.6429025530815125	0.7284496426582336	0.8766425251960754	0.8090430498123169
8oww	4	0.0109316035954098	17.364591489885946	0.0	52.66469581671843			0.24141725897789001	0.6848852038383484	0.7547940611839294	0.8831382393836975	0.799652099609375
8oww	5	0.0122484871559463	17.992586632880318	0.0	48.46371606473341			0.3084844946861267	0.706857442855835	0.7693958878517151	0.8846237063407898	0.8043278455734253
8oxv	1	0.0045580396899553	20.37911105042268	0.0	92.9927259700098	0.0047366858786124	21.692867333851066	0.6478977203369141	0.7801383137702942	0.8670652508735657	0.9218570590019226	0.9087451100349426
8oxv	2	0.003898738517794	19.99273142659185	0.0	108.5111291015299	0.003706650522119	20.7527758925948	0.35193997621536255	0.6601111888885498	0.8036291003227234	0.9165513515472412	0.9038525819778442
8oxv	3	0.0173384488818485	11.102652323970862	0.0	45.245496054242174	0.0084987753312037	18.70789601381964	0.6411844491958618	0.7928934693336487	0.8578125834465027	0.9119696021080017	0.8955857157707214
8oxv	4	0.004725538288317	17.442599603720314	0.0	102.45740713963914	0.0048322011263095	19.4425488597353	0.348289430141449	0.6581157445907593	0.8084004521369934	0.9234281778335571	0.9077343344688416
8oxv	5	0.0029013890680401	24.320371245627477	0.0	120.95014698443138	0.0031094338636944	25.614599960174893	0.43057215213775635	0.7049573659896851	0.8199437260627747	0.9172865748405457	0.8931317329406738
8oxw	1	0.0061474286439237	16.573875810292535	0.0	83.24756336107114	0.006898052340997	16.702898965295397	0.38627341389656067	0.6834529042243958	0.8083224296569824	0.9138346910476685	0.9027488827705383
8oxw	2	0.0036371907898718	20.5226361468462	0.0	113.28984521031784	0.0039321542593505	21.10509564637045	0.4395713806152344	0.702361524105072	0.8258592486381531	0.9224312901496887	0.9035380482673645
8oxw	3	0.0043878990212751	17.79882053601773	0.0	108.39644315607818	0.0040238871234084	21.13753976283131	0.33432599902153015	0.6518728137016296	0.8031816482543945	0.92039555311203	0.9059458374977112
8oxw	4	0.0046788263279326	17.585300618742988	0.0	102.62635166250216	0.0043125913331436	20.660489675211124	0.3384045958518982	0.6528128385543823	0.8070370554924011	0.9241952300071716	0.910442054271698
8oxw	5	0.0043496705485472	17.78704812588342	0.0	109.51957397348352	0.0039500706504911	21.40866498970647	0.3807697594165802	0.6751816868782043	0.8116429448127747	0.9193612337112427	0.8978988528251648
8oxx	1	0.012494385477846	9.969996804338596	0.0	68.08106394230936	0.0151339879408532	9.114816037256	0.38315948843955994	0.5776902437210083	0.8040356636047363	0.9092546701431274	0.8888952136039734
8oxx	2	0.0303562556607949	11.34217784278601	0.0625	79.22709884164148	0.0054445258075523	17.35161123515327	0.3749428391456604	0.5822442173957825	0.795049250125885	0.9000758528709412	0.8734270930290222
8oxx	3	0.0058067741669458	21.515492976621143	0.0	75.29586262372669	0.012603348258515	14.823890843174162	0.4523511230945587	0.6321255564689636	0.8182331323623657	0.9097035527229309	0.8913865685462952
8oxx	4	0.0040226146184812	18.72538500839963	0.0	112.34403317274104	0.0056862992647197	15.798047292658948	0.39434197545051575	0.594574511051178	0.7966741323471069	0.8972571492195129	0.8826633095741272
8oxx	5	0.0048373208614308	15.839013509632894	0.0	113.03383044890992	0.0056834570430368	15.2516708063934	0.38311830163002014	0.5828951001167297	0.7975835800170898	0.9011998772621155	0.8906587362289429
8oxy	1	0.0041017626786814	20.59881446167625	0.0	101.01650490584623	0.0043217768756472	21.607843831576396	0.41280457377433777	0.6897091269493103	0.8159417510032654	0.9167259931564331	0.9065405130386353
8oxy	2	0.0036330219081778	20.781421014547533	0.0	112.10444162241392	0.0039776216475194	21.215891541833333	0.4301901161670685	0.6993340253829956	0.8241063356399536	0.9225853681564331	0.9049886465072632
8oxy	3	0.0044068577001019	18.008433360427166	0.0	106.49351296474086	0.0043197310443868	20.47710880202842	0.32584965229034424	0.6506321430206299	0.7988508343696594	0.9171011447906494	0.9031354188919067
8oxy	4	0.0047188509854047	17.621189042372976	0.0	101.5127543007	0.0048610841295984	19.37226529353297	0.3371920585632324	0.6542649269104004	0.8025229573249817	0.9188556671142578	0.9068538546562195
8oxy	5	0.004445310206352	17.604543436802125	0.0	108.24639203922192	0.004014876028796	21.17771774484905	0.34197449684143066	0.659145712852478	0.8031387329101562	0.9184298515319824	0.9009601473808289
8ozb	1							0.9545130729675293	0.961219847202301	0.9532268643379211	0.9529053568840027	0.9604109525680542
8ozb	2							0.9577444195747375	0.9601859450340271	0.9541986584663391	0.9533121585845947	0.9603939056396484
8ozb	3							0.9384904503822327	0.9470193386077881	0.9538429379463196	0.9576810002326965	0.9641133546829224
8ozb	4							0.9540922045707703	0.9639274477958679	0.9495145082473755	0.9483700394630432	0.9563494920730591
8ozb	5							0.9448966979980469	0.9562566876411438	0.9483820199966431	0.9492533802986145	0.9568608999252319
8pe1	1							0.8285683393478394	0.864070475101471	0.9039079546928406	0.9227428436279297	0.894630491733551
8pe1	2							0.7736130952835083	0.8491132259368896	0.8852133750915527	0.9131134152412415	0.8672233819961548
8pe1	3							0.6920380592346191	0.8237098455429077	0.8746681213378906	0.9203256368637085	0.8687210083007812
8pe1	4							0.828617513179779	0.8495187759399414	0.902269184589386	0.9206821322441101	0.8923199772834778
8pe1	5							0.8648799657821655	0.8792052865028381	0.9093988537788391	0.9205285310745239	0.8922500014305115
8pe2	1	0.0175851996286213	17.800563922757473	0.0	38.84004155668477			0.6552200317382812	0.8786847591400146	0.8716371655464172	0.92574143409729	0.8871297836303711
8pe2	2	0.0203010756343784	15.1759899082139	0.0	36.58008168801818			0.448972225189209	0.8489887118339539	0.8298072814941406	0.9250161051750183	0.8821896314620972
8pe2	3	0.0191831887737628	14.500050821653057	0.0	38.29161041775883			0.3575456142425537	0.8298212885856628	0.8079562187194824	0.9205588698387146	0.8610450625419617
8pe2	4	0.0241217561779748	13.632246742242186	0.0	33.5244202232057			0.4292203187942505	0.8429691195487976	0.8206086158752441	0.9184557199478149	0.8506125211715698
8pe2	5	0.0335677802006906	13.759890714677557	0.0344827586206896	35.41202949115303			0.3288561701774597	0.8216094374656677	0.8045951128005981	0.9235298037528992	0.8517325520515442
8pih	1	0.0353646994719396	14.720619642035254	0.0	26.111044850540956			0.7347428202629089	0.8406314849853516	0.8761469721794128	0.9114980101585388	0.8616665601730347
8pih	2	0.0350391135308767	14.200739795594718	0.0	26.37589818600562			0.7807080149650574	0.8626603484153748	0.8241618275642395	0.8350253105163574	0.7354892492294312
8pih	3	0.0363215747195734	14.410056549562324	0.0	25.75177635397677			0.6513446569442749	0.7879946827888489	0.849430501461029	0.8989518880844116	0.8376539349555969
8pih	4	0.0352451790615709	14.618160952399355	0.0	26.18692230197708			0.7244651317596436	0.829271137714386	0.8481823801994324	0.8791117072105408	0.796233594417572
8pih	5	0.0360174259526337	14.645323878859852	0.0	25.835606556395252			0.7283627390861511	0.827295184135437	0.8710001111030579	0.9066594243049622	0.8558823466300964
8pmz	1	0.0204280305871026	17.71160320489387	0.0169491525423728	43.23477291325288			0.3014726936817169	0.5427501201629639	0.8134991526603699	0.9415057897567749	0.9104124903678894
8pmz	2	0.0216461833498632	18.11146628992825	0.0169491525423728	41.01676097795204			0.25002315640449524	0.5312772989273071	0.7978595495223999	0.9348186254501343	0.9020882248878479
8pmz	3							0.33922278881073	0.5812849998474121	0.8196801543235779	0.9397944808006287	0.9009975790977478
8pmz	4	0.0190749019873397	18.913295223500093	0.0169491525423728	45.290114691100015			0.21163947880268097	0.4951099753379822	0.7932741045951843	0.9386827349662781	0.903914213180542
8pmz	5							0.19964125752449036	0.48051756620407104	0.7735375165939331	0.917011559009552	0.872538685798645
8pwv	1							0.31977489590644836	0.6350969672203064	0.7866823673248291	0.9034092426300049	0.8555260300636292
8pwv	2							0.4208337366580963	0.6641467809677124	0.8060706257820129	0.9023798108100891	0.8559282422065735
8pwv	3							0.35731855034828186	0.640911877155304	0.8090953826904297	0.9220395684242249	0.8885625600814819
8pwv	4							0.35195308923721313	0.6458669900894165	0.7964093089103699	0.9075233340263367	0.8615877032279968
8pwv	5							0.5164398550987244	0.7021907567977905	0.8281733393669128	0.9061067700386047	0.8490750193595886
8pww	1	0.0085546448814913	22.60451144285987	0.0	57.64537263982376			0.18154913187026978	0.6091685891151428	0.7538981437683105	0.8969854116439819	0.8508164286613464
8pww	2	0.0078367475066929	23.59827970583038	0.0	60.29524373095186			0.22974896430969238	0.631533682346344	0.7600015997886658	0.8925647735595703	0.8448033332824707
8pww	3	0.0051561488665972	30.67975274792785	0.0	73.82335283827294			0.5049749612808228	0.7085136771202087	0.8219362497329712	0.9011765122413635	0.8616659641265869
8pww	4	0.007336554808348	23.87138440442885	0.0	62.64662454078931			0.14291289448738098	0.5978685021400452	0.7461148500442505	0.8969153165817261	0.8571340441703796
8pww	5	0.0074392790616239	23.51894089900092	0.0	62.314115646541694			0.17004504799842834	0.6119092702865601	0.7533999085426331	0.8992385864257812	0.861415445804596
8pyr	1							0.4147115647792816	0.7821618914604187	0.7773799300193787	0.8680469989776611	0.8135961294174194
8pyr	2							0.4952545762062073	0.8115004897117615	0.8011128306388855	0.8775774240493774	0.8269802331924438
8pyr	3							0.4140321910381317	0.7809575796127319	0.7834860682487488	0.8758494853973389	0.8272851705551147
8pyr	4							0.3394600749015808	0.7621766924858093	0.75857013463974	0.863347589969635	0.8334593176841736
8pyr	5							0.4304206371307373	0.7824403643608093	0.7826871275901794	0.8707537651062012	0.8125954866409302
8q3j	1							0.9292585849761963	0.9349914193153381	0.9193218350410461	0.9168376922607422	0.889561116695404
8q3j	2							0.8711238503456116	0.8888453245162964	0.9117630124092102	0.9219227433204651	0.9010580778121948
8q3j	3	0.0725788049960273	9.247334389103084	0.0454545454545454	20.504571018454936	0.0531657563125381	12.504307055051664	0.8799040913581848	0.893758237361908	0.9141740202903748	0.9227414131164551	0.9039461612701416
8q3j	4	0.285465254448883	4.261473157920242	0.1590909090909091	7.128795176567387	0.3326461694880879	3.198517880908181	0.8619244694709778	0.8819444179534912	0.9079812169075012	0.9194953441619873	0.8956347703933716
8q3j	5	0.1756883825709936	5.686077629832168	0.1363636363636363	12.232019015567229	0.1438660997525553	6.58473456657855	0.7353589534759521	0.7975640892982483	0.8756830096244812	0.9107640385627747	0.8818911910057068
8q6r	1	0.0296494306319226	14.349439300519515	0.0	29.19559858314522			0.6714944839477539	0.7059541940689087	0.8578584790229797	0.904449462890625	0.8443702459335327
8q6r	2	0.0319086343763725	14.154880542587184	0.0	27.956365833945814			0.5834085941314697	0.6642308831214905	0.8433618545532227	0.9083501696586609	0.8564456701278687
8q6r	3	0.0284430593821344	14.1946735467274	0.0	30.00578837824637			0.6361672282218933	0.6832712888717651	0.8488898277282715	0.9020704627037048	0.8441526889801025
8q6r	4	0.031980672395958	14.142478329028368	0.0	27.92090380735629			0.6719459891319275	0.7079474925994873	0.8499090075492859	0.8943998217582703	0.836015522480011
8q6r	5	0.0283158047295309	14.33950191900024	0.0	30.041234983004557			0.5246208310127258	0.6434611082077026	0.8219082951545715	0.896230161190033	0.8337299227714539
8q7o	1							0.935857355594635	0.9219813942909241	0.9411576390266418	0.9424827098846436	0.952943742275238
8q7o	2							0.9607369899749756	0.953223705291748	0.9409788250923157	0.9360392093658447	0.944181501865387
8q7o	3							0.9417889714241028	0.9231483340263367	0.9352264404296875	0.9335857629776001	0.9491069912910461
8q7o	4							0.9489023089408875	0.9361953735351562	0.9412168860435486	0.9392955303192139	0.9490271210670471
8q7o	5							0.9435737133026123	0.9332566261291504	0.9464284777641296	0.9471421837806702	0.9562563300132751
8q94	1	0.7548078795427898	1.556779447498727	0.8545454545454545	2.3596916996692805			0.8545650243759155	0.9093232750892639	0.9068280458450317	0.9198938012123108	0.9094275832176208
8q94	2	0.7604518507481505	1.4960189211698047	0.8181818181818182	1.6929433414962474			0.8715531826019287	0.9183630347251892	0.9065766334533691	0.9153324961662292	0.9006368517875671
8q94	3	0.7629358748532838	1.652426425331716	0.8909090909090909	2.028072894915607			0.8943418264389038	0.9299822449684143	0.9129384160041809	0.9175875782966614	0.9078183770179749
8q94	4	0.8043504160352466	1.3480900351377634	0.8909090909090909	1.5214437006752055			0.6508338451385498	0.785855233669281	0.855935275554657	0.9072107076644897	0.8822276592254639
8q94	5	0.7625008920023094	1.458761273463137	0.8	1.4005693138113764			0.8844454884529114	0.9287128448486328	0.9129471778869629	0.920072615146637	0.9065040349960327
8q95	1	0.7643448910787178	1.545632555552929	0.8518518518518519	1.8200211844416556			0.9071576595306396	0.9379410743713379	0.9305745959281921	0.9364288449287415	0.9209083914756775
8q95	2	0.7706024092509414	1.5160125426966404	0.8703703703703703	2.0159455702067954			0.9193964004516602	0.9450454115867615	0.9326804280281067	0.9360014200210571	0.9210965633392334
8q95	3	0.7614704756720836	1.5654414946554245	0.8703703703703703	2.234139238808647			0.9280547499656677	0.9504479169845581	0.9318622946739197	0.9328141212463379	0.9186272025108337
8q95	4	0.7701964594810224	1.4829149724036526	0.8518518518518519	1.8874371566451735			0.8816280364990234	0.925988495349884	0.9214768409729004	0.9314390420913696	0.9074233770370483
8q95	5	0.7714487217083673	1.5064670409350789	0.8518518518518519	1.6272653631541765			0.9151012301445007	0.9430333971977234	0.9317948222160339	0.9359682202339172	0.92015141248703
8qf4	1	0.8806332987836211	0.8600113546717151	0.9154929577464788	1.3941540512760815			0.9480578899383545	0.9569424390792847	0.9699243903160095	0.9753910303115845	0.973871648311615
8qf4	2	0.8943333226964385	0.7336436124330752	0.9014084507042254	1.371417509287187			0.9501236081123352	0.9551681876182556	0.9697238802909851	0.97462397813797	0.9739584922790527
8qf4	3	0.8787774026621339	0.848411799391635	0.9014084507042254	1.295510710248995			0.946801483631134	0.9555142521858215	0.9694684147834778	0.975135087966919	0.9739069938659668
8qf4	4	0.8871708292439543	0.8553334897311421	0.9295774647887324	1.29528220173387			0.9514911770820618	0.9581835865974426	0.9704486131668091	0.9751879572868347	0.9735344052314758
8qf4	5	0.8718529901288344	0.8451018521300174	0.8873239436619719	1.5158653837575071			0.9528785943984985	0.9591273069381714	0.9709061980247498	0.9754130840301514	0.9736075401306152
8qf5	1							0.8357676267623901	0.9100764393806458	0.8774355053901672	0.8878524303436279	0.8249304890632629
8qf5	2							0.7797189950942993	0.8972663879394531	0.8285424113273621	0.8407483100891113	0.736690878868103
8qf5	3							0.6333056688308716	0.8185086846351624	0.7928296327590942	0.8327106237411499	0.7345176935195923
8qf5	4	0.0557747579440631	13.055727677231893	0.0459770114942528	24.387723709037164			0.7953804731369019	0.904545783996582	0.8687564730644226	0.8871005177497864	0.8032587170600891
8qf5	5							0.8274161219596863	0.9077210426330566	0.8337032198905945	0.8352749943733215	0.7595946788787842
8qgx	1	0.0208348361771878	11.79196742403947	0.0	38.455320493900686			0.6807390451431274	0.8577870726585388	0.8632259368896484	0.9088476896286011	0.8259703516960144
8qgx	2	0.2106613277180375	4.626349454557941	0.2166666666666666	12.385296898673552			0.6882065534591675	0.8732428550720215	0.8720387816429138	0.9179968237876892	0.8456500768661499
8qgx	3	0.018503901277393	12.159242760988729	0.0	41.36130777359282			0.7025664448738098	0.8516671061515808	0.8684656023979187	0.9099403619766235	0.8250344395637512
8qgx	4	0.0621534017128686	10.47520567418665	0.0833333333333333	28.246692464120496			0.3516691029071808	0.751702606678009	0.7958360910415649	0.9068778157234192	0.8040056228637695
8qgx	5	0.0176135933464573	12.374952684862894	0.0	42.55786240746931			0.8153797388076782	0.9196793437004089	0.8971208930015564	0.91755610704422	0.8532664775848389
8qh0	1	0.90214802553343	0.4393120738151151	0.9365079365079364	3.5856075443079773	0.5868030323218439	1.1734198534448497	0.6453546285629272	0.734419584274292	0.8954931497573853	0.9580277800559998	0.9549632668495178
8qh0	2	0.9132042572996178	0.5160476879540864	0.9206349206349206	2.4236710044623417	0.5883318293514378	1.3641347806730295	0.6661108136177063	0.7501266002655029	0.898726761341095	0.9568807482719421	0.9534023404121399
8qh0	3	0.7133252099934994	0.4573665770937463	0.9365079365079364	13.347551401019862	0.3855424105739738	1.1680333389050952	0.6109259724617004	0.688591718673706	0.8857068419456482	0.954401969909668	0.9501181244850159
8qh0	4	0.7267909631725633	0.4600778240682286	0.9523809523809524	12.564275638491472	0.3545567782634996	1.300971046707893	0.6192630529403687	0.693744421005249	0.8889535069465637	0.9563761353492737	0.9545279145240784
8qh0	5	0.7391113887145683	0.4418657196255229	0.9365079365079364	11.316796042579275	0.4211924637050448	1.1674752459818252	0.5950785279273987	0.6762180328369141	0.882283627986908	0.9540848731994629	0.9509698152542114
8qrg	1	0.0111400992539176	17.57605351550966	0.0	51.83138469610984			0.38222959637641907	0.7295449376106262	0.8078019022941589	0.9141950011253357	0.8697212338447571
8qrg	2	0.011852037581364	17.07984132882119	0.0	50.171133544390166			0.5156157612800598	0.7738843560218811	0.8265675902366638	0.9043054580688477	0.8558220267295837
8qrg	3	0.0099119499296455	16.146173359514815	0.0	57.785286069762726			0.642067551612854	0.8347412347793579	0.8580989241600037	0.9121066927909851	0.8650811910629272
8qrg	4	0.0116791429288862	17.684203535570948	0.0	50.17867646294171			0.4985913038253784	0.7710667848587036	0.8197821974754333	0.9000798463821411	0.848332941532135
8qrg	5	0.0116435773398136	17.909822370732506	0.0	50.11320035980958			0.5183786749839783	0.781877875328064	0.8292937278747559	0.9070224761962891	0.8559627532958984
8qz3	1							0.4521787464618683	0.6805696487426758	0.7776569724082947	0.8590264916419983	0.803954005241394
8qz3	2	0.1696992409002711	5.024944800493834	0.2666666666666666	19.431644836469427			0.7292002439498901	0.7499304413795471	0.8383535742759705	0.8656418919563293	0.7946703433990479
8qz3	3	0.1486900038959138	5.355045681194359	0.2	18.563847498083117			0.7769153118133545	0.7525908946990967	0.8466976284980774	0.8641431331634521	0.8131685853004456
8qz3	4							0.6109237670898438	0.73720782995224	0.8097786903381348	0.8594924211502075	0.7720353007316589
8qz3	5							0.4971984326839447	0.6811407804489136	0.7998449206352234	0.875506579875946	0.8183453679084778
8r4n	1	0.1600154428594475	5.918257153510021	0.3043478260869565	23.54085939610527	0.1514752849769532	7.717457824532473	0.8316952586174011	0.8574274778366089	0.8775489926338196	0.8890124559402466	0.8579450249671936
8r4n	2	0.0733672221734354	8.214065037008087	0.0	17.675013123254267	0.1391812263908345	6.303846414234552	0.891849935054779	0.9011385440826416	0.897351086139679	0.8987263441085815	0.8717145323753357
8r4n	3	0.1766325881929681	5.948918808929354	0.3478260869565217	22.7714323212849	0.1205099607651351	7.866187211420613	0.7810709476470947	0.8296438455581665	0.8648174405097961	0.8857539892196655	0.8501457571983337
8r4n	4	0.0709004933240689	7.607922478887023	0.0	18.43748656852977	0.1190267937884222	6.046698841877171	0.8839901089668274	0.8962781429290771	0.8896574974060059	0.8910742998123169	0.8583608865737915
8r4n	5	0.1801039078215679	5.518152707255865	0.3478260869565217	22.625798854885133	0.1385122767350594	7.32210337507512	0.7540082931518555	0.801179826259613	0.8593191504478455	0.8856468200683594	0.8471726179122925
8r4u	1							0.675077497959137	0.7654134035110474	0.8484609723091125	0.8918068408966064	0.8200528025627136
8r4u	2							0.5594340562820435	0.7193374633789062	0.8261575698852539	0.8928384780883789	0.8202477693557739
8r4u	3							0.4988235831260681	0.7383604049682617	0.7999523878097534	0.8752345442771912	0.7924941778182983
8r4u	4							0.7476953268051147	0.7800264358520508	0.873426079750061	0.9048587679862976	0.841498076915741
8r4u	5							0.38315534591674805	0.6325278282165527	0.7651109099388123	0.8605997562408447	0.7821357846260071
8rby	1	0.3507058937647608	3.9324972105182185	0.3157894736842105	6.806320545082314			0.6953993439674377	0.8435819745063782	0.8428614735603333	0.8797269463539124	0.8186215758323669
8rby	2	0.3154594400326516	4.347741926115284	0.2631578947368421	7.280027540267584			0.6994073390960693	0.8464967608451843	0.8495413661003113	0.887074887752533	0.8259726166725159
8rby	3	0.3494240921119498	3.9861106392148486	0.3157894736842105	6.818802277048281			0.6582868099212646	0.8274074792861938	0.8372423052787781	0.8819811940193176	0.8198934197425842
8rby	4	0.3846006735773511	3.5343942460049824	0.3157894736842105	5.758899858919745			0.6898737549781799	0.8459287285804749	0.8473750948905945	0.8867504000663757	0.8278928399085999
8rby	5	0.3442750177093235	3.816077265551951	0.3026315789473684	6.992912947442488			0.7794803977012634	0.8827357292175293	0.8598102927207947	0.8798927664756775	0.8156958818435669
8rj7	1							0.24087119102478027	0.6838722825050354	0.7511832118034363	0.8787611722946167	0.8021200299263
8rj7	2							0.16876129806041718	0.6553241014480591	0.7396299242973328	0.882347047328949	0.8189302086830139
8rj7	3							0.18579305708408356	0.6649771332740784	0.745810329914093	0.8858146071434021	0.8235694766044617
8rj7	4							0.2802026569843292	0.7001828551292419	0.769077479839325	0.8912962079048157	0.8231345415115356
8rj7	5							0.21648137271404266	0.6755887269973755	0.743238627910614	0.8749278783798218	0.8227554559707642
8rp8	1	0.0427226262068649	10.861889780093858	0.0	24.245526709161165	0.071156853222108	9.920059851938024	0.7483549118041992	0.8044907450675964	0.8950327038764954	0.931702196598053	0.9043448567390442
8rp8	2	0.0424971179184387	9.511669464993236	0.0	25.05345846884218	0.0590901458546333	10.083173642051664	0.6841223835945129	0.7681674361228943	0.8855663537979126	0.9359272718429565	0.9110829830169678
8rp8	3	0.04403997022097	10.645973053687388	0.0	23.85569605163316	0.0709768066324226	9.984750370713655	0.7388956546783447	0.7937914133071899	0.8967826962471008	0.9362544417381287	0.9106501340866089
8rp8	4							0.8199523091316223	0.8565348386764526	0.9127370715141296	0.9359332323074341	0.9077959060668945
8rp8	5	0.0419437088936011	10.704852945810847	0.0	24.610536238034538	0.060587005751924	9.956143125461256	0.7644643783569336	0.8102129101753235	0.8991544842720032	0.9328269958496094	0.9018027186393738
8rw9	1							0.3411388099193573	0.6501816511154175	0.8066245913505554	0.9229960441589355	0.8791219592094421
8rw9	2							0.9015159606933594	0.9326746463775635	0.9023029208183289	0.9024996757507324	0.8176243901252747
8rw9	3							0.9236592650413513	0.9315497279167175	0.9621375203132629	0.9717571139335632	0.9742870926856995
8rw9	4							0.8027616739273071	0.8718762993812561	0.8831732869148254	0.9032762050628662	0.8199479579925537
8rw9	5							0.7957804799079895	0.8761958479881287	0.9033493399620056	0.9302415251731873	0.8828863501548767
8rwb	1	0.0467228467117028	11.808720634263988	0.0392156862745098	27.87495081029266	0.0613679967313788	12.209109404148997	0.8778957724571228	0.8995707631111145	0.9211269617080688	0.9319347143173218	0.9161111116409302
8rwb	2	0.0638990554685185	12.84337902844968	0.0980392156862745	28.78557423705452	0.0499983240321247	12.654203067581292	0.7641932368278503	0.8190340399742126	0.8908842206001282	0.9225569367408752	0.8971366286277771
8rwb	3	0.0458088434820555	12.282131764917256	0.0392156862745098	28.15790791198187	0.0508407976357615	12.998504630057134	0.879082441329956	0.9002878665924072	0.9262908101081848	0.9380928874015808	0.9290910959243774
8rwb	4	0.0390224365536761	12.299107940279438	0.0196078431372549	28.28958665512334	0.0507819495448658	12.940426297830152	0.8662320971488953	0.889679491519928	0.9216868281364441	0.9355505108833313	0.9248672723770142
8rwb	5	0.0508961119682753	13.15102594666422	0.0588235294117647	28.62655718160931	0.0500015490435811	12.783364840215173	0.8904281258583069	0.9085550904273987	0.9095488786697388	0.9143289923667908	0.8936904072761536
8rz0	1							0.4571613371372223	0.5989007949829102	0.7988336086273193	0.8842516541481018	0.8216683864593506
8rz0	2							0.6932799816131592	0.7435711622238159	0.8431396484375	0.88060462474823	0.8247231245040894
8rz0	3							0.5979682803153992	0.7718192934989929	0.8289734125137329	0.8867246508598328	0.8306294083595276
8rz0	4							0.5648545026779175	0.7027387619018555	0.8262740969657898	0.8916289806365967	0.8455866575241089
8rz0	5							0.2263767123222351	0.5695217251777649	0.7533245086669922	0.8850614428520203	0.8513050079345703
8rz1	1	0.2834134244228173	4.297525727078196	0.358974358974359	10.796096998638328			0.4283141791820526	0.6795148253440857	0.8044897317886353	0.8985335826873779	0.8719338178634644
8rz1	2							0.4487588405609131	0.608511209487915	0.8176156282424927	0.9098297953605652	0.8728016018867493
8rz1	3							0.3866261839866638	0.5782807469367981	0.8075148463249207	0.9127370119094849	0.874729573726654
8rz1	4							0.40399566292762756	0.5875922441482544	0.8217100501060486	0.9261386394500732	0.8949803113937378
8rz1	5							0.3509984612464905	0.5578058958053589	0.798160195350647	0.9099506139755249	0.8722932934761047
8rz2	1	0.0092231535911438	17.90647039122775	0.0	58.46271685745242	0.0155607628917124	13.807527439856994	0.4776496887207031	0.5535150170326233	0.8269917368888855	0.9143272638320923	0.8976937532424927
8rz2	2	0.0075361294272744	17.178718039022208	0.0	68.78258615953318	0.0109461619473926	14.559076438111356	0.6135728359222412	0.6581600308418274	0.8557271957397461	0.9162657856941223	0.8933831453323364
8rz2	3	0.0094000840213718	16.81346468843821	0.0	59.04384241421694	0.011278186686334	15.508549530780687	0.48644381761550903	0.564660906791687	0.831523060798645	0.9177928566932678	0.9022015333175659
8rz2	4	0.0074660295676483	17.29016753386431	0.0	69.04823696174607	0.0102544128035511	14.118093901822338	0.5670942664146423	0.6447776556015015	0.8481029868125916	0.9183551073074341	0.9006561040878296
8rz2	5	0.0072903801643397	17.717999364422983	0.0	69.45814202685438	0.0078897114703888	17.097271963935476	0.5211384892463684	0.5861756205558777	0.8412091135978699	0.9212267398834229	0.9022765755653381
8s0l	1	0.7032825104045104	2.0762714225406342	0.8247422680412371	2.10596982149941			0.9274722933769226	0.9450997710227966	0.9161607027053833	0.9133327603340149	0.901211142539978
8s0l	2	0.7178048430270874	2.0565890065187724	0.8969072164948454	2.685162199285334			0.92820143699646	0.9476471543312073	0.9180896878242493	0.9155616760253906	0.9005095958709717
8s0l	3	0.708535124229499	2.1134786611777705	0.8969072164948454	2.931239052292681			0.943105161190033	0.9540336728096008	0.9201686978340149	0.9144346117973328	0.8999137878417969
8s0l	4	0.6912217211757327	2.218485500405985	0.8865979381443299	3.237132749469475			0.9308347105979919	0.9501174092292786	0.9176732897758484	0.9143829941749573	0.8933208584785461
8s0l	5	0.7254137454961865	2.0648593269313618	0.8762886597938144	1.8553145811457472			0.9386261105537415	0.9476855993270874	0.9173048138618469	0.9119744896888733	0.8916969895362854
8s0n	1	0.706196666889261	1.6554355370173892	0.8289473684210527	3.7264862451378136			0.9053966999053955	0.9452096819877625	0.9288755655288696	0.934745192527771	0.912297248840332
8s0n	2	0.72266355172352	1.5931293470827967	0.868421052631579	3.851601294127064			0.9225764274597168	0.9535108208656311	0.9328100085258484	0.9353684782981873	0.9154666066169739
8s0n	3	0.737755374997383	1.547017926635639	0.868421052631579	3.425645294315649			0.9289745688438416	0.9543398022651672	0.9343499541282654	0.9356938004493713	0.9162932634353638
8s0n	4	0.7180752066429914	1.714760150653023	0.8289473684210527	2.960947231913934			0.9345068335533142	0.9563887119293213	0.9359127879142761	0.9362643361091614	0.9156497120857239
8s0n	5	0.7522628004635098	1.5196989383694557	0.8421052631578947	2.4859140502077466			0.9215908646583557	0.9499881863594055	0.9304901361465454	0.9327149391174316	0.9078820943832397
8s6m	1	0.234408114760818	3.703791137676633	0.2745098039215686	13.371055357479	0.2373390006220272	4.5434598631100025	0.592265248298645	0.6736305356025696	0.8516519665718079	0.9164986610412598	0.8966519236564636
8s6m	2	0.1701523048911942	4.052615324859592	0.3137254901960784	29.587196626937665	0.0450214094573767	5.604435160633044	0.5854960680007935	0.6510323286056519	0.856335461139679	0.9240453243255615	0.9125005006790161
8s6m	3	0.3195859170358808	2.9218641052662	0.4117647058823529	11.884685207713654	0.231577154670652	3.732639430905061	0.5856444239616394	0.6705817580223083	0.8577293753623962	0.9257506132125854	0.9095959663391113
8s6m	4	0.2966962188854347	3.417679919036096	0.4705882352941176	14.41545430306902	0.1179501091480872	5.738838345411706	0.6201032996177673	0.6958839297294617	0.8655191659927368	0.9268730878829956	0.9147000908851624
8s6m	5	0.2885572670847894	2.4588829212469743	0.3333333333333333	14.29809199752229	0.1664517860481715	2.822699302634074	0.5857563018798828	0.6448696851730347	0.8581466674804688	0.9262442588806152	0.9143173694610596
8s79	1	0.0146707079199833	14.555570116838323	0.0	45.65332499156099			0.4363571107387543	0.7805957198143005	0.7739207744598389	0.8583117127418518	0.8084077835083008
8s79	2	0.0151651070984343	14.493803092475217	0.0	44.699683960429525			0.4343245327472687	0.7797535061836243	0.7692320942878723	0.8529589772224426	0.7995095252990723
8s79	3	0.0146628720323504	14.465240483420413	0.0	45.76208471067381			0.4643729627132416	0.7913552522659302	0.7747313976287842	0.8523210287094116	0.8039425611495972
8s79	4	0.0154480248620396	14.402636621660116	0.0	44.23190371047262			0.7441811561584473	0.8887115120887756	0.8419080972671509	0.8663398623466492	0.8100278973579407
8s79	5	0.0149156014760787	14.558069882632552	0.0	45.14125422558849			0.40418267250061035	0.77747642993927	0.7594071626663208	0.848213255405426	0.7993571758270264
8sdf	1	0.0169882779307949	18.3575323395627	0.0	39.464902390083616	0.0200348420707782	10.248085049851603	0.5316213965415955	0.5896399021148682	0.8323230147361755	0.9074984192848206	0.8800614476203918
8sdf	2	0.0289923205437939	10.742967837818826	0.0	31.50447068023037	0.0247751560745305	16.342898156792845	0.55375075340271	0.6123467683792114	0.8390312194824219	0.9103513956069946	0.8832007050514221
8sdf	3	0.0254494386691793	12.9540939608767	0.0	32.74811491190761	0.0214541722537732	11.302430112707476	0.528361439704895	0.600980281829834	0.8316940665245056	0.9075271487236023	0.8832834362983704
8sdf	4							0.6405330896377563	0.6816750764846802	0.8616955876350403	0.9169862270355225	0.8935434222221375
8sdf	5	0.0216546969211657	15.90973590991033	0.0	34.848321986347855	0.020028926432754	15.443943177160907	0.5644875764846802	0.6169329285621643	0.8417431116104126	0.9110569357872009	0.8915767073631287
8sfs	1	0.6939893391944176	1.323008250315462	0.6923076923076923	3.884819651636012			0.45863017439842224	0.7675144076347351	0.8592169880867004	0.9593636989593506	0.9251454472541809
8sfs	2	0.588116513747208	2.186057981914224	0.6538461538461539	4.377224601827481			0.636479377746582	0.8454641699790955	0.8944184184074402	0.9589031934738159	0.928494393825531
8sfs	3	0.8318775250597764	1.0425646889367737	0.8846153846153846	2.208759391183888			0.5930337309837341	0.82281094789505	0.885118305683136	0.9581394791603088	0.9259530305862427
8sfs	4	0.8041217181893127	1.0515242229993054	0.8653846153846154	3.1909212351933016			0.5654707551002502	0.8093366622924805	0.8795143365859985	0.9580251574516296	0.9215726256370544
8sfs	5	0.0731147486208455	6.99624456525434	0.0769230769230769	25.718646095092797			0.4104505479335785	0.7524114847183228	0.8374422192573547	0.9441900849342346	0.8785401582717896
8sfx	1							0.5381637215614319	0.8203604221343994	0.8506681323051453	0.928794264793396	0.8839997053146362
8sfx	2							0.813596785068512	0.9145861864089966	0.9292671084403992	0.9581846594810486	0.9345277547836304
8sfx	3							0.8945404291152954	0.9449294209480286	0.9493389129638672	0.9630385041236877	0.9500781893730164
8sfx	4							0.8931021094322205	0.9442408680915833	0.952459990978241	0.9672994613647461	0.9581621289253235
8sfx	5	0.8159874879171491	0.8397043671185647	0.7619047619047619	2.4262259938771744			0.8737947344779968	0.936036229133606	0.9461707472801208	0.9642646908760071	0.9500784873962402
8sfz	1							0.3923743665218353	0.7471032738685608	0.8129245042800903	0.9180620312690735	0.8604869842529297
8sfz	2							0.6250066757202148	0.8328741788864136	0.8590297698974609	0.9175355434417725	0.8492576479911804
8sfz	3							0.37706249952316284	0.7521271705627441	0.8143526315689087	0.9236751794815063	0.8709971308708191
8sfz	4							0.30617883801460266	0.7169064879417419	0.7927674055099487	0.9144145250320435	0.8588238954544067
8sfz	5							0.4844488799571991	0.7804956436157227	0.831515908241272	0.9182826280593872	0.8671072721481323
8sgn	1	0.0921036059448594	9.019070561784764	0.0	14.74622668342592	0.0807156640655644	10.75505700054953	0.39548078179359436	0.5370392203330994	0.8097986578941345	0.9133780598640442	0.9064555168151855
8sgn	2	0.0054058015382563	17.36203997331552	0.0	90.166586782982	0.0038727114779167	20.357145913829484	0.4772142171859741	0.5703835487365723	0.8197321891784668	0.9053616523742676	0.8955305814743042
8sgn	3	0.0039313253141402	23.17231062210473	0.0	96.99441870630712	0.0047559104675054	19.31614506795956	0.4338196814060211	0.5447971224784851	0.802006721496582	0.8940534591674805	0.8786469101905823
8sgn	4	0.3468697231412993	2.312392726004123	0.4583333333333333	13.42657859653256	0.3075240127735018	2.513837774704323	0.4860581159591675	0.5801903605461121	0.8117601275444031	0.8931856155395508	0.8759695291519165
8sgn	5	0.0041209784557412	22.374174921669866	0.0	95.3240977503517	0.0043289763177134	18.94693023591377	0.5461447238922119	0.6200635433197021	0.8197214007377625	0.888115644454956	0.8833601474761963
8siq	1	0.0280449856289522	15.4348350752714	0.0	29.89870461187428	0.0284392245304159	12.235652072555226	0.5542985200881958	0.6118429899215698	0.8245663642883301	0.892133355140686	0.8632636666297913
8siq	2	0.2745138163577298	4.790923939034917	0.5757575757575758	19.584718012972264	0.0464087861633031	8.307085697220634	0.6532765626907349	0.7072353363037109	0.851861298084259	0.9015074968338013	0.8754417896270752
8siq	3	0.0207223138999805	16.017901964940155	0.0	35.761435533889234	0.018794374491442	13.77443257289373	0.5697912573814392	0.6513432264328003	0.8356834650039673	0.9021565318107605	0.8738342523574829
8siq	4	0.024200949662274	15.930497295126418	0.0	32.55659319099715	0.0255548807380284	13.876918118970435	0.5829833745956421	0.6449992060661316	0.8367177844047546	0.9001513719558716	0.8727549314498901
8siq	5	0.0217556285687981	15.984238548187443	0.0	34.72270316772925	0.0198269804469873	13.737445386819044	0.5346179604530334	0.622078537940979	0.830805242061615	0.9048519730567932	0.8794057965278625
8sk5	1	0.0535741966295899	9.665022009463412	0.0217391304347826	23.526366248406628			0.18835164606571198	0.6379433274269104	0.7368223071098328	0.8739399909973145	0.8101200461387634
8sk5	2	0.0097253334841886	16.680298303451202	0.0	57.820089032121096			0.28977006673812866	0.681811511516571	0.7666565179824829	0.8858780860900879	0.8219872117042542
8sk5	3	0.0095408995087952	14.894285198601525	0.0	61.77301244303923			0.28016334772109985	0.6683173179626465	0.7470313906669617	0.8637484312057495	0.7567321062088013
8sk5	4	0.0582581660507536	7.7421396664802655	0.0	21.19083071807837			0.3579465448856354	0.7089767456054688	0.76799076795578	0.8705017566680908	0.7914673089981079
8sk5	5	0.0137518102595889	14.254249813276804	0.0	48.08329508577417			0.3240104019641876	0.7064188718795776	0.7580995559692383	0.8666218519210815	0.7960889935493469
8slb	1	0.0753366133411063	6.384146568116441	0.074074074074074	25.554109809444608	0.1349157676681121	4.544209219803346	0.8679730296134949	0.8709877133369446	0.9116434454917908	0.9225610494613647	0.9134202599525452
8slb	2	0.056046446555598	8.16131815612627	0.0925925925925925	40.16295065821639	0.0211249668026736	7.974756407179108	0.5989561080932617	0.6704021096229553	0.8524631857872009	0.9158398509025574	0.903062105178833
8slb	3	0.0300106933459744	8.693604959738614	0.0	33.31370870174632	0.1112685058566566	5.529341866569615	0.7676065564155579	0.7922309637069702	0.8794426321983337	0.9074016213417053	0.8962544798851013
8slb	4	0.0461400677346573	7.197645471345616	0.0185185185185185	29.167436318472923	0.1211240377537011	4.744788450762723	0.6071645617485046	0.6710776686668396	0.8600479960441589	0.9232689142227173	0.9102221727371216
8slb	5	0.0765160286276265	6.566340224414582	0.0925925925925925	27.473434986582824	0.1386785263220974	4.664276029716338	0.8570339679718018	0.8576686978340149	0.9010760188102722	0.912086546421051	0.9037936925888062
8sos	1							0.7694588303565979	0.7872798442840576	0.8948211073875427	0.9261615872383118	0.8882064819335938
8sos	2							0.8435661196708679	0.8324902653694153	0.9104563593864441	0.9271789193153381	0.896004319190979
8sos	3							0.8131811618804932	0.8084144592285156	0.9087204337120056	0.9326052069664001	0.9038092494010925
8sos	4							0.75884610414505	0.8007877469062805	0.8988661170005798	0.9338710308074951	0.9102205038070679
8sos	5							0.7141674160957336	0.7907503247261047	0.8850098848342896	0.9277204275131226	0.8988428711891174
8sow	1	0.1584240168000158	14.908152261174513	0.4090909090909091	34.846458538128594			0.60647052526474	0.6340978145599365	0.8452494740486145	0.9049442410469055	0.8724939227104187
8sow	2	0.1586845524648235	21.27887664401052	0.4318181818181818	42.03094064349044			0.6114963293075562	0.6605744957923889	0.8412248492240906	0.8986570239067078	0.8661338686943054
8sow	3	0.159735159391217	20.926235865343017	0.4318181818181818	40.45711522011833			0.63392174243927	0.6905085444450378	0.8455128073692322	0.8984105587005615	0.8623343110084534
8sow	4	0.1467964246579546	21.466702427727903	0.4090909090909091	51.57912129243874			0.5917742252349854	0.6535968780517578	0.8432634472846985	0.9061357378959656	0.8750991225242615
8sow	5	0.1485615366444973	21.16206832015795	0.4090909090909091	47.05880808491482			0.5745790004730225	0.6460999250411987	0.8389925956726074	0.9050959944725037	0.8716824054718018
8soz	1	0.1256093121163548	17.69836808580854	0.3404255319148936	48.95006042458145			0.5343709588050842	0.6011599898338318	0.8236600756645203	0.8959823250770569	0.8651465177536011
8soz	2	0.1445285350494004	19.05540992141437	0.4042553191489361	55.18825483180154			0.5810219049453735	0.6269161105155945	0.8463807106018066	0.9127204418182373	0.884328305721283
8soz	3	0.1379696541554602	20.526960154552807	0.3829787234042553	52.42094497599729			0.535957932472229	0.6256662607192993	0.83198082447052	0.905986487865448	0.8758306503295898
8soz	4	0.1368404082969132	21.00173909458441	0.3829787234042553	56.06736699656123			0.5323032736778259	0.6193284392356873	0.8263840079307556	0.899904191493988	0.8707823157310486
8soz	5	0.1315263829938616	19.967332011939654	0.3617021276595745	50.77047608380599			0.604939341545105	0.6277858018875122	0.8498457074165344	0.911072313785553	0.8828064203262329
8szy	1	0.0346936625093604	9.951655049047313	0.0	28.46548670190934	0.0380506535146866	7.620859383717445	0.8202329277992249	0.8295211791992188	0.926292359828949	0.9528071284294128	0.9470750689506531
8szy	2							0.8332298994064331	0.8421460390090942	0.9301536679267883	0.9543845653533936	0.9498520493507385
8szy	3	0.0510474735602769	9.85160407943499	0.0	21.942072968176383	0.0538122500473563	7.551427496942981	0.8061356544494629	0.841212809085846	0.9202565550804138	0.948786735534668	0.9392600059509277
8szy	4	0.0495100730639198	10.040684596236034	0.0	22.31585380497924	0.0539333754460356	7.653349749935105	0.809628427028656	0.8415516018867493	0.918601930141449	0.9458452463150024	0.9331523776054382
8szy	5	0.0331431234941417	10.274436177895971	0.0	29.11061694314773	0.0360513290345916	8.188735433251782	0.7817060947418213	0.8022070527076721	0.9053179025650024	0.9362208247184753	0.9209573864936829
8tbb	1	0.8667344357837866	0.8814292016397076	0.9545454545454546	2.796554588120099	0.923326893949802	0.4804890899402244	0.890270471572876	0.8919193744659424	0.937203586101532	0.9489368200302124	0.9462770819664001
8tbb	2	0.9131463787323136	0.6705602999127129	0.9772727272727272	2.3547386892326774	0.921523450107908	0.4962482633986816	0.8614815473556519	0.8603518009185791	0.9307617545127869	0.9480817317962646	0.9428328275680542
8tbb	3	0.8759689722809281	0.789161810258506	0.9545454545454546	2.9860290240062257	0.8006962949926036	0.917456215432527	0.9069307446479797	0.9077090620994568	0.9436001181602478	0.9527673721313477	0.947144627571106
8tbb	4	0.845344814654679	0.7136435464450971	0.9772727272727272	4.99472328362864	0.796340271917744	0.4960029415793906	0.8858850598335266	0.8847408294677734	0.9348174333572388	0.9470504522323608	0.9414629936218262
8tbb	5	0.8826268597660533	0.6731147077290227	0.9772727272727272	3.734170645338271	0.8719302093185904	0.4145348619143188	0.9085882902145386	0.9093178510665894	0.9400103688240051	0.9478658437728882	0.9410514235496521
8tft	1	0.3615733215258456	2.905047540108637	0.2571428571428571	6.695707240699883	0.5014105750355359	2.31530281070762	0.7344968318939209	0.7564213275909424	0.903376579284668	0.94559645652771	0.9355536103248596
8tft	2	0.2796701022867845	3.563628987244629	0.1714285714285714	8.214523910363404	0.4459435690860205	2.534829094300954	0.7811728119850159	0.7929129004478455	0.9153817296028137	0.9489338994026184	0.9456374049186707
8tft	3							0.6945580840110779	0.7375746965408325	0.8907646536827087	0.9398162961006165	0.927283525466919
8tft	4	0.4089902934697234	2.795661675626774	0.3428571428571428	6.092873259015231	0.5218106849233918	2.187261103188221	0.7893754839897156	0.8099576234817505	0.9060392379760742	0.9352051615715027	0.9189460277557373
8tft	5	0.3537792884650343	2.9020765572830136	0.2857142857142857	7.461440741770134	0.5076704248256944	2.0183669946947598	0.7749248147010803	0.7807191014289856	0.9089031219482422	0.9423976540565491	0.9303192496299744
8trs	1	0.0573188394849618	5.810496873774844	0.0	24.242632124197247	0.0850992588217691	4.78179213238767	0.7157182693481445	0.7497591972351074	0.869891345500946	0.9084346890449524	0.8853794932365417
8trs	2	0.0609920184838075	11.360009091787946	0.1304347826086956	44.36695746116345	0.0166426630578156	13.490639269398846	0.722370445728302	0.7579891085624695	0.8670922517776489	0.9032726287841797	0.8806725740432739
8trs	3	0.0841808419921467	5.87519874548754	0.0	17.47382068385468	0.0894483771484046	4.899679514850422	0.7485495209693909	0.7821150422096252	0.8797276616096497	0.9125221967697144	0.8929445743560791
8trs	4	0.0559668512689459	5.907138060588814	0.0	24.51393369480356	0.0729752869141726	4.960323526414653	0.7930139303207397	0.8108897805213928	0.8872710466384888	0.9108352661132812	0.8883346915245056
8trs	5	0.0669613703381524	5.8167824341075525	0.0	21.19653120687345	0.0831211954031823	4.930700487028336	0.7929235696792603	0.8072571158409119	0.8834524154663086	0.9060845971107483	0.8813279867172241
8ts0	1	0.0580195663971501	10.631773536893178	0.0	19.881174652409072	0.0602787401283831	8.732818091338343	0.734921395778656	0.8031756281852722	0.8980033993721008	0.9387739300727844	0.9100538492202759
8ts0	2	0.0557636221121059	10.727246936658508	0.0	20.385108562434212	0.057684435376046	9.012076180872183	0.7280246615409851	0.8003801107406616	0.8984713554382324	0.9410830736160278	0.9176643490791321
8ts0	3	0.0599504532534134	10.63483318321964	0.0	19.450954715725334	0.0633552550017452	8.62613698348296	0.7321154475212097	0.8029084205627441	0.8966318964958191	0.9377610683441162	0.9103285074234009
8ts0	4	0.0587048865848247	10.544431064309896	0.0	19.7500042163424	0.0615791132874186	8.509429942670588	0.7493785619735718	0.8141701817512512	0.9015618562698364	0.9396076798439026	0.9141547083854675
8ts0	5	0.0569822656274708	10.847530206574454	0.0	20.062499245333125	0.0577945048727026	9.014227713427882	0.7530016303062439	0.8170045018196106	0.9021722078323364	0.9394648671150208	0.9099481701850891
8tuz	1	0.4773304074178779	1.6150027339605906	0.5833333333333334	10.73107616198727	0.4786753633583179	2.009498759864849	0.9214690327644348	0.934408962726593	0.944423496723175	0.9501621127128601	0.9446272253990173
8tuz	2	0.4744620370798469	1.5724140508410458	0.5277777777777778	10.005836115480347	0.5228375646755028	1.6937440658662848	0.8820071220397949	0.9047293066978455	0.9371272921562195	0.9509074091911316	0.9445014595985413
8tuz	3	0.4692032482262022	1.5650734556453392	0.5555555555555556	11.01394092744264	0.4873935102905871	1.881790730158175	0.889117956161499	0.9090005159378052	0.9400342106819153	0.9527632594108582	0.94547039270401
8tuz	4	0.4597422033218629	1.6105526150471132	0.5555555555555556	11.353840815365231	0.4657470677963384	2.0814570987638152	0.88294917345047	0.9035586714744568	0.9391481280326843	0.9531978964805603	0.9469091892242432
8tuz	5	0.4565963215216823	1.5714514930382169	0.5277777777777778	11.205060425013157	0.4995731790204896	1.7601493324931818	0.8663986921310425	0.891884446144104	0.9350844621658325	0.9522558450698853	0.9445912837982178
8tv3	1	0.4859311164172316	2.070469668029325	0.696969696969697	10.058282832560804	0.5428305817633866	1.4196808802198824	0.8988281488418579	0.918644368648529	0.9327182769775391	0.9411908388137817	0.9303123950958252
8tv3	2	0.4421859234279763	2.164577005774455	0.6363636363636364	11.192756386878164	0.5922522319971109	1.3070841121319483	0.9214963316917419	0.9351556301116943	0.9402589797973633	0.9449496865272522	0.9411596655845642
8tv3	3	0.5187532877440557	1.9601453849021464	0.696969696969697	8.672365525796495	0.5892299555107039	1.3076460185643348	0.8922067880630493	0.9137466549873352	0.9344317317008972	0.944987952709198	0.9353185892105103
8tv3	4	0.5144037314953323	1.9361011152914167	0.6666666666666666	8.47538607091281	0.6038689306523749	1.318463761437276	0.9003409147262573	0.9197102785110474	0.9341018795967102	0.9425421357154846	0.9330729246139526
8tv3	5	0.4389269948881226	2.213832307278126	0.6060606060606061	10.495808142451173	0.5566069067580841	1.4562813575705809	0.9327936768531799	0.9437313675880432	0.9448021054267883	0.9478041529655457	0.9409953355789185
8u08	1	0.1354906627400196	9.103503086514584	0.1777777777777777	16.880751203251577			0.8074705600738525	0.8365941047668457	0.9095150232315063	0.9350261688232422	0.9171275496482849
8u08	2	0.1292073115898213	9.388819061360724	0.1777777777777777	17.84337626941333			0.7622461318969727	0.8005297183990479	0.8944913148880005	0.9275525808334351	0.9066383838653564
8u08	3	0.1376038856876632	9.225876593013002	0.1777777777777777	16.522125386368227			0.8115349411964417	0.8361011743545532	0.9067077040672302	0.9305008053779602	0.9114072322845459
8u08	4	0.1600843623479181	8.525117352157421	0.2222222222222222	15.64075899692202			0.791535496711731	0.822345495223999	0.9054128527641296	0.9338822364807129	0.9211679100990295
8u08	5	0.1604135230782227	5.6320357714971605	0.0666666666666666	11.6259666694053			0.6493196487426758	0.7356671094894409	0.8688364028930664	0.9237156510353088	0.897416353225708
8u3s	1	0.009981402887288	20.17851029452337	0.0	53.692850272924346			0.8798052072525024	0.9273079037666321	0.9216956496238708	0.9321682453155518	0.9030941724777222
8u3s	2	0.0099547526300707	20.214510870715326	0.0	53.76107529534509			0.8652854561805725	0.9182356595993042	0.9079298973083496	0.9185910224914551	0.8811708688735962
8u3s	3	0.0097600213844395	20.474952211160133	0.0	54.27249102964618			0.8749915957450867	0.9261341691017151	0.9235280156135559	0.9356621503829956	0.9081401824951172
8u3s	4	0.0100067752428976	20.079139543243283	0.0	53.66822671095365			0.8703303933143616	0.9210387468338013	0.9190047383308411	0.9311732649803162	0.9069397449493408
8u3s	5	0.0100781026028973	19.92316279696593	0.0	53.52575179824406			0.8829090595245361	0.928357720375061	0.917657196521759	0.9263442158699036	0.8977919816970825
8udz	1							0.7161802053451538	0.7361111640930176	0.828039288520813	0.856003999710083	0.849990963935852
8udz	2							0.5642247796058655	0.6305105686187744	0.7832295298576355	0.8379807472229004	0.8300204277038574
8udz	3							0.5391073822975159	0.607433021068573	0.7686640024185181	0.8260531425476074	0.8416316509246826
8udz	4							0.7468408942222595	0.7620540261268616	0.8212702870368958	0.8398776054382324	0.8505940437316895
8udz	5							0.741414487361908	0.7570812702178955	0.8302707672119141	0.8524848222732544	0.8526420593261719
8uky	1							0.8820244669914246	0.8890058398246765	0.9076878428459167	0.9141037464141846	0.8876709938049316
8uky	2							0.8638735413551331	0.8772202730178833	0.9194849133491516	0.9333876967430115	0.9155474901199341
8uky	3							0.9034271836280823	0.8926990628242493	0.9164754748344421	0.9197375178337097	0.9013179540634155
8uky	4							0.8963721990585327	0.9032669067382812	0.918356716632843	0.9238528609275818	0.9026183485984802
8uky	5							0.9089516997337341	0.9143573045730591	0.9313764572143555	0.9369826316833496	0.9190540909767151
8up2	1							0.5321786403656006	0.6526066064834595	0.8599063754081726	0.9418383240699768	0.9278064370155334
8up2	2							0.5446383357048035	0.6615628004074097	0.8609415888786316	0.9400174617767334	0.9276615977287292
8up2	3	0.004986665023194	18.088529669350084	0.0	93.88414983378163	0.0065337639972691	14.391621045927096	0.5820680856704712	0.6862370371818542	0.8761392831802368	0.9496570825576782	0.9408137202262878
8up2	4							0.5752807259559631	0.6889461874961853	0.8691463470458984	0.9426127672195435	0.9283308386802673
8up2	5	0.0320822660112679	11.216775959572612	0.064516129032258	70.91946448846987	0.0127357005313067	9.951141754250113	0.6141317486763	0.7140689492225647	0.8787553906440735	0.9449112415313721	0.9319197535514832
8urf	1	0.0388921920082189	15.065608726614863	0.0	24.57363010441862	0.0442096164251903	9.304754105070662	0.8332065939903259	0.8360662460327148	0.9102042317390442	0.9294536709785461	0.9150293469429016
8urf	2	0.0358619830692189	12.70656965479134	0.0	26.413295045324563	0.0384409709929801	9.546797973829234	0.6866740584373474	0.7393681406974792	0.8813078999519348	0.929966390132904	0.9287240505218506
8urf	3	0.0366659997280426	12.659671503887797	0.0	26.0605857383966	0.0392511531432181	9.515329695351497	0.702360987663269	0.7499541640281677	0.8864070177078247	0.9324185252189636	0.9270921349525452
8urf	4	0.0449656030196841	12.723124899208663	0.0238095238095238	25.87857207921037	0.0405503172049988	9.3030122508978	0.7203187346458435	0.7839822769165039	0.8929985165596008	0.9361684322357178	0.9248535633087158
8urf	5	0.0447177972596074	12.540484783658462	0.0238095238095238	26.04782210780891	0.0399062089648743	9.356060157756357	0.7236461043357849	0.7638177871704102	0.8919016122817993	0.9339655041694641	0.9278807044029236
8uvy	1	0.4176488989696368	3.3226839441514806	0.6363636363636364	9.448801560351054			0.7101176977157593	0.8024910092353821	0.8695778846740723	0.9094429016113281	0.8994511365890503
8uvy	2	0.4107111908818938	3.6837665261637498	0.6545454545454545	9.680029457984558			0.867560088634491	0.9070931673049927	0.9056898355484009	0.9152222871780396	0.908826470375061
8uvy	3	0.4085981923638211	3.433879248611812	0.6363636363636364	9.802530050964082			0.8757089376449585	0.9247241616249084	0.9003660082817078	0.9065302610397339	0.8994949460029602
8uvy	4	0.4233247070781578	3.397071839990015	0.6545454545454545	9.354163604205365			0.7507897019386292	0.8672535419464111	0.8818268179893494	0.9145860075950623	0.9087802171707153
8uvy	5	0.4318335728630939	3.1853443962664167	0.6727272727272727	9.564631329681433			0.8598130941390991	0.910731852054596	0.9082955718040466	0.9204161763191223	0.9165662527084351
8uw2	1	0.4410319004536069	2.866732138607969	0.66	9.432149145570332			0.6970677375793457	0.8656755089759827	0.903342068195343	0.9549105763435364	0.9472407102584839
8uw2	2	0.4197277001968008	3.139226583908818	0.66	10.127197767398307			0.8144235014915466	0.9033239483833313	0.9279631972312927	0.9563480615615845	0.9546537399291992
8uw2	3	0.4283705708948869	3.039868550775507	0.66	9.800310660306348			0.8955108523368835	0.9386330246925354	0.9257937669754028	0.9333644509315491	0.9300956130027771
8uw2	4	0.4419718967304782	2.8441284036690786	0.64	9.057221303214522			0.7332193851470947	0.8727914094924927	0.9113371968269348	0.9558666348457336	0.9517325162887573
8uw2	5	0.4412675787350137	2.877942884260284	0.66	9.39369931313364			0.8405939340591431	0.9044076800346375	0.9359462857246399	0.9597843885421753	0.9575729966163635
8uw7	1	0.3842888770287323	5.439892480969057	0.4545454545454545	6.546751532637779			0.8637188076972961	0.9266754388809204	0.9173857569694519	0.9308025240898132	0.9178869724273682
8uw7	2	0.4404426297738881	4.403875298763445	0.6545454545454545	7.49129958440558			0.9287518858909607	0.9507846832275391	0.9356181025505066	0.9373346567153931	0.9208723902702332
8uw7	3	0.3955093313558879	5.02800524622729	0.4727272727272727	6.48507542707384			0.7664991617202759	0.8958444595336914	0.9035897254943848	0.9378623962402344	0.9256580471992493
8uw7	4	0.3603265421334442	5.181192527110639	0.4	6.887621793751468			0.7371520400047302	0.8747589588165283	0.8973657488822937	0.9374191761016846	0.9252512454986572
8uw7	5	0.3975480209951277	5.921838501944022	0.4363636363636363	5.6177618927615285			0.7889337539672852	0.915368378162384	0.9149246215820312	0.9464223980903625	0.9357877969741821
8uw9	1	0.4496614338787284	2.9986373180119594	0.5	6.2532200119211945			0.6019784212112427	0.8329392671585083	0.8695597052574158	0.9364550113677979	0.920118510723114
8uw9	2	0.4678986302274784	2.834132428147977	0.6346153846153846	7.684532606666212			0.5755189061164856	0.7905722260475159	0.8490180969238281	0.9173928499221802	0.8879880905151367
8uw9	3	0.4078786439718299	3.1034349341172724	0.4423076923076923	7.0571357023770185			0.706137478351593	0.8522632718086243	0.8865544199943542	0.9316586256027222	0.9253392815589905
8uw9	4	0.4847971278954469	2.353640935028465	0.5961538461538461	7.3918722140527775			0.3472408354282379	0.7522555589675903	0.8145613670349121	0.9313914775848389	0.9060445427894592
8uw9	5	0.5202495660714711	2.3094317782403437	0.6538461538461539	6.793590469040742			0.4927807152271271	0.7825457453727722	0.8390213251113892	0.9255813956260681	0.902419924736023
8v13	1							0.6145983338356018	0.6603469848632812	0.8498607873916626	0.9086763858795166	0.899671733379364
8v13	2							0.6107568740844727	0.6607145071029663	0.8466880917549133	0.9056708812713623	0.9114608764648438
8v13	3							0.6084845662117004	0.6476156711578369	0.8450843691825867	0.9042342901229858	0.8901206254959106
8v13	4							0.6443283557891846	0.6797299385070801	0.8553762435913086	0.9081381559371948	0.8928700089454651
8v13	5	0.0984216416232311	4.730567304680654	0.0303030303030303	18.54530530337996	0.1085004741866514	4.5327667931191264	0.686054527759552	0.7176136374473572	0.8621115684509277	0.9061257839202881	0.8842085003852844
8v52	1							0.6776115894317627	0.759865939617157	0.8503411412239075	0.8935235142707825	0.8749818801879883
8v52	2							0.7111979126930237	0.7773252129554749	0.8517584800720215	0.8868985772132874	0.8577690124511719
8v52	3							0.6583880186080933	0.7542127370834351	0.8623653650283813	0.9133597016334534	0.8986979126930237
8v52	4							0.672786295413971	0.7634143829345703	0.8644031882286072	0.9123073816299438	0.9022974371910095
8v52	5	0.6145534003291337	1.5715964665247044	0.5	3.329788416584789	0.8019358732396519	0.9806728508840638	0.8276204466819763	0.8620237708091736	0.9055343866348267	0.9250128269195557	0.9224300384521484
8v5q	1	0.062862351162119	8.660961316256957	0.0256410256410256	21.62490384234651	0.0922194701712451	4.694873392772901	0.6966809034347534	0.7544398307800293	0.8383170962333679	0.8737261295318604	0.857231855392456
8v5q	2	0.1347841511363395	8.750594460269165	0.2051282051282051	18.736559029391	0.1937570403149773	5.728368028074573	0.7247974872589111	0.7754210233688354	0.8353522419929504	0.8629909157752991	0.8512240648269653
8v5q	3	0.2042121516999732	8.450219050108757	0.358974358974359	15.861096124970691	0.2759755285072695	3.075013511353337	0.6834517121315002	0.7466238141059875	0.8390111923217773	0.8779010772705078	0.8739317655563354
8v5q	4	0.3820740233126627	3.570448682648529	0.5641025641025641	9.74456030949251	0.380876071487693	2.684865216712687	0.7508052587509155	0.7929184436798096	0.8470349311828613	0.8710923790931702	0.8715841770172119
8v5q	5	0.4411126194318588	2.8265521145155352	0.5384615384615384	7.456215430561427	0.4682583413981322	2.3905376262148503	0.8587989807128906	0.8721647262573242	0.8778588175773621	0.8826237916946411	0.8836329579353333
8vrs	1							0.25710543990135193	0.6816120743751526	0.7746258974075317	0.9040060043334961	0.8322741985321045
8vrs	2							0.48172810673713684	0.7210657596588135	0.8063985705375671	0.8875662088394165	0.8426263928413391
8vrs	3							0.2766202986240387	0.675757646560669	0.7755762338638306	0.9003151655197144	0.8366918563842773
8vrs	4							0.2531529664993286	0.6654905676841736	0.7750117182731628	0.905476450920105	0.8347935080528259
8vrs	5							0.47749680280685425	0.7593611478805542	0.8203964233398438	0.9061213731765747	0.8422897458076477
8vtd	1	0.6640779633844801	0.9087632797835732	0.7631578947368421	8.541392949746525	0.6159931153929603	1.014223275862865	0.8338632583618164	0.8418312072753906	0.9292517900466919	0.9530988931655884	0.9404576420783997
8vtd	2	0.815065099520389	0.9095134511732028	0.7894736842105263	2.4283518659546117	0.7867507289018675	1.005007394001143	0.8909821510314941	0.905240535736084	0.9383463263511658	0.9501873850822449	0.9331316947937012
8vtd	3	0.7059407221287727	1.2559908252119094	0.6578947368421053	3.2554663947748863	0.7851742427259646	0.964897938801227	0.8675934076309204	0.8835409879684448	0.9328246116638184	0.9491323828697205	0.9300941824913025
8vtd	4	0.7111931186728685	1.2467610038586363	0.6578947368421053	3.075088100957162	0.7726540048290733	1.023453294471993	0.8847377300262451	0.905341386795044	0.9379608035087585	0.9512665867805481	0.934543251991272
8vtd	5	0.6665026969850887	0.871657990399683	0.7631578947368421	8.692769758409774	0.6187165609988948	1.0274571345314414	0.8305748105049133	0.8396621942520142	0.9278265833854675	0.9521394968032837	0.9373685121536255
8vte	1							0.882961630821228	0.9108101725578308	0.9231030344963074	0.9331384301185608	0.9123635292053223
8vte	2	0.3045656467452093	4.21424309828428	0.3255813953488372	8.924165565523621	0.1846968923341134	4.871407350643897	0.8238685131072998	0.8695024847984314	0.9119566082954407	0.9339786171913147	0.910136342048645
8vte	3							0.851417601108551	0.8887199759483337	0.9187372326850891	0.9355670809745789	0.9134117364883423
8vte	4							0.8392269611358643	0.8794309496879578	0.9157459139823914	0.9348756074905396	0.91126948595047
8vte	5							0.8489254713058472	0.8894022703170776	0.9164339900016785	0.9333111047744751	0.911697506904602
8vui	1	0.0943110381752388	5.145796680231316	0.0909090909090909	23.73093988223241	0.0600231360931939	5.073512180543978	0.5868175625801086	0.6643694639205933	0.861603856086731	0.9303004145622253	0.9165964722633362
8vui	2	0.0581262058918218	8.207688897389023	0.0	20.888828784979957	0.1044865431819701	6.32352884322268	0.7225165367126465	0.7702115774154663	0.8817070126533508	0.9215046763420105	0.9031333327293396
8vui	3	0.0582415997733146	6.95271977104218	0.0	21.964812808140525	0.0929083406179063	5.644665311428608	0.5986952781677246	0.6896489262580872	0.856219470500946	0.9206004738807678	0.9034271240234375
8vui	4	0.0648944830344169	6.942952930302824	0.0	20.226996126882486	0.1153171103214244	5.682007860710323	0.6171972155570984	0.6852700710296631	0.8599137663841248	0.9205928444862366	0.902917742729187
8vui	5	0.0860058334907564	5.180525824771477	0.0909090909090909	27.06853252334104	0.0518990663598934	5.265368108103957	0.5662522315979004	0.6456973552703857	0.8550863265991211	0.9272948503494263	0.912449061870575
8vvl	1	0.0773287890870476	10.315170850284412	0.0714285714285714	21.080236022382334	0.0249191580691587	9.184699691979384	0.8296573162078857	0.8709502816200256	0.8575418591499329	0.8645129203796387	0.8753838539123535
8vvl	2	0.1998341998307059	4.146699385090469	0.3095238095238095	18.50243581917523	0.234374230200579	2.8257200903761737	0.6567666530609131	0.7454208135604858	0.8300739526748657	0.8734007477760315	0.8705440759658813
8vvl	3	0.0721010964232043	10.529794220396203	0.0714285714285714	22.490377939980856	0.0206069864787901	9.545570023438538	0.8899487257003784	0.9147722721099854	0.8745548129081726	0.8707063794136047	0.8965620398521423
8vvl	4	0.069998257194738	10.2771076528963	0.0714285714285714	23.271428179721774	0.0245010420044512	9.25014902702953	0.8973537087440491	0.9201414585113525	0.8873727917671204	0.8848775029182434	0.8969069719314575
8vvl	5	0.0787685023960109	9.78982243123582	0.0714285714285714	20.89908161019361	0.0262219764802788	9.43490846885034	0.8839855194091797	0.9038436412811279	0.880336582660675	0.8794243931770325	0.8956719040870667
8w0w	1	0.0198492643689573	12.16794951202144	0.0161290322580645	49.67221601778651	0.0328372109301029	5.951421026229393	0.6361557245254517	0.7281246185302734	0.819229245185852	0.8649976253509521	0.8256450891494751
8w0w	2	0.4973635129014708	1.973534662473172	0.5161290322580645	6.799364511800695	0.678296427484351	1.1709191353108346	0.7190747857093811	0.7844902276992798	0.8383106589317322	0.8681195378303528	0.8242542147636414
8w0w	3	0.1035803203315887	6.994501987652274	0.1774193548387097	27.135571214056323	0.0316614105730279	5.70542745020269	0.5585002303123474	0.6471067667007446	0.8010198473930359	0.8616498112678528	0.8209750056266785
8w0w	4	0.5831044254906712	1.862736167307569	0.6129032258064516	4.998584957893589	0.6401357766357111	1.0723179093973914	0.7539004683494568	0.811607837677002	0.846426784992218	0.8695583939552307	0.8314383029937744
8w0w	5	0.5516205138843527	1.953846263581562	0.5967741935483871	5.73389863704224	0.7941687874532247	0.950342086637502	0.6941205263137817	0.7637710571289062	0.8286294341087341	0.862256646156311	0.829107940196991
8w90	1							0.45354390144348145	0.7513458132743835	0.8164577484130859	0.9071862697601318	0.8537580370903015
8w90	2							0.5476654171943665	0.7884151935577393	0.8111470341682434	0.8770174384117126	0.7839281558990479
8w90	3							0.38069772720336914	0.7201906442642212	0.7756540179252625	0.8743930459022522	0.7878935933113098
8w90	4							0.6472381353378296	0.830159068107605	0.8259472846984863	0.8706245422363281	0.7813995480537415
8w90	5	0.0245266011962501	14.289746479234314	0.0196078431372549	40.06400282118332			0.5158630609512329	0.7742712497711182	0.8200228810310364	0.8960628509521484	0.8291503190994263
8weo	1	0.7355661835449987	1.2942813685069634	0.7761194029850746	3.4671077629299822			0.9105986952781677	0.9258278012275696	0.9488722681999207	0.9584407210350037	0.95067298412323
8weo	2							0.9037021994590759	0.9216809272766113	0.9463562965393066	0.9570198059082031	0.9517632722854614
8weo	3							0.9132068753242493	0.9273031949996948	0.9502496719360352	0.9595103859901428	0.9534339308738708
8weo	4							0.9126724600791931	0.9224522709846497	0.9456543922424316	0.9538998603820801	0.9447438716888428
8weo	5							0.8976329565048218	0.9090331792831421	0.9418821334838867	0.9529444575309753	0.9433194398880005
8x0t	1	0.0750301431087252	7.738995675442678	0.1153846153846153	30.17886569240206	0.0599705919732574	12.33769739970697	0.7794494032859802	0.7978228330612183	0.9069458842277527	0.9388200044631958	0.9266080260276794
8x0t	2	0.064907249523911	7.7116330344238495	0.0769230769230769	28.565029831834455	0.0711854543741028	11.94082433760522	0.7977192997932434	0.8117795586585999	0.9086576700210571	0.9363921880722046	0.9222211837768555
8x0t	3	0.0644674931943211	7.927126093873032	0.0769230769230769	28.45697227870541	0.0774109003661057	12.140861841676667	0.7696366906166077	0.7872695922851562	0.9011746644973755	0.9340591430664062	0.9172490835189819
8x0t	4	0.0887139657735055	7.746637244929303	0.1538461538461538	29.60482461958359	0.0694646232658048	11.994959196355486	0.7896421551704407	0.8055717945098877	0.9022125601768494	0.9303551316261292	0.9150192737579346
8x0t	5	0.0664310228456291	7.89475268926028	0.0769230769230769	27.44450405065939	0.0662013229627674	12.14445286229214	0.7569004893302917	0.7828399538993835	0.8963967561721802	0.9312707781791687	0.913529634475708
8x0y	1	0.2347651292140341	2.9629798620992163	0.3947368421052631	24.74315537640196	0.1769889281332922	3.0623404775624428	0.712233304977417	0.7555055618286133	0.8861215710639954	0.9295936226844788	0.9252585172653198
8x0y	2	0.1508975315558499	5.274173893792313	0.2894736842105263	27.29814777957495	0.1539927783241152	4.991805483710357	0.6587124466896057	0.7153414487838745	0.8706648945808411	0.9236529469490051	0.9159194827079773
8x0y	3	0.1839862098057551	4.050170717723262	0.3157894736842105	23.51629053385666	0.1945164683633959	3.8258654758329578	0.6963967680931091	0.7485692501068115	0.8821231126785278	0.9285547137260437	0.9192837476730347
8x0y	4	0.2495900219324302	3.2814274675770747	0.4210526315789473	19.855731228039936	0.3116416512806475	2.1043215460866502	0.7301813364028931	0.7748785018920898	0.8959396481513977	0.9373791813850403	0.9308165311813354
8x0y	5	0.1502384635368668	5.826369414357729	0.2894736842105263	25.63104251771417	0.1445917423579594	5.505958826584677	0.68629390001297	0.7371460795402527	0.8769456744194031	0.924608588218689	0.9122186303138733
8xk6	1	0.0077227002623533	14.645611515379429	0.0	74.68558716605595	0.0104298011457375	14.153075659507367	0.4492932856082916	0.5760171413421631	0.8396296501159668	0.9372137784957886	0.912199079990387
8xk6	2	0.0076685806503836	14.724108111246576	0.0	74.84316327188253	0.0092819790696549	15.01460942719657	0.39470475912094116	0.5453743934631348	0.829582691192627	0.938302218914032	0.9073257446289062
8xk6	3	0.0073977055918854	15.198762029749206	0.0	75.40649045064579	0.0094784498026566	15.135638993096215	0.4159976541996002	0.5334588289260864	0.8265404105186462	0.9291760921478271	0.8940446972846985
8xk6	4	0.007621232574482	14.762613759321974	0.0	75.10970405499656	0.010355974920209	14.229745421805877	0.4423188269138336	0.5918770432472229	0.8403789401054382	0.9398940205574036	0.9078882336616516
8xk6	5	0.0077688640075491	14.57239192898144	0.0	74.58224233955315	0.010048002554684	14.316179622788178	0.4194704592227936	0.5903636813163757	0.841434121131897	0.9469249844551086	0.9211203455924988
8y9t	1	0.5951301105616071	1.4159626504285252	0.75	8.388623350799518			0.9004965424537659	0.908621609210968	0.8974818587303162	0.8967281579971313	0.8942419290542603
8y9t	2	0.5305265316653931	2.0365798760964684	0.5892857142857143	6.229035477123277			0.7114002108573914	0.8744555115699768	0.8543863296508789	0.8901329040527344	0.880530059337616
8y9t	3	0.6569554033659487	1.5206799929123431	0.6964285714285714	4.497336970466396			0.7162856459617615	0.8613527417182922	0.8447410464286804	0.8768549561500549	0.8600638508796692
8y9t	4	0.6037293967926005	1.383062474219073	0.7142857142857143	7.589502177993746			0.8033874034881592	0.890076220035553	0.8751589059829712	0.8931018114089966	0.8748607635498047
8y9t	5	0.5718733715843326	1.5182091644378013	0.6964285714285714	8.081475337884955			0.7698206901550293	0.889900803565979	0.8666553497314453	0.8908640146255493	0.8744387030601501
8ybl	1	0.0810663138633498	11.527666185035509	0.0789473684210526	20.426517813980997			0.45686864852905273	0.7805694341659546	0.7905334234237671	0.8739495873451233	0.7822500467300415
8ybl	2	0.1539479541400829	8.03717853963928	0.1578947368421052	13.966234087257671			0.28723105788230896	0.720882773399353	0.7563682198524475	0.8736525177955627	0.7743560075759888
8ybl	3	0.5970163229387176	2.058764203852614	0.6578947368421053	4.430105522655642			0.24052762985229492	0.7008721828460693	0.7565091252326965	0.8855044841766357	0.7974901795387268
8ybl	4	0.67237435957848	1.6799832184775894	0.6842105263157895	2.998479259015309			0.2683260142803192	0.7130980491638184	0.7659297585487366	0.8903306722640991	0.8034348487854004
8ybl	5	0.5565071448272488	2.3382979120828558	0.631578947368421	4.954557723045272			0.22349394857883453	0.6966284513473511	0.7572104334831238	0.8906394839286804	0.8097442388534546
8ybm	1	0.0080058133138349	18.2419967250513	0.0	64.06016656015318			0.34252825379371643	0.7399348616600037	0.78293377161026	0.8930351138114929	0.8368205428123474
8ybm	2	0.0301846830989809	8.807323236933364	0.0	32.95827188233601			0.6779012084007263	0.869478702545166	0.8549574017524719	0.8992214202880859	0.8556276559829712
8ybm	3	0.0087188599867853	17.063143345285454	0.0	61.93313626300583			0.3330917954444885	0.7338021993637085	0.7712052464485168	0.8807336091995239	0.8084685206413269
8ybm	4	0.0302247778883116	12.48591871800545	0.0161290322580645	33.54944879236697			0.2535851299762726	0.7003663778305054	0.7605406045913696	0.8872794508934021	0.8387535214424133
8ybm	5	0.0076518043829319	19.260993875056837	0.0	64.77704156890226			0.15105688571929932	0.669563353061676	0.7382420897483826	0.8850383162498474	0.8104791045188904
8ybn	1	0.0620883224230562	8.912857685452973	0.0	19.569104727914848			0.6949767470359802	0.8738453388214111	0.8539513945579529	0.8936949968338013	0.8222969174385071
8ybn	2	0.0150282818168549	12.766601090527269	0.0	47.15650174900805			0.1861957162618637	0.6819273829460144	0.7411130666732788	0.8798424005508423	0.8082120418548584
8ybn	3	0.0605700892666466	8.977248903161714	0.024390243902439	21.97357339847977			0.5843995213508606	0.823538601398468	0.8268103003501892	0.887412965297699	0.819365918636322
8ybn	4	0.071021392062317	9.11304364193616	0.048780487804878	21.252286971401222			0.5579427480697632	0.8196972012519836	0.823501706123352	0.8898913860321045	0.8127454519271851
8ybn	5	0.075364808776924	9.12204026503157	0.0975609756097561	25.19239467504555			0.5651934146881104	0.8234063982963562	0.8229609727859497	0.8874028325080872	0.8071061968803406
8ybo	1							0.6969461441040039	0.8725824952125549	0.8805608749389648	0.9264644980430603	0.8538647294044495
8ybo	2							0.7000864148139954	0.8749052882194519	0.8773220181465149	0.921630859375	0.843157172203064
8ybo	3							0.771242618560791	0.900920033454895	0.9011985659599304	0.9336876273155212	0.8706079125404358
8ybo	4							0.773947536945343	0.901734471321106	0.8998422026634216	0.9313158392906189	0.8730133175849915
8ybo	5							0.7292412519454956	0.8850868940353394	0.8852921724319458	0.9243049025535583	0.8407033681869507
8ybp	1	0.5480822724454516	3.4742552802056688	0.5813953488372093	2.742189137924851			0.8640791177749634	0.9282963871955872	0.9372957348823547	0.9555999040603638	0.9443784952163696
8ybp	2	0.5634587655970283	2.9335830582176814	0.5813953488372093	2.806171891979288			0.8650330901145935	0.9327781200408936	0.9378401041030884	0.9560418128967285	0.9431738257408142
8ybp	3	0.5604930800354481	2.8938724256486856	0.6511627906976745	4.002090415472802			0.8911015391349792	0.9432985186576843	0.9431646466255188	0.9561803936958313	0.9424424767494202
8ybp	4	0.5158109222754418	3.2297912649886733	0.5813953488372093	4.400726312109484			0.8794300556182861	0.9367304444313049	0.9349837303161621	0.9488721489906311	0.9305636286735535
8ybp	5	0.5746041259461868	2.903850242074693	0.627906976744186	3.0598735584224124			0.883503258228302	0.9402406215667725	0.9397892355918884	0.9538607001304626	0.9395528435707092
8yj8	1	0.6677930774749302	1.7175518695279886	0.7346938775510204	3.7648768544923463			0.824759304523468	0.9196991324424744	0.8996232151985168	0.9183391332626343	0.8649715185165405
8yj8	2	0.6914209102993567	1.7516349702109977	0.8163265306122449	3.780366955257948			0.8851209282875061	0.9398843050003052	0.9146482348442078	0.9220300912857056	0.8823456764221191
8yj8	3	0.6304350814712212	1.9903349815217315	0.7959183673469388	5.128074011400991			0.8533401489257812	0.9278796315193176	0.9058256149291992	0.9189469814300537	0.8719412684440613
8yj8	4	0.6904081105722991	1.7133310100305443	0.7959183673469388	3.690309178908659			0.8696768283843994	0.9352710843086243	0.9078683853149414	0.9174162745475769	0.8714965581893921
8yj8	5	0.6214440362724457	1.999313596581875	0.7551020408163265	4.919623269645184			0.8222777247428894	0.9189136028289795	0.8979905247688293	0.9169186949729919	0.8656177520751953
8ykt	1	0.0193563028711929	18.288563392426614	0.0	36.52057348185669	0.0052595272320877	17.35892721374746	0.5618264675140381	0.6181674599647522	0.8358491063117981	0.9043547511100769	0.87665855884552
8ykt	2	0.0424928396502749	8.885221386713395	0.0	25.53289485615292	0.015531576998024	12.95463914143087	0.5579544901847839	0.6299646496772766	0.8400861620903015	0.9106191396713257	0.887474000453949
8ykt	3	0.0470167385991256	11.15367010451834	0.0	22.66691200273172	0.012568323429199	10.376956629779215	0.6184231042861938	0.6682608723640442	0.8521658778190613	0.9106016159057617	0.8816250562667847
8ykt	4	0.0279800195373737	12.145783426465895	0.0	31.24279252469265	0.0053827488923107	17.992275613712646	0.5103479623794556	0.6031818985939026	0.823464035987854	0.9017429947853088	0.8695136308670044
8ykt	5	0.030207816667484	11.374670246843722	0.0	30.17176860538717	0.0094528961843672	15.34675399500698	0.5804896950721741	0.6441282033920288	0.8461310267448425	0.9125413298606873	0.8956670165061951
8ysh	1	0.0251358998846278	13.361859124402113	0.0169491525423728	38.70341538598899			0.7907508015632629	0.8942341208457947	0.8897905349731445	0.9145504236221313	0.832714319229126
8ysh	2	0.0202212454806255	12.79577171864144	0.0	38.229030292065474			0.7230424284934998	0.8695151209831238	0.8713536262512207	0.9084314703941345	0.818566083908081
8ysh	3	0.0190690981328442	13.54960605535294	0.0	39.11186008540093			0.65423184633255	0.8451024293899536	0.8640734553337097	0.916533887386322	0.8345991969108582
8ysh	4	0.0197586592269332	13.190866520067347	0.0	38.48611712389607			0.568449854850769	0.8114614486694336	0.8361301422119141	0.9030502438545227	0.8087038993835449
8ysh	5	0.0255814197908802	13.227519302678992	0.0169491525423728	38.23295015523569			0.6983079314231873	0.8664830327033997	0.8696829080581665	0.9125266671180725	0.8269151449203491
8yub	1	0.0139895931182457	17.47520012285385	0.0	44.861950831147205	0.0149718907689217	13.83862565005174	0.5678390264511108	0.615860104560852	0.8221322298049927	0.8857054710388184	0.8505465388298035
8yub	2	0.0112501733103961	18.436502056714158	0.0	50.85752778630612	0.0119096940869972	14.675468693530132	0.5499185919761658	0.6073150038719177	0.8202118277549744	0.8877850770950317	0.8640933632850647
8yub	3	0.0159963757200149	17.361967047161954	0.0	41.3300703539014	0.0166914895095839	13.835283011803918	0.5276214480400085	0.587975263595581	0.8186184167861938	0.8913676738739014	0.8668539524078369
8yub	4	0.0142352728895787	18.01612320072558	0.0	44.09868460598827	0.0148726399581154	14.006714013231626	0.4977162778377533	0.5713813900947571	0.8163062334060669	0.8959537148475647	0.8798641562461853
8yub	5	0.0158540220495861	17.551642750051816	0.0	41.47352600127491	0.0158074768941429	14.056000439049384	0.5351114273071289	0.6096412539482117	0.8243447542190552	0.8966530561447144	0.8785920739173889
8yvj	1	0.0308869299438335	12.702266561309708	0.0188679245283018	33.63216221331909			0.9060445427894592	0.9171023964881897	0.9329653978347778	0.9396955370903015	0.9021058082580566
8yvj	2	0.0311155558507411	12.812458750453278	0.0188679245283018	33.36158356371453			0.8962458372116089	0.9128202795982361	0.9281269311904907	0.9360972046852112	0.8903716206550598
8yvj	3	0.0285409485299409	12.960418197443625	0.0188679245283018	35.73913717360375			0.9147865176200867	0.9232633709907532	0.9326875805854797	0.9371628165245056	0.8992525935173035
8yvj	4	0.0298334580988609	12.880669041838487	0.0188679245283018	34.492091600030804			0.9164449572563171	0.9238461256027222	0.9395944476127625	0.9453818202018738	0.9186697006225586
8yvj	5	0.0301586808305448	12.768790964890847	0.0188679245283018	34.256807835484764			0.8761334419250488	0.9003693461418152	0.9291719794273376	0.942431628704071	0.9031191468238831
8yvo	1							0.37536269426345825	0.7597288489341736	0.7701625823974609	0.8688625693321228	0.7863990664482117
8yvo	2	0.0731149571804908	10.561646622930256	0.0285714285714285	18.71525010529176			0.7882201075553894	0.9045259952545166	0.8953561782836914	0.9221401810646057	0.8675541877746582
8yvo	3	0.0608326500512566	10.460063468348736	0.0285714285714285	21.629367379362517			0.5240013003349304	0.8174300789833069	0.810836136341095	0.8825448751449585	0.8008752465248108
8yvo	4	0.0386975063390436	10.099560775643438	0.0	26.310059236946437			0.8581770658493042	0.932449996471405	0.8789883852005005	0.8841912150382996	0.7913179993629456
8yvo	5							0.6254706382751465	0.846145749092102	0.8414012789726257	0.8953839540481567	0.8245971202850342
8yxi	1	0.0052357782206204	16.816923924075972	0.0	95.77944818672808	0.0049789592301483	16.699372714933507	0.5332841873168945	0.6342548131942749	0.8439872860908508	0.9216631054878235	0.9059458374977112
8yxi	2	0.0044728278569494	19.0207249352904	0.0	99.54924229416186	0.0061962151226738	14.612239024080978	0.542629063129425	0.6416330933570862	0.8462463617324829	0.9221506714820862	0.908353865146637
8yxi	3	0.0052147996223538	17.761074600274146	0.0	91.46491045851128	0.0065784816968808	14.745461286105602	0.5910610556602478	0.6788486838340759	0.8544114232063293	0.9202489852905273	0.9062188267707825
8yxi	4	0.0052901552390769	18.296159947627828	0.0	88.23958102626263	0.0061743693346631	16.298104692041168	0.5050976872444153	0.6126320362091064	0.8359360098838806	0.9186455011367798	0.8965038657188416
8yxi	5	0.0050780792792469	18.12775746440647	0.0	92.16493270661148	0.0064801901985068	15.054440240655667	0.5624136924743652	0.6576792597770691	0.8450409173965454	0.9156976938247681	0.9076433181762695
8yyz	1	0.7950472509216614	0.8188432581363542	0.7	2.595250863926692	0.7743777855134306	1.1133752410530344	0.9254108667373657	0.9379332661628723	0.9647176861763	0.9745444059371948	0.9672507643699646
8yyz	2	0.7669038615556459	0.9578414224820464	0.6666666666666666	2.443015261456288	0.7684054218356611	1.1652149143545167	0.9221396446228027	0.9352959394454956	0.9635643362998962	0.9739205241203308	0.9660727381706238
8yyz	3	0.7849176960580896	0.925884040346178	0.7	2.3204561192926056	0.7397970664930528	1.2454232339005444	0.9058288335800171	0.9251270890235901	0.9601044654846191	0.9736733436584473	0.9655612111091614
8yyz	4	0.7559295883324081	1.0089981158692969	0.7	3.1490710952629875	0.7235608752786572	1.2709349745743874	0.9496058225631714	0.9572336077690125	0.9688156247138977	0.9736180305480957	0.9677597284317017
8yyz	5	0.7975542770561125	0.8591106683600664	0.7	2.153787467632117	0.7657632662797607	1.13410923203733	0.9414624571800232	0.9499451518058777	0.9689907431602478	0.975872814655304	0.9697041511535645
8z2e	1	0.6852404867070555	1.096867384877766	0.8653846153846154	7.864875988140529			0.8392157554626465	0.8927683234214783	0.9243724942207336	0.9456616640090942	0.905529260635376
8z2e	2	0.6871754398445987	1.1418508366633149	0.8846153846153846	7.785486027379162			0.8312214612960815	0.886665940284729	0.9221588373184204	0.9448931217193604	0.9052217602729797
8z2e	3	0.7203612916948444	0.9867556206496596	0.8846153846153846	7.255331730159336			0.8593042492866516	0.9029843211174011	0.9296903610229492	0.94728684425354	0.9093796014785767
8z2e	4	0.6976224763089736	1.0988339999438734	0.8846153846153846	7.573035970837737			0.8520280122756958	0.8944896459579468	0.9272162318229675	0.946013331413269	0.9067317247390747
8z2e	5	0.7298848861049274	0.9890204525878123	0.8846153846153846	6.824429207991873			0.8410032987594604	0.8940320611000061	0.9241449236869812	0.9449303150177002	0.904496967792511
8z2v	1	0.8486757300536634	0.6583811161677785	0.7333333333333333	1.3825500170194736	0.8488909463377095	0.687641572083398	0.9309433698654175	0.9419854283332825	0.9659748077392578	0.9747326374053955	0.9668191075325012
8z2v	2	0.8328377056350494	0.751683161806772	0.7333333333333333	1.5971385959718207	0.8213132941628353	0.790317434744128	0.9070284962654114	0.9248499870300293	0.9597706198692322	0.972956120967865	0.963824987411499
8z2v	3	0.844991128361754	0.7619055391549088	0.7666666666666667	1.4052802284046595	0.8544384847286594	0.7560541432302071	0.9374551177024841	0.9475116729736328	0.9678000807762146	0.9753862619400024	0.9679848551750183
8z2v	4	0.8241439021515995	0.8220106097355023	0.7333333333333333	1.4934996242124692	0.8570632290225831	0.7906306901174217	0.936037003993988	0.9460330009460449	0.967919647693634	0.9758902788162231	0.9689063429832458
8z2v	5	0.8429359063092726	0.7106748573454887	0.7333333333333333	1.2511038826943863	0.8711695265539557	0.7288351967422448	0.9346163868904114	0.9451853036880493	0.9666218757629395	0.9746232032775879	0.9671856164932251
8z39	1	0.9599050466697662	0.4465633948323185	0.9714285714285714	0.8670762815040127	0.8947972189729692	0.4861442821023747	0.9567722082138062	0.9612054824829102	0.9805908203125	0.9865454435348511	0.9867284297943115
8z39	2	0.9131918261716994	0.5253514993049049	0.8571428571428571	0.7778930571613581	0.8842353001148907	0.5579707244521912	0.9623103737831116	0.9655634760856628	0.9818589091300964	0.986746072769165	0.9869043231010437
8z39	3	0.940044369606869	0.5326020675812237	0.9428571428571428	0.8867272258279673	0.8837922065335735	0.5677977866528835	0.9574026465415955	0.9622933864593506	0.9810420870780945	0.986952006816864	0.9870086312294006
8z39	4	0.91676774248377	0.5638318039719705	0.8857142857142857	0.9212861710619746	0.877669219965299	0.59430866394078	0.9652203917503357	0.9677819013595581	0.9821822047233582	0.9864227175712585	0.9865647554397583
8z39	5	0.9350262465580378	0.504748315234073	0.9142857142857144	0.7385370490462144	0.8863700248305779	0.5412464840064843	0.9683794975280762	0.9706580638885498	0.9830349087715149	0.9866987466812134	0.9878264665603638
8z3a	1	0.8832264601978773	0.5896143906711576	0.9090909090909092	3.221220166136422	0.7496639131543331	1.04692898571402	0.9536513090133667	0.9578461647033691	0.9816287159919739	0.9886230826377869	0.9887475967407227
8z3a	2	0.8718073716043753	0.6587116644111183	0.8787878787878788	2.85998175626329	0.7493789089231552	1.0779708647372734	0.9562753438949585	0.9601144790649414	0.9822244048118591	0.9887115955352783	0.9887741804122925
8z3a	3	0.8715453171700327	0.6854471282562906	0.9090909090909092	3.1641965795922644	0.7414372379601842	1.1325344402137465	0.9587610960006714	0.962511420249939	0.9826685190200806	0.9886453151702881	0.9887521862983704
8z3a	4	0.8261780129326115	0.737034033160937	0.8181818181818182	3.502816772512784	0.7246786220714139	1.1941664128447975	0.9623085260391235	0.9652290940284729	0.9834725260734558	0.9887635707855225	0.9888690114021301
8z3a	5	0.8715749463639009	0.6431913217430174	0.8787878787878788	2.9692274150117384	0.7617646092538366	1.0818157441692795	0.964681088924408	0.9675684571266174	0.9838110208511353	0.9885934591293335	0.9888303279876709
8z8v	1	0.0283718528418571	12.00303938385336	0.0	31.044507038917565			0.47062036395072937	0.8636739253997803	0.8443188667297363	0.9377435445785522	0.9065781831741333
8z8v	2	0.0274874215794012	12.219279599144174	0.0	31.563783537719814			0.514569878578186	0.8723938465118408	0.8546112179756165	0.9396215081214905	0.9072683453559875
8z8v	3	0.0276754048167929	11.990768757205055	0.0	31.56340049296571			0.3701397776603699	0.8482216000556946	0.8183863759040833	0.930448055267334	0.8954084515571594
8z8v	4	0.0271833739467005	12.17547328510608	0.0	31.82134910985384			0.3265054225921631	0.8407520055770874	0.8136758804321289	0.9354684352874756	0.8991824984550476
8z8v	5	0.0078217486824927	20.063442423695665	0.0	62.94857327245824			0.13800126314163208	0.8122574687004089	0.760705292224884	0.916381299495697	0.8691262602806091
8zca	1							0.8517744541168213	0.8714359998703003	0.9456253051757812	0.9690880179405212	0.9691070318222046
8zca	2							0.8543081283569336	0.8720763325691223	0.9448427557945251	0.9674764275550842	0.9674925804138184
8zca	3							0.805168867111206	0.8407076597213745	0.9368459582328796	0.969765305519104	0.9678922891616821
8zca	4	0.0380084090241399	8.171252195939493	0.0	28.54929449588215	0.0395026387167675	7.955663601386097	0.8359951972961426	0.8626464009284973	0.9419260025024414	0.9684086441993713	0.9672950506210327
8zca	5							0.8138999938964844	0.8482332229614258	0.9346017241477966	0.9647771120071411	0.9613233208656311
8zu9	1	0.0597259744931007	10.35976057707946	0.0	19.57478671755201	0.0623782470576978	10.180536773636453	0.8327319622039795	0.8663273453712463	0.8876191973686218	0.9013410806655884	0.8774802088737488
8zu9	2	0.0602878560572494	10.256959095337786	0.0	19.481410808598373	0.0615127701788364	9.715406197045128	0.7317569255828857	0.7979083061218262	0.8667479753494263	0.900495707988739	0.8672752976417542
8zu9	3	0.0439812994033104	11.449915570049413	0.0344827586206896	28.710309995908823	0.1079647733646297	10.31922404553218	0.6929646134376526	0.7714553475379944	0.8497015237808228	0.8888856768608093	0.8550480604171753
8zu9	4	0.0579031097301276	10.079751823985912	0.0	20.073419075462496	0.0608432141720194	9.538016892320458	0.8022212386131287	0.8462505340576172	0.8798643946647644	0.8992751836776733	0.8648317456245422
8zu9	5	0.0541665118636922	11.343784332723857	0.0689655172413793	29.564450274683605	0.1061579026991041	10.511228655486892	0.7435151934623718	0.8067852854728699	0.8591431975364685	0.8880501985549927	0.8513662815093994
9atm	1	0.4529835446054078	2.62247807334462	0.44	5.932499292584843	0.2516145307879635	3.862485443231079	0.6577378511428833	0.7048429846763611	0.859035313129425	0.9093596935272217	0.8872273564338684
9atm	2	0.1865080002094719	3.9834804325941695	0.36	29.778345487282294	0.0417163191474818	6.849681982323549	0.5630812644958496	0.6351351737976074	0.8380607962608337	0.9068056344985962	0.8806567788124084
9atm	3	0.3155125600044304	2.821318453286906	0.52	16.67940541025921	0.125450659323903	4.744123008687844	0.5995495915412903	0.6720941662788391	0.8488971590995789	0.9112340807914734	0.8886117339134216
9atm	4	0.018863285223918	19.846017609598366	0.0	36.70054556019902	0.0203869806356148	16.084328655590706	0.5964248180389404	0.6718891859054565	0.841360867023468	0.902594804763794	0.870924711227417
9atm	5	0.2094158053136527	3.133300449332188	0.36	28.4786035460428	0.0567746774284142	5.029975164288744	0.5698496103286743	0.640470027923584	0.838351845741272	0.9054773449897766	0.8801257014274597
9au1	1	0.2171438442496006	4.195820648819527	0.2857142857142857	14.628994274593012	0.2014856374777668	5.10643032107104	0.5281685590744019	0.5958279967308044	0.8266240358352661	0.9012378454208374	0.8748943209648132
9au1	2	0.0417007015560749	13.408172600253836	0.0408163265306122	30.53304713160724	0.0372533726201061	10.126723305311732	0.5048733353614807	0.5872374773025513	0.8226713538169861	0.9021207690238953	0.876102089881897
9au1	3	0.2647662591455191	3.852268818054764	0.2857142857142857	10.928448500666486	0.2574392945027168	4.739794122548889	0.5493597984313965	0.6145170331001282	0.8319225311279297	0.9025632739067078	0.8765743374824524
9au1	4	0.2668004226581322	3.750746872920018	0.3265306122448979	11.949397415237026	0.1045575013997605	5.771821575461913	0.6132819652557373	0.6602805852890015	0.8472062349319458	0.9056872725486755	0.8789256811141968
9au1	5	0.1725825380454939	3.68742700729331	0.3061224489795918	31.06728408637553	0.0477942210739524	5.559713590954903	0.6119778156280518	0.6652201414108276	0.8478888869285583	0.9068666100502014	0.8822439312934875
9azr	1	0.1279246077761171	6.118914079740866	0.25	29.411121626647315	0.0320964244768002	6.449897780357771	0.5926026105880737	0.6449986696243286	0.8322963714599609	0.8922197818756104	0.8526535630226135
9azr	2	0.1587886592027983	5.841581415540086	0.3181818181818182	26.034592055469552	0.0390907416129361	5.6977513746687	0.636899471282959	0.6722568273544312	0.8447195291519165	0.8966745734214783	0.8610053062438965
9azr	3	0.1344708478945092	5.966593003000606	0.2727272727272727	30.690730218772934	0.0354545019431838	5.908083412339026	0.548526406288147	0.610048234462738	0.8234047293663025	0.8921242952346802	0.8566154837608337
9azr	4	0.164131080554827	5.058909019122927	0.3181818181818182	26.48217349018174	0.0440405249712638	5.0589593735782	0.5636966228485107	0.6206064224243164	0.8266199231147766	0.8923506736755371	0.8566943407058716
9azr	5	0.1389943708311289	5.539504240424335	0.2727272727272727	29.650244723732552	0.0392926863419628	5.589183611598243	0.6851627826690674	0.7032437920570374	0.8507733345031738	0.8921759724617004	0.8599460124969482
9bdi	1							0.7163637280464172	0.7949609756469727	0.8808690905570984	0.9219954609870911	0.9043651819229126
9bdi	2							0.808983325958252	0.855630099773407	0.9157001376152039	0.942379355430603	0.9240248799324036
9bdi	3							0.7754329442977905	0.837186336517334	0.8969234824180603	0.9272960424423218	0.9093467593193054
9bdi	4	0.0322472071699495	11.466170781860551	0.0	28.84140243130442	0.0425556603987133	6.277077372291014	0.8213097453117371	0.8655656576156616	0.9069356322288513	0.9283421039581299	0.9000137448310852
9bdi	5	0.0269179154372608	12.69135879577038	0.0	31.72500471589967	0.0260595579244119	11.366702676158557	0.7529966235160828	0.8217219710350037	0.8890630602836609	0.9230796694755554	0.9017782211303711
9bt5	1							0.6221150159835815	0.712419331073761	0.8693737387657166	0.9311884045600891	0.9052883386611938
9bt5	2							0.6566599607467651	0.7434617280960083	0.8793206214904785	0.9349857568740845	0.9090825319290161
9bt5	3							0.5961737632751465	0.6949418783187866	0.8657494783401489	0.9331433773040771	0.9054450392723083
9bt5	4							0.5499802827835083	0.6705878973007202	0.8569431304931641	0.9336838722229004	0.9134852886199951
9bt5	5							0.672987699508667	0.7524895668029785	0.8817316293716431	0.9339175224304199	0.9054372906684875
9cds	1	0.0027833072032646	29.35379115280705	0.0	111.81656024695675	0.0038319089931976	24.155396498420146	0.4792120158672333	0.599685788154602	0.8426011204719543	0.9334483742713928	0.9213144779205322
9cds	2	0.0030064083126793	26.10720027937804	0.0	111.97816667604438	0.0027203692280451	28.02432897362513	0.4994363486766815	0.6145816445350647	0.8422501683235168	0.9279536008834839	0.9243276715278625
9cds	3	0.0027690099317569	29.17559343236538	0.0	112.55505171709838	0.0040315796932527	23.135838415139915	0.4804931879043579	0.6039766073226929	0.8406802415847778	0.9307270050048828	0.9244825839996338
9cds	4	0.0030690539717431	26.423188740792323	0.0	109.45189422891512	0.0028693660177125	27.58126915691011	0.5253018736839294	0.6364886164665222	0.8445636630058289	0.9243791699409485	0.9204889535903931
9cds	5							0.47644320130348206	0.5983729362487793	0.8356330990791321	0.9254305958747864	0.9197683930397034
9d41	1	0.0136146120933939	15.656792591620269	0.0	46.9407417776537	0.0124028497412659	19.209144092082084	0.8730617761611938	0.8929392099380493	0.9193059802055359	0.930867075920105	0.908994197845459
9d41	2	0.0654454315760481	5.724048625950316	0.0857142857142857	38.54987914142121	0.0317415644339953	6.59776051606234	0.9031311273574829	0.9124494791030884	0.935914158821106	0.9441099166870117	0.931763768196106
9d41	3	0.0821751944373225	6.907859530852598	0.1428571428571428	34.05645559251371	0.0670682981661424	7.074966404395564	0.8609476685523987	0.8809857368469238	0.9216670989990234	0.936846911907196	0.9182314276695251
9d41	4	0.0730677424045727	6.849501211962705	0.1142857142857142	33.89898104293534	0.0325361963692615	7.516105918199638	0.8545210361480713	0.8736775517463684	0.9220665097236633	0.9389528036117554	0.9188719987869263
9d41	5	0.0418208857666128	8.812989575105417	0.0571428571428571	41.55147687897343	0.0878462420438692	9.382570572988282	0.8245415091514587	0.8584793210029602	0.8933926820755005	0.9106054902076721	0.8853768110275269
9dbo	1	0.2791204264626366	4.672161399555286	0.282051282051282	9.174965791207358	0.2940949356992957	3.248658906120155	0.8495051860809326	0.8619897961616516	0.9211479425430298	0.9390585422515869	0.9199539422988892
9dbo	2	0.3231317262665056	4.618115825466934	0.3333333333333333	7.835204156539074	0.3235365363103117	3.1509413185640023	0.7929283380508423	0.8238636255264282	0.9103947877883911	0.9397614002227783	0.9173393249511719
9dbo	3	0.1888822306671549	6.289031767523254	0.2564102564102564	14.474944206684402	0.0780566166268381	7.939374436145611	0.836927056312561	0.8566191792488098	0.9257935881614685	0.9480101466178894	0.9324350357055664
9dbo	4	0.2887876161272806	4.375207213215949	0.358974358974359	10.362529726105915	0.1193451329088728	5.300724768225355	0.8005880117416382	0.8329738974571228	0.9183232188224792	0.9477570056915283	0.9342858791351318
9dbo	5	0.175631242853461	6.267673489108499	0.2564102564102564	16.1790107984075	0.0612192153209691	8.261421641310372	0.7164645791053772	0.7737327814102173	0.8915155529975891	0.9352782368659973	0.9062079191207886
9dl0	1							0.8383376598358154	0.8621707558631897	0.928628146648407	0.9512007236480713	0.9374217391014099
9dl0	2	0.0632845005119644	12.189721717294002	0.064516129032258	24.126021420072988	0.0380697628169243	12.605194911577136	0.7883715033531189	0.8424143195152283	0.9194631576538086	0.9522361159324646	0.9332462549209595
9dl0	3	0.5911874586133412	1.490825518228065	0.5483870967741935	5.272979981851462	0.6763641566458153	0.8109145835622602	0.8296906352043152	0.8607375621795654	0.924224317073822	0.9478577375411987	0.9308990240097046
9dl0	4	0.5412586215505361	1.5771613387245882	0.5483870967741935	6.933737924528678	0.6302461967329988	0.7859164396312042	0.8578973412513733	0.876409113407135	0.9371232986450195	0.9569297432899475	0.946272075176239
9dl0	5	0.76355055946616	0.9159582408498744	0.7741935483870968	4.408012813860283	0.6638848573356827	0.9596171728890488	0.9068139791488647	0.9101814031600952	0.950981080532074	0.9620227813720703	0.9576296210289001
9dq3	1	0.7676444447544067	1.1134417073579577	0.8571428571428571	4.23610852853529	0.7682361447410946	1.0941041315313758	0.8914406299591064	0.9031839370727539	0.936029851436615	0.9471771121025085	0.9501343965530396
9dq3	2	0.8036138534428634	0.5779492755547082	0.7714285714285715	4.662883403808025	0.7098976869704323	1.3499826916099915	0.905205488204956	0.9164924621582031	0.9448688626289368	0.954784631729126	0.9566404223442078
9dq3	3	0.8237955353630554	0.5745084797172791	0.8571428571428571	5.009943323740242	0.6951974631417882	1.357681777120181	0.8896873593330383	0.9022982120513916	0.9370363354682922	0.9488735795021057	0.9539535045623779
9dq3	4	0.8403074520503283	0.4793076977988516	0.8571428571428571	4.823392272968133	0.7260047654570977	1.1794463846548289	0.8940266966819763	0.9061789512634277	0.9402939081192017	0.9518607258796692	0.9533423781394958
9dq3	5	0.827795722446259	0.5172527802172762	0.8285714285714286	4.76231655083452	0.7293937731738249	1.2945358612541544	0.8915294408798218	0.9035843014717102	0.94050532579422	0.9527493119239807	0.9523369073867798
9dq4	1	0.7734944143229967	0.9087891658450016	0.8125	4.5603703638565465	0.7408467981071508	0.8297362106207177	0.9168976545333862	0.9239639043807983	0.9518842101097107	0.9606308341026306	0.9620777368545532
9dq4	2	0.7647160200132951	1.1009575823014692	0.78125	3.386606882957711	0.7784029124988011	0.8680981232536559	0.9127489328384399	0.922224223613739	0.9485911726951599	0.9575516581535339	0.9577794075012207
9dq4	3	0.7727239153773904	1.0235408576322542	0.8125	3.936964174621615	0.72851534382439	1.0297286005475874	0.923029899597168	0.9295740127563477	0.9512320756912231	0.9582825899124146	0.9615205526351929
9dq4	4	0.7974208750378713	0.9320961935421876	0.8125	3.4532420971378928	0.7596802598368901	0.8081808754354397	0.9086867570877075	0.9168052077293396	0.9481223225593567	0.9579812288284302	0.9600194096565247
9dq4	5	0.7690159482841478	0.9259443481193638	0.8125	4.639473843321055	0.7361901743816013	0.9654595844117247	0.9079297184944153	0.9158765077590942	0.9510075449943542	0.9617769718170166	0.9642207026481628
9dx6	1	0.148685488258975	6.452715089821906	0.2428571428571428	20.08213032442409	0.1267209964597774	6.079518898946474	0.5927594304084778	0.6570753455162048	0.8178240060806274	0.8740900754928589	0.8582366704940796
9dx6	2	0.1456719879051078	9.920052178779144	0.2714285714285714	20.788653455346065	0.1193500095506227	10.722526419157624	0.818608283996582	0.8428539633750916	0.8786072731018066	0.8936070203781128	0.8849856853485107
9dx6	3	0.1925308480964978	14.049946022666791	0.4857142857142857	28.70638322225428	0.0286019663574459	17.56076542602018	0.6706281900405884	0.7253115177154541	0.8407007455825806	0.8832188248634338	0.8568779230117798
9dx6	4	0.0946337522632997	15.054506531280722	0.2142857142857142	33.70814052754431	0.0301045752627428	17.763029167395423	0.7994658946990967	0.8241007328033447	0.8696741461753845	0.8872262239456177	0.8658098578453064
9dx6	5	0.1918114195860599	14.674729840674006	0.4857142857142857	28.94704292266224	0.0401714775145021	16.74812629002604	0.7140257954597473	0.7575682401657104	0.8481850624084473	0.8817248344421387	0.8669275045394897
9e7n	1							0.19934320449829102	0.7053638696670532	0.7051738500595093	0.8316314816474915	0.777004063129425
9e7n	2							0.24694885313510895	0.7154502868652344	0.7123321294784546	0.8286778926849365	0.765240490436554
9e7n	3							0.5057920813560486	0.7965595126152039	0.7621398568153381	0.8262267708778381	0.7635497450828552
9e7n	4							0.19422654807567596	0.6952522397041321	0.7013564109802246	0.8281388878822327	0.7555912733078003
9e7n	5							0.15321873128414154	0.6908267140388489	0.7005615830421448	0.8373972773551941	0.7763914465904236
9e7o	1	0.059113983087926	7.377424330483662	0.0526315789473684	27.886143838606177			0.32414543628692627	0.7484555840492249	0.7628811001777649	0.872564971446991	0.8103388547897339
9e7o	2	0.0128564286083112	14.625312154370189	0.0	49.93456668501322			0.8473498225212097	0.9093130230903625	0.8894661068916321	0.8999952077865601	0.85638427734375
9e7o	3	0.0139365052359281	12.938313609713171	0.0	49.584994114073815			0.7727682590484619	0.8833326101303101	0.8799089789390564	0.9066940546035767	0.8647090196609497
9e7o	4	0.0120410912117152	15.28570517542163	0.0	51.433474730794536			0.7191208600997925	0.8713880181312561	0.8624861836433411	0.8983275294303894	0.8561587929725647
9e7o	5	0.0129587997097432	13.150180739896724	0.0	51.99184456600414			0.4696287214756012	0.7931689620018005	0.8131416440010071	0.8990198373794556	0.8408894538879395
9eht	1							0.8345916271209717	0.8690890073776245	0.9180019497871399	0.9388545155525208	0.9087268114089966
9eht	2							0.8219866752624512	0.8598982095718384	0.9129340052604675	0.9356708526611328	0.902953028678894
9eht	3							0.8844892978668213	0.9048945903778076	0.9284046292304993	0.9393835067749023	0.9114382266998291
9eht	4							0.8619304299354553	0.8859813213348389	0.927200973033905	0.9435185790061951	0.9192262887954712
9eht	5							0.8064756989479065	0.850836455821991	0.9111444354057312	0.9373116493225098	0.9085364937782288
9en2	1	0.0157536239834089	14.233808685728006	0.0	43.81043033539525			0.8519355654716492	0.8459558486938477	0.8548842668533325	0.8556213974952698	0.7976493239402771
9en2	2	0.0599908705419305	14.227816818300523	0.1147540983606557	35.49847811674991			0.9114043712615967	0.9424530267715454	0.8753165602684021	0.8662945628166199	0.8218678832054138
9en2	3	0.0397398082137944	13.447034233069273	0.0	24.56482361309688			0.6960297226905823	0.8082535266876221	0.8158939480781555	0.845859944820404	0.7740926742553711
9en2	4	0.0304528715912638	13.394905198963848	0.0163934426229508	32.89781730832396			0.48219969868659973	0.5637072324752808	0.7741754055023193	0.8471693396568298	0.7818883061408997
9en2	5	0.0158997654199972	13.938838046599056	0.0	43.8267171598478			0.7993050217628479	0.8033243417739868	0.8553506135940552	0.869361937046051	0.8142568469047546
9ena	1	0.0067236814861149	20.687313761648745	0.0	69.01742133052629			0.7324001789093018	0.9294772148132324	0.8939065337181091	0.9342830777168274	0.8756688237190247
9ena	2	0.0085209612096366	18.265565169419595	0.0	61.30073742340989			0.838116466999054	0.9500574469566345	0.9108558893203735	0.9290407299995422	0.8686690926551819
9ena	3	0.0073451065502874	21.719053669173604	0.0	64.08519001904921			0.3425136208534241	0.8478513360023499	0.8137528300285339	0.9315626621246338	0.866824209690094
9ena	4	0.0071215988296635	21.867410293746808	0.0	65.26015764677351			0.7007644772529602	0.9220930337905884	0.8853727579116821	0.9315248131752014	0.8685261011123657
9ena	5	0.0074683694556566	21.845808533423856	0.0	63.29900043369127			0.6944785118103027	0.9211558103561401	0.8892410397529602	0.9379315972328186	0.8896806836128235
9erw	1	0.0086895525244795	16.04332924841854	0.0	63.870105759227314			0.4275634288787842	0.7491469383239746	0.7858044505119324	0.8753647208213806	0.8349614143371582
9erw	2	0.0081972098135196	17.288350345670125	0.0	64.40475886010861			0.5752821564674377	0.8095000386238098	0.7947956919670105	0.8496740460395813	0.7953697443008423
9erw	3	0.0081432228503846	19.703969535126078	0.0	61.62837466403211			0.4678668975830078	0.7667887806892395	0.7828087210655212	0.8615441918373108	0.8023565411567688
9erw	4	0.0085821523313484	15.832590574119063	0.0	64.92675173500335			0.3944116234779358	0.7431164979934692	0.7941067814826965	0.8940305709838867	0.8579884767532349
9erw	5	0.0079183560934194	16.755458772211504	0.0	67.07651701667717			0.34095412492752075	0.7204405069351196	0.7646437883377075	0.870566189289093	0.8236134052276611
9etl	1	0.011291262692073	16.83153594338739	0.0	52.03083970078959			0.7132522463798523	0.8681988716125488	0.8798012137413025	0.921438455581665	0.8712494373321533
9etl	2	0.0110597122143036	16.525193833961524	0.0	53.07466093823885			0.5341978669166565	0.8003523349761963	0.8508737683296204	0.9300427436828613	0.900094747543335
9etl	3	0.0099976961603487	17.60340184944879	0.0	55.666495390103314			0.4665740728378296	0.7767400741577148	0.8282157778739929	0.9186261892318726	0.8766800165176392
9etl	4	0.0099738657080964	17.27705512843936	0.0	56.10183497490282			0.2247922420501709	0.6658951640129089	0.7534970045089722	0.8856731653213501	0.7984398007392883
9etl	5	0.0116071135858098	16.511021241231123	0.0	51.383834460885545			0.6228685975074768	0.8309107422828674	0.8471702933311462	0.9032456874847412	0.8252561688423157
9eze	1	0.7957361027139337	1.2426679952726345	0.8409090909090909	1.881477081323747	0.8849533267357533	0.7374856778638169	0.9706506133079529	0.9717366695404053	0.9769316911697388	0.9785019159317017	0.9760235548019409
9eze	2	0.8006527969223981	1.2204241709329462	0.8409090909090909	1.7495951078908267	0.8862277880338453	0.7392702828098365	0.9715001583099365	0.972558856010437	0.9776655435562134	0.9792068004608154	0.977200984954834
9eze	3	0.7909739862785993	1.216135427376583	0.8409090909090909	2.35640666577645	0.8814653618064053	0.7370071880797414	0.9717097878456116	0.9725935459136963	0.9776627421379089	0.9791510105133057	0.9773722290992737
9eze	4	0.7882496322325894	1.2389794779709418	0.8409090909090909	2.342734763813864	0.8880908644475451	0.8205009722574703	0.9697258472442627	0.9706201553344727	0.9757704734802246	0.9772816300392151	0.9763068556785583
9eze	5	0.7809375207254705	1.2980565957869294	0.8409090909090909	2.33011257819026	0.8728344663074448	0.7951104496231325	0.9721174240112305	0.9731484651565552	0.9779738783836365	0.9794379472732544	0.9785313606262207
9ezh	1	0.5078563849709044	1.7756469083842004	0.5490196078431373	7.563410642026731			0.588699460029602	0.772998571395874	0.8660421371459961	0.935377836227417	0.8857802152633667
9ezh	2	0.4804568222502772	1.8509665463364573	0.5294117647058824	8.239500915167019			0.6418904066085815	0.8004764318466187	0.8771385550498962	0.935950517654419	0.8922669291496277
9ezh	3	0.4836253859538542	1.84157374168974	0.5098039215686274	7.809923237664868			0.576566219329834	0.7673004269599915	0.8619902729988098	0.9333462715148926	0.8832616209983826
9ezh	4	0.445647584046364	2.0001490855281743	0.4509803921568627	8.068969841200248			0.4784034490585327	0.7205434441566467	0.8439366221427917	0.9353199601173401	0.8861220479011536
9ezh	5	0.4570201555594934	1.9533807586240304	0.4705882352941176	8.011914578211254			0.517557680606842	0.7374192476272583	0.8486544489860535	0.9314286708831787	0.8781439065933228
9ezi	1	0.3237331302785411	2.9659442134373903	0.375	10.574337040135765			0.5471241474151611	0.7588253617286682	0.8743859529495239	0.9562013745307922	0.9286773204803467
9ezi	2	0.714078094677607	1.2734499055914974	0.7083333333333334	3.5320225682011985			0.7653967142105103	0.8724805116653442	0.9205449223518372	0.9593319892883301	0.9354619383811951
9ezi	3	0.4071858826727417	2.3721972935156788	0.4166666666666667	8.17863614131464			0.3486993610858917	0.6569869518280029	0.8251927495002747	0.944316029548645	0.9060251712799072
9ezi	4	0.4625514668133009	2.031278578132994	0.4583333333333333	7.286165109832899			0.5713176131248474	0.7739987969398499	0.8695636987686157	0.944125235080719	0.9110444188117981
9ezi	5	0.3277648146300642	3.197509788723578	0.4166666666666667	10.714629085971527			0.5115140676498413	0.7392709851264954	0.867756187915802	0.9568167328834534	0.9302623271942139
9ezu	1	0.4987265977532384	2.020374946066515	0.5192307692307693	6.63182695471488			0.5923174619674683	0.7765868902206421	0.867917537689209	0.9368175864219666	0.9074051976203918
9ezu	2	0.2877787311456797	3.3421467172079824	0.3653846153846153	12.103582625715244			0.686120331287384	0.8251595497131348	0.895545482635498	0.9479017853736877	0.9240063428878784
9ezu	3	0.2822749960838623	3.6891004357975072	0.3846153846153846	12.381142743847926			0.7711373567581177	0.87108314037323	0.9106444716453552	0.9455211758613586	0.9237730503082275
9ezu	4	0.2865610648891357	3.5511092939231124	0.3846153846153846	12.287356851271658			0.6780216693878174	0.8267684578895569	0.8934425711631775	0.9472976922988892	0.9258326888084412
9ezu	5	0.4681292390122071	2.144730251611973	0.5	7.294018723128024			0.7656533122062683	0.8681110739707947	0.9029024243354797	0.937214732170105	0.9123846888542175
9ezv	1	0.5542936852732546	1.9365671488254748	0.5686274509803921	5.310254673149581			0.4357353746891022	0.7043163776397705	0.8405032157897949	0.9416951537132263	0.902123749256134
9ezv	2	0.6242894935855382	1.6732313350081789	0.6470588235294118	4.511079987479293			0.7089917063713074	0.8438290357589722	0.8990727663040161	0.9465929865837097	0.9122769832611084
9ezv	3	0.358885776284522	2.650538273908331	0.392156862745098	9.551981590609136			0.5261086821556091	0.7521415948867798	0.8546301126480103	0.936760425567627	0.899882972240448
9ezv	4	0.4061297494424671	2.224352834084929	0.4313725490196078	8.94659700921081			0.5839481353759766	0.7760345935821533	0.8634337782859802	0.9333051443099976	0.8863641619682312
9ezv	5	0.3261373748220093	2.9691803434784423	0.392156862745098	10.7901163531413			0.2690599262714386	0.6202399134635925	0.8093582391738892	0.94443279504776	0.904169499874115
9ezw	1							0.6349002122879028	0.8048269152641296	0.8733359575271606	0.9329448342323303	0.8786254525184631
9ezw	2							0.6588886976242065	0.8188046813011169	0.872356116771698	0.9257229566574097	0.8720770478248596
9ezw	3							0.8089271783828735	0.8965755701065063	0.9028852581977844	0.9263747930526733	0.8690794706344604
9ezw	4							0.7432059049606323	0.8618257641792297	0.8953757286071777	0.9334182143211365	0.8836503624916077
9ezw	5							0.6267923712730408	0.7996826767921448	0.8688562512397766	0.929372251033783	0.873140811920166
9f91	1							0.9267053008079529	0.9275538325309753	0.9168223738670349	0.9143515825271606	0.8876944780349731
9f91	2							0.850918710231781	0.867541491985321	0.9032565355300903	0.9163409471511841	0.8864747881889343
9f91	3							0.8428606390953064	0.8657893538475037	0.911878764629364	0.9291333556175232	0.9034425020217896
9f91	4							0.909953773021698	0.9134068489074707	0.920551598072052	0.9232010841369629	0.8894665837287903
9f91	5	0.3045699136547155	4.206254410989384	0.36	9.572075811288563	0.3030611103639162	2.8554070433344507	0.8995357155799866	0.8993313312530518	0.9260492324829102	0.9326775670051575	0.9194753170013428
9fc2	1	0.0458117672951242	14.40875245649083	0.0389610389610389	27.405916237040252			0.45884180068969727	0.7604128122329712	0.7807816863059998	0.8612666130065918	0.7993367314338684
9fc2	2	0.0185912544442261	13.976797101083678	0.0	39.43947886939663			0.17900842428207397	0.6606404781341553	0.7255789637565613	0.8622215390205383	0.793538510799408
9fc2	3	0.0503173497470399	14.06610589057144	0.0389610389610389	25.39475190820274			0.28013983368873596	0.6950864791870117	0.7497673034667969	0.8671741485595703	0.7905120849609375
9fc2	4	0.0314453286051784	11.474569935659172	0.0	29.318845650646928			0.6304606795310974	0.8336216807365417	0.8195382356643677	0.8668076395988464	0.7909335494041443
9fc2	5	0.0177616090851461	16.909948913321927	0.0	38.94152600909043			0.26087549328804016	0.6917431950569153	0.7420822978019714	0.8623839616775513	0.7929726839065552
9fik	1	0.0287536151839425	6.221268465863848	0.0	47.27028196754984	0.0163902153466475	10.171960320892202	0.6541841626167297	0.7037001848220825	0.8609730005264282	0.9126701354980469	0.9077863097190857
9fik	2	0.0405537367483515	6.012779728538245	0.0	32.76051196140278	0.0304305587407187	7.58883147027421	0.663341224193573	0.7014793753623962	0.869051456451416	0.9204789996147156	0.9195264577865601
9fik	3	0.0194270541206832	7.643185744020203	0.0	57.764130827598	0.0177195724736552	8.1949793778357	0.654460608959198	0.7052634358406067	0.8649281859397888	0.9175450801849365	0.9134503602981567
9fik	4	0.0408679705613563	5.186094129068895	0.0	38.97405129194478	0.0291130094740537	7.753658068219839	0.7583650350570679	0.7662487030029297	0.8880245089530945	0.9204394221305847	0.9192798733711243
9fik	5	0.0260681697821978	6.909210687721572	0.0	45.873904341317726	0.0205376326231344	8.133014732178989	0.6301897168159485	0.6861818432807922	0.845851719379425	0.8997671604156494	0.8823790550231934
9fvb	1							0.18625879287719727	0.7308546900749207	0.7764477133750916	0.9239948987960815	0.8696550726890564
9fvb	2							0.6747549176216125	0.8727856874465942	0.8634601831436157	0.9106364250183105	0.8573900461196899
9fvb	3							0.35592612624168396	0.783464252948761	0.8155989050865173	0.9305170774459839	0.8625980615615845
9fvb	4							0.2243708074092865	0.7416977882385254	0.7814779877662659	0.9207547903060913	0.8699069023132324
9fvb	5							0.554924488067627	0.8394594192504883	0.8627004027366638	0.9396443367004395	0.9018299579620361
9fww	1	0.1353305732290321	5.937851017165115	0.1568627450980392	17.59938508482948			0.5238540768623352	0.7520163059234619	0.8047266006469727	0.8749446868896484	0.7877349257469177
9fww	2	0.0665285222852902	11.611535698618567	0.0980392156862745	27.86447478561412			0.809786856174469	0.8912771344184875	0.8679336905479431	0.8824703097343445	0.818888783454895
9fww	3	0.0597053263348765	10.822584638124216	0.0588235294117647	25.297429238170977			0.6277028918266296	0.8042659163475037	0.8220157027244568	0.8705938458442688	0.7889233231544495
9fww	4	0.1866237651496799	5.097993351069559	0.2745098039215686	16.70370142685213			0.6655142307281494	0.8218033909797668	0.8387991189956665	0.8821202516555786	0.805506706237793
9fww	5	0.0298496397650672	14.693220533011011	0.0	28.97586122312246			0.5899664759635925	0.7864362597465515	0.8197755217552185	0.877227783203125	0.8027538061141968
9fys	1	0.2810690491814075	6.089882706185153	0.5303030303030303	14.50177634163198	0.1106400598311997	6.089133460213883	0.9549562931060791	0.9658101201057434	0.9322911500930786	0.9266248345375061	0.9209491014480591
9fys	2	0.3260118469810462	5.056973678800982	0.5303030303030303	11.166440970953584	0.1867183985095462	4.934442144657424	0.9134476184844971	0.9360303282737732	0.9174612164497375	0.9184645414352417	0.9042154550552368
9fys	3							0.9292210340499878	0.9484815001487732	0.8968027234077454	0.888698160648346	0.8468955159187317
9fys	4	0.1916488995473417	6.902683500224986	0.3636363636363636	19.037370972124105	0.0617817601601968	6.9678939752277	0.7651232481002808	0.8421924710273743	0.8491849899291992	0.8702004551887512	0.8113492131233215
9fys	5	0.2421222513879921	5.8302439287313	0.4090909090909091	14.521340812378789	0.0866609457728491	6.550864888887755	0.840525209903717	0.8915590047836304	0.8625238537788391	0.8680235147476196	0.8117180466651917
9fyt	1							0.9065117239952087	0.931979775428772	0.8956777453422546	0.8929692506790161	0.8643456101417542
9fyt	2							0.9500378370285034	0.9638175368309021	0.8991619944572449	0.886443018913269	0.8590672612190247
9fyt	3							0.8861986994743347	0.9170708060264587	0.8944610953330994	0.8965266942977905	0.866022527217865
9fyt	4	0.4053262379463162	4.167250368157735	0.5076923076923077	7.033366514390405	0.2300053472734888	4.05824849385787	0.9271582365036011	0.9498854875564575	0.9099873900413513	0.9056946039199829	0.8691326379776001
9fyt	5							0.9572309255599976	0.9666500091552734	0.9061748385429382	0.8934108018875122	0.8564161658287048
9fzc	1							0.4242442846298218	0.726226806640625	0.7987038493156433	0.8923187851905823	0.7869121432304382
9fzc	2	0.1800075572355454	5.686365350973892	0.2439024390243902	15.505990687328328			0.6756133437156677	0.8251786828041077	0.8441657423973083	0.8863037824630737	0.7754824161529541
9fzc	3	0.2002788266847337	5.12337079416104	0.3658536585365853	19.76852560766368			0.751252293586731	0.8657214045524597	0.8670458197593689	0.8959941864013672	0.7994551658630371
9fzc	4	0.1650560463761542	6.618733108262481	0.3170731707317073	22.06295379033809			0.45364484190940857	0.7348015308380127	0.7936273813247681	0.8786230087280273	0.7573551535606384
9fzc	5							0.31059056520462036	0.6808120012283325	0.7679101824760437	0.8822400569915771	0.762374997138977
9fzd	1	0.2828643916760879	4.287001521225934	0.4285714285714285	12.653198114331584			0.7047225832939148	0.8434231281280518	0.8745538592338562	0.9170116782188416	0.8402519822120667
9fzd	2	0.2221465503275924	4.429074699690231	0.3469387755102041	16.16499088411029			0.598549485206604	0.8003863096237183	0.8475629687309265	0.9098163843154907	0.8206419348716736
9fzd	3	0.2959972751004762	4.38433290532586	0.4489795918367347	11.996700113321904			0.6423895359039307	0.8158383369445801	0.8599664568901062	0.9143606424331665	0.8261929154396057
9fzd	4	0.2361335669232018	5.052010123537047	0.3469387755102041	13.615213701127995			0.5793586373329163	0.7930538654327393	0.83809894323349	0.902783989906311	0.8029245734214783
9fzd	5	0.430393323456023	2.7081707344412207	0.5102040816326531	7.747522624538144			0.5595799684524536	0.7849452495574951	0.8416081666946411	0.912115216255188	0.8160121440887451
9g2a	1	0.0827976113953325	11.461772945611663	0.09375	21.26133014350097			0.8321290016174316	0.8923273682594299	0.8733701109886169	0.8836803436279297	0.7997540235519409
9g2a	2							0.819476306438446	0.8877456188201904	0.8688458800315857	0.8811882138252258	0.8067840337753296
9g2a	3							0.8450884222984314	0.9005376696586609	0.87165367603302	0.8782950043678284	0.781851589679718
9g2a	4							0.8279567360877991	0.8924126625061035	0.884920060634613	0.8991608023643494	0.8301490545272827
9g2a	5							0.8902117013931274	0.9317284226417542	0.8866006731987	0.8856979012489319	0.8179433941841125
9g2g	1							0.7372925877571106	0.8431075811386108	0.8260256052017212	0.8482087850570679	0.7264542579650879
9g2g	2							0.8212535381317139	0.8933508396148682	0.8351446390151978	0.8386173248291016	0.7152358889579773
9g2g	3							0.7900050282478333	0.8795669078826904	0.8393396735191345	0.8516732454299927	0.7142601013183594
9g2g	4							0.4931706488132477	0.7289639115333557	0.7728503346443176	0.8427702188491821	0.714013934135437
9g2g	5							0.5722477436065674	0.760083019733429	0.7869970202445984	0.8406842947006226	0.7022191286087036
9g48	1							0.8451347947120667	0.9029371738433838	0.8545552492141724	0.8569102883338928	0.7605822086334229
9g48	2							0.851495087146759	0.9054557681083679	0.8464232683181763	0.8451552987098694	0.7375460863113403
9g48	3							0.8714140057563782	0.9163044691085815	0.8625101447105408	0.8602840900421143	0.7686606049537659
9g48	4							0.6897849440574646	0.8187925219535828	0.8077540397644043	0.8372463583946228	0.7229366302490234
9g48	5							0.8064265251159668	0.8806648254394531	0.8415576815605164	0.8503404259681702	0.7431154251098633
9g5l	1	0.0886726646283578	8.244071149233607	0.0	15.38004394122419			0.7177864909172058	0.8300299644470215	0.8079423308372498	0.8304812908172607	0.7103660106658936
9g5l	2	0.0918793113741334	8.675252203242666	0.0	14.856762657131156			0.7300414443016052	0.8368362784385681	0.8034915328025818	0.8218539953231812	0.7056815028190613
9g5l	3	0.0901820924225228	8.522769275908571	0.0	15.105106461634763			0.8065967559814453	0.8794896006584167	0.8256239295005798	0.8303807377815247	0.7120603322982788
9g5l	4	0.0729454289743617	8.849018995656492	0.0	17.498865047424783			0.5026940703392029	0.7256070971488953	0.7502805590629578	0.8121771216392517	0.6759662628173828
9g5l	5	0.0704988355382172	8.242829006084767	0.0	18.17651616949499			0.3786187767982483	0.6624131202697754	0.7298550605773926	0.8176641464233398	0.6781018376350403
9g7k	1							0.7364501357078552	0.8514490723609924	0.8731619119644165	0.9073398113250732	0.8458471894264221
9g7k	2							0.489142507314682	0.7326053380966187	0.8139419555664062	0.8951418399810791	0.823026180267334
9g7k	3							0.5740906000137329	0.7766081690788269	0.8427422642707825	0.909905195236206	0.8549531698226929
9g7k	4							0.47723138332366943	0.728658139705658	0.8160363435745239	0.9007375836372375	0.8361819982528687
9g7k	5							0.5952249765396118	0.7893508076667786	0.8360100984573364	0.8962063789367676	0.825289785861969
9g97	1	0.567765397360018	1.7668849185057276	0.6428571428571429	6.352999491504977			0.7779690623283386	0.858075737953186	0.8626236915588379	0.8837873935699463	0.8738532066345215
9g97	2	0.5298749895388957	1.127899243803882	0.7142857142857143	15.271316428806982			0.8951523303985596	0.9125490188598633	0.8983618021011353	0.8991641998291016	0.8970343470573425
9g97	3	0.554187582413539	0.9879136651372462	0.7321428571428571	15.423826370971472			0.9034050703048706	0.9231226444244385	0.9023905992507935	0.9021369218826294	0.9009523987770081
9g97	4	0.5568496148117034	1.0776605957106042	0.7321428571428571	13.66952454795658			0.9119313359260559	0.9180629253387451	0.901231586933136	0.898556649684906	0.897271454334259
9g97	5	0.5575980563886794	1.18469098790208	0.7142857142857143	11.772882680191904			0.9055773615837097	0.9086592793464661	0.8992370963096619	0.8976520299911499	0.8973642587661743
9ggp	1	0.0098190730326033	15.829995318242142	0.0	58.66985023889863	0.0059414822574738	24.94221488613911	0.5018079280853271	0.6103858351707458	0.8485735058784485	0.9352648854255676	0.9248379468917847
9ggp	2	0.0071847784881062	15.59462174758606	0.0	75.89716441481886	0.0049468582189217	22.483629550428056	0.49307528138160706	0.603818416595459	0.851679265499115	0.9413301944732666	0.9347692131996155
9ggp	3	0.007100362535132	14.812151025568884	0.0	80.04751992694122	0.0050313302014303	17.88732601026695	0.47136110067367554	0.5871152281761169	0.844147801399231	0.9373444318771362	0.933000922203064
9ggp	4	0.0357790047833936	7.838881026832905	0.0434782608695652	49.594883492224334	0.0100315531338986	12.696449425396416	0.48212581872940063	0.5907295346260071	0.8409181833267212	0.9306162595748901	0.9200901389122009
9ggp	5	0.0095016611966028	15.937762155263696	0.0	59.92186574441952	0.0054076418871288	25.32570563955096	0.4895230233669281	0.5991100072860718	0.8465062379837036	0.9357520341873169	0.9249695539474487
9ghi	1	0.7391285119374335	0.8332964894398918	1.0	9.336237273996453	0.7525288706700328	0.6635033890379627	0.7630379796028137	0.8134433031082153	0.9153133630752563	0.953382134437561	0.9575155973434448
9ghi	2	0.7549779154439764	0.7333679006900379	0.9565217391304348	8.477382262827993	0.7291957123837259	0.6325615122189081	0.7400741577148438	0.7974876165390015	0.9114276766777039	0.9542660117149353	0.9543237090110779
9ghi	3	0.7917101366757323	0.6740144880917429	0.9565217391304348	7.135657833135537	0.796730015606344	0.6707800585362015	0.7390487790107727	0.8012611865997314	0.9106290936470032	0.9535241723060608	0.957800030708313
9ghi	4	0.8129235710577527	0.5889111149790138	0.9565217391304348	6.713896567170566	0.8236525838558979	0.5673546170356265	0.7298294305801392	0.7929209470748901	0.9092556834220886	0.9541122317314148	0.9603371024131775
9ghi	5	0.774571683956986	0.6594198854686284	0.9565217391304348	8.018041929210693	0.7525846553024728	0.5615015676174019	0.7241808176040649	0.784465491771698	0.9097989201545715	0.9562034010887146	0.9607028365135193
9ghj	1	0.6665158133236916	0.872933984347393	0.7741935483870968	8.87645777083442	0.6910389636871138	0.4787204929197972	0.6566047072410583	0.7466685175895691	0.863095760345459	0.914718508720398	0.9306699633598328
9ghj	2	0.6934617784854336	0.7238105295128139	0.7741935483870968	8.584400049263845	0.7214160116178223	0.4181746630294839	0.7497029304504395	0.8119545578956604	0.8882738351821899	0.9229165315628052	0.9396639466285706
9ghj	3	0.7569990388255388	0.7564911542120539	0.7741935483870968	5.570181284195652	0.7857231216902859	0.5109275594878717	0.6456144452095032	0.7402366399765015	0.8620695471763611	0.9161832928657532	0.930428683757782
9ghj	4	0.7121916172525328	0.7338569757823921	0.7419354838709677	7.118483100724508	0.7765508176022733	0.363475613925829	0.6424569487571716	0.7337889075279236	0.8636283278465271	0.9189211130142212	0.9313254952430725
9ghj	5	0.7228708759610595	0.7295127438627284	0.7419354838709677	6.683314528100057	0.7500040839814789	0.4095922621095716	0.7100656628608704	0.7857193350791931	0.8779334425926208	0.9199002981185913	0.9366489052772522
9glz	1	0.0465021601507698	10.010103494426344	0.0625	35.218065386669686			0.4008465111255646	0.709137499332428	0.7698922753334045	0.8621537089347839	0.7945311069488525
9glz	2	0.0392377884262364	10.334292076122509	0.0416666666666666	35.09392775809373			0.6132633686065674	0.807290256023407	0.8120832443237305	0.8617881536483765	0.7906413078308105
9glz	3							0.38424426317214966	0.7120555639266968	0.7717500925064087	0.8686265349388123	0.7958893775939941
9glz	4							0.6186859011650085	0.8079160451889038	0.824232280254364	0.8756189346313477	0.8027957677841187
9glz	5							0.30225256085395813	0.6698600053787231	0.749563992023468	0.8613918423652649	0.780087947845459
9gox	1	0.0181855994338543	7.666943275520005	0.0	63.33853324795454	0.0350238546810327	4.831469876730273	0.6676374673843384	0.748731791973114	0.8814089894294739	0.934851884841919	0.9155447483062744
9gox	2	0.0050638296773998	17.86967661669247	0.0	93.51171848401718	0.0081612874746403	12.1799813067653	0.8976460099220276	0.9111383557319641	0.934475839138031	0.9436832070350647	0.9263772368431091
9gox	3	0.0097642506327593	11.698874648918617	0.0	73.72285831032289	0.0114068483405633	9.559758314991967	0.8134526610374451	0.8530972003936768	0.9091311693191528	0.933050811290741	0.9023880362510681
9gox	4	0.0098068297088056	12.62165853281477	0.0	67.75699343797187	0.0109183993426766	10.130959313749504	0.8768507838249207	0.8947352766990662	0.9254369139671326	0.9375834465026855	0.9158221483230591
9gox	5	0.0095743965325674	11.62890597334332	0.0	75.98996496765052	0.0105544302446644	9.981591239364194	0.8987202048301697	0.9143386483192444	0.9291995167732239	0.9368193745613098	0.9077577590942383
9gv3	1							0.5380356907844543	0.8519359230995178	0.8915086984634399	0.9798769354820251	0.978973388671875
9gv3	2							0.5606963634490967	0.8573305606842041	0.8968192934989929	0.980850100517273	0.980254590511322
9gv3	3							0.7551501989364624	0.9121038913726807	0.9343933463096619	0.9792041182518005	0.9790533781051636
9gv3	4							0.6526510715484619	0.8847264647483826	0.9143667221069336	0.9797956347465515	0.9793257117271423
9gv3	5							0.6686493158340454	0.888296365737915	0.9182864427566528	0.9806956648826599	0.9791362881660461
9gvl	1	0.1276467218368998	22.205091935317512	0.359375	61.039835000789424			0.6396905779838562	0.680470883846283	0.8762631416320801	0.9354063272476196	0.9067968726158142
9gvl	2	0.1495118528978298	20.27939091831397	0.421875	57.7293395291378			0.6339448094367981	0.6366826295852661	0.8717578053474426	0.931210994720459	0.899843156337738
9gvl	3							0.6945487856864929	0.7097961902618408	0.8927516341209412	0.9423023462295532	0.9170426726341248
9gvl	4							0.713626503944397	0.7274060845375061	0.8958922624588013	0.9414586424827576	0.9261513352394104
9gvl	5	0.133593527367344	21.567208732182284	0.375	58.08353297876866			0.700225293636322	0.7136021256446838	0.8907971382141113	0.9384400844573975	0.9189742207527161
9gvn	1							0.7247305512428284	0.8124441504478455	0.8893770575523376	0.9305385947227478	0.9056707620620728
9gvn	2							0.7786878347396851	0.8460403680801392	0.8979798555374146	0.9278028607368469	0.8951388001441956
9gvn	3							0.7884871959686279	0.8544961810112	0.9050351977348328	0.9341722726821899	0.9118800759315491
9gvn	4							0.7682978510856628	0.8398244976997375	0.9042319655418396	0.9382154941558838	0.923485279083252
9gvn	5							0.7516191601753235	0.8275269865989685	0.8965860605239868	0.9328277111053467	0.910078763961792
9gvo	1	0.0127088262019895	21.3135357402952	0.0	45.87042075868395			0.42821362614631653	0.5947973728179932	0.8043708801269531	0.8984102010726929	0.8627611994743347
9gvo	2	0.010952372806646	23.112454415194858	0.0	49.48173268200057			0.5955515503883362	0.5646264553070068	0.8581151366233826	0.923755943775177	0.8904456496238708
9gvo	3	0.0102042634378979	20.53159073330103	0.0	52.754819682287305			0.525626003742218	0.601710855960846	0.8277446031570435	0.9032741785049438	0.8530972003936768
9gvo	4	0.0072730695501157	23.98979497169767	0.0	62.91633272308359			0.5759007930755615	0.6087182760238647	0.8500149846076965	0.9185435175895691	0.8807681202888489
9gvo	5	0.0079787378763926	23.06526105977736	0.0	59.922120439281976			0.27807310223579407	0.49998781085014343	0.7846953272819519	0.9113508462905884	0.8767286539077759
9h1f	1	0.4814433825954711	2.353123047829797	0.4285714285714285	5.211072453390044			0.4333752691745758	0.7247014045715332	0.8163976073265076	0.9121531844139099	0.8831865191459656
9h1f	2	0.5214727095904245	2.184194150874183	0.5	4.986820613089196			0.5425166487693787	0.7844164967536926	0.8422050476074219	0.9171271324157715	0.8920065760612488
9h1f	3	0.5209008627099329	2.090726187895698	0.5238095238095238	5.576850989702763			0.4315112233161926	0.7316238284111023	0.8129375576972961	0.908294141292572	0.877438485622406
9h1f	4	0.4571978393288815	2.5499784801350645	0.4761904761904761	6.398116677902512			0.4325183629989624	0.7310991287231445	0.8185197114944458	0.9150200486183167	0.8857316970825195
9h1f	5	0.5152521285823327	2.073743888226589	0.4523809523809524	4.908973366831288			0.39809679985046387	0.7099437117576599	0.8112408518791199	0.9145268797874451	0.8867726922035217
9h39	1	0.0096629981950966	17.279067721131447	0.0	57.33023037683937			0.5807526707649231	0.8259122371673584	0.8457211852073669	0.9119632244110107	0.8556321263313293
9h39	2	0.0093848578714115	17.216479734329873	0.0	58.57887803066876			0.3835756182670593	0.750763475894928	0.8020309805870056	0.9066448211669922	0.8428048491477966
9h39	3							0.5060566663742065	0.7944183945655823	0.8145015835762024	0.8916127681732178	0.8124083876609802
9h39	4							0.4957873225212097	0.7952324748039246	0.7967383861541748	0.8719761371612549	0.792252779006958
9h39	5	0.0074388289406499	18.462330333065957	0.0	67.17511704416704			0.2437463253736496	0.7030086517333984	0.7592103481292725	0.8880763649940491	0.8308280110359192
9h4r	1							0.7286891937255859	0.8171643018722534	0.8629783987998962	0.8965505957603455	0.8362174034118652
9h4r	2							0.9505910873413086	0.9655628800392151	0.9331863522529602	0.9288352131843567	0.8956937789916992
9h4r	3							0.8999824523925781	0.9321300387382507	0.910899817943573	0.9136291742324829	0.8803731203079224
9h4r	4							0.8900031447410583	0.9236738681793213	0.8995501399040222	0.901936948299408	0.8499862551689148
9h4r	5	0.1035287391202379	5.984287760752128	0.0	14.66487983454087	0.1746364748195086	6.945605195804992	0.9301654100418091	0.9512507319450378	0.9164664149284363	0.9130417108535767	0.8686268329620361
9h4s	1							0.9315752983093262	0.951499879360199	0.910627007484436	0.9053898453712463	0.8842971920967102
9h4s	2							0.8627048134803772	0.9040411710739136	0.9040672183036804	0.9144077897071838	0.881743848323822
9h4s	3	0.1015674470172668	6.329105626616723	0.05	16.919649338543543	0.1340860231075177	7.02426832535206	0.8394913673400879	0.8895484209060669	0.9010099768638611	0.9163895845413208	0.8801697492599487
9h4s	4							0.7339834570884705	0.8178042769432068	0.8552679419517517	0.885589063167572	0.8298020362854004
9h4s	5							0.8166464567184448	0.8740682005882263	0.8856263160705566	0.902871310710907	0.8840240240097046
9h6v	1							0.7743209600448608	0.8927932977676392	0.8684965968132019	0.892040491104126	0.8175007104873657
9h6v	2							0.6281684637069702	0.8321096897125244	0.8403546214103699	0.8934011459350586	0.8205375671386719
9h6v	3							0.7680894136428833	0.8922795057296753	0.8647391200065613	0.8889015316963196	0.8242268562316895
9h6v	4							0.21290454268455505	0.6743096709251404	0.7548151016235352	0.890292763710022	0.8163246512413025
9h6v	5							0.20247212052345276	0.6673053503036499	0.754585325717926	0.8926135897636414	0.8241062164306641
9h77	1							0.6474691033363342	0.8610737323760986	0.8167142271995544	0.8590254187583923	0.7592173218727112
9h77	2							0.6312299966812134	0.8591659665107727	0.8280425071716309	0.8772456049919128	0.7919558882713318
9h77	3	0.3453951485628558	3.9363390975651966	0.3269230769230769	7.1966598536192965			0.8098207712173462	0.9198801517486572	0.8611016273498535	0.8739218711853027	0.7959107160568237
9h77	4							0.8187828063964844	0.9235522747039795	0.8723552823066711	0.8857483863830566	0.8155191540718079
9h77	5							0.6720811128616333	0.8642144799232483	0.8268968462944031	0.8656007647514343	0.784527063369751
9hi4	1	0.0901988675924334	8.551208830719288	0.1428571428571428	25.803846688529227	0.0329953570307911	13.320752904122662	0.7525873780250549	0.795638918876648	0.8977096676826477	0.9339901804924011	0.915816068649292
9hi4	2	0.0646629180745661	8.685243579177698	0.0571428571428571	24.44303492862004	0.0367301067451636	13.56389146960151	0.6721877455711365	0.732570230960846	0.8717288970947266	0.9216141700744629	0.8944549560546875
9hi4	3	0.0794347679636755	9.101156605481084	0.1142857142857142	25.84994352632148	0.0325393710438021	14.742285112136589	0.7202098369598389	0.7755513787269592	0.8811230063438416	0.9213513135910034	0.8993024826049805
9hi4	4	0.0358815894140721	15.230435290426447	0.0	25.781916163988985	0.0389906725996117	11.483029400990334	0.5998868942260742	0.6889045834541321	0.8509678244590759	0.9137380123138428	0.8929423093795776
9hi4	5	0.0620937712599713	8.647116224667311	0.0571428571428571	25.51045226605833	0.0336213984982514	13.637472341144042	0.6903609037399292	0.7442601919174194	0.8863207697868347	0.9353107810020447	0.9187602996826172
9hi6	1	0.0594974233741596	8.506153646722685	0.0263157894736842	22.80083695567688	0.0182303978318908	7.87064577319757	0.6746594905853271	0.7277301549911499	0.8737166523933411	0.9234809279441833	0.9113768935203552
9hi6	2	0.0944107795009366	7.802266192192655	0.0526315789473684	17.2726311353311	0.0904387692956724	5.891230650599162	0.5931311249732971	0.6701331734657288	0.848950207233429	0.9129049777984619	0.9029946327209473
9hi6	3	0.0656256669334949	9.666974643755967	0.0789473684210526	26.324097558738394	0.0086401121513218	14.967301328211414	0.7070633172988892	0.7491176724433899	0.8724109530448914	0.9137478470802307	0.8780690431594849
9hi6	4	0.1291456619897774	7.505008466301975	0.1052631578947368	14.971509856272128	0.0641365209143955	5.693256063539978	0.7309712171554565	0.7763938307762146	0.8821651339530945	0.9199635982513428	0.9067398905754089
9hi6	5	0.0718421194114341	8.401659412064333	0.0526315789473684	21.796348846487817	0.0193511246228067	7.697662170360388	0.6169869899749756	0.6928660869598389	0.8606688380241394	0.9215893149375916	0.9034327268600464
9hj9	1	0.0355237375606729	13.19612887868304	0.0	26.41743406395831	0.0358482255886742	11.578269423996952	0.8510587811470032	0.8701581954956055	0.9238985180854797	0.9421084523200989	0.9203783273696899
9hj9	2	0.049030044984316	12.67211292753242	0.0	21.67656246068616	0.0500587828602738	10.612465981749468	0.7593903541564941	0.8082432150840759	0.8940078616142273	0.927662193775177	0.8952003121376038
9hj9	3	0.03107831370498	13.614690913525983	0.0	28.58441391171589	0.0302579923844787	13.571381803223248	0.8008578419685364	0.8381680250167847	0.9140006899833679	0.9422863721847534	0.9202311038970947
9hj9	4	0.0356516196462614	13.454062190367866	0.0	26.28437144936526	0.0364697765630905	11.789316142398029	0.890641450881958	0.9061600565910339	0.9309874773025513	0.9410739541053772	0.9184855818748474
9hj9	5	0.0303460054742547	13.64628761631664	0.0	29.002628879858573	0.0294063093936795	13.596406040410525	0.8203330039978027	0.8562110066413879	0.9131261706352234	0.9363245368003845	0.9091737866401672
9hk1	1	0.0826732892691242	16.278067861625182	0.0909090909090909	20.338566114604767	0.0781520446171317	18.694870793689876	0.7839556932449341	0.8306373357772827	0.891715943813324	0.9186559319496155	0.9099820852279663
9hk1	2	0.050549460865077	16.254406218233658	0.0303030303030303	23.826250423636704	0.056688631087171	18.08020579079712	0.6727957129478455	0.7495349049568176	0.8692319989204407	0.9183411002159119	0.9094865322113037
9hk1	3	0.0773266388992094	16.269166351788563	0.0909090909090909	21.735913965427574	0.0729884730137028	18.92759581187916	0.7869107723236084	0.8293161988258362	0.8937675356864929	0.9204817414283752	0.9120782017707825
9hk1	4	0.070855831924736	15.998977628468952	0.0606060606060606	20.787510548461835	0.0760067876670622	18.4503653060093	0.770929753780365	0.8152293562889099	0.8901681303977966	0.9199777245521545	0.9143069386482239
9hk1	5	0.0902011102153014	17.46242996401594	0.1212121212121212	20.88813180192173	0.0897567916947039	20.267053886686952	0.6630620360374451	0.7388677000999451	0.8628618121147156	0.912811815738678	0.9059146642684937
9hll	1							0.2350771725177765	0.6662096381187439	0.7759304642677307	0.9111437797546387	0.8549745678901672
9hll	2							0.36813420057296753	0.7182902097702026	0.7985743284225464	0.9061843156814575	0.8460631370544434
9hll	3							0.291329026222229	0.6916374564170837	0.7802705764770508	0.9025059342384338	0.8390645980834961
9hll	4							0.4141847491264343	0.7442893385887146	0.8049824833869934	0.9026818871498108	0.8516650199890137
9hll	5							0.17683933675289154	0.6374651789665222	0.7637612223625183	0.9104916453361511	0.8686764240264893
9hml	1	0.0192024758567103	13.528022244455418	0.0	38.94847459596015			0.29875800013542175	0.6605526804924011	0.7777978777885437	0.89755779504776	0.8405408263206482
9hml	2	0.0229391475833584	14.229547038199	0.0161290322580645	40.74841648499563			0.23280464112758636	0.6477364897727966	0.7403776049613953	0.8672708868980408	0.7995603680610657
9hml	3	0.0251158590256325	13.910466593740937	0.0161290322580645	37.96909349232529			0.14998182654380798	0.6167389154434204	0.7335290312767029	0.8794158101081848	0.8037347793579102
9hml	4	0.0279700679326811	12.889078772372551	0.0161290322580645	35.431987296864214			0.8163385391235352	0.89511638879776	0.8629846572875977	0.8746461868286133	0.8148772716522217
9hml	5	0.0149078085728211	13.368146157384224	0.0	46.53295231618669			0.6599307656288147	0.8035309314727783	0.8254980444908142	0.8668898344039917	0.7969681620597839
9ho4	1	0.6432240088916502	2.8356380616034733	0.8666666666666667	3.6492907505411223			0.886145830154419	0.9177819490432739	0.8981947898864746	0.9012070298194885	0.870319128036499
9ho4	2	0.6113613695990713	3.1786761211635697	0.8166666666666667	3.774508264442715			0.8908108472824097	0.9171780347824097	0.8935434222221375	0.8942265510559082	0.8517581820487976
9ho4	3	0.7724833100859273	1.6458537180837605	0.9	1.6493494409209786			0.9290273189544678	0.9407888054847717	0.9136050343513489	0.909749448299408	0.8845247626304626
9ho4	4	0.6460325282593996	2.694186350769516	0.75	1.919655454740696			0.9116414785385132	0.9287881255149841	0.8926551938056946	0.8879085779190063	0.840225100517273
9ho4	5	0.5989910882700032	3.315026872329069	0.8	3.887314852518336			0.9112741947174072	0.9303312301635742	0.9067074060440063	0.9055657386779785	0.8796700239181519
9ho5	1	0.2227999741470606	3.767835799087683	0.2413793103448276	13.293010433696356			0.7428659200668335	0.8394440412521362	0.8965669870376587	0.9349921941757202	0.9080496430397034
9ho5	2	0.1888959084234721	4.225216775234637	0.2241379310344827	15.525192752554554			0.7909507751464844	0.8542744517326355	0.9047743082046509	0.9332302212715149	0.907317042350769
9ho5	3	0.1939995480919243	4.201302724796861	0.2241379310344827	14.929433372800588			0.861518919467926	0.8991475105285645	0.9194524884223938	0.933935821056366	0.9125155210494995
9ho5	4	0.2925769504584488	3.279995923853877	0.3275862068965517	10.92261632977285			0.7733967304229736	0.8683661222457886	0.9057478308677673	0.9388355016708374	0.9190170168876648
9ho5	5	0.2405952115650057	3.612627272632961	0.2758620689655172	13.018824509589706			0.7702813148498535	0.8564448356628418	0.9009807705879211	0.9336556792259216	0.9065187573432922
9ho6	1							0.7868289947509766	0.8664954900741577	0.9271181225776672	0.9621903896331787	0.9517603516578674
9ho6	2							0.7515608668327332	0.8539770841598511	0.917736828327179	0.959280788898468	0.9455443620681763
9ho6	3							0.7329729795455933	0.8416034579277039	0.916071355342865	0.961845874786377	0.9497373700141907
9ho6	4							0.7785200476646423	0.8694906234741211	0.9255831837654114	0.962348997592926	0.9492080211639404
9ho6	5							0.8562312722206116	0.9111359119415283	0.9392275810241699	0.9599766135215759	0.9448100328445435
9hub	1	0.0930182727070285	12.078881176084142	0.1692307692307692	26.290608623166964	0.0360413732572733	8.382168908775006	0.710455596446991	0.8055583238601685	0.848852276802063	0.8834514021873474	0.8332968950271606
9hub	2							0.9444229602813721	0.9587781429290771	0.9143936038017273	0.9068862795829773	0.8888174295425415
9hub	3							0.8176140785217285	0.8770579099655151	0.8662332892417908	0.8783881068229675	0.8358302712440491
9hub	4	0.1014933420423747	11.933807250788698	0.2	27.20688828538415	0.0346180265321942	8.26317736089794	0.8548138737678528	0.8996278047561646	0.8930034041404724	0.9025506973266602	0.8721450567245483
9hub	5	0.1090541816791798	11.368818534800884	0.1846153846153846	22.44408199072197	0.0528687034741568	7.903409507037928	0.9604439735412598	0.9695225358009338	0.9168968200683594	0.9060099720954895	0.8784869909286499
9huo	1	0.1032186437984922	8.183443506373518	0.15625	22.92051275810884	0.0535381032108601	7.07146733521946	0.9318423867225647	0.9473596811294556	0.8956390619277954	0.8865882158279419	0.8541374802589417
9huo	2	0.097182080807226	8.200298291575727	0.140625	23.17810213396861	0.0559230883718093	6.506306297940045	0.9600813388824463	0.9685255885124207	0.9018689393997192	0.8873158097267151	0.8589693903923035
9huo	3	0.1017681314409325	8.004418280102614	0.15625	23.56502717188749	0.0575052364002886	5.773116815631491	0.900718092918396	0.9246057868003845	0.889512836933136	0.8867115378379822	0.8565007448196411
9huo	4							0.9367874264717102	0.9537482261657715	0.9195277094841003	0.9152127504348755	0.8854116797447205
9huo	5	0.1026114863979931	8.265730200426695	0.15625	23.050616452988542	0.0546507650687978	7.253613308446004	0.9447493553161621	0.9556075930595398	0.9080755114555359	0.8989070057868958	0.8675628304481506
9hur	1	0.6789542156826878	1.687664024010903	0.6724137931034483	2.453037946939921			0.9354025721549988	0.9551975131034851	0.9482291340827942	0.9514357447624207	0.9371077418327332
9hur	2	0.6724177508895813	1.72879905316646	0.6896551724137931	2.863053329323577			0.9438148140907288	0.9598603844642639	0.9476065635681152	0.948554515838623	0.9318453669548035
9hur	3	0.6957220905421693	1.5620831396704118	0.6896551724137931	2.5441654420903137			0.9192838668823242	0.9422720670700073	0.9437279105186462	0.9498389363288879	0.9262693524360657
9hur	4	0.6000426732644384	2.554274752743621	0.6724137931034483	3.267045328908488			0.9095267057418823	0.9378527998924255	0.9423975348472595	0.9506152272224426	0.9302477240562439
9hur	5	0.7556266485576568	1.1573575286613016	0.7241379310344828	2.5755244684069862			0.9228687882423401	0.9454778432846069	0.9478324055671692	0.9540733098983765	0.9457070231437683
9hxo	1							0.9318423867225647	0.9473596811294556	0.8956390619277954	0.8865882158279419	0.8541374802589417
9hxo	2							0.9600813388824463	0.9685255885124207	0.9018689393997192	0.8873158097267151	0.8589693903923035
9hxo	3							0.900718092918396	0.9246057868003845	0.889512836933136	0.8867115378379822	0.8565007448196411
9hxo	4	0.3720660533231101	4.5731932540443925	0.4307692307692308	7.110721262168863	0.2081939356262864	3.110593317478703	0.9367874264717102	0.9537482261657715	0.9195277094841003	0.9152127504348755	0.8854116797447205
9hxo	5							0.9447493553161621	0.9556075930595398	0.9080755114555359	0.8989070057868958	0.8675628304481506
9hzj	1	0.837234439450802	1.070351158456539	0.925	2.4361703951922284			0.8538233637809753	0.9234269261360168	0.9456467032432556	0.9686025381088257	0.9599391222000122
9hzj	2	0.711194212748517	1.7886047772542393	0.9	3.9733765260406426			0.8973290324211121	0.9455363154411316	0.955430805683136	0.9699562191963196	0.9601836800575256
9hzj	3	0.8372841542158519	1.0155730229031117	0.925	2.8149257951492284			0.8537805676460266	0.924302339553833	0.9477899670600891	0.97129225730896	0.9636394381523132
9hzj	4	0.8112996008529688	1.0993950248654931	0.875	2.699811688673281			0.8373777866363525	0.9196529388427734	0.9443630576133728	0.9711093306541443	0.9623613357543945
9hzj	5	0.7436979310507109	1.37641352482405	0.85	3.734413188521748			0.8701701164245605	0.9330675005912781	0.9492717981338501	0.9690471291542053	0.9578022360801697
9hzk	1	0.6527648227322586	1.6082531661406527	0.7674418604651163	5.226618753950106			0.8273716568946838	0.9149219393730164	0.9369163513183594	0.9643024802207947	0.9508494138717651
9hzk	2	0.6110716092641227	1.6802815223337246	0.7209302325581395	5.981711532445603			0.8163005113601685	0.9077319502830505	0.9338781237602234	0.9632725715637207	0.9502490758895874
9hzk	3	0.6679566062326415	1.532581410653322	0.7674418604651163	4.944506288398599			0.8121814727783203	0.9075390696525574	0.9334346652030945	0.9637479782104492	0.9503297209739685
9hzk	4	0.5984868781186503	1.6147058664918936	0.6744186046511628	6.13046384405076			0.8476454615592957	0.9228011965751648	0.9406609535217285	0.9639148712158203	0.9520995020866394
9hzk	5	0.5920273649094626	1.740084753001077	0.6976744186046512	6.20851517463575			0.8534762263298035	0.9251741766929626	0.941821277141571	0.9639075398445129	0.9525457620620728
9i59	1							0.5238802433013916	0.6211268901824951	0.8470498919487	0.9278422594070435	0.9161935448646545
9i59	2							0.5255751609802246	0.6163196563720703	0.8485385775566101	0.9292795062065125	0.9170351624488831
9i59	3							0.5380563735961914	0.6241689920425415	0.8499934077262878	0.9279776811599731	0.9169602394104004
9i59	4							0.6829262971878052	0.7306279540061951	0.8825963139533997	0.9325138330459595	0.9172683358192444
9i59	5							0.5254800319671631	0.617953896522522	0.8478361368179321	0.928425133228302	0.9169227480888367
9iqp	1	0.0412480882654963	10.045471005414868	0.0317460317460317	30.937544191887632			0.60288006067276	0.8198627233505249	0.8250338435173035	0.8805722594261169	0.8271802067756653
9iqp	2	0.0699439269445384	13.400530961600245	0.0952380952380952	25.19057533954912			0.2267497479915619	0.6727646589279175	0.7573772668838501	0.8900341391563416	0.8018910884857178
9iqp	3	0.0883683265973838	8.31993633408926	0.0	15.395058815655757			0.28471067547798157	0.6911370158195496	0.7560794949531555	0.8739216923713684	0.7939027547836304
9iqp	4	0.1100030253470139	12.530861605865688	0.1746031746031746	20.955877941821			0.21459846198558807	0.6704702973365784	0.7501447200775146	0.8840312957763672	0.7887858152389526
9iqp	5	0.0179826096387526	10.092190918105366	0.0	46.499537968134696			0.53207927942276	0.7945318222045898	0.8114483952522278	0.88129061460495	0.8161737322807312
9jbq	1	0.0386327132375034	12.178023041252768	0.0	25.365863284591256	0.0392571162283063	15.293162980354486	0.804965615272522	0.8538604378700256	0.9148932695388794	0.942375123500824	0.911365807056427
9jbq	2	0.0476984540179135	11.63132929581144	0.0277777777777777	25.648672856693803	0.0358188972440044	16.346310125095833	0.8345362544059753	0.8760127425193787	0.9149136543273926	0.9350079894065857	0.8926526308059692
9jbq	3	0.0412706741996165	11.657815162655028	0.0	24.48838439238599	0.0413568719501044	14.621755147628775	0.7530593276023865	0.8189657926559448	0.9022428393363953	0.9395387768745422	0.9043304324150085
9jbq	4	0.0358218874847743	11.693207688746105	0.0	26.819800783857826	0.0361741370608361	14.727281477669036	0.7643473744392395	0.8284624814987183	0.9059114456176758	0.9413024187088013	0.908329427242279
9jbq	5	0.0457832195507825	11.627275627469528	0.0277777777777777	26.51324065074099	0.0334662259212275	16.605275473273373	0.7676476836204529	0.8282676935195923	0.8978705406188965	0.930426299571991	0.8863524794578552
9jcy	1	0.0244765774628267	12.233659346313818	0.0	34.06309779725866	0.0143882387335476	12.27460274009442	0.48809754848480225	0.601736307144165	0.8125008940696716	0.8936017155647278	0.8418096303939819
9jcy	2	0.0311545337248911	11.681939815834198	0.0	29.37860510451621	0.0153768554834425	12.243600656005489	0.4802452623844147	0.5966203212738037	0.8079888224601746	0.8899247050285339	0.845897912979126
9jcy	3	0.0270727396710401	17.733594488304107	0.0178571428571428	34.81420822773673	0.016048503794122	11.71793667049374	0.5525391101837158	0.6499078273773193	0.8235582709312439	0.8913130760192871	0.8834536075592041
9jcy	4	0.0092417421127037	13.341695901570372	0.0	68.32091979815876	0.0075449243193728	13.046076452416017	0.6550373435020447	0.7243674397468567	0.8554938435554504	0.9056079387664795	0.8592135906219482
9jcy	5	0.0055533377982719	16.911331711130924	0.0	89.9322426998628	0.0079966483907285	11.361103252926092	0.5086187720298767	0.6160696744918823	0.8246141672134399	0.9036130309104919	0.8588402271270752
9jd0	1	0.0152809913500055	15.693546475778293	0.0	43.49250860347634			0.44895726442337036	0.7843935489654541	0.8010839819908142	0.8891156315803528	0.7779422402381897
9jd0	2	0.0425279910614585	15.657044831093827	0.056338028169014	33.018772991694426			0.6223858594894409	0.8471605181694031	0.8473760485649109	0.903623640537262	0.8210145235061646
9jd0	3							0.4504792094230652	0.7913936972618103	0.814952552318573	0.9060709476470947	0.8380977511405945
9jd0	4	0.0284840223485377	14.659742975252923	0.0422535211267605	46.13006748619319			0.5059939622879028	0.8086956739425659	0.8232244849205017	0.9025321006774902	0.8218477964401245
9jd0	5							0.7865304946899414	0.9067584276199341	0.8880342841148376	0.9134102463722229	0.8552472591400146
9jd1	1	0.3988086399625299	2.844909015231329	0.7105263157894737	14.034458429270844	0.4799946348041341	1.8379755812827288	0.8060693740844727	0.8355702757835388	0.9196708798408508	0.9480711817741394	0.9304667711257935
9jd1	2	0.1618498838367913	11.010028907033671	0.4473684210526316	59.56340982149817	0.0082073661469453	14.381783313983933	0.8274962902069092	0.8630682229995728	0.9241901636123657	0.9483635425567627	0.9281906485557556
9jd1	3	0.1634482314248902	10.72436017732496	0.4473684210526316	54.451239913219375	0.0091127803410842	14.485930902802302	0.7943825125694275	0.8418758511543274	0.9200464487075806	0.95146244764328	0.9316126704216003
9jd1	4	0.1622264569537239	10.944823793280271	0.4473684210526316	58.21471355574779	0.0082446141866955	14.608390703722137	0.8049848079681396	0.8488812446594238	0.9190487861633301	0.9475647807121277	0.924292802810669
9jd1	5	0.1711172446638303	10.974210830449326	0.4736842105263157	57.57930249618503	0.0082200688534986	14.760948179278682	0.8356376886367798	0.8702947497367859	0.9246136546134949	0.9468576312065125	0.9273367524147034
9jeb	1	0.0085800673639557	26.57524142940662	0.0	55.94362714597408			0.5465473532676697	0.6772305369377136	0.8410782814025879	0.914711058139801	0.8652509450912476
9jeb	2	0.0083505180884751	26.72724752179217	0.0	56.78973375543114			0.5665839314460754	0.7011356949806213	0.8461376428604126	0.9160260558128357	0.8523826003074646
9jeb	3	0.0081153658949458	26.88629198941543	0.0	57.69612140053418			0.3440423309803009	0.5949746370315552	0.7981948256492615	0.9117329120635986	0.8645872473716736
9jeb	4							0.34814268350601196	0.628656804561615	0.800445556640625	0.9135212302207947	0.8809675574302673
9jeb	5	0.006143717149248	29.551982498579587	0.0	66.95397361076046			0.18244124948978424	0.5199316740036011	0.7644113898277283	0.909903883934021	0.8504586815834045
9jno	1	0.2204596358033522	5.232951797726479	0.4727272727272727	23.84725524451584	0.283571241763135	5.589683822924875	0.6520130634307861	0.7396140098571777	0.850896954536438	0.9006178975105286	0.8731973171234131
9jno	2	0.0261047275588465	8.885133768961337	0.0181818181818181	46.43500008565248	0.0216878476691649	7.410853602066417	0.6119831800460815	0.710171639919281	0.8386101126670837	0.8952667713165283	0.870948314666748
9jno	3	0.1072687371893395	5.74003812311343	0.1454545454545454	23.882745240894675	0.1875778026220874	3.984685272660759	0.6921235918998718	0.7660558223724365	0.848632276058197	0.8877594470977783	0.8394355773925781
9jno	4	0.0178140957337825	10.058788584536291	0.0	46.98694133746099	0.0178577749911525	9.099631253685924	0.6005550622940063	0.7115681767463684	0.8368403315544128	0.895911693572998	0.8720832467079163
9jno	5	0.0223089624021139	10.366658126946891	0.0	38.52533501749501	0.0217166685323607	9.683820517515974	0.5528842806816101	0.6671183109283447	0.8251138925552368	0.8931713104248047	0.8703963756561279
9jqv	1							0.6045525670051575	0.699489414691925	0.869568943977356	0.9358229637145996	0.9226149320602417
9jqv	2							0.5709455609321594	0.6756301522254944	0.8534166216850281	0.9240344166755676	0.8990066647529602
9jqv	3							0.5207129716873169	0.6416165232658386	0.8506838083267212	0.9331765174865723	0.9124951958656311
9jqv	4	0.039929796123525	13.383704216213538	0.073170731707317	45.16083140989743	0.097397648586057	13.03461651444228	0.5521489381790161	0.6633685231208801	0.864027202129364	0.9419967532157898	0.9289921522140503
9jqv	5							0.5428800582885742	0.6542220711708069	0.8612362146377563	0.9408252835273743	0.9255848526954651
9k6j	1	0.0380494837856652	12.709139621654764	0.0441176470588235	34.80274829444774	0.0268533428137804	12.25042546217177	0.7606559991836548	0.8092183470726013	0.903448224067688	0.9391462206840515	0.9234663844108582
9k6j	2	0.0384833787363446	12.603992614656244	0.0441176470588235	34.45557138321642	0.027468578724974	11.881318254163174	0.686795711517334	0.7560330629348755	0.8839103579521179	0.9331889748573303	0.9126722812652588
9k6j	3	0.0373822060107861	12.70989244977822	0.0588235294117647	41.8674760804786	0.0183814856837329	12.452382808863058	0.7379238605499268	0.7812330722808838	0.8963718414306641	0.9359837770462036	0.9198486804962158
9k6j	4	0.0406411837198321	12.459534952626406	0.0588235294117647	37.52167795383083	0.0225959674778224	13.408756458966316	0.6873407363891602	0.7553402781486511	0.8850313425064087	0.9344539046287537	0.9145427346229553
9k6j	5	0.8421288971409148	0.7858322988758719	0.8088235294117647	2.27932222432756	0.7501888636017878	1.2700767332299951	0.6788374781608582	0.7395696043968201	0.8905413746833801	0.9434673190116882	0.9335060715675354
9kur	1	0.0200211828335855	14.8676570275804	0.0	37.05559794465015	0.017397172825337	18.50495463434244	0.5748152732849121	0.6320773959159851	0.8554925918579102	0.9256619215011597	0.9151466488838196
9kur	2	0.0154121496165418	11.62218042649756	0.0	48.45643279180021	0.0109517346624039	16.142126976776836	0.6602981090545654	0.6923900842666626	0.8797400593757629	0.9346005320549011	0.9211822152137756
9kur	3							0.6434549689292908	0.7059125900268555	0.8657085299491882	0.9212719202041626	0.9076469540596008
9kur	4							0.6684613823890686	0.7222198843955994	0.8774303793907166	0.9296725988388062	0.9116240739822388
9kur	5							0.6807726621627808	0.7323408126831055	0.8872330784797668	0.9388481378555298	0.922324001789093
9l9y	1	0.0325390008735605	12.56699013572576	0.0	28.147685956440203	0.0337907644998539	11.326065476759489	0.8301206231117249	0.8565673232078552	0.9303833842277527	0.9554490447044373	0.944956362247467
9l9y	2	0.0337057653135217	12.197912433346325	0.0	27.67160794701492	0.0341767254983673	11.99588959550312	0.6418287754058838	0.7310044765472412	0.8861984610557556	0.94729083776474	0.935411274433136
9l9y	3	0.0316499447548489	12.572387777618202	0.0	28.647212088031647	0.0330860950713094	11.240297257383444	0.8357489109039307	0.8607312440872192	0.9337696433067322	0.9582747220993042	0.9494941830635071
9l9y	4	0.0319764875660179	12.528275497528153	0.0	28.47866661313473	0.0332358019365029	11.342887940912274	0.8147526383399963	0.8432149291038513	0.9321401715278625	0.9614870548248291	0.9523626565933228
9l9y	5	0.0316965128443258	12.4648003277157	0.0	28.66651819664724	0.0320001707974443	11.415007863572946	0.7682302594184875	0.8140033483505249	0.9161772727966309	0.9531640410423279	0.9407385587692261
9lad	1	0.810447842529863	1.184707416259995	0.9361702127659576	3.1487699258502184			0.8951384425163269	0.9345049858093262	0.9215164184570312	0.9281109571456909	0.9292121529579163
9lad	2	0.8090240878121358	1.2232887861815338	0.9148936170212766	2.646804988289166			0.8951916694641113	0.9356648325920105	0.9219884872436523	0.9286877512931824	0.9315165877342224
9lad	3	0.7524001281336649	1.3873770822254512	0.8936170212765957	3.919728425221861			0.8703005313873291	0.9248321056365967	0.9132539629936218	0.923992395401001	0.9167977571487427
9lad	4	0.7466015127758556	1.4965303475489011	0.8936170212765957	3.640049540188052			0.9044505953788757	0.9426625967025757	0.9203931093215942	0.9243787527084351	0.9188787937164307
9lad	5	0.7660657666069786	1.3799473126918889	0.8936170212765957	3.387151788179371			0.8687635660171509	0.9266341328620911	0.9134837985038757	0.9246639013290405	0.9175803065299988
9lh2	1							0.2874244153499603	0.6793116331100464	0.7611474394798279	0.879578173160553	0.7792987823486328
9lh2	2							0.14255543053150177	0.6322754621505737	0.7353469133377075	0.8835447430610657	0.8072634339332581
9lh2	3							0.18173284828662872	0.6477527618408203	0.7358846664428711	0.8744226098060608	0.7813778519630432
9lh2	4	0.0448749863212209	11.008502302237488	0.0454545454545454	30.76004355257093			0.4863983392715454	0.7672507762908936	0.8028739094734192	0.8819928169250488	0.7880545854568481
9lh2	5							0.19481980800628662	0.6517162919044495	0.7498564720153809	0.8886156678199768	0.8043489456176758
9lme	1							0.9222230315208435	0.9319912791252136	0.9125887751579285	0.9101802110671997	0.8641810417175293
9lme	2							0.7528837323188782	0.8523520231246948	0.8718277812004089	0.901563823223114	0.836452305316925
9lme	3							0.7514044642448425	0.8521766662597656	0.8947544097900391	0.9305919408798218	0.9095296859741211
9lme	4							0.9437337517738342	0.9420347809791565	0.9356830716133118	0.9336704015731812	0.9198920726776123
9lme	5							0.7106427550315857	0.8407143354415894	0.8834607005119324	0.926665186882019	0.8952438235282898
9lrf	1	0.0418767778800949	11.802234487341742	0.0888888888888888	58.25614197156526	0.0084688846636474	16.94875526419125	0.5733407735824585	0.6369595527648926	0.8332691192626953	0.8982511758804321	0.8781610727310181
9lrf	2	0.0427864501685474	12.338221833909966	0.0888888888888888	53.1855276272105	0.0098148107516251	16.24185527942784	0.5638479590415955	0.6407787203788757	0.83167564868927	0.8986325860023499	0.8789736032485962
9lrf	3	0.0500066897529056	11.565705084281538	0.1111111111111111	56.19603375706671	0.0080236580026576	17.064023673942156	0.5699904561042786	0.6465529203414917	0.8333158493041992	0.8991472125053406	0.880774199962616
9lrf	4	0.0423304264615114	12.2519052724133	0.0888888888888888	54.99093646478583	0.0091232841180697	16.7524235199233	0.6902280449867249	0.7260264158248901	0.8578270077705383	0.8997266888618469	0.8830024600028992
9lrf	5	0.0421607126080834	12.012960969216632	0.0888888888888888	56.357880193443016	0.0087554190935184	16.934765793996142	0.6014273762702942	0.6701815128326416	0.8402954339981079	0.9000124335289001	0.8812686204910278
9m5b	1	0.7332185597470672	1.3833267133266538	0.8611111111111112	4.274610707122133	0.8546926702374193	0.781313240251267	0.9152489900588989	0.9239639043807983	0.9531392455101013	0.962611734867096	0.9670298099517822
9m5b	2	0.8488306879959299	0.7796034698817559	0.9166666666666666	3.6751236334304527	0.9327341080764396	0.493183513134835	0.9176865816116333	0.9291591644287109	0.952874481678009	0.9616714715957642	0.9649040102958679
9m5b	3	0.6565436584230726	1.39103902296317	0.8611111111111112	7.369401904504638	0.686154824901155	0.8324691173579166	0.8696949481964111	0.8756603598594666	0.9376291632652283	0.954612672328949	0.9586459994316101
9m5b	4	0.8597159611533893	0.8414788454854254	0.8888888888888888	2.338569993859783	0.9072135679767238	0.73805537231324	0.9225820302963257	0.928237795829773	0.9548813700675964	0.9629562497138977	0.9677590131759644
9m5b	5	0.8385743802640402	0.813346341602553	0.8888888888888888	3.513884893955682	0.6691546296608225	1.095237328235984	0.9231023192405701	0.9303575158119202	0.9548768401145935	0.9628204703330994	0.9688235521316528
9m6j	1	0.0196192702376463	13.182018612675124	0.0	38.67622614167778			0.8527218103408813	0.9289644360542297	0.9306464195251465	0.9501276016235352	0.9253164529800415
9m6j	2	0.0182624074063564	13.90020015705032	0.0	39.965700379743744			0.8335987329483032	0.9284060001373291	0.9034967422485352	0.9209712147712708	0.8593186140060425
9m6j	3	0.0188960199758686	13.533622953745295	0.0	39.36272541479857			0.6303603649139404	0.8584132790565491	0.8632431030273438	0.9214638471603394	0.8600324988365173
9m6j	4	0.0189000657563036	13.703260661704311	0.0	39.22141042156351			0.7057660222053528	0.8822588920593262	0.8768235445022583	0.9195879101753235	0.8601954579353333
9m6j	5	0.0200545006085566	13.21261511078334	0.0	38.08885448642084			0.8373733162879944	0.9265941977500916	0.9093373417854309	0.9273282885551453	0.8749862909317017
9m6o	1	0.019558034068717	13.24260067044012	0.0	38.70639617244182			0.8403177261352539	0.9304431676864624	0.9211031198501587	0.9412994384765625	0.906958281993866
9m6o	2							0.8450852632522583	0.9308879375457764	0.9119224548339844	0.9286317825317383	0.8762784600257874
9m6o	3							0.860247015953064	0.9375730156898499	0.9157581329345703	0.9296358823776245	0.88739413022995
9m6o	4							0.8676812052726746	0.9370801448822021	0.9309647679328918	0.9467856287956238	0.9192579388618469
9m6o	5							0.8419796824455261	0.9320045709609985	0.9140790104866028	0.9321038126945496	0.8879930377006531
9mer	1	0.0232089897129512	14.399846517342167	0.0	33.97883317017953	0.0233236403860533	18.604740621295104	0.5944000482559204	0.6922252774238586	0.8529958128929138	0.9176446795463562	0.8932129144668579
9mer	2	0.0241584660155348	14.878936476515362	0.0	32.94446884571498	0.024048264810796	18.99881287897247	0.5943257808685303	0.6974290013313293	0.8524453043937683	0.916975200176239	0.8938558101654053
9mer	3	0.0937875656760813	9.39890118996814	0.0	14.4706112646668	0.0945597057840036	8.60448138495444	0.6742222905158997	0.7477044463157654	0.8730868697166443	0.9228029251098633	0.8959228992462158
9mer	4	0.0820547698870534	10.397952937925334	0.0	15.740228881280766	0.086049978649631	9.278447784807184	0.6631888151168823	0.7456163167953491	0.8711835145950317	0.9231821894645691	0.8962186574935913
9mer	5	0.0984082362101914	9.322931111155343	0.0	13.976814496084003	0.1003223624969495	8.765201236424188	0.6539495587348938	0.7367510199546814	0.8697604537010193	0.9237131476402283	0.8979920148849487
9mev	1	0.0352614936298047	13.327209145305847	0.0	26.501711797239857	0.0358637218971825	11.662706107452776	0.854427695274353	0.870945930480957	0.9242620468139648	0.9417206048965454	0.9205706119537354
9mev	2	0.036983159695912	13.306029645865644	0.0	25.729218507255595	0.0384903469063298	11.471228270600388	0.8522668480873108	0.8747788071632385	0.9193449020385742	0.9361143708229065	0.9132705330848694
9mev	3	0.02445261228799	16.96492809013533	0.0	32.079724307957015	0.0251188070174442	15.278304354697944	0.7133660316467285	0.7844582796096802	0.8785867691040039	0.919891893863678	0.8859619498252869
9mev	4	0.0308809764368624	13.830462498314455	0.0	28.627590746441705	0.0305599469098512	13.643370718832506	0.7819944024085999	0.8260425925254822	0.9091879725456238	0.9409863352775574	0.9182956218719482
9mev	5	0.0360283798850146	13.050646097733251	0.0	26.227867009846666	0.035348137599755	11.46472007460654	0.723383367061615	0.7815254926681519	0.8905176520347595	0.9323012232780457	0.9047557711601257
9mic	1	0.814390069595094	0.8443811199080337	0.8356164383561644	3.596121382635441	0.7163381969104302	1.2015293353516612	0.9207700490951538	0.9285414218902588	0.9383679628372192	0.9427674412727356	0.9268500208854675
9mic	2	0.8044702929889883	0.9426952249985334	0.8493150684931506	3.609382204326937	0.7296588373601375	1.2566310647956611	0.9299147725105286	0.9364612698554993	0.9424665570259094	0.9456045031547546	0.9320222735404968
9mic	3	0.8383298971926602	0.8407510222120034	0.821917808219178	2.293608014348261	0.7938444574262594	0.9830142658030706	0.8977118730545044	0.9088929891586304	0.9317337870597839	0.9402392506599426	0.922666609287262
9mic	4	0.8089489499875017	0.9159610313695908	0.8767123287671232	3.958939991377751	0.7525711769983959	1.1305659388538565	0.8963325023651123	0.9065175652503967	0.9339893460273743	0.9434035420417786	0.930548906326294
9mic	5	0.8335648079110664	0.8013795038170367	0.9041095890410958	4.000863630974019	0.6992251550939054	1.1678446503423336	0.878339946269989	0.8784122467041016	0.927646815776825	0.9399735927581787	0.9264232516288757
9mid	1	0.7098818639726873	1.4740908071786851	0.7368421052631579	3.0776966677193704	0.6230460045577434	1.9147327814546395	0.7984755635261536	0.7826021313667297	0.8912473917007446	0.9144402742385864	0.9016461372375488
9mid	2	0.7005936634358737	1.4354329156107994	0.75	3.849624292661263	0.6136395984501375	2.0524765929648607	0.8192573189735413	0.8064446449279785	0.8948855400085449	0.913792610168457	0.9029748439788818
9mid	3	0.7149730367895671	1.3268241712100972	0.6973684210526315	3.041153705812201	0.6556501166317272	1.8958197667044947	0.8197696805000305	0.8060365915298462	0.8987340331077576	0.9184750914573669	0.9125411510467529
9mid	4	0.4610309313199767	1.3317545568214098	0.6973684210526315	22.3340132230886	0.2754259636272187	1.9078334530649872	0.8062146902084351	0.793670654296875	0.8970369696617126	0.9197424650192261	0.9105091691017151
9mid	5	0.5390143495221381	1.4552986700204624	0.7368421052631579	11.209487070861076	0.4042905612125849	2.0358432309917447	0.8226675391197205	0.8144789934158325	0.8975400924682617	0.9162582755088806	0.9034039974212646
9mif	1	0.7412010950680141	1.3506980276114866	0.7777777777777778	2.9331191071056413	0.8825841424528232	0.5054182823548372	0.9166850447654724	0.9150299429893494	0.950291097164154	0.9586926102638245	0.9515941143035889
9mif	2	0.7992748892615906	1.1553336706761914	0.8024691358024691	1.552805008906624	0.8678344878516798	0.5385395536845329	0.9154601693153381	0.913175106048584	0.9503019452095032	0.9590123295783997	0.9509934782981873
9mif	3	0.7665939144391896	1.2812134384773854	0.7530864197530864	1.5326037761772977	0.8777168872172938	0.5603946146187948	0.8988582491874695	0.895952045917511	0.9436475038528442	0.9548447728157043	0.9453664422035217
9mif	4	0.7848597476608831	1.1924534757891534	0.7530864197530864	0.907140282448968	0.8796055445414233	0.5658768827063472	0.9217068552970886	0.919788658618927	0.9519912004470825	0.9595623016357422	0.9541682004928589
9mif	5	0.8081251433662465	1.1197765069609154	0.7901234567901234	0.7580021830430843	0.8427533851354677	0.7513748669331897	0.9040732979774475	0.9020630717277527	0.9470615386962891	0.9578085541725159	0.9497644901275635
9mj3	1	0.6521192455864039	1.489100606718167	0.6666666666666666	4.434623735085184	0.6405969693811723	1.9312847903841135	0.8734292387962341	0.8963478803634644	0.9192703366279602	0.9307305812835693	0.9113125205039978
9mj3	2	0.3347514269598377	4.446493002796228	0.4	8.464705176144998	0.2149490046968468	5.342588952065953	0.8794904351234436	0.9022418856620789	0.9077113270759583	0.9147664904594421	0.8823515772819519
9mj3	3	0.584662135999435	1.7361658763595065	0.6	5.214296923887454	0.49219118201011	2.318609509004188	0.8715451955795288	0.8962511420249939	0.920577347278595	0.9328353404998779	0.9153858423233032
9mj3	4	0.3491162617841012	4.319783966331474	0.4166666666666667	8.116277710445251	0.2318143131604607	5.002235714820134	0.857446014881134	0.8855815529823303	0.9096213579177856	0.9226651787757874	0.8921353816986084
9mj3	5	0.3439358825200436	4.400641620685391	0.4	8.041185440158365	0.2286538442412663	5.258747233569181	0.8900536894798279	0.909033477306366	0.9131390452384949	0.9189103841781616	0.8900094628334045
9ml8	1							0.6845889091491699	0.7718578577041626	0.8658626675605774	0.9111811518669128	0.8674241900444031
9ml8	2							0.6156458258628845	0.7295235395431519	0.8579781651496887	0.9185612797737122	0.8868615031242371
9ml8	3							0.5925508141517639	0.7144256234169006	0.8455168008804321	0.9087582230567932	0.8881788849830627
9ml8	4	0.0223277143428437	19.458176227866318	0.0	33.327310828244315	0.0245973985563813	12.638397428852567	0.642509400844574	0.7432170510292053	0.8612933158874512	0.915989339351654	0.8881883025169373
9ml8	5	0.0930925036960891	7.775230171032592	0.1363636363636363	24.55172821815374	0.0483550630573289	7.483559883780465	0.6919637322425842	0.7774723768234253	0.8663453459739685	0.9099407196044922	0.8811537027359009
9mqv	1	0.1213178449310822	7.382105366521659	0.2	22.56084967331302	0.0302027856137493	9.028013656493089	0.5188183784484863	0.5997048616409302	0.8386783599853516	0.9186432957649231	0.8607163429260254
9mqv	2	0.1224864756849643	6.660420509222783	0.1818181818181818	21.300314357453075	0.0318635993559314	8.553142634681581	0.5395329594612122	0.6138327121734619	0.8448772430419922	0.9212133288383484	0.8696792125701904
9mqv	3	0.3057635037721482	1.8915166402606964	0.3818181818181818	20.28225838841736	0.5751565911233282	1.263158969014252	0.581615149974823	0.6489246487617493	0.8589727282524109	0.9283121824264526	0.8829778432846069
9mqv	4	0.1514291808320193	6.258421272186961	0.2727272727272727	22.261920604395765	0.0332047949635031	8.620961950821437	0.6261593699455261	0.6760637164115906	0.8646001219749451	0.9242103099822998	0.8775990605354309
9mqv	5	0.1271258294847674	7.68095320532731	0.2363636363636363	24.392984441801573	0.0294875594460795	10.331085185042424	0.5566496849060059	0.6368096470832825	0.8516603708267212	0.9254130721092224	0.8805539608001709
9mxi	1	0.0483919010942976	12.789115140010788	0.0	21.834303662041755	0.045574233763142	13.30594883972672	0.9715047478675842	0.9609538316726685	0.9140531420707703	0.8996902704238892	0.8996453285217285
9mxi	2	0.0488949322253192	12.956877990313076	0.0	21.658994633637985	0.0466625907502855	13.39961941266733	0.970243513584137	0.9613882303237915	0.9084485173225403	0.8929997086524963	0.8918344378471375
9mxi	3	0.0469963025811608	12.985927253786116	0.0	22.20334878998558	0.0437011089457642	13.193742611278026	0.9713080525398254	0.963995099067688	0.9093465805053711	0.8938561677932739	0.8905317783355713
9mxi	4	0.0482026239395081	12.908630606715224	0.0	21.86502590234096	0.0463102240396834	13.37138419649656	0.973118245601654	0.9573037624359131	0.906002938747406	0.889224112033844	0.8880216479301453
9mxi	5	0.0420504920560119	13.216555391847804	0.0	23.763039722744946	0.0408917597370153	13.415684986977707	0.9154374599456787	0.9226399660110474	0.8936970829963684	0.8882619738578796	0.8803203105926514
9n8i	1	0.0288069349334875	15.57681405416014	0.0	29.38081301951744	0.0282743323508763	19.20450661293486	0.6150793433189392	0.7204711437225342	0.8538525700569153	0.9135459065437317	0.8941856622695923
9n8i	2	0.0320583831209481	13.77175835269411	0.0	27.98706565248179	0.0296563093362811	14.78153125011585	0.6143067479133606	0.7193751931190491	0.8484261631965637	0.9069559574127197	0.8786100149154663
9n8i	3	0.0417090388898856	13.907792883159404	0.0	23.740127936992653	0.039993399991091	13.668508891455607	0.6217148900032043	0.7239590883255005	0.8525795340538025	0.9102956652641296	0.8776805400848389
9n8i	4	0.0288493596427037	15.511854302479996	0.0	29.37033141459788	0.0281567969886693	18.970898374754068	0.6187113523483276	0.7219957113265991	0.8537115454673767	0.9124615788459778	0.8915037512779236
9n8i	5	0.0387841469853524	14.103032028260332	0.0	24.79426917333477	0.0382798065429438	14.54988221978051	0.6128377914428711	0.7203881740570068	0.8514862060546875	0.9111483097076416	0.8893621563911438
9n8n	1	0.0036704407057615	25.568613648499795	0.0	97.25004072239206	0.0034837725561483	26.404729386795022	0.6709466576576233	0.7402923703193665	0.8562721610069275	0.9026034474372864	0.8710001111030579
9n8n	2	0.0029044669003827	24.1736673139648	0.0	121.40685129722571	0.0020245489973516	32.62341657174828	0.5047621130943298	0.6262792944908142	0.8298832774162292	0.9111636281013489	0.8872779607772827
9n8n	3	0.0032965941213763	22.11235911840367	0.0	116.34493237425733	0.0033581090610123	21.04624516765188	0.5056089758872986	0.6157267689704895	0.8236526846885681	0.9031636118888855	0.8685094118118286
9n8n	4	0.0033511172841552	22.6890386301036	0.0	112.24730420489963	0.0039995356248905	19.88742983254524	0.5504085421562195	0.658390998840332	0.8331306576728821	0.9038112163543701	0.8782824277877808
9n8n	5	0.0027374469774818	25.73604009488688	0.0	122.05005285449784	0.0025639476146801	26.42048862407967	0.5562378168106079	0.662702739238739	0.8320571780204773	0.9010120630264282	0.8663201332092285
9ncd	1	0.0602669805634137	9.473720445963226	0.0	19.745117435316388	0.04951557994751	11.97307235208816	0.8535871505737305	0.8718595504760742	0.9411824345588684	0.9630812406539917	0.9516124725341797
9ncd	2	0.0586715803666243	9.598188283549812	0.0	20.0633064232939	0.047890007506252	12.287585033386852	0.8528430461883545	0.8720654845237732	0.9389379620552063	0.9604616165161133	0.9483538269996643
9ncd	3	0.0564081117939248	9.587213322347344	0.0	20.612965800041767	0.0445408489607379	12.2773754127013	0.8474090099334717	0.8693397641181946	0.9352960586547852	0.9572677612304688	0.9444206357002258
9ncd	4	0.0559276721621391	9.790484711178314	0.0	20.65305009900168	0.0454327602709435	12.289598300015628	0.8877896070480347	0.9049718379974365	0.9482380151748657	0.9633501172065735	0.9551416039466858
9ncd	5	0.0501048561777786	8.055580588153234	0.0	23.37325860655973	0.0392148397778379	10.038591282812126	0.7640717029571533	0.8122231364250183	0.9101517796516418	0.9466717839241028	0.9305259585380554
9njy	1	0.6855914741510637	1.46381285888916	0.9230769230769232	6.633471149912506	0.6363670772602202	1.3532036976471418	0.7929629683494568	0.8251845836639404	0.908966064453125	0.9379668235778809	0.912895143032074
9njy	2	0.702491172192924	1.1168839233987609	0.8974358974358975	7.432408306100075	0.6573354391157231	1.083088451303747	0.8098732829093933	0.839216411113739	0.9142069816589355	0.9402904510498047	0.9188353419303894
9njy	3	0.7780475302408995	0.9617527737214828	0.9230769230769232	5.532813737102476	0.6380798827756643	1.1018662405937076	0.8237764835357666	0.8483571410179138	0.916029155254364	0.9390922784805298	0.9153658151626587
9njy	4	0.7599479702837844	1.0716074268452602	0.8974358974358975	5.2964675688752525	0.6264220807894101	1.2059773161622611	0.7896831631660461	0.8227514028549194	0.9087005853652954	0.9384548664093018	0.9147477746009827
9njy	5	0.4572370341929631	2.1838160893981207	0.7435897435897436	12.75380250450038	0.5285624218898283	1.5059034684945614	0.7097264528274536	0.7652515172958374	0.8902390599250793	0.935367226600647	0.9084511399269104
9npi	1	0.0486200214196979	13.326539346922498	0.0	21.66932596537564	0.0469885060678136	12.206037584557285	0.8923312425613403	0.9012606739997864	0.8977192044258118	0.8990662097930908	0.8675445318222046
9npi	2	0.048331557961153	13.55712484973036	0.0	21.711478302066173	0.0479352515548195	13.242986179208538	0.7167126536369324	0.7858825922012329	0.8465919494628906	0.879061758518219	0.8289322853088379
9npi	3	0.0482328439906408	13.360171329895229	0.0	21.7730063835563	0.0474880758081848	13.219931857134956	0.7731737494468689	0.8160611391067505	0.8657481074333191	0.8888917565345764	0.8518508672714233
9npi	4	0.0477195924539775	13.469759072340969	0.0	21.90109513614773	0.0463842602344364	12.934818971652716	0.8602855205535889	0.8818329572677612	0.887837827205658	0.8947257995605469	0.8577578067779541
9npi	5	0.0459339464655464	13.59677662384815	0.0	22.409295292523563	0.0442263337821435	13.238939990188117	0.7753770351409912	0.8237536549568176	0.8689126372337341	0.8922964930534363	0.8527408838272095
9oar	1	0.9058241904160824	0.7231559921309431	0.9692307692307692	2.2071572580964416	0.9090317294038698	0.6546641875502226	0.8958737254142761	0.8907439708709717	0.9537397623062134	0.9682062268257141	0.9686074256896973
9oar	2	0.8224403028159571	1.156661613748396	0.9076923076923076	2.2866252887867047	0.8598644969704906	0.6747716192953829	0.897768497467041	0.8909226655960083	0.9534787535667419	0.9674062728881836	0.9673055410385132
9oar	3	0.7891289037191053	1.4591375890669225	0.9076923076923076	2.0330368412949325	0.883257205470529	0.774384745215612	0.8957794904708862	0.8913412690162659	0.9532666206359863	0.967638373374939	0.9680300951004028
9oar	4	0.8167999552109565	1.3172518369584565	0.9076923076923076	1.2715379956443522	0.8976416121162899	0.628133981690654	0.891793966293335	0.8866556286811829	0.9527179598808289	0.9679490327835083	0.9696366786956787
9oar	5							0.8916255235671997	0.8859615325927734	0.9516057968139648	0.9666008949279785	0.9667047262191772
9obn	1							0.8456661701202393	0.8794165253639221	0.9113845825195312	0.9278141856193542	0.9232751727104187
9obn	2							0.8947740793228149	0.9152812957763672	0.9168319702148438	0.9223464727401733	0.9143849015235901
9obn	3							0.8839088082313538	0.9093659520149231	0.9205414652824402	0.9296995997428894	0.9311002492904663
9obn	4							0.9157975316047668	0.9290010929107666	0.9219574928283691	0.9234974980354309	0.923121452331543
9obn	5							0.8935806751251221	0.9133853316307068	0.9220384955406189	0.9291529655456543	0.932248592376709
9pi9	1							0.5695298910140991	0.6661028265953064	0.8370623588562012	0.9039454460144043	0.8913618922233582
9pi9	2							0.6265993118286133	0.7006796002388	0.8526397943496704	0.9091499447822571	0.8975266814231873
9pi9	3	0.0078420477621305	14.18761604422778	0.0	75.63634003991089	0.0076690389022156	15.307001202178908	0.6523242592811584	0.7133163213729858	0.8667117953300476	0.9203086495399475	0.9126079678535461
9pi9	4							0.711707592010498	0.7585405111312866	0.8626909255981445	0.9004368185997009	0.8932397365570068
9pi9	5							0.5821713805198669	0.6707475781440735	0.8502146005630493	0.9172254204750061	0.9102723002433777
9pru	1							0.6601781249046326	0.7426220178604126	0.8849000334739685	0.9410805106163025	0.939365565776825
9pru	2							0.663176953792572	0.7426818609237671	0.8847238421440125	0.9401106238365173	0.9375873804092407
9pru	3							0.7519578337669373	0.8059523105621338	0.9050238728523254	0.9432904124259949	0.9403544664382935
9pru	4							0.6908353567123413	0.7595742344856262	0.8892377018928528	0.9388383030891418	0.9368053078651428
9pru	5							0.7845034003257751	0.8244486451148987	0.9113009572029114	0.9430003762245178	0.9412145018577576
9pzi	1	0.0497220112731917	12.879580164162112	0.0	21.444015649708398	0.0464878551347351	13.346263537729456	0.9713602662086487	0.9715633392333984	0.9145222902297974	0.9003127217292786	0.893163800239563
9pzi	2	0.0456258770480422	13.066959466054069	0.0	22.60565612931607	0.0432678532331716	13.24540470361009	0.9224938154220581	0.9359225034713745	0.8898429870605469	0.8816802501678467	0.8645844459533691
9pzi	3	0.0501973448748675	12.96156644043627	0.0	21.299706811266244	0.0470856749183212	13.319898467067649	0.9721612334251404	0.972909152507782	0.9171808362007141	0.9034357666969299	0.8975210189819336
9pzi	4	0.0462217639004962	13.163622767136284	0.0	22.40222415647077	0.0430650511040667	13.40070199002033	0.9685366153717041	0.9691689014434814	0.9133571982383728	0.8995622992515564	0.8935906887054443
9pzi	5	0.0493049076034536	12.98191613300498	0.0	21.53992436766797	0.045616132068252	13.418264172642004	0.9737280011177063	0.9733878970146179	0.9139699339866638	0.8990303874015808	0.892447292804718
9q8l	1	0.0360152927847574	16.37262345237425	0.0	25.5394358298217	0.0329973081828003	16.20731310850492	0.7022078037261963	0.7232110500335693	0.8746339082717896	0.9177404046058655	0.8959776163101196
9q8l	2	0.0352481685739071	16.304010919366544	0.0	25.882586623405327	0.0333393926110758	16.23884729617264	0.7385655641555786	0.7788249850273132	0.8668414950370789	0.8989105224609375	0.8643357157707214
9q8l	3	0.0381389416766037	11.101143779359782	0.0	26.01076309942692	0.0374395857106404	9.792886084478964	0.7315124273300171	0.7563444972038269	0.8465961813926697	0.8753671050071716	0.8379647731781006
9q8l	4	0.0326544271535328	12.87119056382629	0.0	27.96665900254281	0.0357630646208949	12.980769236333687	0.6838339567184448	0.738307774066925	0.846397340297699	0.8870381712913513	0.8588531613349915
9q8l	5	0.0527046563127558	10.012760986996572	0.0	21.40935608860032	0.0447308779925601	8.719943171647785	0.5560973286628723	0.6294255256652832	0.8212106823921204	0.8874890208244324	0.8695224523544312
9qrv	1	0.8393866575028923	1.0306461244895573	0.925925925925926	2.6249702328162425	0.7226264168418327	1.049976474335881	0.8714374899864197	0.8928370475769043	0.9190307855606079	0.9309291243553162	0.9205507636070251
9qrv	2	0.8610446907187775	0.8526298752543581	0.8888888888888888	2.1769367421854877	0.8149017013807532	0.9823002442085508	0.8634459376335144	0.8905696868896484	0.9166269302368164	0.9299221634864807	0.9200724959373474
9qrv	3	0.7796815600302657	0.9239190713996186	0.8148148148148148	4.259673380715377	0.7538549806235905	1.1222931269901548	0.8082992434501648	0.8465961217880249	0.8996394276618958	0.9224745035171509	0.9141332507133484
9qrv	4	0.798785171423241	1.0619933517105993	0.925925925925926	4.192525592428805	0.7928144060113104	0.9983856635135964	0.8380191922187805	0.8672382235527039	0.9069968461990356	0.9242412447929382	0.9153848886489868
9qrv	5	0.7572471707584253	0.9134384031556853	0.8518518518518519	5.691985704397727	0.6504582769939059	1.248409725297627	0.8207419514656067	0.8534444570541382	0.9043561220169067	0.9252595901489258	0.9186505675315857
9rit	1	0.0914115713480464	7.49473590489883	0.0	15.305428719076756			0.8342908024787903	0.9086861610412598	0.8871507048606873	0.9003655910491943	0.8326085805892944
9rit	2	0.0861080735630025	7.626170634475901	0.0	15.954875064696624			0.802909255027771	0.9036152362823486	0.8742815852165222	0.8921246528625488	0.8244203329086304
9rit	3	0.0841373385537161	7.478236959012245	0.0	16.30292850078853			0.8110920786857605	0.9084475040435791	0.8742716908454895	0.8900666236877441	0.812744140625
9rit	4	0.0830743071587906	7.675830947676264	0.0	16.3660407563669			0.7693623304367065	0.8880000710487366	0.8667184710502625	0.891057550907135	0.8158020973205566
9rit	5	0.086386400709644	7.442793300847513	0.0	15.999035996960291			0.6636097431182861	0.8478162884712219	0.8306925892829895	0.8724632859230042	0.7832464575767517
9riu	1							0.9641811847686768	0.9686180949211121	0.9578632712364197	0.9562837481498718	0.9639103412628174
9riu	2							0.9609797596931458	0.9690794348716736	0.956778347492218	0.9557279348373413	0.9611437916755676
9riu	3							0.9653289914131165	0.9711155295372009	0.9598831534385681	0.9585216045379639	0.9650324583053589
9riu	4							0.9659318327903748	0.9718165993690491	0.9627262353897095	0.9619247913360596	0.9665794968605042
9riu	5							0.9593634605407715	0.9649232029914856	0.958409309387207	0.9581707715988159	0.9653997421264648
9rm2	1							0.5552864074707031	0.6599567532539368	0.8497343063354492	0.9233462810516357	0.8989124298095703
9rm2	2							0.6413590312004089	0.712324857711792	0.8594633340835571	0.9139893651008606	0.8883998990058899
9rm2	3							0.5764219164848328	0.6749513745307922	0.8443302512168884	0.9113072752952576	0.875873863697052
9rm2	4							0.5711891055107117	0.6695652604103088	0.8468201756477356	0.915727972984314	0.8902552723884583
9rm2	5							0.5136417150497437	0.6260260343551636	0.8385851979255676	0.91982102394104	0.8926118612289429
9rn6	1	0.4549077693574386	2.689264649634529	0.7647058823529411	11.26651389079537			0.8808810114860535	0.8742837905883789	0.898167610168457	0.9024893045425415	0.8805570006370544
9rn6	2	0.3900241314772177	3.6911478172716814	0.6470588235294118	10.827951983788214			0.7852681875228882	0.8244536519050598	0.8910003900527954	0.9174334406852722	0.8918440937995911
9rn6	3	0.5529024346551874	2.3651572895887503	0.7450980392156863	6.559308120359971			0.9156851172447205	0.8962916135787964	0.9247110486030579	0.9269675612449646	0.9171392321586609
9rn6	4	0.47293658173664	2.69613034810592	0.7647058823529411	10.035214300274196			0.9171371459960938	0.9022389054298401	0.9212871789932251	0.9223247170448303	0.9065549969673157
9rn6	5	0.4413369384209872	3.097690687226948	0.7450980392156863	10.653490529991752			0.9103021621704102	0.89654541015625	0.9320377707481384	0.9374716281890869	0.9294973611831665
9th6	1	0.0076109683861338	16.039313179208833	0.0	70.91668879748968			0.8453559279441833	0.9289825558662415	0.8993801474571228	0.9128862023353577	0.8572314381599426
9th6	2	0.007553695618842	16.111529923764998	0.0	71.1589971472336			0.24099867045879364	0.7664182782173157	0.7787066102027893	0.9131335616111755	0.8384848833084106
9th6	3	0.0077649413591433	15.708826555490653	0.0	70.67260386811851			0.39247214794158936	0.8101458549499512	0.7985858917236328	0.9001142978668213	0.8109073638916016
9th6	4	0.008180733136246	15.171675864424346	0.0	69.20396574619116			0.4389640986919403	0.8255336284637451	0.8098685145378113	0.9025946855545044	0.821984589099884
9th6	5	0.0079689806363366	15.3567314100436	0.0	70.18239941395564			0.5325654149055481	0.841801106929779	0.8374547958374023	0.9136770963668823	0.8389648795127869
9u8g	1	0.748578638477808	1.2690293176415817	0.7464788732394366	2.566961396209797			0.8547431230545044	0.9324833750724792	0.916792094707489	0.932304322719574	0.9024282097816467
9u8g	2	0.7496668532210355	1.2397461163370298	0.704225352112676	1.93701108280675			0.7728522419929504	0.9041059017181396	0.8938297629356384	0.924074113368988	0.8863776922225952
9u8g	3	0.7569935027959162	1.1981519943070222	0.7464788732394366	2.607119939993252			0.8490262031555176	0.9301321506500244	0.9050914645195007	0.9191077947616577	0.8789380192756653
9u8g	4	0.7489124435610971	1.3060564927950835	0.7746478873239436	2.781065219641579			0.858376145362854	0.9340469837188721	0.910266101360321	0.9232385754585266	0.8858940005302429
9u8g	5	0.7129121797939427	1.4647680699130303	0.7183098591549296	2.696807193308874			0.8530398607254028	0.9319854974746704	0.9136422276496887	0.9287928342819214	0.8938021063804626
9uk5	1	0.1282977479753807	6.53082194908991	0.1551724137931034	18.166109909739	0.0897522934838851	7.131239307717076	0.8299059867858887	0.8664149641990662	0.9130266308784485	0.9338067770004272	0.9219372868537903
9uk5	2	0.2071904782619421	4.400195183482065	0.1724137931034483	11.710742463461328	0.2589032128681571	4.594598438933329	0.721074640750885	0.7884718775749207	0.8796950578689575	0.9193501472473145	0.9059538841247559
9uk5	3	0.2854175603582544	3.755070079930898	0.2758620689655172	9.53537486474136	0.4061302208607698	4.117241825930521	0.7523415684700012	0.8125194907188416	0.8928266763687134	0.9279479384422302	0.9154663681983948
9uk5	4	0.2603247920204782	3.9767997945247497	0.2413793103448276	10.090974387861037	0.348733536931358	4.253149368053076	0.7259137630462646	0.7960076928138733	0.8795393109321594	0.9179457426071167	0.903878927230835
9uk5	5	0.2688681348374096	3.690833423578465	0.2413793103448276	9.917908527598984	0.3981186412997071	4.015449832174044	0.7436522841453552	0.8076605796813965	0.8907017111778259	0.9274640083312988	0.9121183156967163
9uvi	1	0.6365172462162524	1.452831485471994	0.4782608695652174	2.585355174427597	0.8264116831868394	0.7137598531259534	0.9091750979423523	0.935500979423523	0.9317696690559387	0.9374182820320129	0.9426217675209045
9uvi	2	0.6588028481726446	1.3794599712498683	0.5217391304347826	2.625846414404415	0.8293872368217317	0.7268627067155631	0.8976431488990784	0.9270385503768921	0.9313495755195618	0.9397761225700378	0.9445451498031616
9uvi	3	0.5488809918991291	1.6116478961722975	0.391304347826087	4.366931250924143	0.675080337991901	1.213438515756901	0.9034218788146973	0.9311251640319824	0.9325227737426758	0.9397979974746704	0.9450516104698181
9uvi	4	0.6860948401985612	1.2919480670949184	0.5652173913043478	2.524178524472058	0.8369071341669261	0.6547056534212826	0.9101673364639282	0.9357129335403442	0.932487964630127	0.9380680918693542	0.9444052577018738
9uvi	5	0.6259802207428119	1.626126810089766	0.5652173913043478	3.5285527294339687	0.7913051442858111	0.8576133630508007	0.928629457950592	0.9485677480697632	0.9360565543174744	0.9379132390022278	0.943079948425293
9uzb	1	0.0803616206449028	8.688032031175474	0.1904761904761904	57.12202489180269	0.0833946696633744	8.268613089253988	0.6976064443588257	0.7583678364753723	0.8606677055358887	0.901432991027832	0.8620932102203369
9uzb	2	0.1335414339335695	6.45716472659266	0.3333333333333333	66.46770440722823	0.0863222541193043	7.159075145432782	0.8649536967277527	0.8789252042770386	0.905021607875824	0.915038526058197	0.8884980082511902
9uzb	3	0.1522115287202498	6.217030339684444	0.3809523809523809	58.50490444550852	0.0728150066426098	6.60970133729775	0.8063033223152161	0.8370726704597473	0.8914596438407898	0.9127487540245056	0.8801547884941101
9uzb	4	0.1200031920636044	6.285902241411763	0.2857142857142857	58.873343241044616	0.0802752792995296	6.82353452701924	0.8415403366088867	0.8642381429672241	0.9062925577163696	0.922480583190918	0.8967573642730713
9uzb	5	0.0682741172730353	12.337482521226844	0.1428571428571428	38.10583607847843	0.1225948370310012	7.928049441010339	0.6975889205932617	0.7640793919563293	0.865683376789093	0.9077069163322449	0.8835300803184509
9uzc	1	0.0831118596077462	8.594783318558342	0.1904761904761904	48.92385359252137	0.0787615824673851	7.976633176467789	0.6803682446479797	0.7485446929931641	0.8739601969718933	0.9223581552505493	0.8975000381469727
9uzc	2	0.0991473270865268	9.254541717904091	0.238095238095238	45.481732668885066	0.0701198119997266	8.023265115645371	0.6887542605400085	0.7553611993789673	0.8743777275085449	0.9207835793495178	0.9011707305908203
9uzc	3	0.0919470509613733	7.762512660422182	0.1904761904761904	37.29914125302981	0.0962688038105923	6.563532616993803	0.689906895160675	0.75489741563797	0.8699645400047302	0.9149788618087769	0.8933518528938293
9uzc	4	0.0893989255605318	7.48310603630254	0.1904761904761904	42.14212531116589	0.1094324706424113	7.181219866342104	0.7178136110305786	0.7793216705322266	0.8775214552879333	0.9174484014511108	0.8947088122367859
9uzc	5	0.0952516389105152	10.132620288775056	0.1904761904761904	30.10479905641572	0.1110029448284397	8.047112974333073	0.734463095664978	0.7875893712043762	0.8781613707542419	0.9140859246253967	0.8814377784729004
9uzd	1	0.0457026442720244	11.464041100820255	0.0909090909090909	48.86721539812808	0.1054011281606127	9.92134518147418	0.6686287522315979	0.7436131238937378	0.8601874709129333	0.9080770611763	0.8890812993049622
9uzd	2	0.0907459879874185	8.959835294330855	0.2272727272727272	63.31836299470751	0.0875106473462925	8.71508286915019	0.6345235705375671	0.7177417874336243	0.8474289178848267	0.9006552696228027	0.8683836460113525
9uzd	3	0.0818336847028363	8.336958486704969	0.1818181818181818	46.50575019431859	0.07618213310978	7.168689142468438	0.6413720846176147	0.7144299149513245	0.8433842658996582	0.8938873410224915	0.8627023696899414
9uzd	4	0.0433812427370789	9.385362804929205	0.0909090909090909	70.50212863485368	0.0689673653008425	10.581248549700348	0.5637806057929993	0.6704372763633728	0.8301920294761658	0.8967947959899902	0.8868529796600342
9uzd	5	0.1136272235855958	9.585746953144456	0.2727272727272727	39.50202049996361	0.1221148320510671	7.630214364433664	0.709945559501648	0.7672410011291504	0.8652412295341492	0.9040651321411133	0.8670263290405273
9uze	1	0.0628966113934985	11.063041804516748	0.1428571428571428	50.28383570813515	0.0860697696689512	9.708422238343084	0.5623880624771118	0.6706578135490417	0.8386923670768738	0.9077684879302979	0.8939548134803772
9uze	2	0.0965975560471617	8.338339119595178	0.238095238095238	58.97449040446139	0.0642435724656218	7.705696875540399	0.6737329363822937	0.7414156794548035	0.850364625453949	0.894522488117218	0.8653996586799622
9uze	3	0.2511824413407999	5.739085262544439	0.6666666666666666	55.47715077229994	0.1280715863161808	6.454741897231226	0.7548356652259827	0.7986506223678589	0.8716549873352051	0.9008597731590271	0.8657689690589905
9uze	4	0.151878790887865	6.25350433900668	0.3809523809523809	59.08122538659653	0.0957481972600886	7.116675217474244	0.7320963740348816	0.7834016680717468	0.871813952922821	0.9067433476448059	0.8764144778251648
9uze	5	0.0977123979344864	11.703420234559877	0.238095238095238	42.26119352713632	0.0932412305508764	8.424031363970862	0.6108866930007935	0.7025595307350159	0.8458805084228516	0.9046289920806885	0.8805772662162781
9uzf	1	0.183610334395522	6.296217253578459	0.4782608695652174	61.30576289909792	0.0993651399912689	6.731940146328945	0.8562824726104736	0.8729371428489685	0.9064455032348633	0.9189862608909607	0.893437385559082
9uzf	2	0.1792787334995594	6.930144104372229	0.4782608695652174	69.29558013177382	0.1040013061045098	7.520305462830394	0.7227053642272949	0.7770997285842896	0.874538242816925	0.9124963879585266	0.8824721574783325
9uzf	3	0.1140287318905431	5.945406798322789	0.2608695652173913	57.51708057926682	0.050990529302779	6.035905282861992	0.754376232624054	0.7965949773788452	0.8736359477043152	0.9034509062767029	0.8623831868171692
9uzf	4	0.168413671398227	6.399311188577725	0.4347826086956521	62.12408554539534	0.0890364976507078	7.098200508021811	0.6806131601333618	0.7511237859725952	0.8614824414253235	0.9066997766494751	0.8701309561729431
9uzf	5	0.1277530864769968	6.03584162970666	0.3043478260869565	58.40118627896145	0.07578264683521	6.243935962004048	0.6788381338119507	0.7445318102836609	0.8554354906082153	0.8995847702026367	0.8603400588035583
9uzg	1	0.0507588121031657	8.316364726683524	0.0952380952380952	52.513268750729694	0.0634652648355921	7.3541639924157085	0.746940553188324	0.7967091202735901	0.8770493865013123	0.9095765948295593	0.8830418586730957
9uzg	2	0.0803023781190898	8.813481560391219	0.1904761904761904	56.307263466040425	0.0429768069461669	7.962692662147534	0.8012677431106567	0.8354437351226807	0.8850263953208923	0.9059659838676453	0.8810904622077942
9uzg	3	0.1393864364243577	5.80889792800661	0.3333333333333333	56.263480076697256	0.0599115389488316	6.214515568123462	0.7838066816329956	0.818317174911499	0.8883432745933533	0.9144773483276367	0.8827211856842041
9uzg	4	0.1530698814642595	6.016393393548362	0.3809523809523809	59.90605126941002	0.0483938912013445	6.579103155688119	0.8086861371994019	0.8377421498298645	0.8864974975585938	0.9059503674507141	0.8776600956916809
9uzg	5	0.12314701800647	9.954969533705675	0.2857142857142857	33.196917802146935	0.0493046876523721	7.62777498463767	0.782774806022644	0.8217182755470276	0.8898084759712219	0.9165669083595276	0.8801957368850708
9uzh	1	0.2287432549080792	6.055629674823674	0.6086956521739131	59.92299835233623	0.1042136576281798	6.259288944280605	0.7593799829483032	0.8062242865562439	0.8721575140953064	0.9003518223762512	0.8626413941383362
9uzh	2	0.1815489283071666	6.583264829383828	0.4782608695652174	64.57311733410675	0.0560094396776613	6.717386100599994	0.7856043577194214	0.8227236866950989	0.8767334222793579	0.8995156288146973	0.8583658337593079
9uzh	3	0.1845132214214905	6.33375102163608	0.4782608695652174	56.44961818077853	0.0755878263245378	6.7645036466641	0.7872744798660278	0.822169303894043	0.8889989852905273	0.9144301414489746	0.8815187215805054
9uzh	4	0.1678476528727017	6.592880752442583	0.4347826086956521	60.20486701317314	0.0992677386692304	7.435377944991201	0.8074339628219604	0.8372136354446411	0.891891598701477	0.9130060076713562	0.883747935295105
9uzh	5	0.2428324755039326	6.193902921352994	0.6521739130434783	58.14328860619411	0.0947975493780006	6.344256005626078	0.7082499265670776	0.7642354369163513	0.8621507883071899	0.9006259441375732	0.8561270236968994
9uzi	1	0.0703647887715221	8.623984200317093	0.16	57.03217218713979	0.0834269415709347	8.366761026107874	0.6976064443588257	0.7583678364753723	0.8606677055358887	0.901432991027832	0.8620932102203369
9uzi	2	0.1142075872048771	6.792174389423423	0.28	66.40721107953468	0.096584444826773	7.108803944365237	0.8649536967277527	0.8789252042770386	0.905021607875824	0.915038526058197	0.8884980082511902
9uzi	3	0.1440776904273088	6.436896267265513	0.36	58.42643199706392	0.0807338612339011	6.537306188786493	0.8063033223152161	0.8370726704597473	0.8914596438407898	0.9127487540245056	0.8801547884941101
9uzi	4	0.1038034127789858	6.474698310378162	0.24	58.79494419020029	0.0893106141836767	6.775863787171424	0.8415403366088867	0.8642381429672241	0.9062925577163696	0.922480583190918	0.8967573642730713
9uzi	5	0.0606198160951716	12.214219450616442	0.12	38.274340872525045	0.1257223120249787	7.778457006435745	0.6975889205932617	0.7640793919563293	0.865683376789093	0.9077069163322449	0.8835300803184509
9vdy	1	0.003946714361103	21.561981676539947	0.0	101.06462804048142	0.003976914658164	19.994874391231036	0.5371809005737305	0.6613065004348755	0.8474196791648865	0.9249793291091919	0.9148415327072144
9vdy	2	0.0039190365430444	21.7488380716138	0.0	101.07202627749284	0.0039821368135874	20.032026819289392	0.5330907702445984	0.6594086289405823	0.8574314117431641	0.9385165572166443	0.92302405834198
9vdy	3	0.0041772369957695	21.89726272887461	0.0	95.49097096926516	0.003967116232036	20.95062230243099	0.5512230396270752	0.6707383394241333	0.872027575969696	0.9522287845611572	0.9418759942054749
9vdy	4	0.0047214416264763	18.56314240844984	0.0	96.63719323296938	0.0051473813488614	16.753003012932695	0.5229343771934509	0.6514636874198914	0.8511989712715149	0.9332651495933533	0.9135067462921143
9vdy	5	0.0058892640784868	15.434635326593584	0.0	92.84720103401636	0.0056570483723619	15.453005019404438	0.5651828646659851	0.6797911524772644	0.8612579703330994	0.9352767467498779	0.9115341901779175
9vdz	1							0.5216464400291443	0.6469312310218811	0.8550007939338684	0.938339352607727	0.9199560880661011
9vdz	2							0.6177512407302856	0.7149773836135864	0.8687019348144531	0.9314395785331726	0.9103574752807617
9vdz	3							0.6272732019424438	0.7223344445228577	0.869175374507904	0.9296509027481079	0.9101482033729553
9vdz	4							0.5670852661132812	0.6792723536491394	0.862561821937561	0.9364308714866638	0.916935920715332
9vdz	5							0.5595238208770752	0.6757132411003113	0.8585653305053711	0.9333257079124451	0.9201196432113647
9vjj	1							0.5381708741188049	0.6528322696685791	0.7670033574104309	0.8242114782333374	0.8172901272773743
9vjj	2							0.8584692478179932	0.8936150670051575	0.8495081067085266	0.8472678065299988	0.8430953621864319
9vjj	3							0.8307750225067139	0.857304036617279	0.8331493735313416	0.8337429165840149	0.808880627155304
9vjj	4							0.654313862323761	0.7377288937568665	0.7937310934066772	0.8285853862762451	0.7973048686981201
9vjj	5							0.7856416702270508	0.8325492739677429	0.8301122784614563	0.8412299156188965	0.8371657133102417
9vp0	1	0.1312805452154143	6.523879622759236	0.1578947368421052	17.797273368881637	0.0927882258869016	7.116412712841036	0.7925354242324829	0.8400114178657532	0.9063820838928223	0.9348437190055847	0.9235488176345825
9vp0	2	0.221030556821696	4.301815261118692	0.1929824561403508	11.291524160712669	0.2795890794358789	4.531830643779468	0.7185492515563965	0.7866600751876831	0.8790697455406189	0.9191998839378357	0.9030324816703796
9vp0	3	0.2903611462601724	3.776596909282068	0.2807017543859649	9.319224062106544	0.3849593588816118	4.196311076768579	0.7413050532341003	0.8040048480033875	0.891657292842865	0.9292452931404114	0.919013261795044
9vp0	4	0.273044733544167	3.852760012009377	0.2456140350877192	9.552541604254303	0.4174688984493892	4.1815211298053	0.7215569615364075	0.7912384271621704	0.8799188733100891	0.9195092916488647	0.9047088027000427
9vp0	5	0.2918090509657609	3.576641773315115	0.2631578947368421	9.159775316920785	0.3919045550714694	3.961889894504951	0.7280378937721252	0.7950475215911865	0.8828104138374329	0.9215035438537598	0.9068625569343567
9y0a	1	0.057897397656583	13.098682238891682	0.0	19.421914885266453	0.0597377944050154	10.637278993319857	0.7137507796287537	0.7713690400123596	0.8717837333679199	0.9112919569015503	0.9007902145385742
9y0a	2	0.0564898015815477	12.990920969881753	0.0	19.747527690622505	0.0601856719777318	10.570237766371582	0.6723442077636719	0.74261474609375	0.8629104495048523	0.9105519652366638	0.9021041393280029
9y0a	3	0.0435961350288489	12.600012625143789	0.0294117647058823	27.46609768804297	0.0335438570897844	15.26199740706817	0.6818873882293701	0.7493664026260376	0.8803470730781555	0.9299620389938354	0.9198524951934814
9y0a	4	0.0455992359361753	12.70253842939946	0.0294117647058823	26.44574611294828	0.0340718325204265	15.31426039040318	0.6740398406982422	0.7469161748886108	0.8790966272354126	0.9303608536720276	0.9217650294303894
9y0a	5	0.0478882889732843	11.081546826149122	0.0	22.42004788290027	0.0502085895860358	10.4567682457457	0.8463888168334961	0.8583604693412781	0.897458016872406	0.9102252721786499	0.883326530456543
9yio	1	0.0153835960218443	21.53162525454067	0.0	40.942090242054746	0.0193436415719977	11.846228284792067	0.7496832013130188	0.8220221996307373	0.8940441012382507	0.9301342964172363	0.917760968208313
9yio	2	0.018706474579603	18.922637220349177	0.0	37.09951767463443	0.0192954973555142	14.908076792514002	0.8217436075210571	0.8763945698738098	0.9078865051269531	0.9294221997261047	0.9171121120452881
9yio	3	0.0183618036780847	19.701254593700103	0.0	37.31776346046565	0.019941013024645	14.141170813541263	0.8233026266098022	0.8729557991027832	0.908231258392334	0.9294634461402893	0.9204734563827515
9yio	4	0.0175251394074489	19.93676101480662	0.0	38.29797043867188	0.0188546971172343	14.11408018499294	0.7746578454971313	0.8295000791549683	0.8927187323570251	0.9222339391708374	0.9169792532920837
9yio	5	0.0181918186278961	19.502281741187733	0.0	37.56981954124142	0.0196034924816378	14.591640705320486	0.7786973714828491	0.850195050239563	0.8978714942932129	0.9276650547981262	0.9189311861991882
