pdb	trunk	raw
7y3o	0	"{""model"": ""/tmp/chai1_dockq/7y3o_trunk0.pdb"", ""native"": ""pdb_structures/7y3o.pdb"", ""best_dockq"": 0.5990185591156509, ""best_result"": {""HL"": {""DockQ"": 0.5400236840130346, ""F1"": 0.846441947565543, ""iRMSD"": 4.392345337668972, ""LRMSD"": 6.474752750149013, ""fnat"": 0.8828125, ""nat_correct"": 113, ""nat_total"": 128, ""fnonnat"": 0.18705035971223022, ""nonnat_count"": 26, ""model_total"": 139, ""clashes"": 0, ""len1"": 226, ""len2"": 214, ""class1"": ""receptor"", ""class2"": ""ligand"", ""is_het"": false, ""chain1"": ""A"", ""chain2"": ""B"", ""chain_map"": {""H"": ""A"", ""L"": ""B"", ""A"": ""C""}}, ""HA"": {""DockQ"": 0.03024747130278564, ""F1"": 0.0, ""iRMSD"": 15.65346465977001, ""LRMSD"": 28.507813548426608, ""fnat"": 0, ""nat_correct"": 0, ""nat_total"": 34, ""fnonnat"": 1.0, ""nonnat_count"": 25, ""model_total"": 25, ""clashes"": 0, ""len1"": 226, ""len2"": 194, ""class1"": ""receptor"", ""class2"": ""ligand"", ""is_het"": false, ""chain1"": ""A"", ""chain2"": ""C"", ""chain_map"": {""H"": ""A"", ""L"": ""B"", ""A"": ""C""}}, ""LA"": {""DockQ"": 0.028747403799830734, ""F1"": 0.0, ""iRMSD"": 15.287393006657844, ""LRMSD"": 29.489867639779714, ""fnat"": 0, ""nat_correct"": 0, ""nat_total"": 8, ""fnonnat"": 1.0, ""nonnat_count"": 3, ""model_total"": 3, ""clashes"": 0, ""len1"": 214, ""len2"": 194, ""class1"": ""receptor"", ""class2"": ""ligand"", ""is_het"": false, ""chain1"": ""B"", ""chain2"": ""C"", ""chain_map"": {""H"": ""A"", ""L"": ""B"", ""A"": ""C""}}}, ""GlobalDockQ"": 0.1996728530385503, ""best_mapping"": {""H"": ""A"", ""L"": ""B"", ""A"": ""C""}, ""best_mapping_str"": ""ABC:HLA""}"
7y3o	1	"{""model"": ""/tmp/chai1_dockq/7y3o_trunk1.pdb"", ""native"": ""pdb_structures/7y3o.pdb"", ""best_dockq"": 0.5221867764338934, ""best_result"": {""HL"": {""DockQ"": 0.48929838648795915, ""F1"": 0.8270676691729323, ""iRMSD"": 5.399381612848118, ""LRMSD"": 7.894676527051543, ""fnat"": 0.859375, ""nat_correct"": 110, ""nat_total"": 128, ""fnonnat"": 0.2028985507246377, ""nonnat_count"": 28, ""model_total"": 138, ""clashes"": 0, ""len1"": 226, ""len2"": 214, ""class1"": ""receptor"", ""class2"": ""ligand"", ""is_het"": false, ""chain1"": ""A"", ""chain2"": ""B"", ""chain_map"": {""H"": ""A"", ""L"": ""B"", ""A"": ""C""}}, ""HA"": {""DockQ"": 0.015984985878237067, ""F1"": 0.0, ""iRMSD"": 17.952501984770194, ""LRMSD"": 41.0973844233827, ""fnat"": 0, ""nat_correct"": 0, ""nat_total"": 34, ""fnonnat"": 1.0, ""nonnat_count"": 21, ""model_total"": 21, ""clashes"": 0, ""len1"": 226, ""len2"": 194, ""class1"": ""receptor"", ""class2"": ""ligand"", ""is_het"": false, ""chain1"": ""A"", ""chain2"": ""C"", ""chain_map"": {""H"": ""A"", ""L"": ""B"", ""A"": ""C""}}, ""LA"": {""DockQ"": 0.016903404067697175, ""F1"": 0.0, ""iRMSD"": 13.056861020117383, ""LRMSD"": 42.953438813764784, ""fnat"": 0, ""nat_correct"": 0, ""nat_total"": 8, ""fnonnat"": 1.0, ""nonnat_count"": 34, ""model_total"": 34, ""clashes"": 0, ""len1"": 214, ""len2"": 194, ""class1"": ""receptor"", ""class2"": ""ligand"", ""is_het"": false, ""chain1"": ""B"", ""chain2"": ""C"", ""chain_map"": {""H"": ""A"", ""L"": ""B"", ""A"": ""C""}}}, ""GlobalDockQ"": 0.1740622588112978, ""best_mapping"": {""H"": ""A"", ""L"": ""B"", ""A"": ""C""}, ""best_mapping_str"": ""ABC:HLA""}"
7y3o	2	"{""model"": ""/tmp/chai1_dockq/7y3o_trunk2.pdb"", ""native"": ""pdb_structures/7y3o.pdb"", ""best_dockq"": 0.8069238655944664, ""best_result"": {""HL"": {""DockQ"": 0.7668286604778644, ""F1"": 0.8178438661710037, ""iRMSD"": 1.553581696396596, ""LRMSD"": 1.7652719289950891, ""fnat"": 0.859375, ""nat_correct"": 110, ""nat_total"": 128, ""fnonnat"": 0.2198581560283688, ""nonnat_count"": 31, ""model_total"": 141, ""clashes"": 0, ""len1"": 226, ""len2"": 214, ""class1"": ""receptor"", ""class2"": ""ligand"", ""is_het"": false, ""chain1"": ""A"", ""chain2"": ""B"", ""chain_map"": {""H"": ""A"", ""L"": ""B"", ""A"": ""C""}}, ""HA"": {""DockQ"": 0.01883267250145454, ""F1"": 0.0, ""iRMSD"": 19.305809919288123, ""LRMSD"": 36.85804421896131, ""fnat"": 0, ""nat_correct"": 0, ""nat_total"": 34, ""fnonnat"": 1.0, ""nonnat_count"": 16, ""model_total"": 16, ""clashes"": 1, ""len1"": 226, ""len2"": 194, ""class1"": ""receptor"", ""class2"": ""ligand"", ""is_het"": false, ""chain1"": ""A"", ""chain2"": ""C"", ""chain_map"": {""H"": ""A"", ""L"": ""B"", ""A"": ""C""}}, ""LA"": {""DockQ"": 0.02126253261514746, ""F1"": 0.0, ""iRMSD"": 13.299454435474036, ""LRMSD"": 36.58074430266713, ""fnat"": 0, ""nat_correct"": 0, ""nat_total"": 8, ""fnonnat"": 1.0, ""nonnat_count"": 17, ""model_total"": 17, ""clashes"": 0, ""len1"": 214, ""len2"": 194, ""class1"": ""receptor"", ""class2"": ""ligand"", ""is_het"": false, ""chain1"": ""B"", ""chain2"": ""C"", ""chain_map"": {""H"": ""A"", ""L"": ""B"", ""A"": ""C""}}}, ""GlobalDockQ"": 0.2689746218648221, ""best_mapping"": {""H"": ""A"", ""L"": ""B"", ""A"": ""C""}, ""best_mapping_str"": ""ABC:HLA""}"
7y3o	3	"{""model"": ""/tmp/chai1_dockq/7y3o_trunk3.pdb"", ""native"": ""pdb_structures/7y3o.pdb"", ""best_dockq"": 0.8564257679511295, ""best_result"": {""HL"": {""DockQ"": 0.7953718601150684, ""F1"": 0.8257575757575758, ""iRMSD"": 1.3446108634850742, ""LRMSD"": 1.2115010635816428, ""fnat"": 0.8515625, ""nat_correct"": 109, ""nat_total"": 128, ""fnonnat"": 0.19852941176470587, ""nonnat_count"": 27, ""model_total"": 136, ""clashes"": 0, ""len1"": 226, ""len2"": 214, ""class1"": ""receptor"", ""class2"": ""ligand"", ""is_het"": false, ""chain1"": ""A"", ""chain2"": ""B"", ""chain_map"": {""H"": ""A"", ""L"": ""B"", ""A"": ""C""}}, ""HA"": {""DockQ"": 0.02948071516333725, ""F1"": 0.0, ""iRMSD"": 16.695539357873443, ""LRMSD"": 28.740100127660277, ""fnat"": 0, ""nat_correct"": 0, ""nat_total"": 34, ""fnonnat"": 1.0, ""nonnat_count"": 19, ""model_total"": 19, ""clashes"": 1, ""len1"": 226, ""len2"": 194, ""class1"": ""receptor"", ""class2"": ""ligand"", ""is_het"": false, ""chain1"": ""A"", ""chain2"": ""C"", ""chain_map"": {""H"": ""A"", ""L"": ""B"", ""A"": ""C""}}, ""LA"": {""DockQ"": 0.0315731926727237, ""F1"": 0.0, ""iRMSD"": 12.946112062691256, ""LRMSD"": 28.54031734369133, ""fnat"": 0, ""nat_correct"": 0, ""nat_total"": 8, ""fnonnat"": 1.0, ""nonnat_count"": 21, ""model_total"": 21, ""clashes"": 0, ""len1"": 214, ""len2"": 194, ""class1"": ""receptor"", ""class2"": ""ligand"", ""is_het"": false, ""chain1"": ""B"", ""chain2"": ""C"", ""chain_map"": {""H"": ""A"", ""L"": ""B"", ""A"": ""C""}}}, ""GlobalDockQ"": 0.2854752559837098, ""best_mapping"": {""H"": ""A"", ""L"": ""B"", ""A"": ""C""}, ""best_mapping_str"": ""ABC:HLA""}"
7y3o	4	"{""model"": ""/tmp/chai1_dockq/7y3o_trunk4.pdb"", ""native"": ""pdb_structures/7y3o.pdb"", ""best_dockq"": 0.8283015296325673, ""best_result"": {""HL"": {""DockQ"": 0.7816251577086787, ""F1"": 0.8226415094339623, ""iRMSD"": 1.4475149219933519, ""LRMSD"": 1.3467242582733823, ""fnat"": 0.8515625, ""nat_correct"": 109, ""nat_total"": 128, ""fnonnat"": 0.20437956204379562, ""nonnat_count"": 28, ""model_total"": 137, ""clashes"": 0, ""len1"": 226, ""len2"": 214, ""class1"": ""receptor"", ""class2"": ""ligand"", ""is_het"": false, ""chain1"": ""A"", ""chain2"": ""B"", ""chain_map"": {""H"": ""A"", ""L"": ""B"", ""A"": ""C""}}, ""HA"": {""DockQ"": 0.02226411251393874, ""F1"": 0.0, ""iRMSD"": 19.675721549560983, ""LRMSD"": 33.34523714907948, ""fnat"": 0, ""nat_correct"": 0, ""nat_total"": 34, ""fnonnat"": 1.0, ""nonnat_count"": 28, ""model_total"": 28, ""clashes"": 0, ""len1"": 226, ""len2"": 194, ""class1"": ""receptor"", ""class2"": ""ligand"", ""is_het"": false, ""chain1"": ""A"", ""chain2"": ""C"", ""chain_map"": {""H"": ""A"", ""L"": ""B"", ""A"": ""C""}}, ""LA"": {""DockQ"": 0.02441225940994979, ""F1"": 0.0, ""iRMSD"": 13.614840057940174, ""LRMSD"": 33.27846474478614, ""fnat"": 0, ""nat_correct"": 0, ""nat_total"": 8, ""fnonnat"": 1.0, ""nonnat_count"": 17, ""model_total"": 17, ""clashes"": 0, ""len1"": 214, ""len2"": 194, ""class1"": ""receptor"", ""class2"": ""ligand"", ""is_het"": false, ""chain1"": ""B"", ""chain2"": ""C"", ""chain_map"": {""H"": ""A"", ""L"": ""B"", ""A"": ""C""}}}, ""GlobalDockQ"": 0.27610050987752244, ""best_mapping"": {""H"": ""A"", ""L"": ""B"", ""A"": ""C""}, ""best_mapping_str"": ""ABC:HLA""}"
7yds	0	"{""model"": ""/tmp/chai1_dockq/7yds_trunk0.pdb"", ""native"": ""pdb_structures/7yds.pdb"", ""best_dockq"": 1.4685200847087838, ""best_result"": {""AB"": {""DockQ"": 0.4621345368042605, ""F1"": 0.5245901639344263, ""iRMSD"": 2.703321829448765, ""LRMSD"": 5.825469745557886, ""fnat"": 0.47058823529411764, ""nat_correct"": 16, ""nat_total"": 34, ""fnonnat"": 0.4074074074074074, ""nonnat_count"": 11, ""model_total"": 27, ""clashes"": 0, ""len1"": 117, ""len2"": 220, ""class1"": ""ligand"", ""class2"": ""receptor"", ""is_het"": false, ""chain1"": ""C"", ""chain2"": ""A"", ""chain_map"": {""A"": ""C"", ""B"": ""A"", ""C"": ""B""}}, ""AC"": {""DockQ"": 0.4682454666417651, ""F1"": 0.375, ""iRMSD"": 2.4208241797934553, ""LRMSD"": 4.455545686978008, ""fnat"": 0.34285714285714286, ""nat_correct"": 12, ""nat_total"": 35, ""fnonnat"": 0.5862068965517241, ""nonnat_count"": 17, ""model_total"": 29, ""clashes"": 0, ""len1"": 117, ""len2"": 214, ""class1"": ""ligand"", ""class2"": ""receptor"", ""is_het"": false, ""chain1"": ""C"", ""chain2"": ""B"", ""chain_map"": {""A"": ""C"", ""B"": ""A"", ""C"": ""B""}}, ""BC"": {""DockQ"": 0.5381400812627581, ""F1"": 0.7242798353909465, ""iRMSD"": 3.9348309308354783, ""LRMSD"": 5.183598330568478, ""fnat"": 0.7586206896551724, ""nat_correct"": 88, ""nat_total"": 116, ""fnonnat"": 0.30708661417322836, ""nonnat_count"": 39, ""model_total"": 127, ""clashes"": 0, ""len1"": 220, ""len2"": 214, ""class1"": ""receptor"", ""class2"": ""ligand"", ""is_het"": false, ""chain1"": ""A"", ""chain2"": ""B"", ""chain_map"": {""A"": ""C"", ""B"": ""A"", ""C"": ""B""}}}, ""GlobalDockQ"": 0.4895066949029279, ""best_mapping"": {""A"": ""C"", ""B"": ""A"", ""C"": ""B""}, ""best_mapping_str"": ""CAB:ABC""}"
7yds	1	"{""model"": ""/tmp/chai1_dockq/7yds_trunk1.pdb"", ""native"": ""pdb_structures/7yds.pdb"", ""best_dockq"": 1.4572603363737815, ""best_result"": {""AB"": {""DockQ"": 0.4570866335813877, ""F1"": 0.46875, ""iRMSD"": 2.6681913149907235, ""LRMSD"": 5.698232771541238, ""fnat"": 0.4411764705882353, ""nat_correct"": 15, ""nat_total"": 34, ""fnonnat"": 0.5, ""nonnat_count"": 15, ""model_total"": 30, ""clashes"": 0, ""len1"": 117, ""len2"": 220, ""class1"": ""ligand"", ""class2"": ""receptor"", ""is_het"": false, ""chain1"": ""C"", ""chain2"": ""A"", ""chain_map"": {""A"": ""C"", ""B"": ""A"", ""C"": ""B""}}, ""AC"": {""DockQ"": 0.4593954306167319, ""F1"": 0.39344262295081966, ""iRMSD"": 2.4960112023789733, ""LRMSD"": 4.645537783803707, ""fnat"": 0.34285714285714286, ""nat_correct"": 12, ""nat_total"": 35, ""fnonnat"": 0.5384615384615384, ""nonnat_count"": 14, ""model_total"": 26, ""clashes"": 0, ""len1"": 117, ""len2"": 214, ""class1"": ""ligand"", ""class2"": ""receptor"", ""is_het"": false, ""chain1"": ""C"", ""chain2"": ""B"", ""chain_map"": {""A"": ""C"", ""B"": ""A"", ""C"": ""B""}}, ""BC"": {""DockQ"": 0.5407782721756621, ""F1"": 0.7109375, ""iRMSD"": 4.009650985483727, ""LRMSD"": 5.3653542108768475, ""fnat"": 0.7844827586206896, ""nat_correct"": 91, ""nat_total"": 116, ""fnonnat"": 0.35, ""nonnat_count"": 49, ""model_total"": 140, ""clashes"": 1, ""len1"": 220, ""len2"": 214, ""class1"": ""receptor"", ""class2"": ""ligand"", ""is_het"": false, ""chain1"": ""A"", ""chain2"": ""B"", ""chain_map"": {""A"": ""C"", ""B"": ""A"", ""C"": ""B""}}}, ""GlobalDockQ"": 0.48575344545792715, ""best_mapping"": {""A"": ""C"", ""B"": ""A"", ""C"": ""B""}, ""best_mapping_str"": ""CAB:ABC""}"
7yds	2	"{""model"": ""/tmp/chai1_dockq/7yds_trunk2.pdb"", ""native"": ""pdb_structures/7yds.pdb"", ""best_dockq"": 1.4350992290316333, ""best_result"": {""AB"": {""DockQ"": 0.40485990624217577, ""F1"": 0.38596491228070173, ""iRMSD"": 2.8368913936092293, ""LRMSD"": 5.930878130637494, ""fnat"": 0.3235294117647059, ""nat_correct"": 11, ""nat_total"": 34, ""fnonnat"": 0.5217391304347826, ""nonnat_count"": 12, ""model_total"": 23, ""clashes"": 0, ""len1"": 117, ""len2"": 220, ""class1"": ""ligand"", ""class2"": ""receptor"", ""is_het"": false, ""chain1"": ""C"", ""chain2"": ""A"", ""chain_map"": {""A"": ""C"", ""B"": ""A"", ""C"": ""B""}}, ""AC"": {""DockQ"": 0.48709989929286684, ""F1"": 0.4057971014492754, ""iRMSD"": 2.340806330877338, ""LRMSD"": 4.642899055825624, ""fnat"": 0.4, ""nat_correct"": 14, ""nat_total"": 35, ""fnonnat"": 0.5882352941176471, ""nonnat_count"": 20, ""model_total"": 34, ""clashes"": 3, ""len1"": 117, ""len2"": 214, ""class1"": ""ligand"", ""class2"": ""receptor"", ""is_het"": false, ""chain1"": ""C"", ""chain2"": ""B"", ""chain_map"": {""A"": ""C"", ""B"": ""A"", ""C"": ""B""}}, ""BC"": {""DockQ"": 0.5431394234965906, ""F1"": 0.7469879518072289, ""iRMSD"": 4.02889128641253, ""LRMSD"": 5.485781925528845, ""fnat"": 0.8017241379310345, ""nat_correct"": 93, ""nat_total"": 116, ""fnonnat"": 0.3007518796992481, ""nonnat_count"": 40, ""model_total"": 133, ""clashes"": 0, ""len1"": 220, ""len2"": 214, ""class1"": ""receptor"", ""class2"": ""ligand"", ""is_het"": false, ""chain1"": ""A"", ""chain2"": ""B"", ""chain_map"": {""A"": ""C"", ""B"": ""A"", ""C"": ""B""}}}, ""GlobalDockQ"": 0.4783664096772111, ""best_mapping"": {""A"": ""C"", ""B"": ""A"", ""C"": ""B""}, ""best_mapping_str"": ""CAB:ABC""}"
7yds	3	"{""model"": ""/tmp/chai1_dockq/7yds_trunk3.pdb"", ""native"": ""pdb_structures/7yds.pdb"", ""best_dockq"": 1.596087550849333, ""best_result"": {""AB"": {""DockQ"": 0.46501544653685317, ""F1"": 0.41935483870967744, ""iRMSD"": 2.762655998877079, ""LRMSD"": 4.448225170668674, ""fnat"": 0.38235294117647056, ""nat_correct"": 13, ""nat_total"": 34, ""fnonnat"": 0.5357142857142857, ""nonnat_count"": 15, ""model_total"": 28, ""clashes"": 0, ""len1"": 117, ""len2"": 220, ""class1"": ""ligand"", ""class2"": ""receptor"", ""is_het"": false, ""chain1"": ""C"", ""chain2"": ""A"", ""chain_map"": {""A"": ""C"", ""B"": ""A"", ""C"": ""B""}}, ""AC"": {""DockQ"": 0.5023762773296067, ""F1"": 0.375, ""iRMSD"": 2.329487366989773, ""LRMSD"": 3.2687097808452745, ""fnat"": 0.34285714285714286, ""nat_correct"": 12, ""nat_total"": 35, ""fnonnat"": 0.5862068965517241, ""nonnat_count"": 17, ""model_total"": 29, ""clashes"": 1, ""len1"": 117, ""len2"": 214, ""class1"": ""ligand"", ""class2"": ""receptor"", ""is_het"": false, ""chain1"": ""C"", ""chain2"": ""B"", ""chain_map"": {""A"": ""C"", ""B"": ""A"", ""C"": ""B""}}, ""BC"": {""DockQ"": 0.6286958269828733, ""F1"": 0.6953125, ""iRMSD"": 2.6602975887036755, ""LRMSD"": 3.174165392531211, ""fnat"": 0.7672413793103449, ""nat_correct"": 89, ""nat_total"": 116, ""fnonnat"": 0.36428571428571427, ""nonnat_count"": 51, ""model_total"": 140, ""clashes"": 1, ""len1"": 220, ""len2"": 214, ""class1"": ""receptor"", ""class2"": ""ligand"", ""is_het"": false, ""chain1"": ""A"", ""chain2"": ""B"", ""chain_map"": {""A"": ""C"", ""B"": ""A"", ""C"": ""B""}}}, ""GlobalDockQ"": 0.5320291836164444, ""best_mapping"": {""A"": ""C"", ""B"": ""A"", ""C"": ""B""}, ""best_mapping_str"": ""CAB:ABC""}"
7yds	4	"{""model"": ""/tmp/chai1_dockq/7yds_trunk4.pdb"", ""native"": ""pdb_structures/7yds.pdb"", ""best_dockq"": 1.5487449711506915, ""best_result"": {""AB"": {""DockQ"": 0.48302206770562095, ""F1"": 0.4262295081967213, ""iRMSD"": 2.776217283571111, ""LRMSD"": 3.6993445563348617, ""fnat"": 0.38235294117647056, ""nat_correct"": 13, ""nat_total"": 34, ""fnonnat"": 0.5185185185185185, ""nonnat_count"": 14, ""model_total"": 27, ""clashes"": 0, ""len1"": 117, ""len2"": 220, ""class1"": ""ligand"", ""class2"": ""receptor"", ""is_het"": false, ""chain1"": ""C"", ""chain2"": ""A"", ""chain_map"": {""A"": ""C"", ""B"": ""A"", ""C"": ""B""}}, ""AC"": {""DockQ"": 0.4931851206194022, ""F1"": 0.31746031746031744, ""iRMSD"": 2.3324374624119186, ""LRMSD"": 2.8134048440958246, ""fnat"": 0.2857142857142857, ""nat_correct"": 10, ""nat_total"": 35, ""fnonnat"": 0.6428571428571429, ""nonnat_count"": 18, ""model_total"": 28, ""clashes"": 0, ""len1"": 117, ""len2"": 214, ""class1"": ""ligand"", ""class2"": ""receptor"", ""is_het"": false, ""chain1"": ""C"", ""chain2"": ""B"", ""chain_map"": {""A"": ""C"", ""B"": ""A"", ""C"": ""B""}}, ""BC"": {""DockQ"": 0.5725377828256685, ""F1"": 0.7058823529411765, ""iRMSD"": 3.3025526521336124, ""LRMSD"": 4.635876751790781, ""fnat"": 0.7758620689655172, ""nat_correct"": 90, ""nat_total"": 116, ""fnonnat"": 0.35251798561151076, ""nonnat_count"": 49, ""model_total"": 139, ""clashes"": 0, ""len1"": 220, ""len2"": 214, ""class1"": ""receptor"", ""class2"": ""ligand"", ""is_het"": false, ""chain1"": ""A"", ""chain2"": ""B"", ""chain_map"": {""A"": ""C"", ""B"": ""A"", ""C"": ""B""}}}, ""GlobalDockQ"": 0.5162483237168972, ""best_mapping"": {""A"": ""C"", ""B"": ""A"", ""C"": ""B""}, ""best_mapping_str"": ""CAB:ABC""}"
7yv1	0	"{""model"": ""/tmp/chai1_dockq/7yv1_trunk0.pdb"", ""native"": ""pdb_structures/7yv1.pdb"", ""best_dockq"": 0.951330394367316, ""best_result"": {""HL"": {""DockQ"": 0.8560172559396205, ""F1"": 0.8264462809917356, ""iRMSD"": 0.9409084822434038, ""LRMSD"": 0.9228348314653525, ""fnat"": 0.8620689655172413, ""nat_correct"": 100, ""nat_total"": 116, ""fnonnat"": 0.20634920634920634, ""nonnat_count"": 26, ""model_total"": 126, ""clashes"": 1, ""len1"": 222, ""len2"": 213, ""class1"": ""receptor"", ""class2"": ""ligand"", ""is_het"": false, ""chain1"": ""A"", ""chain2"": ""B"", ""chain_map"": {""H"": ""A"", ""L"": ""B"", ""A"": ""C""}}, ""HA"": {""DockQ"": 0.06745506125918149, ""F1"": 0.08108108108108109, ""iRMSD"": 6.955413510324845, ""LRMSD"": 34.279611970893136, ""fnat"": 0.1, ""nat_correct"": 3, ""nat_total"": 30, ""fnonnat"": 0.9318181818181818, ""nonnat_count"": 41, ""model_total"": 44, ""clashes"": 0, ""len1"": 222, ""len2"": 169, ""class1"": ""receptor"", ""class2"": ""ligand"", ""is_het"": false, ""chain1"": ""A"", ""chain2"": ""C"", ""chain_map"": {""H"": ""A"", ""L"": ""B"", ""A"": ""C""}}, ""LA"": {""DockQ"": 0.02785807716851406, ""F1"": 0.0, ""iRMSD"": 8.62261850866847, ""LRMSD"": 35.5071660523448, ""fnat"": 0, ""nat_correct"": 0, ""nat_total"": 4, ""fnonnat"": 1.0, ""nonnat_count"": 28, ""model_total"": 28, ""clashes"": 0, ""len1"": 213, ""len2"": 169, ""class1"": ""receptor"", ""class2"": ""ligand"", ""is_het"": false, ""chain1"": ""B"", ""chain2"": ""C"", ""chain_map"": {""H"": ""A"", ""L"": ""B"", ""A"": ""C""}}}, ""GlobalDockQ"": 0.317110131455772, ""best_mapping"": {""H"": ""A"", ""L"": ""B"", ""A"": ""C""}, ""best_mapping_str"": ""ABC:HLA""}"
7yv1	1	"{""model"": ""/tmp/chai1_dockq/7yv1_trunk1.pdb"", ""native"": ""pdb_structures/7yv1.pdb"", ""best_dockq"": 0.9954251260978556, ""best_result"": {""HL"": {""DockQ"": 0.8639514947750785, ""F1"": 0.8512396694214877, ""iRMSD"": 0.9380903815709813, ""LRMSD"": 1.0462030255283747, ""fnat"": 0.8879310344827587, ""nat_correct"": 103, ""nat_total"": 116, ""fnonnat"": 0.18253968253968253, ""nonnat_count"": 23, ""model_total"": 126, ""clashes"": 0, ""len1"": 222, ""len2"": 213, ""class1"": ""receptor"", ""class2"": ""ligand"", ""is_het"": false, ""chain1"": ""A"", ""chain2"": ""B"", ""chain_map"": {""H"": ""A"", ""L"": ""B"", ""A"": ""C""}}, ""HA"": {""DockQ"": 0.10290878597046331, ""F1"": 0.17142857142857143, ""iRMSD"": 6.631357793322437, ""LRMSD"": 33.6286780890179, ""fnat"": 0.2, ""nat_correct"": 6, ""nat_total"": 30, ""fnonnat"": 0.85, ""nonnat_count"": 34, ""model_total"": 40, ""clashes"": 1, ""len1"": 222, ""len2"": 169, ""class1"": ""receptor"", ""class2"": ""ligand"", ""is_het"": false, ""chain1"": ""A"", ""chain2"": ""C"", ""chain_map"": {""H"": ""A"", ""L"": ""B"", ""A"": ""C""}}, ""LA"": {""DockQ"": 0.028564845352313867, ""F1"": 0.0, ""iRMSD"": 8.600495819777572, ""LRMSD"": 34.84147916619163, ""fnat"": 0, ""nat_correct"": 0, ""nat_total"": 4, ""fnonnat"": 1.0, ""nonnat_count"": 30, ""model_total"": 30, ""clashes"": 0, ""len1"": 213, ""len2"": 169, ""class1"": ""receptor"", ""class2"": ""ligand"", ""is_het"": false, ""chain1"": ""B"", ""chain2"": ""C"", ""chain_map"": {""H"": ""A"", ""L"": ""B"", ""A"": ""C""}}}, ""GlobalDockQ"": 0.33180837536595187, ""best_mapping"": {""H"": ""A"", ""L"": ""B"", ""A"": ""C""}, ""best_mapping_str"": ""ABC:HLA""}"
7yv1	2	"{""model"": ""/tmp/chai1_dockq/7yv1_trunk2.pdb"", ""native"": ""pdb_structures/7yv1.pdb"", ""best_dockq"": 1.2571276460409575, ""best_result"": {""HL"": {""DockQ"": 0.8820825005123843, ""F1"": 0.8536585365853658, ""iRMSD"": 0.8715228423549756, ""LRMSD"": 0.6898936251665336, ""fnat"": 0.9051724137931034, ""nat_correct"": 105, ""nat_total"": 116, ""fnonnat"": 0.19230769230769232, ""nonnat_count"": 25, ""model_total"": 130, ""clashes"": 0, ""len1"": 222, ""len2"": 213, ""class1"": ""receptor"", ""class2"": ""ligand"", ""is_het"": false, ""chain1"": ""A"", ""chain2"": ""B"", ""chain_map"": {""H"": ""A"", ""L"": ""B"", ""A"": ""C""}}, ""HA"": {""DockQ"": 0.13486868097130836, ""F1"": 0.2, ""iRMSD"": 6.847173082237659, ""LRMSD"": 19.56242386427232, ""fnat"": 0.2, ""nat_correct"": 6, ""nat_total"": 30, ""fnonnat"": 0.8, ""nonnat_count"": 24, ""model_total"": 30, ""clashes"": 1, ""len1"": 222, ""len2"": 169, ""class1"": ""receptor"", ""class2"": ""ligand"", ""is_het"": false, ""chain1"": ""A"", ""chain2"": ""C"", ""chain_map"": {""H"": ""A"", ""L"": ""B"", ""A"": ""C""}}, ""LA"": {""DockQ"": 0.24017646455726474, ""F1"": 0.23529411764705882, ""iRMSD"": 5.318241439477021, ""LRMSD"": 20.488560921938785, ""fnat"": 0.5, ""nat_correct"": 2, ""nat_total"": 4, ""fnonnat"": 0.8461538461538461, ""nonnat_count"": 11, ""model_total"": 13, ""clashes"": 0, ""len1"": 213, ""len2"": 169, ""class1"": ""receptor"", ""class2"": ""ligand"", ""is_het"": false, ""chain1"": ""B"", ""chain2"": ""C"", ""chain_map"": {""H"": ""A"", ""L"": ""B"", ""A"": ""C""}}}, ""GlobalDockQ"": 0.41904254868031915, ""best_mapping"": {""H"": ""A"", ""L"": ""B"", ""A"": ""C""}, ""best_mapping_str"": ""ABC:HLA""}"
7yv1	3	"{""model"": ""/tmp/chai1_dockq/7yv1_trunk3.pdb"", ""native"": ""pdb_structures/7yv1.pdb"", ""best_dockq"": 0.9740716109412142, ""best_result"": {""HL"": {""DockQ"": 0.8639930395677237, ""F1"": 0.8617886178861789, ""iRMSD"": 0.9956495920178537, ""LRMSD"": 1.0830549307386341, ""fnat"": 0.9137931034482759, ""nat_correct"": 106, ""nat_total"": 116, ""fnonnat"": 0.18461538461538463, ""nonnat_count"": 24, ""model_total"": 130, ""clashes"": 1, ""len1"": 222, ""len2"": 213, ""class1"": ""receptor"", ""class2"": ""ligand"", ""is_het"": false, ""chain1"": ""A"", ""chain2"": ""B"", ""chain_map"": {""H"": ""A"", ""L"": ""B"", ""A"": ""C""}}, ""HA"": {""DockQ"": 0.08035427436176275, ""F1"": 0.1095890410958904, ""iRMSD"": 6.780107447565675, ""LRMSD"": 33.329464322582886, ""fnat"": 0.13333333333333333, ""nat_correct"": 4, ""nat_total"": 30, ""fnonnat"": 0.9069767441860465, ""nonnat_count"": 39, ""model_total"": 43, ""clashes"": 1, ""len1"": 222, ""len2"": 169, ""class1"": ""receptor"", ""class2"": ""ligand"", ""is_het"": false, ""chain1"": ""A"", ""chain2"": ""C"", ""chain_map"": {""H"": ""A"", ""L"": ""B"", ""A"": ""C""}}, ""LA"": {""DockQ"": 0.02972429701172774, ""F1"": 0.0, ""iRMSD"": 8.293774664818757, ""LRMSD"": 34.41352836787201, ""fnat"": 0, ""nat_correct"": 0, ""nat_total"": 4, ""fnonnat"": 1.0, ""nonnat_count"": 21, ""model_total"": 21, ""clashes"": 0, ""len1"": 213, ""len2"": 169, ""class1"": ""receptor"", ""class2"": ""ligand"", ""is_het"": false, ""chain1"": ""B"", ""chain2"": ""C"", ""chain_map"": {""H"": ""A"", ""L"": ""B"", ""A"": ""C""}}}, ""GlobalDockQ"": 0.32469053698040473, ""best_mapping"": {""H"": ""A"", ""L"": ""B"", ""A"": ""C""}, ""best_mapping_str"": ""ABC:HLA""}"
7yv1	4	"{""model"": ""/tmp/chai1_dockq/7yv1_trunk4.pdb"", ""native"": ""pdb_structures/7yv1.pdb"", ""best_dockq"": 1.166936526162658, ""best_result"": {""HL"": {""DockQ"": 0.8740701389911413, ""F1"": 0.8688524590163934, ""iRMSD"": 0.9440069660563798, ""LRMSD"": 0.7575810799470751, ""fnat"": 0.9137931034482759, ""nat_correct"": 106, ""nat_total"": 116, ""fnonnat"": 0.171875, ""nonnat_count"": 22, ""model_total"": 128, ""clashes"": 0, ""len1"": 222, ""len2"": 213, ""class1"": ""receptor"", ""class2"": ""ligand"", ""is_het"": false, ""chain1"": ""A"", ""chain2"": ""B"", ""chain_map"": {""H"": ""A"", ""L"": ""B"", ""A"": ""C""}}, ""HA"": {""DockQ"": 0.1229032813190964, ""F1"": 0.10810810810810811, ""iRMSD"": 4.882881803943652, ""LRMSD"": 20.30216908427834, ""fnat"": 0.13333333333333333, ""nat_correct"": 4, ""nat_total"": 30, ""fnonnat"": 0.9090909090909091, ""nonnat_count"": 40, ""model_total"": 44, ""clashes"": 0, ""len1"": 222, ""len2"": 169, ""class1"": ""receptor"", ""class2"": ""ligand"", ""is_het"": false, ""chain1"": ""A"", ""chain2"": ""C"", ""chain_map"": {""H"": ""A"", ""L"": ""B"", ""A"": ""C""}}, ""LA"": {""DockQ"": 0.16996310585242025, ""F1"": 0.18181818181818182, ""iRMSD"": 3.990674089441842, ""LRMSD"": 21.41552324730804, ""fnat"": 0.25, ""nat_correct"": 1, ""nat_total"": 4, ""fnonnat"": 0.8571428571428571, ""nonnat_count"": 6, ""model_total"": 7, ""clashes"": 0, ""len1"": 213, ""len2"": 169, ""class1"": ""receptor"", ""class2"": ""ligand"", ""is_het"": false, ""chain1"": ""B"", ""chain2"": ""C"", ""chain_map"": {""H"": ""A"", ""L"": ""B"", ""A"": ""C""}}}, ""GlobalDockQ"": 0.38897884205421934, ""best_mapping"": {""H"": ""A"", ""L"": ""B"", ""A"": ""C""}, ""best_mapping_str"": ""ABC:HLA""}"
7z1x	0	"{""model"": ""/tmp/chai1_dockq/7z1x_trunk0.pdb"", ""native"": ""pdb_structures/7z1x.pdb"", ""best_dockq"": 0.01882236127999559, ""best_result"": {""ED"": {""DockQ"": 0.01882236127999559, ""F1"": 0.015873015873015872, ""iRMSD"": 11.581905930205464, ""LRMSD"": 57.40873191423061, ""fnat"": 0.018518518518518517, ""nat_correct"": 1, ""nat_total"": 54, ""fnonnat"": 0.9861111111111112, ""nonnat_count"": 71, ""model_total"": 72, ""clashes"": 2, ""len1"": 116, ""len2"": 391, ""class1"": ""ligand"", ""class2"": ""receptor"", ""is_het"": false, ""chain1"": ""A"", ""chain2"": ""B"", ""chain_map"": {""E"": ""A"", ""D"": ""B""}}}, ""GlobalDockQ"": 0.01882236127999559, ""best_mapping"": {""E"": ""A"", ""D"": ""B""}, ""best_mapping_str"": ""AB:ED""}"
7z1x	1	"{""model"": ""/tmp/chai1_dockq/7z1x_trunk1.pdb"", ""native"": ""pdb_structures/7z1x.pdb"", ""best_dockq"": 0.015491658124415893, ""best_result"": {""ED"": {""DockQ"": 0.015491658124415893, ""F1"": 0.0, ""iRMSD"": 17.089316231937826, ""LRMSD"": 42.29001041993174, ""fnat"": 0, ""nat_correct"": 0, ""nat_total"": 54, ""fnonnat"": 1.0, ""nonnat_count"": 72, ""model_total"": 72, ""clashes"": 3, ""len1"": 116, ""len2"": 391, ""class1"": ""ligand"", ""class2"": ""receptor"", ""is_het"": false, ""chain1"": ""A"", ""chain2"": ""B"", ""chain_map"": {""E"": ""A"", ""D"": ""B""}}}, ""GlobalDockQ"": 0.015491658124415893, ""best_mapping"": {""E"": ""A"", ""D"": ""B""}, ""best_mapping_str"": ""AB:ED""}"
7z1x	2	"{""model"": ""/tmp/chai1_dockq/7z1x_trunk2.pdb"", ""native"": ""pdb_structures/7z1x.pdb"", ""best_dockq"": 0.010790625683942222, ""best_result"": {""ED"": {""DockQ"": 0.010790625683942222, ""F1"": 0.0, ""iRMSD"": 12.227853643665465, ""LRMSD"": 63.60265414108723, ""fnat"": 0, ""nat_correct"": 0, ""nat_total"": 54, ""fnonnat"": 1.0, ""nonnat_count"": 116, ""model_total"": 116, ""clashes"": 1, ""len1"": 116, ""len2"": 391, ""class1"": ""ligand"", ""class2"": ""receptor"", ""is_het"": false, ""chain1"": ""A"", ""chain2"": ""B"", ""chain_map"": {""E"": ""A"", ""D"": ""B""}}}, ""GlobalDockQ"": 0.010790625683942222, ""best_mapping"": {""E"": ""A"", ""D"": ""B""}, ""best_mapping_str"": ""AB:ED""}"
7z1x	3	"{""model"": ""/tmp/chai1_dockq/7z1x_trunk3.pdb"", ""native"": ""pdb_structures/7z1x.pdb"", ""best_dockq"": 0.018090194711500796, ""best_result"": {""ED"": {""DockQ"": 0.018090194711500796, ""F1"": 0.015748031496062992, ""iRMSD"": 12.358481781355838, ""LRMSD"": 57.708497521087, ""fnat"": 0.018518518518518517, ""nat_correct"": 1, ""nat_total"": 54, ""fnonnat"": 0.9863013698630136, ""nonnat_count"": 72, ""model_total"": 73, ""clashes"": 1, ""len1"": 116, ""len2"": 391, ""class1"": ""ligand"", ""class2"": ""receptor"", ""is_het"": false, ""chain1"": ""A"", ""chain2"": ""B"", ""chain_map"": {""E"": ""A"", ""D"": ""B""}}}, ""GlobalDockQ"": 0.018090194711500796, ""best_mapping"": {""E"": ""A"", ""D"": ""B""}, ""best_mapping_str"": ""AB:ED""}"
7z1x	4	"{""model"": ""/tmp/chai1_dockq/7z1x_trunk4.pdb"", ""native"": ""pdb_structures/7z1x.pdb"", ""best_dockq"": 0.008893499611334942, ""best_result"": {""ED"": {""DockQ"": 0.008893499611334942, ""F1"": 0.0, ""iRMSD"": 13.85582589140079, ""LRMSD"": 68.65579879034807, ""fnat"": 0, ""nat_correct"": 0, ""nat_total"": 54, ""fnonnat"": 1.0, ""nonnat_count"": 110, ""model_total"": 110, ""clashes"": 0, ""len1"": 116, ""len2"": 391, ""class1"": ""ligand"", ""class2"": ""receptor"", ""is_het"": false, ""chain1"": ""A"", ""chain2"": ""B"", ""chain_map"": {""E"": ""A"", ""D"": ""B""}}}, ""GlobalDockQ"": 0.008893499611334942, ""best_mapping"": {""E"": ""A"", ""D"": ""B""}, ""best_mapping_str"": ""AB:ED""}"
7zau	0	"{""model"": ""/tmp/chai1_dockq/7zau_trunk0.pdb"", ""native"": ""pdb_structures/7zau.pdb"", ""best_dockq"": 0.02115708034516506, ""best_result"": {""HA"": {""DockQ"": 0.02115708034516506, ""F1"": 0.0, ""iRMSD"": 10.397360268298183, ""LRMSD"": 40.05951168652084, ""fnat"": 0, ""nat_correct"": 0, ""nat_total"": 3, ""fnonnat"": 1.0, ""nonnat_count"": 44, ""model_total"": 44, ""clashes"": 2, ""len1"": 125, ""len2"": 483, ""class1"": ""ligand"", ""class2"": ""receptor"", ""is_het"": false, ""chain1"": ""A"", ""chain2"": ""B"", ""chain_map"": {""H"": ""A"", ""A"": ""B""}}}, ""GlobalDockQ"": 0.02115708034516506, ""best_mapping"": {""H"": ""A"", ""A"": ""B""}, ""best_mapping_str"": ""AB:HA""}"
7zau	1	"{""model"": ""/tmp/chai1_dockq/7zau_trunk1.pdb"", ""native"": ""pdb_structures/7zau.pdb"", ""best_dockq"": 0.00667719635995932, ""best_result"": {""DG"": {""DockQ"": 0.00667719635995932, ""F1"": 0.0, ""iRMSD"": 26.774156656764927, ""LRMSD"": 64.82449067855352, ""fnat"": 0, ""nat_correct"": 0, ""nat_total"": 17, ""fnonnat"": 1.0, ""nonnat_count"": 49, ""model_total"": 49, ""clashes"": 0, ""len1"": 124, ""len2"": 480, ""class1"": ""ligand"", ""class2"": ""receptor"", ""is_het"": false, ""chain1"": ""A"", ""chain2"": ""B"", ""chain_map"": {""D"": ""A"", ""G"": ""B""}}}, ""GlobalDockQ"": 0.00667719635995932, ""best_mapping"": {""D"": ""A"", ""G"": ""B""}, ""best_mapping_str"": ""AB:DG""}"
7zau	2	"{""model"": ""/tmp/chai1_dockq/7zau_trunk2.pdb"", ""native"": ""pdb_structures/7zau.pdb"", ""best_dockq"": 0.022021068466788602, ""best_result"": {""HA"": {""DockQ"": 0.022021068466788602, ""F1"": 0.0, ""iRMSD"": 8.229415766057054, ""LRMSD"": 45.37081471744804, ""fnat"": 0, ""nat_correct"": 0, ""nat_total"": 3, ""fnonnat"": 1.0, ""nonnat_count"": 53, ""model_total"": 53, ""clashes"": 1, ""len1"": 125, ""len2"": 483, ""class1"": ""ligand"", ""class2"": ""receptor"", ""is_het"": false, ""chain1"": ""A"", ""chain2"": ""B"", ""chain_map"": {""H"": ""A"", ""A"": ""B""}}}, ""GlobalDockQ"": 0.022021068466788602, ""best_mapping"": {""H"": ""A"", ""A"": ""B""}, ""best_mapping_str"": ""AB:HA""}"
7zau	3	"{""model"": ""/tmp/chai1_dockq/7zau_trunk3.pdb"", ""native"": ""pdb_structures/7zau.pdb"", ""best_dockq"": 0.008301704881666117, ""best_result"": {""DG"": {""DockQ"": 0.008301704881666117, ""F1"": 0.0, ""iRMSD"": 24.016351851394916, ""LRMSD"": 58.009141992883364, ""fnat"": 0, ""nat_correct"": 0, ""nat_total"": 17, ""fnonnat"": 1.0, ""nonnat_count"": 22, ""model_total"": 22, ""clashes"": 0, ""len1"": 124, ""len2"": 480, ""class1"": ""ligand"", ""class2"": ""receptor"", ""is_het"": false, ""chain1"": ""A"", ""chain2"": ""B"", ""chain_map"": {""D"": ""A"", ""G"": ""B""}}}, ""GlobalDockQ"": 0.008301704881666117, ""best_mapping"": {""D"": ""A"", ""G"": ""B""}, ""best_mapping_str"": ""AB:DG""}"
7zau	4	"{""model"": ""/tmp/chai1_dockq/7zau_trunk4.pdb"", ""native"": ""pdb_structures/7zau.pdb"", ""best_dockq"": 0.0064924879531749234, ""best_result"": {""DG"": {""DockQ"": 0.0064924879531749234, ""F1"": 0.0, ""iRMSD"": 28.154602765818623, ""LRMSD"": 65.32888363587254, ""fnat"": 0, ""nat_correct"": 0, ""nat_total"": 17, ""fnonnat"": 1.0, ""nonnat_count"": 39, ""model_total"": 39, ""clashes"": 0, ""len1"": 124, ""len2"": 480, ""class1"": ""ligand"", ""class2"": ""receptor"", ""is_het"": false, ""chain1"": ""A"", ""chain2"": ""B"", ""chain_map"": {""D"": ""A"", ""G"": ""B""}}}, ""GlobalDockQ"": 0.0064924879531749234, ""best_mapping"": {""D"": ""A"", ""G"": ""B""}, ""best_mapping_str"": ""AB:DG""}"
7zoz	0	"{""model"": ""/tmp/chai1_dockq/7zoz_trunk0.pdb"", ""native"": ""pdb_structures/7zoz.pdb"", ""best_dockq"": 1.114204492452433, ""best_result"": {""AH"": {""DockQ"": 0.156869267662967, ""F1"": 0.09090909090909091, ""iRMSD"": 4.907376636463435, ""LRMSD"": 13.163869008221898, ""fnat"": 0.09090909090909091, ""nat_correct"": 3, ""nat_total"": 33, ""fnonnat"": 0.9090909090909091, ""nonnat_count"": 30, ""model_total"": 33, ""clashes"": 0, ""len1"": 125, ""len2"": 223, ""class1"": ""ligand"", ""class2"": ""receptor"", ""is_het"": false, ""chain1"": ""C"", ""chain2"": ""A"", ""chain_map"": {""A"": ""C"", ""H"": ""A"", ""L"": ""B""}}, ""AL"": {""DockQ"": 0.1402435925937551, ""F1"": 0.05555555555555555, ""iRMSD"": 5.9363457684923135, ""LRMSD"": 12.826199764178982, ""fnat"": 0.05555555555555555, ""nat_correct"": 1, ""nat_total"": 18, ""fnonnat"": 0.9444444444444444, ""nonnat_count"": 17, ""model_total"": 18, ""clashes"": 1, ""len1"": 125, ""len2"": 213, ""class1"": ""ligand"", ""class2"": ""receptor"", ""is_het"": false, ""chain1"": ""C"", ""chain2"": ""B"", ""chain_map"": {""A"": ""C"", ""H"": ""A"", ""L"": ""B""}}, ""HL"": {""DockQ"": 0.817091632195711, ""F1"": 0.889795918367347, ""iRMSD"": 1.2899991315319606, ""LRMSD"": 1.5430470610475753, ""fnat"": 0.9083333333333333, ""nat_correct"": 109, ""nat_total"": 120, ""fnonnat"": 0.128, ""nonnat_count"": 16, ""model_total"": 125, ""clashes"": 0, ""len1"": 223, ""len2"": 213, ""class1"": ""receptor"", ""class2"": ""ligand"", ""is_het"": false, ""chain1"": ""A"", ""chain2"": ""B"", ""chain_map"": {""A"": ""C"", ""H"": ""A"", ""L"": ""B""}}}, ""GlobalDockQ"": 0.37140149748414436, ""best_mapping"": {""A"": ""C"", ""H"": ""A"", ""L"": ""B""}, ""best_mapping_str"": ""CAB:AHL""}"
7zoz	1	"{""model"": ""/tmp/chai1_dockq/7zoz_trunk1.pdb"", ""native"": ""pdb_structures/7zoz.pdb"", ""best_dockq"": 0.8955081108152284, ""best_result"": {""AH"": {""DockQ"": 0.04838067574751529, ""F1"": 0.0, ""iRMSD"": 11.869892688764363, ""LRMSD"": 22.045277892187027, ""fnat"": 0, ""nat_correct"": 0, ""nat_total"": 33, ""fnonnat"": 1.0, ""nonnat_count"": 32, ""model_total"": 32, ""clashes"": 0, ""len1"": 125, ""len2"": 223, ""class1"": ""ligand"", ""class2"": ""receptor"", ""is_het"": false, ""chain1"": ""C"", ""chain2"": ""A"", ""chain_map"": {""A"": ""C"", ""H"": ""A"", ""L"": ""B""}}, ""AL"": {""DockQ"": 0.051220572015827914, ""F1"": 0.0, ""iRMSD"": 8.966344555871265, ""LRMSD"": 22.342360271466397, ""fnat"": 0, ""nat_correct"": 0, ""nat_total"": 18, ""fnonnat"": 1.0, ""nonnat_count"": 22, ""model_total"": 22, ""clashes"": 0, ""len1"": 125, ""len2"": 213, ""class1"": ""ligand"", ""class2"": ""receptor"", ""is_het"": false, ""chain1"": ""C"", ""chain2"": ""B"", ""chain_map"": {""A"": ""C"", ""H"": ""A"", ""L"": ""B""}}, ""HL"": {""DockQ"": 0.7959068630518852, ""F1"": 0.8724279835390947, ""iRMSD"": 1.3790668775319703, ""LRMSD"": 1.6787769250575244, ""fnat"": 0.8833333333333333, ""nat_correct"": 106, ""nat_total"": 120, ""fnonnat"": 0.13821138211382114, ""nonnat_count"": 17, ""model_total"": 123, ""clashes"": 0, ""len1"": 223, ""len2"": 213, ""class1"": ""receptor"", ""class2"": ""ligand"", ""is_het"": false, ""chain1"": ""A"", ""chain2"": ""B"", ""chain_map"": {""A"": ""C"", ""H"": ""A"", ""L"": ""B""}}}, ""GlobalDockQ"": 0.29850270360507614, ""best_mapping"": {""A"": ""C"", ""H"": ""A"", ""L"": ""B""}, ""best_mapping_str"": ""CAB:AHL""}"
7zoz	2	"{""model"": ""/tmp/chai1_dockq/7zoz_trunk2.pdb"", ""native"": ""pdb_structures/7zoz.pdb"", ""best_dockq"": 0.9896771988672229, ""best_result"": {""AH"": {""DockQ"": 0.06666418516544208, ""F1"": 0.0, ""iRMSD"": 9.934340938003723, ""LRMSD"": 18.284659884979405, ""fnat"": 0, ""nat_correct"": 0, ""nat_total"": 33, ""fnonnat"": 1.0, ""nonnat_count"": 31, ""model_total"": 31, ""clashes"": 1, ""len1"": 125, ""len2"": 223, ""class1"": ""ligand"", ""class2"": ""receptor"", ""is_het"": false, ""chain1"": ""C"", ""chain2"": ""A"", ""chain_map"": {""A"": ""C"", ""H"": ""A"", ""L"": ""B""}}, ""AL"": {""DockQ"": 0.06633834749612195, ""F1"": 0.0, ""iRMSD"": 11.887266788687517, ""LRMSD"": 17.939415511834547, ""fnat"": 0, ""nat_correct"": 0, ""nat_total"": 18, ""fnonnat"": 1.0, ""nonnat_count"": 9, ""model_total"": 9, ""clashes"": 0, ""len1"": 125, ""len2"": 213, ""class1"": ""ligand"", ""class2"": ""receptor"", ""is_het"": false, ""chain1"": ""C"", ""chain2"": ""B"", ""chain_map"": {""A"": ""C"", ""H"": ""A"", ""L"": ""B""}}, ""HL"": {""DockQ"": 0.8566746662056589, ""F1"": 0.8536585365853658, ""iRMSD"": 0.9592494835412947, ""LRMSD"": 1.0389264983336457, ""fnat"": 0.875, ""nat_correct"": 105, ""nat_total"": 120, ""fnonnat"": 0.16666666666666666, ""nonnat_count"": 21, ""model_total"": 126, ""clashes"": 0, ""len1"": 223, ""len2"": 213, ""class1"": ""receptor"", ""class2"": ""ligand"", ""is_het"": false, ""chain1"": ""A"", ""chain2"": ""B"", ""chain_map"": {""A"": ""C"", ""H"": ""A"", ""L"": ""B""}}}, ""GlobalDockQ"": 0.32989239962240763, ""best_mapping"": {""A"": ""C"", ""H"": ""A"", ""L"": ""B""}, ""best_mapping_str"": ""CAB:AHL""}"
7zoz	3	"{""model"": ""/tmp/chai1_dockq/7zoz_trunk3.pdb"", ""native"": ""pdb_structures/7zoz.pdb"", ""best_dockq"": 1.0125236343045465, ""best_result"": {""AH"": {""DockQ"": 0.07987466682150852, ""F1"": 0.08695652173913043, ""iRMSD"": 10.67165017459032, ""LRMSD"": 22.053388699358656, ""fnat"": 0.09090909090909091, ""nat_correct"": 3, ""nat_total"": 33, ""fnonnat"": 0.9166666666666666, ""nonnat_count"": 33, ""model_total"": 36, ""clashes"": 1, ""len1"": 125, ""len2"": 223, ""class1"": ""ligand"", ""class2"": ""receptor"", ""is_het"": false, ""chain1"": ""C"", ""chain2"": ""A"", ""chain_map"": {""A"": ""C"", ""H"": ""A"", ""L"": ""B""}}, ""AL"": {""DockQ"": 0.08874732025921024, ""F1"": 0.0975609756097561, ""iRMSD"": 9.085678138153124, ""LRMSD"": 22.12644778102102, ""fnat"": 0.1111111111111111, ""nat_correct"": 2, ""nat_total"": 18, ""fnonnat"": 0.9130434782608695, ""nonnat_count"": 21, ""model_total"": 23, ""clashes"": 0, ""len1"": 125, ""len2"": 213, ""class1"": ""ligand"", ""class2"": ""receptor"", ""is_het"": false, ""chain1"": ""C"", ""chain2"": ""B"", ""chain_map"": {""A"": ""C"", ""H"": ""A"", ""L"": ""B""}}, ""HL"": {""DockQ"": 0.8439016472238277, ""F1"": 0.889795918367347, ""iRMSD"": 1.1209282751284688, ""LRMSD"": 1.1604455812107546, ""fnat"": 0.9083333333333333, ""nat_correct"": 109, ""nat_total"": 120, ""fnonnat"": 0.128, ""nonnat_count"": 16, ""model_total"": 125, ""clashes"": 0, ""len1"": 223, ""len2"": 213, ""class1"": ""receptor"", ""class2"": ""ligand"", ""is_het"": false, ""chain1"": ""A"", ""chain2"": ""B"", ""chain_map"": {""A"": ""C"", ""H"": ""A"", ""L"": ""B""}}}, ""GlobalDockQ"": 0.3375078781015155, ""best_mapping"": {""A"": ""C"", ""H"": ""A"", ""L"": ""B""}, ""best_mapping_str"": ""CAB:AHL""}"
7zoz	4	"{""model"": ""/tmp/chai1_dockq/7zoz_trunk4.pdb"", ""native"": ""pdb_structures/7zoz.pdb"", ""best_dockq"": 1.5635980940652856, ""best_result"": {""AH"": {""DockQ"": 0.3367107288409885, ""F1"": 0.3380281690140845, ""iRMSD"": 4.109467409711114, ""LRMSD"": 8.021677295966537, ""fnat"": 0.36363636363636365, ""nat_correct"": 12, ""nat_total"": 33, ""fnonnat"": 0.6842105263157895, ""nonnat_count"": 26, ""model_total"": 38, ""clashes"": 0, ""len1"": 125, ""len2"": 223, ""class1"": ""ligand"", ""class2"": ""receptor"", ""is_het"": false, ""chain1"": ""C"", ""chain2"": ""A"", ""chain_map"": {""A"": ""C"", ""H"": ""A"", ""L"": ""B""}}, ""AL"": {""DockQ"": 0.36580274209456737, ""F1"": 0.3888888888888889, ""iRMSD"": 3.235761340151226, ""LRMSD"": 7.97819532137046, ""fnat"": 0.3888888888888889, ""nat_correct"": 7, ""nat_total"": 18, ""fnonnat"": 0.6111111111111112, ""nonnat_count"": 11, ""model_total"": 18, ""clashes"": 0, ""len1"": 125, ""len2"": 213, ""class1"": ""ligand"", ""class2"": ""receptor"", ""is_het"": false, ""chain1"": ""C"", ""chain2"": ""B"", ""chain_map"": {""A"": ""C"", ""H"": ""A"", ""L"": ""B""}}, ""HL"": {""DockQ"": 0.8610846231297297, ""F1"": 0.8571428571428571, ""iRMSD"": 0.9964905973348837, ""LRMSD"": 0.8776855601065172, ""fnat"": 0.9, ""nat_correct"": 108, ""nat_total"": 120, ""fnonnat"": 0.18181818181818182, ""nonnat_count"": 24, ""model_total"": 132, ""clashes"": 0, ""len1"": 223, ""len2"": 213, ""class1"": ""receptor"", ""class2"": ""ligand"", ""is_het"": false, ""chain1"": ""A"", ""chain2"": ""B"", ""chain_map"": {""A"": ""C"", ""H"": ""A"", ""L"": ""B""}}}, ""GlobalDockQ"": 0.5211993646884285, ""best_mapping"": {""A"": ""C"", ""H"": ""A"", ""L"": ""B""}, ""best_mapping_str"": ""CAB:AHL""}"
8a44	0	"{""model"": ""/tmp/chai1_dockq/8a44_trunk0.pdb"", ""native"": ""pdb_structures/8a44.pdb"", ""best_dockq"": 0.8162025482241433, ""best_result"": {""CD"": {""DockQ"": 0.8078784720299491, ""F1"": 0.8616600790513834, ""iRMSD"": 1.3787604691402495, ""LRMSD"": 1.4088766498063916, ""fnat"": 0.9083333333333333, ""nat_correct"": 109, ""nat_total"": 120, ""fnonnat"": 0.18045112781954886, ""nonnat_count"": 24, ""model_total"": 133, ""clashes"": 0, ""len1"": 225, ""len2"": 213, ""class1"": ""receptor"", ""class2"": ""ligand"", ""is_het"": false, ""chain1"": ""A"", ""chain2"": ""B"", ""chain_map"": {""C"": ""A"", ""D"": ""B"", ""A"": ""C""}}, ""CA"": {""DockQ"": 0.004923664868857649, ""F1"": 0.0, ""iRMSD"": 17.755264891537692, ""LRMSD"": 96.59169165012761, ""fnat"": 0, ""nat_correct"": 0, ""nat_total"": 56, ""fnonnat"": 1.0, ""nonnat_count"": 41, ""model_total"": 41, ""clashes"": 1, ""len1"": 225, ""len2"": 293, ""class1"": ""ligand"", ""class2"": ""receptor"", ""is_het"": false, ""chain1"": ""A"", ""chain2"": ""C"", ""chain_map"": {""C"": ""A"", ""D"": ""B"", ""A"": ""C""}}, ""DA"": {""DockQ"": 0.0034004113253365714, ""F1"": 0.0, ""iRMSD"": 21.19528285263734, ""LRMSD"": 117.36589934070136, ""fnat"": 0, ""nat_correct"": 0, ""nat_total"": 15, ""fnonnat"": 1.0, ""nonnat_count"": 12, ""model_total"": 12, ""clashes"": 0, ""len1"": 213, ""len2"": 293, ""class1"": ""ligand"", ""class2"": ""receptor"", ""is_het"": false, ""chain1"": ""B"", ""chain2"": ""C"", ""chain_map"": {""C"": ""A"", ""D"": ""B"", ""A"": ""C""}}}, ""GlobalDockQ"": 0.2720675160747144, ""best_mapping"": {""C"": ""A"", ""D"": ""B"", ""A"": ""C""}, ""best_mapping_str"": ""ABC:CDA""}"
8a44	1	"{""model"": ""/tmp/chai1_dockq/8a44_trunk1.pdb"", ""native"": ""pdb_structures/8a44.pdb"", ""best_dockq"": 0.8058605076491319, ""best_result"": {""CD"": {""DockQ"": 0.7974579017405857, ""F1"": 0.848, ""iRMSD"": 1.3641868963637303, ""LRMSD"": 1.6956143516027051, ""fnat"": 0.8833333333333333, ""nat_correct"": 106, ""nat_total"": 120, ""fnonnat"": 0.18461538461538463, ""nonnat_count"": 24, ""model_total"": 130, ""clashes"": 0, ""len1"": 225, ""len2"": 213, ""class1"": ""receptor"", ""class2"": ""ligand"", ""is_het"": false, ""chain1"": ""A"", ""chain2"": ""B"", ""chain_map"": {""C"": ""A"", ""D"": ""B"", ""A"": ""C""}}, ""CA"": {""DockQ"": 0.004908811903556415, ""F1"": 0.0, ""iRMSD"": 17.49240306114741, ""LRMSD"": 98.26516987779094, ""fnat"": 0, ""nat_correct"": 0, ""nat_total"": 56, ""fnonnat"": 1.0, ""nonnat_count"": 46, ""model_total"": 46, ""clashes"": 0, ""len1"": 225, ""len2"": 293, ""class1"": ""ligand"", ""class2"": ""receptor"", ""is_het"": false, ""chain1"": ""A"", ""chain2"": ""C"", ""chain_map"": {""C"": ""A"", ""D"": ""B"", ""A"": ""C""}}, ""DA"": {""DockQ"": 0.0034937940049897544, ""F1"": 0.0, ""iRMSD"": 20.677749376843416, ""LRMSD"": 117.0406307354747, ""fnat"": 0, ""nat_correct"": 0, ""nat_total"": 15, ""fnonnat"": 1.0, ""nonnat_count"": 13, ""model_total"": 13, ""clashes"": 0, ""len1"": 213, ""len2"": 293, ""class1"": ""ligand"", ""class2"": ""receptor"", ""is_het"": false, ""chain1"": ""B"", ""chain2"": ""C"", ""chain_map"": {""C"": ""A"", ""D"": ""B"", ""A"": ""C""}}}, ""GlobalDockQ"": 0.26862016921637727, ""best_mapping"": {""C"": ""A"", ""D"": ""B"", ""A"": ""C""}, ""best_mapping_str"": ""ABC:CDA""}"
8a44	2	"{""model"": ""/tmp/chai1_dockq/8a44_trunk2.pdb"", ""native"": ""pdb_structures/8a44.pdb"", ""best_dockq"": 0.8138428438806997, ""best_result"": {""CD"": {""DockQ"": 0.8056396662245353, ""F1"": 0.8547717842323651, ""iRMSD"": 1.256394402597081, ""LRMSD"": 1.4717621613989595, ""fnat"": 0.8583333333333333, ""nat_correct"": 103, ""nat_total"": 120, ""fnonnat"": 0.1487603305785124, ""nonnat_count"": 18, ""model_total"": 121, ""clashes"": 1, ""len1"": 225, ""len2"": 213, ""class1"": ""receptor"", ""class2"": ""ligand"", ""is_het"": false, ""chain1"": ""A"", ""chain2"": ""B"", ""chain_map"": {""C"": ""A"", ""D"": ""B"", ""A"": ""C""}}, ""CA"": {""DockQ"": 0.004820607270799782, ""F1"": 0.0, ""iRMSD"": 17.721190398827705, ""LRMSD"": 98.79377458035164, ""fnat"": 0, ""nat_correct"": 0, ""nat_total"": 56, ""fnonnat"": 1.0, ""nonnat_count"": 41, ""model_total"": 41, ""clashes"": 0, ""len1"": 225, ""len2"": 293, ""class1"": ""ligand"", ""class2"": ""receptor"", ""is_het"": false, ""chain1"": ""A"", ""chain2"": ""C"", ""chain_map"": {""C"": ""A"", ""D"": ""B"", ""A"": ""C""}}, ""DA"": {""DockQ"": 0.003382570385364596, ""F1"": 0.0, ""iRMSD"": 21.119279190457775, ""LRMSD"": 118.38835467846565, ""fnat"": 0, ""nat_correct"": 0, ""nat_total"": 15, ""fnonnat"": 1.0, ""nonnat_count"": 7, ""model_total"": 7, ""clashes"": 0, ""len1"": 213, ""len2"": 293, ""class1"": ""ligand"", ""class2"": ""receptor"", ""is_het"": false, ""chain1"": ""B"", ""chain2"": ""C"", ""chain_map"": {""C"": ""A"", ""D"": ""B"", ""A"": ""C""}}}, ""GlobalDockQ"": 0.2712809479602332, ""best_mapping"": {""C"": ""A"", ""D"": ""B"", ""A"": ""C""}, ""best_mapping_str"": ""ABC:CDA""}"
8a44	3	"{""model"": ""/tmp/chai1_dockq/8a44_trunk3.pdb"", ""native"": ""pdb_structures/8a44.pdb"", ""best_dockq"": 0.8512161095079911, ""best_result"": {""CD"": {""DockQ"": 0.8428797847716974, ""F1"": 0.864, ""iRMSD"": 1.098024694311222, ""LRMSD"": 1.2886138756214305, ""fnat"": 0.9, ""nat_correct"": 108, ""nat_total"": 120, ""fnonnat"": 0.16923076923076924, ""nonnat_count"": 22, ""model_total"": 130, ""clashes"": 0, ""len1"": 225, ""len2"": 213, ""class1"": ""receptor"", ""class2"": ""ligand"", ""is_het"": false, ""chain1"": ""A"", ""chain2"": ""B"", ""chain_map"": {""C"": ""A"", ""D"": ""B"", ""A"": ""C""}}, ""CA"": {""DockQ"": 0.004914160542117331, ""F1"": 0.0, ""iRMSD"": 17.795928507660474, ""LRMSD"": 96.56885029460702, ""fnat"": 0, ""nat_correct"": 0, ""nat_total"": 56, ""fnonnat"": 1.0, ""nonnat_count"": 38, ""model_total"": 38, ""clashes"": 0, ""len1"": 225, ""len2"": 293, ""class1"": ""ligand"", ""class2"": ""receptor"", ""is_het"": false, ""chain1"": ""A"", ""chain2"": ""C"", ""chain_map"": {""C"": ""A"", ""D"": ""B"", ""A"": ""C""}}, ""DA"": {""DockQ"": 0.0034221641941762702, ""F1"": 0.0, ""iRMSD"": 21.182478056120143, ""LRMSD"": 116.701540206213, ""fnat"": 0, ""nat_correct"": 0, ""nat_total"": 15, ""fnonnat"": 1.0, ""nonnat_count"": 11, ""model_total"": 11, ""clashes"": 1, ""len1"": 213, ""len2"": 293, ""class1"": ""ligand"", ""class2"": ""receptor"", ""is_het"": false, ""chain1"": ""B"", ""chain2"": ""C"", ""chain_map"": {""C"": ""A"", ""D"": ""B"", ""A"": ""C""}}}, ""GlobalDockQ"": 0.28373870316933036, ""best_mapping"": {""C"": ""A"", ""D"": ""B"", ""A"": ""C""}, ""best_mapping_str"": ""ABC:CDA""}"
8a44	4	"{""model"": ""/tmp/chai1_dockq/8a44_trunk4.pdb"", ""native"": ""pdb_structures/8a44.pdb"", ""best_dockq"": 0.84173029825346, ""best_result"": {""CD"": {""DockQ"": 0.8333647073614028, ""F1"": 0.8458498023715415, ""iRMSD"": 1.1536263693827975, ""LRMSD"": 1.2116286610860634, ""fnat"": 0.8916666666666667, ""nat_correct"": 107, ""nat_total"": 120, ""fnonnat"": 0.19548872180451127, ""nonnat_count"": 26, ""model_total"": 133, ""clashes"": 0, ""len1"": 225, ""len2"": 213, ""class1"": ""receptor"", ""class2"": ""ligand"", ""is_het"": false, ""chain1"": ""A"", ""chain2"": ""B"", ""chain_map"": {""C"": ""A"", ""D"": ""B"", ""A"": ""C""}}, ""CA"": {""DockQ"": 0.0048759023767332805, ""F1"": 0.0, ""iRMSD"": 17.429184143244623, ""LRMSD"": 99.2898440174019, ""fnat"": 0, ""nat_correct"": 0, ""nat_total"": 56, ""fnonnat"": 1.0, ""nonnat_count"": 41, ""model_total"": 41, ""clashes"": 0, ""len1"": 225, ""len2"": 293, ""class1"": ""ligand"", ""class2"": ""receptor"", ""is_het"": false, ""chain1"": ""A"", ""chain2"": ""C"", ""chain_map"": {""C"": ""A"", ""D"": ""B"", ""A"": ""C""}}, ""DA"": {""DockQ"": 0.003489688515323903, ""F1"": 0.0, ""iRMSD"": 20.487473003545915, ""LRMSD"": 118.28774342062917, ""fnat"": 0, ""nat_correct"": 0, ""nat_total"": 15, ""fnonnat"": 1.0, ""nonnat_count"": 19, ""model_total"": 19, ""clashes"": 0, ""len1"": 213, ""len2"": 293, ""class1"": ""ligand"", ""class2"": ""receptor"", ""is_het"": false, ""chain1"": ""B"", ""chain2"": ""C"", ""chain_map"": {""C"": ""A"", ""D"": ""B"", ""A"": ""C""}}}, ""GlobalDockQ"": 0.2805767660844867, ""best_mapping"": {""C"": ""A"", ""D"": ""B"", ""A"": ""C""}, ""best_mapping_str"": ""ABC:CDA""}"
8acf	0	"{""model"": ""/tmp/chai1_dockq/8acf_trunk0.pdb"", ""native"": ""pdb_structures/8acf.pdb"", ""best_dockq"": 0.7324489974735678, ""best_result"": {""HL"": {""DockQ"": 0.6782147494799101, ""F1"": 0.9019607843137255, ""iRMSD"": 2.4725758681259493, ""LRMSD"": 3.42794850162285, ""fnat"": 0.905511811023622, ""nat_correct"": 115, ""nat_total"": 127, ""fnonnat"": 0.1015625, ""nonnat_count"": 13, ""model_total"": 128, ""clashes"": 0, ""len1"": 219, ""len2"": 215, ""class1"": ""receptor"", ""class2"": ""ligand"", ""is_het"": false, ""chain1"": ""A"", ""chain2"": ""B"", ""chain_map"": {""H"": ""A"", ""L"": ""B"", ""A"": ""C""}}, ""HA"": {""DockQ"": 0.038032830140024815, ""F1"": 0.06666666666666667, ""iRMSD"": 13.197271899422413, ""LRMSD"": 41.57629766481843, ""fnat"": 0.061224489795918366, ""nat_correct"": 3, ""nat_total"": 49, ""fnonnat"": 0.926829268292683, ""nonnat_count"": 38, ""model_total"": 41, ""clashes"": 0, ""len1"": 219, ""len2"": 138, ""class1"": ""receptor"", ""class2"": ""ligand"", ""is_het"": false, ""chain1"": ""A"", ""chain2"": ""C"", ""chain_map"": {""H"": ""A"", ""L"": ""B"", ""A"": ""C""}}, ""LA"": {""DockQ"": 0.016201417853632924, ""F1"": 0.0, ""iRMSD"": 15.203266348317312, ""LRMSD"": 42.21421071350203, ""fnat"": 0, ""nat_correct"": 0, ""nat_total"": 14, ""fnonnat"": 1.0, ""nonnat_count"": 34, ""model_total"": 34, ""clashes"": 1, ""len1"": 215, ""len2"": 138, ""class1"": ""receptor"", ""class2"": ""ligand"", ""is_het"": false, ""chain1"": ""B"", ""chain2"": ""C"", ""chain_map"": {""H"": ""A"", ""L"": ""B"", ""A"": ""C""}}}, ""GlobalDockQ"": 0.2441496658245226, ""best_mapping"": {""H"": ""A"", ""L"": ""B"", ""A"": ""C""}, ""best_mapping_str"": ""ABC:HLA""}"
8acf	1	"{""model"": ""/tmp/chai1_dockq/8acf_trunk1.pdb"", ""native"": ""pdb_structures/8acf.pdb"", ""best_dockq"": 0.7189356183981582, ""best_result"": {""HL"": {""DockQ"": 0.68783088494493, ""F1"": 0.9153846153846154, ""iRMSD"": 2.478935617614363, ""LRMSD"": 3.4512550593703177, ""fnat"": 0.937007874015748, ""nat_correct"": 119, ""nat_total"": 127, ""fnonnat"": 0.10526315789473684, ""nonnat_count"": 14, ""model_total"": 133, ""clashes"": 0, ""len1"": 219, ""len2"": 215, ""class1"": ""receptor"", ""class2"": ""ligand"", ""is_het"": false, ""chain1"": ""A"", ""chain2"": ""B"", ""chain_map"": {""H"": ""A"", ""L"": ""B"", ""A"": ""C""}}, ""HA"": {""DockQ"": 0.016096779949088542, ""F1"": 0.0, ""iRMSD"": 13.27773723829407, ""LRMSD"": 44.18370577077693, ""fnat"": 0, ""nat_correct"": 0, ""nat_total"": 49, ""fnonnat"": 1.0, ""nonnat_count"": 23, ""model_total"": 23, ""clashes"": 0, ""len1"": 219, ""len2"": 138, ""class1"": ""receptor"", ""class2"": ""ligand"", ""is_het"": false, ""chain1"": ""A"", ""chain2"": ""C"", ""chain_map"": {""H"": ""A"", ""L"": ""B"", ""A"": ""C""}}, ""LA"": {""DockQ"": 0.01500795350413968, ""F1"": 0.0, ""iRMSD"": 15.266880552523263, ""LRMSD"": 44.32945537950652, ""fnat"": 0, ""nat_correct"": 0, ""nat_total"": 14, ""fnonnat"": 1.0, ""nonnat_count"": 36, ""model_total"": 36, ""clashes"": 0, ""len1"": 215, ""len2"": 138, ""class1"": ""receptor"", ""class2"": ""ligand"", ""is_het"": false, ""chain1"": ""B"", ""chain2"": ""C"", ""chain_map"": {""H"": ""A"", ""L"": ""B"", ""A"": ""C""}}}, ""GlobalDockQ"": 0.23964520613271942, ""best_mapping"": {""H"": ""A"", ""L"": ""B"", ""A"": ""C""}, ""best_mapping_str"": ""ABC:HLA""}"
8acf	2	"{""model"": ""/tmp/chai1_dockq/8acf_trunk2.pdb"", ""native"": ""pdb_structures/8acf.pdb"", ""best_dockq"": 0.7257016298483626, ""best_result"": {""HL"": {""DockQ"": 0.6721073587442029, ""F1"": 0.8872180451127819, ""iRMSD"": 2.6583109314245723, ""LRMSD"": 3.630947218994252, ""fnat"": 0.9291338582677166, ""nat_correct"": 118, ""nat_total"": 127, ""fnonnat"": 0.1510791366906475, ""nonnat_count"": 21, ""model_total"": 139, ""clashes"": 0, ""len1"": 219, ""len2"": 215, ""class1"": ""receptor"", ""class2"": ""ligand"", ""is_het"": false, ""chain1"": ""A"", ""chain2"": ""B"", ""chain_map"": {""H"": ""A"", ""L"": ""B"", ""A"": ""C""}}, ""HA"": {""DockQ"": 0.0378462673473985, ""F1"": 0.06976744186046512, ""iRMSD"": 13.153756725823811, ""LRMSD"": 41.927631252608464, ""fnat"": 0.061224489795918366, ""nat_correct"": 3, ""nat_total"": 49, ""fnonnat"": 0.918918918918919, ""nonnat_count"": 34, ""model_total"": 37, ""clashes"": 1, ""len1"": 219, ""len2"": 138, ""class1"": ""receptor"", ""class2"": ""ligand"", ""is_het"": false, ""chain1"": ""A"", ""chain2"": ""C"", ""chain_map"": {""H"": ""A"", ""L"": ""B"", ""A"": ""C""}}, ""LA"": {""DockQ"": 0.015748003756761244, ""F1"": 0.0, ""iRMSD"": 15.38874876201072, ""LRMSD"": 42.86600429961995, ""fnat"": 0, ""nat_correct"": 0, ""nat_total"": 14, ""fnonnat"": 1.0, ""nonnat_count"": 33, ""model_total"": 33, ""clashes"": 1, ""len1"": 215, ""len2"": 138, ""class1"": ""receptor"", ""class2"": ""ligand"", ""is_het"": false, ""chain1"": ""B"", ""chain2"": ""C"", ""chain_map"": {""H"": ""A"", ""L"": ""B"", ""A"": ""C""}}}, ""GlobalDockQ"": 0.24190054328278754, ""best_mapping"": {""H"": ""A"", ""L"": ""B"", ""A"": ""C""}, ""best_mapping_str"": ""ABC:HLA""}"
8acf	3	"{""model"": ""/tmp/chai1_dockq/8acf_trunk3.pdb"", ""native"": ""pdb_structures/8acf.pdb"", ""best_dockq"": 0.7511734242802602, ""best_result"": {""HL"": {""DockQ"": 0.6967500836884496, ""F1"": 0.8923076923076924, ""iRMSD"": 2.2820715896732544, ""LRMSD"": 3.2102165984715847, ""fnat"": 0.9133858267716536, ""nat_correct"": 116, ""nat_total"": 127, ""fnonnat"": 0.12781954887218044, ""nonnat_count"": 17, ""model_total"": 133, ""clashes"": 0, ""len1"": 219, ""len2"": 215, ""class1"": ""receptor"", ""class2"": ""ligand"", ""is_het"": false, ""chain1"": ""A"", ""chain2"": ""B"", ""chain_map"": {""H"": ""A"", ""L"": ""B"", ""A"": ""C""}}, ""HA"": {""DockQ"": 0.038248705619699445, ""F1"": 0.07142857142857142, ""iRMSD"": 13.290090026252297, ""LRMSD"": 41.13870959704233, ""fnat"": 0.061224489795918366, ""nat_correct"": 3, ""nat_total"": 49, ""fnonnat"": 0.9142857142857143, ""nonnat_count"": 32, ""model_total"": 35, ""clashes"": 0, ""len1"": 219, ""len2"": 138, ""class1"": ""receptor"", ""class2"": ""ligand"", ""is_het"": false, ""chain1"": ""A"", ""chain2"": ""C"", ""chain_map"": {""H"": ""A"", ""L"": ""B"", ""A"": ""C""}}, ""LA"": {""DockQ"": 0.016174634972111277, ""F1"": 0.0, ""iRMSD"": 15.367297551133221, ""LRMSD"": 42.14536106697367, ""fnat"": 0, ""nat_correct"": 0, ""nat_total"": 14, ""fnonnat"": 1.0, ""nonnat_count"": 34, ""model_total"": 34, ""clashes"": 1, ""len1"": 215, ""len2"": 138, ""class1"": ""receptor"", ""class2"": ""ligand"", ""is_het"": false, ""chain1"": ""B"", ""chain2"": ""C"", ""chain_map"": {""H"": ""A"", ""L"": ""B"", ""A"": ""C""}}}, ""GlobalDockQ"": 0.2503911414267534, ""best_mapping"": {""H"": ""A"", ""L"": ""B"", ""A"": ""C""}, ""best_mapping_str"": ""ABC:HLA""}"
8acf	4	"{""model"": ""/tmp/chai1_dockq/8acf_trunk4.pdb"", ""native"": ""pdb_structures/8acf.pdb"", ""best_dockq"": 0.724961476882811, ""best_result"": {""HL"": {""DockQ"": 0.6711271288217932, ""F1"": 0.90625, ""iRMSD"": 2.614867381082512, ""LRMSD"": 3.5369932008670375, ""fnat"": 0.9133858267716536, ""nat_correct"": 116, ""nat_total"": 127, ""fnonnat"": 0.10077519379844961, ""nonnat_count"": 13, ""model_total"": 129, ""clashes"": 0, ""len1"": 219, ""len2"": 215, ""class1"": ""receptor"", ""class2"": ""ligand"", ""is_het"": false, ""chain1"": ""A"", ""chain2"": ""B"", ""chain_map"": {""H"": ""A"", ""L"": ""B"", ""A"": ""C""}}, ""HA"": {""DockQ"": 0.03789905989805467, ""F1"": 0.06521739130434782, ""iRMSD"": 13.23520521575276, ""LRMSD"": 41.755105474901015, ""fnat"": 0.061224489795918366, ""nat_correct"": 3, ""nat_total"": 49, ""fnonnat"": 0.9302325581395349, ""nonnat_count"": 40, ""model_total"": 43, ""clashes"": 0, ""len1"": 219, ""len2"": 138, ""class1"": ""receptor"", ""class2"": ""ligand"", ""is_het"": false, ""chain1"": ""A"", ""chain2"": ""C"", ""chain_map"": {""H"": ""A"", ""L"": ""B"", ""A"": ""C""}}, ""LA"": {""DockQ"": 0.015935288162963197, ""F1"": 0.0, ""iRMSD"": 15.271452193407816, ""LRMSD"": 42.621817804044866, ""fnat"": 0, ""nat_correct"": 0, ""nat_total"": 14, ""fnonnat"": 1.0, ""nonnat_count"": 31, ""model_total"": 31, ""clashes"": 0, ""len1"": 215, ""len2"": 138, ""class1"": ""receptor"", ""class2"": ""ligand"", ""is_het"": false, ""chain1"": ""B"", ""chain2"": ""C"", ""chain_map"": {""H"": ""A"", ""L"": ""B"", ""A"": ""C""}}}, ""GlobalDockQ"": 0.24165382562760365, ""best_mapping"": {""H"": ""A"", ""L"": ""B"", ""A"": ""C""}, ""best_mapping_str"": ""ABC:HLA""}"
8aci	0	"{""model"": ""/tmp/chai1_dockq/8aci_trunk0.pdb"", ""native"": ""pdb_structures/8aci.pdb"", ""best_dockq"": 0.9696212914932553, ""best_result"": {""HL"": {""DockQ"": 0.8909221799066146, ""F1"": 0.9213483146067416, ""iRMSD"": 0.8203685946600516, ""LRMSD"": 1.0453669229158726, ""fnat"": 0.917910447761194, ""nat_correct"": 123, ""nat_total"": 134, ""fnonnat"": 0.07518796992481203, ""nonnat_count"": 10, ""model_total"": 133, ""clashes"": 0, ""len1"": 219, ""len2"": 218, ""class1"": ""receptor"", ""class2"": ""ligand"", ""is_het"": false, ""chain1"": ""A"", ""chain2"": ""B"", ""chain_map"": {""H"": ""A"", ""L"": ""B"", ""A"": ""C""}}, ""HA"": {""DockQ"": 0.05795154170470685, ""F1"": 0.11627906976744186, ""iRMSD"": 12.103952210944342, ""LRMSD"": 36.16607053664517, ""fnat"": 0.10638297872340426, ""nat_correct"": 5, ""nat_total"": 47, ""fnonnat"": 0.8717948717948718, ""nonnat_count"": 34, ""model_total"": 39, ""clashes"": 0, ""len1"": 219, ""len2"": 138, ""class1"": ""receptor"", ""class2"": ""ligand"", ""is_het"": false, ""chain1"": ""A"", ""chain2"": ""C"", ""chain_map"": {""H"": ""A"", ""L"": ""B"", ""A"": ""C""}}, ""LA"": {""DockQ"": 0.020747569881933783, ""F1"": 0.0, ""iRMSD"": 14.401158412465433, ""LRMSD"": 36.47444164072587, ""fnat"": 0, ""nat_correct"": 0, ""nat_total"": 13, ""fnonnat"": 1.0, ""nonnat_count"": 26, ""model_total"": 26, ""clashes"": 1, ""len1"": 218, ""len2"": 138, ""class1"": ""receptor"", ""class2"": ""ligand"", ""is_het"": false, ""chain1"": ""B"", ""chain2"": ""C"", ""chain_map"": {""H"": ""A"", ""L"": ""B"", ""A"": ""C""}}}, ""GlobalDockQ"": 0.3232070971644184, ""best_mapping"": {""H"": ""A"", ""L"": ""B"", ""A"": ""C""}, ""best_mapping_str"": ""ABC:HLA""}"
8aci	1	"{""model"": ""/tmp/chai1_dockq/8aci_trunk1.pdb"", ""native"": ""pdb_structures/8aci.pdb"", ""best_dockq"": 0.7099728766666675, ""best_result"": {""HL"": {""DockQ"": 0.6404563898942005, ""F1"": 0.8939393939393939, ""iRMSD"": 2.854680596466003, ""LRMSD"": 3.9228175752665635, ""fnat"": 0.8805970149253731, ""nat_correct"": 118, ""nat_total"": 134, ""fnonnat"": 0.09230769230769231, ""nonnat_count"": 12, ""model_total"": 130, ""clashes"": 0, ""len1"": 219, ""len2"": 218, ""class1"": ""receptor"", ""class2"": ""ligand"", ""is_het"": false, ""chain1"": ""A"", ""chain2"": ""B"", ""chain_map"": {""H"": ""A"", ""L"": ""B"", ""A"": ""C""}}, ""HA"": {""DockQ"": 0.053225001862751274, ""F1"": 0.11627906976744186, ""iRMSD"": 12.548178309217468, ""LRMSD"": 42.07954265957879, ""fnat"": 0.10638297872340426, ""nat_correct"": 5, ""nat_total"": 47, ""fnonnat"": 0.8717948717948718, ""nonnat_count"": 34, ""model_total"": 39, ""clashes"": 1, ""len1"": 219, ""len2"": 138, ""class1"": ""receptor"", ""class2"": ""ligand"", ""is_het"": false, ""chain1"": ""A"", ""chain2"": ""C"", ""chain_map"": {""H"": ""A"", ""L"": ""B"", ""A"": ""C""}}, ""LA"": {""DockQ"": 0.016291484909715815, ""F1"": 0.0, ""iRMSD"": 14.612200922630677, ""LRMSD"": 42.50863716316018, ""fnat"": 0, ""nat_correct"": 0, ""nat_total"": 13, ""fnonnat"": 1.0, ""nonnat_count"": 32, ""model_total"": 32, ""clashes"": 1, ""len1"": 218, ""len2"": 138, ""class1"": ""receptor"", ""class2"": ""ligand"", ""is_het"": false, ""chain1"": ""B"", ""chain2"": ""C"", ""chain_map"": {""H"": ""A"", ""L"": ""B"", ""A"": ""C""}}}, ""GlobalDockQ"": 0.23665762555555583, ""best_mapping"": {""H"": ""A"", ""L"": ""B"", ""A"": ""C""}, ""best_mapping_str"": ""ABC:HLA""}"
8aci	2	"{""model"": ""/tmp/chai1_dockq/8aci_trunk2.pdb"", ""native"": ""pdb_structures/8aci.pdb"", ""best_dockq"": 0.7347049244469898, ""best_result"": {""HL"": {""DockQ"": 0.6787198434256059, ""F1"": 0.8921933085501859, ""iRMSD"": 2.4586921588766986, ""LRMSD"": 3.2945075814153184, ""fnat"": 0.8955223880597015, ""nat_correct"": 120, ""nat_total"": 134, ""fnonnat"": 0.1111111111111111, ""nonnat_count"": 15, ""model_total"": 135, ""clashes"": 0, ""len1"": 219, ""len2"": 218, ""class1"": ""receptor"", ""class2"": ""ligand"", ""is_het"": false, ""chain1"": ""A"", ""chain2"": ""B"", ""chain_map"": {""H"": ""A"", ""L"": ""B"", ""A"": ""C""}}, ""HA"": {""DockQ"": 0.03965475568820274, ""F1"": 0.06896551724137931, ""iRMSD"": 12.650047789323008, ""LRMSD"": 40.96898853969402, ""fnat"": 0.06382978723404255, ""nat_correct"": 3, ""nat_total"": 47, ""fnonnat"": 0.925, ""nonnat_count"": 37, ""model_total"": 40, ""clashes"": 0, ""len1"": 219, ""len2"": 138, ""class1"": ""receptor"", ""class2"": ""ligand"", ""is_het"": false, ""chain1"": ""A"", ""chain2"": ""C"", ""chain_map"": {""H"": ""A"", ""L"": ""B"", ""A"": ""C""}}, ""LA"": {""DockQ"": 0.01633032533318113, ""F1"": 0.0, ""iRMSD"": 15.060804706261079, ""LRMSD"": 42.098949774597635, ""fnat"": 0, ""nat_correct"": 0, ""nat_total"": 13, ""fnonnat"": 1.0, ""nonnat_count"": 34, ""model_total"": 34, ""clashes"": 1, ""len1"": 218, ""len2"": 138, ""class1"": ""receptor"", ""class2"": ""ligand"", ""is_het"": false, ""chain1"": ""B"", ""chain2"": ""C"", ""chain_map"": {""H"": ""A"", ""L"": ""B"", ""A"": ""C""}}}, ""GlobalDockQ"": 0.24490164148232993, ""best_mapping"": {""H"": ""A"", ""L"": ""B"", ""A"": ""C""}, ""best_mapping_str"": ""ABC:HLA""}"
8aci	3	"{""model"": ""/tmp/chai1_dockq/8aci_trunk3.pdb"", ""native"": ""pdb_structures/8aci.pdb"", ""best_dockq"": 0.7696974080262213, ""best_result"": {""HL"": {""DockQ"": 0.694745430504495, ""F1"": 0.8888888888888888, ""iRMSD"": 2.2609193898921984, ""LRMSD"": 3.09287684384524, ""fnat"": 0.8955223880597015, ""nat_correct"": 120, ""nat_total"": 134, ""fnonnat"": 0.11764705882352941, ""nonnat_count"": 16, ""model_total"": 136, ""clashes"": 0, ""len1"": 219, ""len2"": 218, ""class1"": ""receptor"", ""class2"": ""ligand"", ""is_het"": false, ""chain1"": ""A"", ""chain2"": ""B"", ""chain_map"": {""H"": ""A"", ""L"": ""B"", ""A"": ""C""}}, ""HA"": {""DockQ"": 0.056558568120085854, ""F1"": 0.11494252873563218, ""iRMSD"": 12.22607952724691, ""LRMSD"": 37.66382673790029, ""fnat"": 0.10638297872340426, ""nat_correct"": 5, ""nat_total"": 47, ""fnonnat"": 0.875, ""nonnat_count"": 35, ""model_total"": 40, ""clashes"": 0, ""len1"": 219, ""len2"": 138, ""class1"": ""receptor"", ""class2"": ""ligand"", ""is_het"": false, ""chain1"": ""A"", ""chain2"": ""C"", ""chain_map"": {""H"": ""A"", ""L"": ""B"", ""A"": ""C""}}, ""LA"": {""DockQ"": 0.018393409401640453, ""F1"": 0.0, ""iRMSD"": 14.5115126812202, ""LRMSD"": 39.336910421545326, ""fnat"": 0, ""nat_correct"": 0, ""nat_total"": 13, ""fnonnat"": 1.0, ""nonnat_count"": 24, ""model_total"": 24, ""clashes"": 0, ""len1"": 218, ""len2"": 138, ""class1"": ""receptor"", ""class2"": ""ligand"", ""is_het"": false, ""chain1"": ""B"", ""chain2"": ""C"", ""chain_map"": {""H"": ""A"", ""L"": ""B"", ""A"": ""C""}}}, ""GlobalDockQ"": 0.25656580267540713, ""best_mapping"": {""H"": ""A"", ""L"": ""B"", ""A"": ""C""}, ""best_mapping_str"": ""ABC:HLA""}"
8aci	4	"{""model"": ""/tmp/chai1_dockq/8aci_trunk4.pdb"", ""native"": ""pdb_structures/8aci.pdb"", ""best_dockq"": 0.7336759368830644, ""best_result"": {""HL"": {""DockQ"": 0.684492662542835, ""F1"": 0.9083969465648855, ""iRMSD"": 2.3516137371226087, ""LRMSD"": 3.1947781399714787, ""fnat"": 0.8880597014925373, ""nat_correct"": 119, ""nat_total"": 134, ""fnonnat"": 0.0703125, ""nonnat_count"": 9, ""model_total"": 128, ""clashes"": 0, ""len1"": 219, ""len2"": 218, ""class1"": ""receptor"", ""class2"": ""ligand"", ""is_het"": false, ""chain1"": ""A"", ""chain2"": ""B"", ""chain_map"": {""H"": ""A"", ""L"": ""B"", ""A"": ""C""}}, ""HA"": {""DockQ"": 0.03262803418635205, ""F1"": 0.047058823529411764, ""iRMSD"": 12.587842353925565, ""LRMSD"": 40.937452808635264, ""fnat"": 0.0425531914893617, ""nat_correct"": 2, ""nat_total"": 47, ""fnonnat"": 0.9473684210526315, ""nonnat_count"": 36, ""model_total"": 38, ""clashes"": 0, ""len1"": 219, ""len2"": 138, ""class1"": ""receptor"", ""class2"": ""ligand"", ""is_het"": false, ""chain1"": ""A"", ""chain2"": ""C"", ""chain_map"": {""H"": ""A"", ""L"": ""B"", ""A"": ""C""}}, ""LA"": {""DockQ"": 0.0165552401538773, ""F1"": 0.0, ""iRMSD"": 14.920799564307782, ""LRMSD"": 41.82662505329811, ""fnat"": 0, ""nat_correct"": 0, ""nat_total"": 13, ""fnonnat"": 1.0, ""nonnat_count"": 31, ""model_total"": 31, ""clashes"": 0, ""len1"": 218, ""len2"": 138, ""class1"": ""receptor"", ""class2"": ""ligand"", ""is_het"": false, ""chain1"": ""B"", ""chain2"": ""C"", ""chain_map"": {""H"": ""A"", ""L"": ""B"", ""A"": ""C""}}}, ""GlobalDockQ"": 0.24455864562768814, ""best_mapping"": {""H"": ""A"", ""L"": ""B"", ""A"": ""C""}, ""best_mapping_str"": ""ABC:HLA""}"
8aok	0	"{""model"": ""/tmp/chai1_dockq/8aok_trunk0.pdb"", ""native"": ""pdb_structures/8aok.pdb"", ""best_dockq"": 0.4389795149602474, ""best_result"": {""AB"": {""DockQ"": 0.4389795149602474, ""F1"": 0.56, ""iRMSD"": 2.7759298525127343, ""LRMSD"": 7.650129984382612, ""fnat"": 0.5384615384615384, ""nat_correct"": 28, ""nat_total"": 52, ""fnonnat"": 0.4166666666666667, ""nonnat_count"": 20, ""model_total"": 48, ""clashes"": 1, ""len1"": 116, ""len2"": 127, ""class1"": ""ligand"", ""class2"": ""receptor"", ""is_het"": false, ""chain1"": ""B"", ""chain2"": ""A"", ""chain_map"": {""A"": ""B"", ""B"": ""A""}}}, ""GlobalDockQ"": 0.4389795149602474, ""best_mapping"": {""A"": ""B"", ""B"": ""A""}, ""best_mapping_str"": ""BA:AB""}"
8aok	1	"{""model"": ""/tmp/chai1_dockq/8aok_trunk1.pdb"", ""native"": ""pdb_structures/8aok.pdb"", ""best_dockq"": 0.437730267416619, ""best_result"": {""AB"": {""DockQ"": 0.437730267416619, ""F1"": 0.5360824742268041, ""iRMSD"": 2.4638202555416724, ""LRMSD"": 7.801481867099233, ""fnat"": 0.5, ""nat_correct"": 26, ""nat_total"": 52, ""fnonnat"": 0.4222222222222222, ""nonnat_count"": 19, ""model_total"": 45, ""clashes"": 0, ""len1"": 116, ""len2"": 127, ""class1"": ""ligand"", ""class2"": ""receptor"", ""is_het"": false, ""chain1"": ""B"", ""chain2"": ""A"", ""chain_map"": {""A"": ""B"", ""B"": ""A""}}}, ""GlobalDockQ"": 0.437730267416619, ""best_mapping"": {""A"": ""B"", ""B"": ""A""}, ""best_mapping_str"": ""BA:AB""}"
8aok	2	"{""model"": ""/tmp/chai1_dockq/8aok_trunk2.pdb"", ""native"": ""pdb_structures/8aok.pdb"", ""best_dockq"": 0.4851397199270729, ""best_result"": {""AB"": {""DockQ"": 0.4851397199270729, ""F1"": 0.52, ""iRMSD"": 2.3606980006025395, ""LRMSD"": 5.995062539442928, ""fnat"": 0.5, ""nat_correct"": 26, ""nat_total"": 52, ""fnonnat"": 0.4583333333333333, ""nonnat_count"": 22, ""model_total"": 48, ""clashes"": 0, ""len1"": 116, ""len2"": 127, ""class1"": ""ligand"", ""class2"": ""receptor"", ""is_het"": false, ""chain1"": ""B"", ""chain2"": ""A"", ""chain_map"": {""A"": ""B"", ""B"": ""A""}}}, ""GlobalDockQ"": 0.4851397199270729, ""best_mapping"": {""A"": ""B"", ""B"": ""A""}, ""best_mapping_str"": ""BA:AB""}"
8aok	3	"{""model"": ""/tmp/chai1_dockq/8aok_trunk3.pdb"", ""native"": ""pdb_structures/8aok.pdb"", ""best_dockq"": 0.4478707449374233, ""best_result"": {""AB"": {""DockQ"": 0.4478707449374233, ""F1"": 0.5263157894736842, ""iRMSD"": 2.666573527815618, ""LRMSD"": 6.619597714911401, ""fnat"": 0.4807692307692308, ""nat_correct"": 25, ""nat_total"": 52, ""fnonnat"": 0.4186046511627907, ""nonnat_count"": 18, ""model_total"": 43, ""clashes"": 1, ""len1"": 116, ""len2"": 127, ""class1"": ""ligand"", ""class2"": ""receptor"", ""is_het"": false, ""chain1"": ""B"", ""chain2"": ""A"", ""chain_map"": {""A"": ""B"", ""B"": ""A""}}}, ""GlobalDockQ"": 0.4478707449374233, ""best_mapping"": {""A"": ""B"", ""B"": ""A""}, ""best_mapping_str"": ""BA:AB""}"
8aok	4	"{""model"": ""/tmp/chai1_dockq/8aok_trunk4.pdb"", ""native"": ""pdb_structures/8aok.pdb"", ""best_dockq"": 0.4396958443092885, ""best_result"": {""AB"": {""DockQ"": 0.4396958443092885, ""F1"": 0.5274725274725275, ""iRMSD"": 2.798367405817087, ""LRMSD"": 6.453326758882064, ""fnat"": 0.46153846153846156, ""nat_correct"": 24, ""nat_total"": 52, ""fnonnat"": 0.38461538461538464, ""nonnat_count"": 15, ""model_total"": 39, ""clashes"": 0, ""len1"": 116, ""len2"": 127, ""class1"": ""ligand"", ""class2"": ""receptor"", ""is_het"": false, ""chain1"": ""B"", ""chain2"": ""A"", ""chain_map"": {""A"": ""B"", ""B"": ""A""}}}, ""GlobalDockQ"": 0.4396958443092885, ""best_mapping"": {""A"": ""B"", ""B"": ""A""}, ""best_mapping_str"": ""BA:AB""}"
8aom	0	"{""model"": ""/tmp/chai1_dockq/8aom_trunk0.pdb"", ""native"": ""pdb_structures/8aom.pdb"", ""best_dockq"": 0.7719325956779709, ""best_result"": {""AV"": {""DockQ"": 0.7719325956779709, ""F1"": 0.6857142857142857, ""iRMSD"": 1.2816827841121778, ""LRMSD"": 2.513104287576397, ""fnat"": 0.8181818181818182, ""nat_correct"": 36, ""nat_total"": 44, ""fnonnat"": 0.4098360655737705, ""nonnat_count"": 25, ""model_total"": 61, ""clashes"": 0, ""len1"": 216, ""len2"": 118, ""class1"": ""receptor"", ""class2"": ""ligand"", ""is_het"": false, ""chain1"": ""B"", ""chain2"": ""A"", ""chain_map"": {""A"": ""B"", ""V"": ""A""}}}, ""GlobalDockQ"": 0.7719325956779709, ""best_mapping"": {""A"": ""B"", ""V"": ""A""}, ""best_mapping_str"": ""BA:AV""}"
8aom	1	"{""model"": ""/tmp/chai1_dockq/8aom_trunk1.pdb"", ""native"": ""pdb_structures/8aom.pdb"", ""best_dockq"": 0.7586627999220535, ""best_result"": {""AV"": {""DockQ"": 0.7586627999220535, ""F1"": 0.6730769230769231, ""iRMSD"": 1.233870221202486, ""LRMSD"": 3.077550880961028, ""fnat"": 0.7954545454545454, ""nat_correct"": 35, ""nat_total"": 44, ""fnonnat"": 0.4166666666666667, ""nonnat_count"": 25, ""model_total"": 60, ""clashes"": 0, ""len1"": 216, ""len2"": 118, ""class1"": ""receptor"", ""class2"": ""ligand"", ""is_het"": false, ""chain1"": ""B"", ""chain2"": ""A"", ""chain_map"": {""A"": ""B"", ""V"": ""A""}}}, ""GlobalDockQ"": 0.7586627999220535, ""best_mapping"": {""A"": ""B"", ""V"": ""A""}, ""best_mapping_str"": ""BA:AV""}"
8aom	2	"{""model"": ""/tmp/chai1_dockq/8aom_trunk2.pdb"", ""native"": ""pdb_structures/8aom.pdb"", ""best_dockq"": 0.7741534121530793, ""best_result"": {""AV"": {""DockQ"": 0.7741534121530793, ""F1"": 0.7346938775510204, ""iRMSD"": 1.1820832545701048, ""LRMSD"": 3.0280016968870136, ""fnat"": 0.8181818181818182, ""nat_correct"": 36, ""nat_total"": 44, ""fnonnat"": 0.3333333333333333, ""nonnat_count"": 18, ""model_total"": 54, ""clashes"": 0, ""len1"": 216, ""len2"": 118, ""class1"": ""receptor"", ""class2"": ""ligand"", ""is_het"": false, ""chain1"": ""B"", ""chain2"": ""A"", ""chain_map"": {""A"": ""B"", ""V"": ""A""}}}, ""GlobalDockQ"": 0.7741534121530793, ""best_mapping"": {""A"": ""B"", ""V"": ""A""}, ""best_mapping_str"": ""BA:AV""}"
8aom	3	"{""model"": ""/tmp/chai1_dockq/8aom_trunk3.pdb"", ""native"": ""pdb_structures/8aom.pdb"", ""best_dockq"": 0.7267952644199118, ""best_result"": {""AV"": {""DockQ"": 0.7267952644199118, ""F1"": 0.6981132075471698, ""iRMSD"": 1.4401561112490313, ""LRMSD"": 3.994147480478245, ""fnat"": 0.8409090909090909, ""nat_correct"": 37, ""nat_total"": 44, ""fnonnat"": 0.4032258064516129, ""nonnat_count"": 25, ""model_total"": 62, ""clashes"": 0, ""len1"": 216, ""len2"": 118, ""class1"": ""receptor"", ""class2"": ""ligand"", ""is_het"": false, ""chain1"": ""B"", ""chain2"": ""A"", ""chain_map"": {""A"": ""B"", ""V"": ""A""}}}, ""GlobalDockQ"": 0.7267952644199118, ""best_mapping"": {""A"": ""B"", ""V"": ""A""}, ""best_mapping_str"": ""BA:AV""}"
8aom	4	"{""model"": ""/tmp/chai1_dockq/8aom_trunk4.pdb"", ""native"": ""pdb_structures/8aom.pdb"", ""best_dockq"": 0.7615297465613167, ""best_result"": {""AV"": {""DockQ"": 0.7615297465613167, ""F1"": 0.7070707070707071, ""iRMSD"": 1.1860657431561523, ""LRMSD"": 3.2297918922379476, ""fnat"": 0.7954545454545454, ""nat_correct"": 35, ""nat_total"": 44, ""fnonnat"": 0.36363636363636365, ""nonnat_count"": 20, ""model_total"": 55, ""clashes"": 0, ""len1"": 216, ""len2"": 118, ""class1"": ""receptor"", ""class2"": ""ligand"", ""is_het"": false, ""chain1"": ""B"", ""chain2"": ""A"", ""chain_map"": {""A"": ""B"", ""V"": ""A""}}}, ""GlobalDockQ"": 0.7615297465613167, ""best_mapping"": {""A"": ""B"", ""V"": ""A""}, ""best_mapping_str"": ""BA:AV""}"
8apy	0	"{""model"": ""/tmp/chai1_dockq/8apy_trunk0.pdb"", ""native"": ""pdb_structures/8apy.pdb"", ""best_dockq"": 0.8290453713834722, ""best_result"": {""AC"": {""DockQ"": 0.8290453713834722, ""F1"": 0.8533333333333334, ""iRMSD"": 0.9821305515519742, ""LRMSD"": 2.048740883487435, ""fnat"": 0.8421052631578947, ""nat_correct"": 64, ""nat_total"": 76, ""fnonnat"": 0.13513513513513514, ""nonnat_count"": 10, ""model_total"": 74, ""clashes"": 1, ""len1"": 204, ""len2"": 121, ""class1"": ""receptor"", ""class2"": ""ligand"", ""is_het"": false, ""chain1"": ""B"", ""chain2"": ""A"", ""chain_map"": {""A"": ""B"", ""C"": ""A""}}}, ""GlobalDockQ"": 0.8290453713834722, ""best_mapping"": {""A"": ""B"", ""C"": ""A""}, ""best_mapping_str"": ""BA:AC""}"
8apy	1	"{""model"": ""/tmp/chai1_dockq/8apy_trunk1.pdb"", ""native"": ""pdb_structures/8apy.pdb"", ""best_dockq"": 0.8207514766404483, ""best_result"": {""AC"": {""DockQ"": 0.8207514766404483, ""F1"": 0.8441558441558441, ""iRMSD"": 1.0993983417695714, ""LRMSD"": 1.8136933410552856, ""fnat"": 0.8552631578947368, ""nat_correct"": 65, ""nat_total"": 76, ""fnonnat"": 0.16666666666666666, ""nonnat_count"": 13, ""model_total"": 78, ""clashes"": 1, ""len1"": 204, ""len2"": 121, ""class1"": ""receptor"", ""class2"": ""ligand"", ""is_het"": false, ""chain1"": ""B"", ""chain2"": ""A"", ""chain_map"": {""A"": ""B"", ""C"": ""A""}}}, ""GlobalDockQ"": 0.8207514766404483, ""best_mapping"": {""A"": ""B"", ""C"": ""A""}, ""best_mapping_str"": ""BA:AC""}"
8apy	2	"{""model"": ""/tmp/chai1_dockq/8apy_trunk2.pdb"", ""native"": ""pdb_structures/8apy.pdb"", ""best_dockq"": 0.8136676716406067, ""best_result"": {""AC"": {""DockQ"": 0.8136676716406067, ""F1"": 0.8108108108108109, ""iRMSD"": 1.0226101978479791, ""LRMSD"": 1.5246744839799242, ""fnat"": 0.7894736842105263, ""nat_correct"": 60, ""nat_total"": 76, ""fnonnat"": 0.16666666666666666, ""nonnat_count"": 12, ""model_total"": 72, ""clashes"": 1, ""len1"": 204, ""len2"": 121, ""class1"": ""receptor"", ""class2"": ""ligand"", ""is_het"": false, ""chain1"": ""B"", ""chain2"": ""A"", ""chain_map"": {""A"": ""B"", ""C"": ""A""}}}, ""GlobalDockQ"": 0.8136676716406067, ""best_mapping"": {""A"": ""B"", ""C"": ""A""}, ""best_mapping_str"": ""BA:AC""}"
8apy	3	"{""model"": ""/tmp/chai1_dockq/8apy_trunk3.pdb"", ""native"": ""pdb_structures/8apy.pdb"", ""best_dockq"": 0.834340494840334, ""best_result"": {""AC"": {""DockQ"": 0.834340494840334, ""F1"": 0.8235294117647058, ""iRMSD"": 0.9277979039004092, ""LRMSD"": 1.93377188557735, ""fnat"": 0.8289473684210527, ""nat_correct"": 63, ""nat_total"": 76, ""fnonnat"": 0.18181818181818182, ""nonnat_count"": 14, ""model_total"": 77, ""clashes"": 1, ""len1"": 204, ""len2"": 121, ""class1"": ""receptor"", ""class2"": ""ligand"", ""is_het"": false, ""chain1"": ""B"", ""chain2"": ""A"", ""chain_map"": {""A"": ""B"", ""C"": ""A""}}}, ""GlobalDockQ"": 0.834340494840334, ""best_mapping"": {""A"": ""B"", ""C"": ""A""}, ""best_mapping_str"": ""BA:AC""}"
8apy	4	"{""model"": ""/tmp/chai1_dockq/8apy_trunk4.pdb"", ""native"": ""pdb_structures/8apy.pdb"", ""best_dockq"": 0.8438190304365074, ""best_result"": {""AC"": {""DockQ"": 0.8438190304365074, ""F1"": 0.8205128205128205, ""iRMSD"": 0.9267347990544772, ""LRMSD"": 1.604143724000757, ""fnat"": 0.8421052631578947, ""nat_correct"": 64, ""nat_total"": 76, ""fnonnat"": 0.2, ""nonnat_count"": 16, ""model_total"": 80, ""clashes"": 0, ""len1"": 204, ""len2"": 121, ""class1"": ""receptor"", ""class2"": ""ligand"", ""is_het"": false, ""chain1"": ""B"", ""chain2"": ""A"", ""chain_map"": {""A"": ""B"", ""C"": ""A""}}}, ""GlobalDockQ"": 0.8438190304365074, ""best_mapping"": {""A"": ""B"", ""C"": ""A""}, ""best_mapping_str"": ""BA:AC""}"
8b17	0	"{""model"": ""/tmp/chai1_dockq/8b17_trunk0.pdb"", ""native"": ""pdb_structures/8b17.pdb"", ""best_dockq"": 0.14660246356576956, ""best_result"": {""BA"": {""DockQ"": 0.14660246356576956, ""F1"": 0.1897810218978102, ""iRMSD"": 6.858052803901317, ""LRMSD"": 15.570281958157363, ""fnat"": 0.16455696202531644, ""nat_correct"": 13, ""nat_total"": 79, ""fnonnat"": 0.7758620689655172, ""nonnat_count"": 45, ""model_total"": 58, ""clashes"": 1, ""len1"": 127, ""len2"": 451, ""class1"": ""ligand"", ""class2"": ""receptor"", ""is_het"": false, ""chain1"": ""A"", ""chain2"": ""B"", ""chain_map"": {""B"": ""A"", ""A"": ""B""}}}, ""GlobalDockQ"": 0.14660246356576956, ""best_mapping"": {""B"": ""A"", ""A"": ""B""}, ""best_mapping_str"": ""AB:BA""}"
8b17	1	"{""model"": ""/tmp/chai1_dockq/8b17_trunk1.pdb"", ""native"": ""pdb_structures/8b17.pdb"", ""best_dockq"": 0.03227169946391587, ""best_result"": {""CA"": {""DockQ"": 0.03227169946391587, ""F1"": 0.0, ""iRMSD"": 6.883242770161903, ""LRMSD"": 36.48619271323993, ""fnat"": 0, ""nat_correct"": 0, ""nat_total"": 30, ""fnonnat"": 1.0, ""nonnat_count"": 4, ""model_total"": 4, ""clashes"": 0, ""len1"": 3, ""len2"": 451, ""class1"": ""ligand"", ""class2"": ""receptor"", ""is_het"": false, ""chain1"": ""A"", ""chain2"": ""B"", ""chain_map"": {""C"": ""A"", ""A"": ""B""}}}, ""GlobalDockQ"": 0.03227169946391587, ""best_mapping"": {""C"": ""A"", ""A"": ""B""}, ""best_mapping_str"": ""AB:CA""}"
8b17	2	"{""model"": ""/tmp/chai1_dockq/8b17_trunk2.pdb"", ""native"": ""pdb_structures/8b17.pdb"", ""best_dockq"": 0.20764190378140457, ""best_result"": {""BA"": {""DockQ"": 0.20764190378140457, ""F1"": 0.2602739726027397, ""iRMSD"": 5.526123846150195, ""LRMSD"": 12.569587652308936, ""fnat"": 0.24050632911392406, ""nat_correct"": 19, ""nat_total"": 79, ""fnonnat"": 0.7164179104477612, ""nonnat_count"": 48, ""model_total"": 67, ""clashes"": 1, ""len1"": 127, ""len2"": 451, ""class1"": ""ligand"", ""class2"": ""receptor"", ""is_het"": false, ""chain1"": ""A"", ""chain2"": ""B"", ""chain_map"": {""B"": ""A"", ""A"": ""B""}}}, ""GlobalDockQ"": 0.20764190378140457, ""best_mapping"": {""B"": ""A"", ""A"": ""B""}, ""best_mapping_str"": ""AB:BA""}"
8b17	3	"{""model"": ""/tmp/chai1_dockq/8b17_trunk3.pdb"", ""native"": ""pdb_structures/8b17.pdb"", ""best_dockq"": 0.259079630459214, ""best_result"": {""BA"": {""DockQ"": 0.259079630459214, ""F1"": 0.32167832167832167, ""iRMSD"": 4.734464117076024, ""LRMSD"": 10.52226135090268, ""fnat"": 0.2911392405063291, ""nat_correct"": 23, ""nat_total"": 79, ""fnonnat"": 0.640625, ""nonnat_count"": 41, ""model_total"": 64, ""clashes"": 1, ""len1"": 127, ""len2"": 451, ""class1"": ""ligand"", ""class2"": ""receptor"", ""is_het"": false, ""chain1"": ""A"", ""chain2"": ""B"", ""chain_map"": {""B"": ""A"", ""A"": ""B""}}}, ""GlobalDockQ"": 0.259079630459214, ""best_mapping"": {""B"": ""A"", ""A"": ""B""}, ""best_mapping_str"": ""AB:BA""}"
8b17	4	"{""model"": ""/tmp/chai1_dockq/8b17_trunk4.pdb"", ""native"": ""pdb_structures/8b17.pdb"", ""best_dockq"": 0.030817341913947697, ""best_result"": {""CA"": {""DockQ"": 0.030817341913947697, ""F1"": 0.0, ""iRMSD"": 7.047661715639778, ""LRMSD"": 37.400070780586816, ""fnat"": 0, ""nat_correct"": 0, ""nat_total"": 30, ""fnonnat"": 1.0, ""nonnat_count"": 4, ""model_total"": 4, ""clashes"": 0, ""len1"": 3, ""len2"": 451, ""class1"": ""ligand"", ""class2"": ""receptor"", ""is_het"": false, ""chain1"": ""A"", ""chain2"": ""B"", ""chain_map"": {""C"": ""A"", ""A"": ""B""}}}, ""GlobalDockQ"": 0.030817341913947697, ""best_mapping"": {""C"": ""A"", ""A"": ""B""}, ""best_mapping_str"": ""AB:CA""}"
8b18	0	"{""model"": ""/tmp/chai1_dockq/8b18_trunk0.pdb"", ""native"": ""pdb_structures/8b18.pdb"", ""best_dockq"": 0.04051129230351719, ""best_result"": {""CA"": {""DockQ"": 0.04051129230351719, ""F1"": 0.0, ""iRMSD"": 5.645927725578039, ""LRMSD"": 35.03065978887838, ""fnat"": 0, ""nat_correct"": 0, ""nat_total"": 24, ""fnonnat"": 1.0, ""nonnat_count"": 5, ""model_total"": 5, ""clashes"": 0, ""len1"": 2, ""len2"": 451, ""class1"": ""ligand"", ""class2"": ""receptor"", ""is_het"": false, ""chain1"": ""A"", ""chain2"": ""B"", ""chain_map"": {""C"": ""A"", ""A"": ""B""}}}, ""GlobalDockQ"": 0.04051129230351719, ""best_mapping"": {""C"": ""A"", ""A"": ""B""}, ""best_mapping_str"": ""AB:CA""}"
8b18	1	"{""model"": ""/tmp/chai1_dockq/8b18_trunk1.pdb"", ""native"": ""pdb_structures/8b18.pdb"", ""best_dockq"": 0.23653830500133707, ""best_result"": {""BA"": {""DockQ"": 0.23653830500133707, ""F1"": 0.29411764705882354, ""iRMSD"": 4.855952667356382, ""LRMSD"": 11.265581913297972, ""fnat"": 0.2597402597402597, ""nat_correct"": 20, ""nat_total"": 77, ""fnonnat"": 0.6610169491525424, ""nonnat_count"": 39, ""model_total"": 59, ""clashes"": 2, ""len1"": 127, ""len2"": 451, ""class1"": ""ligand"", ""class2"": ""receptor"", ""is_het"": false, ""chain1"": ""A"", ""chain2"": ""B"", ""chain_map"": {""B"": ""A"", ""A"": ""B""}}}, ""GlobalDockQ"": 0.23653830500133707, ""best_mapping"": {""B"": ""A"", ""A"": ""B""}, ""best_mapping_str"": ""AB:BA""}"
8b18	2	"{""model"": ""/tmp/chai1_dockq/8b18_trunk2.pdb"", ""native"": ""pdb_structures/8b18.pdb"", ""best_dockq"": 0.04161998487373777, ""best_result"": {""CA"": {""DockQ"": 0.04161998487373777, ""F1"": 0.0, ""iRMSD"": 5.586782618327314, ""LRMSD"": 34.37527587779922, ""fnat"": 0, ""nat_correct"": 0, ""nat_total"": 24, ""fnonnat"": 1.0, ""nonnat_count"": 6, ""model_total"": 6, ""clashes"": 0, ""len1"": 2, ""len2"": 451, ""class1"": ""ligand"", ""class2"": ""receptor"", ""is_het"": false, ""chain1"": ""A"", ""chain2"": ""B"", ""chain_map"": {""C"": ""A"", ""A"": ""B""}}}, ""GlobalDockQ"": 0.04161998487373777, ""best_mapping"": {""C"": ""A"", ""A"": ""B""}, ""best_mapping_str"": ""AB:CA""}"
8b18	3	"{""model"": ""/tmp/chai1_dockq/8b18_trunk3.pdb"", ""native"": ""pdb_structures/8b18.pdb"", ""best_dockq"": 0.040309015315075046, ""best_result"": {""CA"": {""DockQ"": 0.040309015315075046, ""F1"": 0.0, ""iRMSD"": 5.670091915253997, ""LRMSD"": 35.05829147676098, ""fnat"": 0, ""nat_correct"": 0, ""nat_total"": 24, ""fnonnat"": 1.0, ""nonnat_count"": 6, ""model_total"": 6, ""clashes"": 0, ""len1"": 2, ""len2"": 451, ""class1"": ""ligand"", ""class2"": ""receptor"", ""is_het"": false, ""chain1"": ""A"", ""chain2"": ""B"", ""chain_map"": {""C"": ""A"", ""A"": ""B""}}}, ""GlobalDockQ"": 0.040309015315075046, ""best_mapping"": {""C"": ""A"", ""A"": ""B""}, ""best_mapping_str"": ""AB:CA""}"
8b18	4	"{""model"": ""/tmp/chai1_dockq/8b18_trunk4.pdb"", ""native"": ""pdb_structures/8b18.pdb"", ""best_dockq"": 0.04108305499467611, ""best_result"": {""CA"": {""DockQ"": 0.04108305499467611, ""F1"": 0.0, ""iRMSD"": 5.621917843024025, ""LRMSD"": 34.64037127782589, ""fnat"": 0, ""nat_correct"": 0, ""nat_total"": 24, ""fnonnat"": 1.0, ""nonnat_count"": 7, ""model_total"": 7, ""clashes"": 0, ""len1"": 2, ""len2"": 451, ""class1"": ""ligand"", ""class2"": ""receptor"", ""is_het"": false, ""chain1"": ""A"", ""chain2"": ""B"", ""chain_map"": {""C"": ""A"", ""A"": ""B""}}}, ""GlobalDockQ"": 0.04108305499467611, ""best_mapping"": {""C"": ""A"", ""A"": ""B""}, ""best_mapping_str"": ""AB:CA""}"
8b19	0	"{""model"": ""/tmp/chai1_dockq/8b19_trunk0.pdb"", ""native"": ""pdb_structures/8b19.pdb"", ""best_dockq"": 0.03426150313217124, ""best_result"": {""CA"": {""DockQ"": 0.03426150313217124, ""F1"": 0.0, ""iRMSD"": 6.525988828945409, ""LRMSD"": 36.07225922703189, ""fnat"": 0, ""nat_correct"": 0, ""nat_total"": 29, ""fnonnat"": 1.0, ""nonnat_count"": 7, ""model_total"": 7, ""clashes"": 0, ""len1"": 3, ""len2"": 451, ""class1"": ""ligand"", ""class2"": ""receptor"", ""is_het"": false, ""chain1"": ""A"", ""chain2"": ""B"", ""chain_map"": {""C"": ""A"", ""A"": ""B""}}}, ""GlobalDockQ"": 0.03426150313217124, ""best_mapping"": {""C"": ""A"", ""A"": ""B""}, ""best_mapping_str"": ""AB:CA""}"
8b19	1	"{""model"": ""/tmp/chai1_dockq/8b19_trunk1.pdb"", ""native"": ""pdb_structures/8b19.pdb"", ""best_dockq"": 0.1460878200043677, ""best_result"": {""BA"": {""DockQ"": 0.1460878200043677, ""F1"": 0.1935483870967742, ""iRMSD"": 7.624956681274641, ""LRMSD"": 14.834803756105453, ""fnat"": 0.15384615384615385, ""nat_correct"": 12, ""nat_total"": 78, ""fnonnat"": 0.7391304347826086, ""nonnat_count"": 34, ""model_total"": 46, ""clashes"": 0, ""len1"": 127, ""len2"": 451, ""class1"": ""ligand"", ""class2"": ""receptor"", ""is_het"": false, ""chain1"": ""A"", ""chain2"": ""B"", ""chain_map"": {""B"": ""A"", ""A"": ""B""}}}, ""GlobalDockQ"": 0.1460878200043677, ""best_mapping"": {""B"": ""A"", ""A"": ""B""}, ""best_mapping_str"": ""AB:BA""}"
8b19	2	"{""model"": ""/tmp/chai1_dockq/8b19_trunk2.pdb"", ""native"": ""pdb_structures/8b19.pdb"", ""best_dockq"": 0.06571163365877433, ""best_result"": {""BA"": {""DockQ"": 0.06571163365877433, ""F1"": 0.06756756756756757, ""iRMSD"": 11.345187102877833, ""LRMSD"": 23.481711826942533, ""fnat"": 0.0641025641025641, ""nat_correct"": 5, ""nat_total"": 78, ""fnonnat"": 0.9285714285714286, ""nonnat_count"": 65, ""model_total"": 70, ""clashes"": 1, ""len1"": 127, ""len2"": 451, ""class1"": ""ligand"", ""class2"": ""receptor"", ""is_het"": false, ""chain1"": ""A"", ""chain2"": ""B"", ""chain_map"": {""B"": ""A"", ""A"": ""B""}}}, ""GlobalDockQ"": 0.06571163365877433, ""best_mapping"": {""B"": ""A"", ""A"": ""B""}, ""best_mapping_str"": ""AB:BA""}"
8b19	3	"{""model"": ""/tmp/chai1_dockq/8b19_trunk3.pdb"", ""native"": ""pdb_structures/8b19.pdb"", ""best_dockq"": 0.07930693922707563, ""best_result"": {""BA"": {""DockQ"": 0.07930693922707563, ""F1"": 0.072992700729927, ""iRMSD"": 10.294944698575422, ""LRMSD"": 19.99696598618913, ""fnat"": 0.0641025641025641, ""nat_correct"": 5, ""nat_total"": 78, ""fnonnat"": 0.9152542372881356, ""nonnat_count"": 54, ""model_total"": 59, ""clashes"": 1, ""len1"": 127, ""len2"": 451, ""class1"": ""ligand"", ""class2"": ""receptor"", ""is_het"": false, ""chain1"": ""A"", ""chain2"": ""B"", ""chain_map"": {""B"": ""A"", ""A"": ""B""}}}, ""GlobalDockQ"": 0.07930693922707563, ""best_mapping"": {""B"": ""A"", ""A"": ""B""}, ""best_mapping_str"": ""AB:BA""}"
8b19	4	"{""model"": ""/tmp/chai1_dockq/8b19_trunk4.pdb"", ""native"": ""pdb_structures/8b19.pdb"", ""best_dockq"": 0.04257335519215541, ""best_result"": {""CA"": {""DockQ"": 0.04257335519215541, ""F1"": 0.0, ""iRMSD"": 5.813738626163159, ""LRMSD"": 32.157121760813396, ""fnat"": 0, ""nat_correct"": 0, ""nat_total"": 29, ""fnonnat"": 1.0, ""nonnat_count"": 11, ""model_total"": 11, ""clashes"": 1, ""len1"": 3, ""len2"": 451, ""class1"": ""ligand"", ""class2"": ""receptor"", ""is_het"": false, ""chain1"": ""A"", ""chain2"": ""B"", ""chain_map"": {""C"": ""A"", ""A"": ""B""}}}, ""GlobalDockQ"": 0.04257335519215541, ""best_mapping"": {""C"": ""A"", ""A"": ""B""}, ""best_mapping_str"": ""AB:CA""}"
8b1a	0	"{""model"": ""/tmp/chai1_dockq/8b1a_trunk0.pdb"", ""native"": ""pdb_structures/8b1a.pdb"", ""best_dockq"": 0.06561155925662443, ""best_result"": {""BA"": {""DockQ"": 0.06561155925662443, ""F1"": 0.05194805194805195, ""iRMSD"": 11.016658416092657, ""LRMSD"": 22.185616411812777, ""fnat"": 0.05063291139240506, ""nat_correct"": 4, ""nat_total"": 79, ""fnonnat"": 0.9466666666666667, ""nonnat_count"": 71, ""model_total"": 75, ""clashes"": 2, ""len1"": 127, ""len2"": 451, ""class1"": ""ligand"", ""class2"": ""receptor"", ""is_het"": false, ""chain1"": ""A"", ""chain2"": ""B"", ""chain_map"": {""B"": ""A"", ""A"": ""B""}}}, ""GlobalDockQ"": 0.06561155925662443, ""best_mapping"": {""B"": ""A"", ""A"": ""B""}, ""best_mapping_str"": ""AB:BA""}"
8b1a	1	"{""model"": ""/tmp/chai1_dockq/8b1a_trunk1.pdb"", ""native"": ""pdb_structures/8b1a.pdb"", ""best_dockq"": 0.2877559551602377, ""best_result"": {""BA"": {""DockQ"": 0.2877559551602377, ""F1"": 0.3660130718954248, ""iRMSD"": 4.0446132188739305, ""LRMSD"": 10.676895908708032, ""fnat"": 0.35443037974683544, ""nat_correct"": 28, ""nat_total"": 79, ""fnonnat"": 0.6216216216216216, ""nonnat_count"": 46, ""model_total"": 74, ""clashes"": 0, ""len1"": 127, ""len2"": 451, ""class1"": ""ligand"", ""class2"": ""receptor"", ""is_het"": false, ""chain1"": ""A"", ""chain2"": ""B"", ""chain_map"": {""B"": ""A"", ""A"": ""B""}}}, ""GlobalDockQ"": 0.2877559551602377, ""best_mapping"": {""B"": ""A"", ""A"": ""B""}, ""best_mapping_str"": ""AB:BA""}"
8b1a	2	"{""model"": ""/tmp/chai1_dockq/8b1a_trunk2.pdb"", ""native"": ""pdb_structures/8b1a.pdb"", ""best_dockq"": 0.1420017370400097, ""best_result"": {""BA"": {""DockQ"": 0.1420017370400097, ""F1"": 0.2, ""iRMSD"": 7.040850292020536, ""LRMSD"": 16.097323130791533, ""fnat"": 0.16455696202531644, ""nat_correct"": 13, ""nat_total"": 79, ""fnonnat"": 0.7450980392156863, ""nonnat_count"": 38, ""model_total"": 51, ""clashes"": 1, ""len1"": 127, ""len2"": 451, ""class1"": ""ligand"", ""class2"": ""receptor"", ""is_het"": false, ""chain1"": ""A"", ""chain2"": ""B"", ""chain_map"": {""B"": ""A"", ""A"": ""B""}}}, ""GlobalDockQ"": 0.1420017370400097, ""best_mapping"": {""B"": ""A"", ""A"": ""B""}, ""best_mapping_str"": ""AB:BA""}"
8b1a	3	"{""model"": ""/tmp/chai1_dockq/8b1a_trunk3.pdb"", ""native"": ""pdb_structures/8b1a.pdb"", ""best_dockq"": 0.0753952798409233, ""best_result"": {""BA"": {""DockQ"": 0.0753952798409233, ""F1"": 0.08, ""iRMSD"": 10.685999638910152, ""LRMSD"": 21.900728770418645, ""fnat"": 0.0759493670886076, ""nat_correct"": 6, ""nat_total"": 79, ""fnonnat"": 0.9154929577464789, ""nonnat_count"": 65, ""model_total"": 71, ""clashes"": 1, ""len1"": 127, ""len2"": 451, ""class1"": ""ligand"", ""class2"": ""receptor"", ""is_het"": false, ""chain1"": ""A"", ""chain2"": ""B"", ""chain_map"": {""B"": ""A"", ""A"": ""B""}}}, ""GlobalDockQ"": 0.0753952798409233, ""best_mapping"": {""B"": ""A"", ""A"": ""B""}, ""best_mapping_str"": ""AB:BA""}"
8b1a	4	"{""model"": ""/tmp/chai1_dockq/8b1a_trunk4.pdb"", ""native"": ""pdb_structures/8b1a.pdb"", ""best_dockq"": 0.03081439852332062, ""best_result"": {""CA"": {""DockQ"": 0.03081439852332062, ""F1"": 0.0, ""iRMSD"": 6.577445994993595, ""LRMSD"": 40.09646733486815, ""fnat"": 0, ""nat_correct"": 0, ""nat_total"": 21, ""fnonnat"": 0, ""nonnat_count"": 0, ""model_total"": 0, ""clashes"": 0, ""len1"": 2, ""len2"": 451, ""class1"": ""ligand"", ""class2"": ""receptor"", ""is_het"": false, ""chain1"": ""A"", ""chain2"": ""B"", ""chain_map"": {""C"": ""A"", ""A"": ""B""}}}, ""GlobalDockQ"": 0.03081439852332062, ""best_mapping"": {""C"": ""A"", ""A"": ""B""}, ""best_mapping_str"": ""AB:CA""}"
8b1d	0	"{""model"": ""/tmp/chai1_dockq/8b1d_trunk0.pdb"", ""native"": ""pdb_structures/8b1d.pdb"", ""best_dockq"": 0.02074182231380901, ""best_result"": {""BA"": {""DockQ"": 0.02074182231380901, ""F1"": 0.0, ""iRMSD"": 10.535557888739055, ""LRMSD"": 40.41616809008036, ""fnat"": 0, ""nat_correct"": 0, ""nat_total"": 73, ""fnonnat"": 1.0, ""nonnat_count"": 38, ""model_total"": 38, ""clashes"": 1, ""len1"": 127, ""len2"": 451, ""class1"": ""ligand"", ""class2"": ""receptor"", ""is_het"": false, ""chain1"": ""A"", ""chain2"": ""B"", ""chain_map"": {""B"": ""A"", ""A"": ""B""}}}, ""GlobalDockQ"": 0.02074182231380901, ""best_mapping"": {""B"": ""A"", ""A"": ""B""}, ""best_mapping_str"": ""AB:BA""}"
8b1d	1	"{""model"": ""/tmp/chai1_dockq/8b1d_trunk1.pdb"", ""native"": ""pdb_structures/8b1d.pdb"", ""best_dockq"": 0.07299210687090128, ""best_result"": {""BA"": {""DockQ"": 0.07299210687090128, ""F1"": 0.062111801242236024, ""iRMSD"": 10.943749100570612, ""LRMSD"": 21.79267322376254, ""fnat"": 0.0684931506849315, ""nat_correct"": 5, ""nat_total"": 73, ""fnonnat"": 0.9431818181818182, ""nonnat_count"": 83, ""model_total"": 88, ""clashes"": 0, ""len1"": 127, ""len2"": 451, ""class1"": ""ligand"", ""class2"": ""receptor"", ""is_het"": false, ""chain1"": ""A"", ""chain2"": ""B"", ""chain_map"": {""B"": ""A"", ""A"": ""B""}}}, ""GlobalDockQ"": 0.07299210687090128, ""best_mapping"": {""B"": ""A"", ""A"": ""B""}, ""best_mapping_str"": ""AB:BA""}"
8b1d	2	"{""model"": ""/tmp/chai1_dockq/8b1d_trunk2.pdb"", ""native"": ""pdb_structures/8b1d.pdb"", ""best_dockq"": 0.02342162514318477, ""best_result"": {""BA"": {""DockQ"": 0.02342162514318477, ""F1"": 0.0, ""iRMSD"": 10.1344285377901, ""LRMSD"": 37.51600195820644, ""fnat"": 0, ""nat_correct"": 0, ""nat_total"": 73, ""fnonnat"": 1.0, ""nonnat_count"": 36, ""model_total"": 36, ""clashes"": 0, ""len1"": 127, ""len2"": 451, ""class1"": ""ligand"", ""class2"": ""receptor"", ""is_het"": false, ""chain1"": ""A"", ""chain2"": ""B"", ""chain_map"": {""B"": ""A"", ""A"": ""B""}}}, ""GlobalDockQ"": 0.02342162514318477, ""best_mapping"": {""B"": ""A"", ""A"": ""B""}, ""best_mapping_str"": ""AB:BA""}"
8b1d	3	"{""model"": ""/tmp/chai1_dockq/8b1d_trunk3.pdb"", ""native"": ""pdb_structures/8b1d.pdb"", ""best_dockq"": 0.02082265281243645, ""best_result"": {""CA"": {""DockQ"": 0.02082265281243645, ""F1"": 0.0, ""iRMSD"": 8.702886971637056, ""LRMSD"": 45.572840671439614, ""fnat"": 0, ""nat_correct"": 0, ""nat_total"": 32, ""fnonnat"": 1.0, ""nonnat_count"": 7, ""model_total"": 7, ""clashes"": 1, ""len1"": 3, ""len2"": 451, ""class1"": ""ligand"", ""class2"": ""receptor"", ""is_het"": false, ""chain1"": ""A"", ""chain2"": ""B"", ""chain_map"": {""C"": ""A"", ""A"": ""B""}}}, ""GlobalDockQ"": 0.02082265281243645, ""best_mapping"": {""C"": ""A"", ""A"": ""B""}, ""best_mapping_str"": ""AB:CA""}"
8b1d	4	"{""model"": ""/tmp/chai1_dockq/8b1d_trunk4.pdb"", ""native"": ""pdb_structures/8b1d.pdb"", ""best_dockq"": 0.0668384697588809, ""best_result"": {""BA"": {""DockQ"": 0.0668384697588809, ""F1"": 0.05673758865248227, ""iRMSD"": 11.077665951237533, ""LRMSD"": 22.213940868793273, ""fnat"": 0.0547945205479452, ""nat_correct"": 4, ""nat_total"": 73, ""fnonnat"": 0.9411764705882353, ""nonnat_count"": 64, ""model_total"": 68, ""clashes"": 0, ""len1"": 127, ""len2"": 451, ""class1"": ""ligand"", ""class2"": ""receptor"", ""is_het"": false, ""chain1"": ""A"", ""chain2"": ""B"", ""chain_map"": {""B"": ""A"", ""A"": ""B""}}}, ""GlobalDockQ"": 0.0668384697588809, ""best_mapping"": {""B"": ""A"", ""A"": ""B""}, ""best_mapping_str"": ""AB:BA""}"
8b1e	0	"{""model"": ""/tmp/chai1_dockq/8b1e_trunk0.pdb"", ""native"": ""pdb_structures/8b1e.pdb"", ""best_dockq"": 0.019768241184218344, ""best_result"": {""BA"": {""DockQ"": 0.019768241184218344, ""F1"": 0.0, ""iRMSD"": 10.82765946813584, ""LRMSD"": 41.386330541424606, ""fnat"": 0, ""nat_correct"": 0, ""nat_total"": 75, ""fnonnat"": 1.0, ""nonnat_count"": 35, ""model_total"": 35, ""clashes"": 1, ""len1"": 127, ""len2"": 451, ""class1"": ""ligand"", ""class2"": ""receptor"", ""is_het"": false, ""chain1"": ""A"", ""chain2"": ""B"", ""chain_map"": {""B"": ""A"", ""A"": ""B""}}}, ""GlobalDockQ"": 0.019768241184218344, ""best_mapping"": {""B"": ""A"", ""A"": ""B""}, ""best_mapping_str"": ""AB:BA""}"
8b1e	1	"{""model"": ""/tmp/chai1_dockq/8b1e_trunk1.pdb"", ""native"": ""pdb_structures/8b1e.pdb"", ""best_dockq"": 0.14790906861278552, ""best_result"": {""BA"": {""DockQ"": 0.14790906861278552, ""F1"": 0.1791044776119403, ""iRMSD"": 6.962896507982721, ""LRMSD"": 15.151761095538031, ""fnat"": 0.16, ""nat_correct"": 12, ""nat_total"": 75, ""fnonnat"": 0.7966101694915254, ""nonnat_count"": 47, ""model_total"": 59, ""clashes"": 0, ""len1"": 127, ""len2"": 451, ""class1"": ""ligand"", ""class2"": ""receptor"", ""is_het"": false, ""chain1"": ""A"", ""chain2"": ""B"", ""chain_map"": {""B"": ""A"", ""A"": ""B""}}}, ""GlobalDockQ"": 0.14790906861278552, ""best_mapping"": {""B"": ""A"", ""A"": ""B""}, ""best_mapping_str"": ""AB:BA""}"
8b1e	2	"{""model"": ""/tmp/chai1_dockq/8b1e_trunk2.pdb"", ""native"": ""pdb_structures/8b1e.pdb"", ""best_dockq"": 0.02113741450401267, ""best_result"": {""BA"": {""DockQ"": 0.02113741450401267, ""F1"": 0.0, ""iRMSD"": 10.646648241775539, ""LRMSD"": 39.64479497614772, ""fnat"": 0, ""nat_correct"": 0, ""nat_total"": 75, ""fnonnat"": 1.0, ""nonnat_count"": 43, ""model_total"": 43, ""clashes"": 0, ""len1"": 127, ""len2"": 451, ""class1"": ""ligand"", ""class2"": ""receptor"", ""is_het"": false, ""chain1"": ""A"", ""chain2"": ""B"", ""chain_map"": {""B"": ""A"", ""A"": ""B""}}}, ""GlobalDockQ"": 0.02113741450401267, ""best_mapping"": {""B"": ""A"", ""A"": ""B""}, ""best_mapping_str"": ""AB:BA""}"
8b1e	3	"{""model"": ""/tmp/chai1_dockq/8b1e_trunk3.pdb"", ""native"": ""pdb_structures/8b1e.pdb"", ""best_dockq"": 0.2406019380143848, ""best_result"": {""BA"": {""DockQ"": 0.2406019380143848, ""F1"": 0.2838709677419355, ""iRMSD"": 5.100285680411431, ""LRMSD"": 11.612555313550901, ""fnat"": 0.29333333333333333, ""nat_correct"": 22, ""nat_total"": 75, ""fnonnat"": 0.725, ""nonnat_count"": 58, ""model_total"": 80, ""clashes"": 2, ""len1"": 127, ""len2"": 451, ""class1"": ""ligand"", ""class2"": ""receptor"", ""is_het"": false, ""chain1"": ""A"", ""chain2"": ""B"", ""chain_map"": {""B"": ""A"", ""A"": ""B""}}}, ""GlobalDockQ"": 0.2406019380143848, ""best_mapping"": {""B"": ""A"", ""A"": ""B""}, ""best_mapping_str"": ""AB:BA""}"
8b1e	4	"{""model"": ""/tmp/chai1_dockq/8b1e_trunk4.pdb"", ""native"": ""pdb_structures/8b1e.pdb"", ""best_dockq"": 0.2835458086960845, ""best_result"": {""BA"": {""DockQ"": 0.2835458086960845, ""F1"": 0.34285714285714286, ""iRMSD"": 4.493878892457773, ""LRMSD"": 9.778556276041941, ""fnat"": 0.32, ""nat_correct"": 24, ""nat_total"": 75, ""fnonnat"": 0.6307692307692307, ""nonnat_count"": 41, ""model_total"": 65, ""clashes"": 0, ""len1"": 127, ""len2"": 451, ""class1"": ""ligand"", ""class2"": ""receptor"", ""is_het"": false, ""chain1"": ""A"", ""chain2"": ""B"", ""chain_map"": {""B"": ""A"", ""A"": ""B""}}}, ""GlobalDockQ"": 0.2835458086960845, ""best_mapping"": {""B"": ""A"", ""A"": ""B""}, ""best_mapping_str"": ""AB:BA""}"
8b1f	0	"{""model"": ""/tmp/chai1_dockq/8b1f_trunk0.pdb"", ""native"": ""pdb_structures/8b1f.pdb"", ""best_dockq"": 0.018861529197553045, ""best_result"": {""CA"": {""DockQ"": 0.018861529197553045, ""F1"": 0.0, ""iRMSD"": 8.672803642066631, ""LRMSD"": 50.50932307156598, ""fnat"": 0, ""nat_correct"": 0, ""nat_total"": 20, ""fnonnat"": 0, ""nonnat_count"": 0, ""model_total"": 0, ""clashes"": 0, ""len1"": 2, ""len2"": 451, ""class1"": ""ligand"", ""class2"": ""receptor"", ""is_het"": false, ""chain1"": ""A"", ""chain2"": ""B"", ""chain_map"": {""C"": ""A"", ""A"": ""B""}}}, ""GlobalDockQ"": 0.018861529197553045, ""best_mapping"": {""C"": ""A"", ""A"": ""B""}, ""best_mapping_str"": ""AB:CA""}"
8b1f	1	"{""model"": ""/tmp/chai1_dockq/8b1f_trunk1.pdb"", ""native"": ""pdb_structures/8b1f.pdb"", ""best_dockq"": 0.07636249597582195, ""best_result"": {""BA"": {""DockQ"": 0.07636249597582195, ""F1"": 0.06993006993006994, ""iRMSD"": 10.352880505715547, ""LRMSD"": 20.83085541878848, ""fnat"": 0.06578947368421052, ""nat_correct"": 5, ""nat_total"": 76, ""fnonnat"": 0.9253731343283582, ""nonnat_count"": 62, ""model_total"": 67, ""clashes"": 1, ""len1"": 127, ""len2"": 451, ""class1"": ""ligand"", ""class2"": ""receptor"", ""is_het"": false, ""chain1"": ""A"", ""chain2"": ""B"", ""chain_map"": {""B"": ""A"", ""A"": ""B""}}}, ""GlobalDockQ"": 0.07636249597582195, ""best_mapping"": {""B"": ""A"", ""A"": ""B""}, ""best_mapping_str"": ""AB:BA""}"
8b1f	2	"{""model"": ""/tmp/chai1_dockq/8b1f_trunk2.pdb"", ""native"": ""pdb_structures/8b1f.pdb"", ""best_dockq"": 0.09864270481260945, ""best_result"": {""BA"": {""DockQ"": 0.09864270481260945, ""F1"": 0.09375, ""iRMSD"": 9.262946809398724, ""LRMSD"": 17.469317608360427, ""fnat"": 0.07894736842105263, ""nat_correct"": 6, ""nat_total"": 76, ""fnonnat"": 0.8846153846153846, ""nonnat_count"": 46, ""model_total"": 52, ""clashes"": 0, ""len1"": 127, ""len2"": 451, ""class1"": ""ligand"", ""class2"": ""receptor"", ""is_het"": false, ""chain1"": ""A"", ""chain2"": ""B"", ""chain_map"": {""B"": ""A"", ""A"": ""B""}}}, ""GlobalDockQ"": 0.09864270481260945, ""best_mapping"": {""B"": ""A"", ""A"": ""B""}, ""best_mapping_str"": ""AB:BA""}"
8b1f	3	"{""model"": ""/tmp/chai1_dockq/8b1f_trunk3.pdb"", ""native"": ""pdb_structures/8b1f.pdb"", ""best_dockq"": 0.09074486970827844, ""best_result"": {""BA"": {""DockQ"": 0.09074486970827844, ""F1"": 0.06299212598425197, ""iRMSD"": 9.504471346999658, ""LRMSD"": 17.253745200407238, ""fnat"": 0.05263157894736842, ""nat_correct"": 4, ""nat_total"": 76, ""fnonnat"": 0.9215686274509803, ""nonnat_count"": 47, ""model_total"": 51, ""clashes"": 0, ""len1"": 127, ""len2"": 451, ""class1"": ""ligand"", ""class2"": ""receptor"", ""is_het"": false, ""chain1"": ""A"", ""chain2"": ""B"", ""chain_map"": {""B"": ""A"", ""A"": ""B""}}}, ""GlobalDockQ"": 0.09074486970827844, ""best_mapping"": {""B"": ""A"", ""A"": ""B""}, ""best_mapping_str"": ""AB:BA""}"
8b1f	4	"{""model"": ""/tmp/chai1_dockq/8b1f_trunk4.pdb"", ""native"": ""pdb_structures/8b1f.pdb"", ""best_dockq"": 0.25458851147342076, ""best_result"": {""BA"": {""DockQ"": 0.25458851147342076, ""F1"": 0.3333333333333333, ""iRMSD"": 4.233480792343414, ""LRMSD"": 11.93734757846275, ""fnat"": 0.3157894736842105, ""nat_correct"": 24, ""nat_total"": 76, ""fnonnat"": 0.6470588235294118, ""nonnat_count"": 44, ""model_total"": 68, ""clashes"": 0, ""len1"": 127, ""len2"": 451, ""class1"": ""ligand"", ""class2"": ""receptor"", ""is_het"": false, ""chain1"": ""A"", ""chain2"": ""B"", ""chain_map"": {""B"": ""A"", ""A"": ""B""}}}, ""GlobalDockQ"": 0.25458851147342076, ""best_mapping"": {""B"": ""A"", ""A"": ""B""}, ""best_mapping_str"": ""AB:BA""}"
8b1g	0	"{""model"": ""/tmp/chai1_dockq/8b1g_trunk0.pdb"", ""native"": ""pdb_structures/8b1g.pdb"", ""best_dockq"": 0.035275145028092765, ""best_result"": {""CA"": {""DockQ"": 0.035275145028092765, ""F1"": 0.0, ""iRMSD"": 6.066479601788102, ""LRMSD"": 37.76764928263905, ""fnat"": 0, ""nat_correct"": 0, ""nat_total"": 22, ""fnonnat"": 1.0, ""nonnat_count"": 2, ""model_total"": 2, ""clashes"": 0, ""len1"": 2, ""len2"": 451, ""class1"": ""ligand"", ""class2"": ""receptor"", ""is_het"": false, ""chain1"": ""A"", ""chain2"": ""B"", ""chain_map"": {""C"": ""A"", ""A"": ""B""}}}, ""GlobalDockQ"": 0.035275145028092765, ""best_mapping"": {""C"": ""A"", ""A"": ""B""}, ""best_mapping_str"": ""AB:CA""}"
8b1g	1	"{""model"": ""/tmp/chai1_dockq/8b1g_trunk1.pdb"", ""native"": ""pdb_structures/8b1g.pdb"", ""best_dockq"": 0.0309194125129487, ""best_result"": {""CA"": {""DockQ"": 0.0309194125129487, ""F1"": 0.0, ""iRMSD"": 6.518109652411267, ""LRMSD"": 40.36378894967646, ""fnat"": 0, ""nat_correct"": 0, ""nat_total"": 22, ""fnonnat"": 0, ""nonnat_count"": 0, ""model_total"": 0, ""clashes"": 0, ""len1"": 2, ""len2"": 451, ""class1"": ""ligand"", ""class2"": ""receptor"", ""is_het"": false, ""chain1"": ""A"", ""chain2"": ""B"", ""chain_map"": {""C"": ""A"", ""A"": ""B""}}}, ""GlobalDockQ"": 0.0309194125129487, ""best_mapping"": {""C"": ""A"", ""A"": ""B""}, ""best_mapping_str"": ""AB:CA""}"
8b1g	2	"{""model"": ""/tmp/chai1_dockq/8b1g_trunk2.pdb"", ""native"": ""pdb_structures/8b1g.pdb"", ""best_dockq"": 0.03759878391587924, ""best_result"": {""CA"": {""DockQ"": 0.03759878391587924, ""F1"": 0.0, ""iRMSD"": 5.860736039842687, ""LRMSD"": 36.54639610965103, ""fnat"": 0, ""nat_correct"": 0, ""nat_total"": 22, ""fnonnat"": 1.0, ""nonnat_count"": 3, ""model_total"": 3, ""clashes"": 0, ""len1"": 2, ""len2"": 451, ""class1"": ""ligand"", ""class2"": ""receptor"", ""is_het"": false, ""chain1"": ""A"", ""chain2"": ""B"", ""chain_map"": {""C"": ""A"", ""A"": ""B""}}}, ""GlobalDockQ"": 0.03759878391587924, ""best_mapping"": {""C"": ""A"", ""A"": ""B""}, ""best_mapping_str"": ""AB:CA""}"
8b1g	3	"{""model"": ""/tmp/chai1_dockq/8b1g_trunk3.pdb"", ""native"": ""pdb_structures/8b1g.pdb"", ""best_dockq"": 0.03605349160928029, ""best_result"": {""CA"": {""DockQ"": 0.03605349160928029, ""F1"": 0.0, ""iRMSD"": 6.003366026837874, ""LRMSD"": 37.2871258974251, ""fnat"": 0, ""nat_correct"": 0, ""nat_total"": 22, ""fnonnat"": 1.0, ""nonnat_count"": 1, ""model_total"": 1, ""clashes"": 0, ""len1"": 2, ""len2"": 451, ""class1"": ""ligand"", ""class2"": ""receptor"", ""is_het"": false, ""chain1"": ""A"", ""chain2"": ""B"", ""chain_map"": {""C"": ""A"", ""A"": ""B""}}}, ""GlobalDockQ"": 0.03605349160928029, ""best_mapping"": {""C"": ""A"", ""A"": ""B""}, ""best_mapping_str"": ""AB:CA""}"
8b1g	4	"{""model"": ""/tmp/chai1_dockq/8b1g_trunk4.pdb"", ""native"": ""pdb_structures/8b1g.pdb"", ""best_dockq"": 0.07623171758293441, ""best_result"": {""BA"": {""DockQ"": 0.07623171758293441, ""F1"": 0.07894736842105263, ""iRMSD"": 10.976342057394964, ""LRMSD"": 21.8525872949017, ""fnat"": 0.07894736842105263, ""nat_correct"": 6, ""nat_total"": 76, ""fnonnat"": 0.9210526315789473, ""nonnat_count"": 70, ""model_total"": 76, ""clashes"": 0, ""len1"": 127, ""len2"": 451, ""class1"": ""ligand"", ""class2"": ""receptor"", ""is_het"": false, ""chain1"": ""A"", ""chain2"": ""B"", ""chain_map"": {""B"": ""A"", ""A"": ""B""}}}, ""GlobalDockQ"": 0.07623171758293441, ""best_mapping"": {""B"": ""A"", ""A"": ""B""}, ""best_mapping_str"": ""AB:BA""}"
8b7h	0	"{""model"": ""/tmp/chai1_dockq/8b7h_trunk0.pdb"", ""native"": ""pdb_structures/8b7h.pdb"", ""best_dockq"": 1.3805700805842553, ""best_result"": {""LH"": {""DockQ"": 0.6500744254590355, ""F1"": 0.8898678414096917, ""iRMSD"": 3.1173018528550114, ""LRMSD"": 3.7701210460379553, ""fnat"": 0.926605504587156, ""nat_correct"": 101, ""nat_total"": 109, ""fnonnat"": 0.1440677966101695, ""nonnat_count"": 17, ""model_total"": 118, ""clashes"": 1, ""len1"": 219, ""len2"": 221, ""class1"": ""ligand"", ""class2"": ""receptor"", ""is_het"": false, ""chain1"": ""B"", ""chain2"": ""A"", ""chain_map"": {""L"": ""B"", ""H"": ""A"", ""A"": ""C""}}, ""LA"": {""DockQ"": 0.3871750250078687, ""F1"": 0.5714285714285714, ""iRMSD"": 3.0220592209665416, ""LRMSD"": 13.071282952635967, ""fnat"": 0.6666666666666666, ""nat_correct"": 4, ""nat_total"": 6, ""fnonnat"": 0.5, ""nonnat_count"": 4, ""model_total"": 8, ""clashes"": 0, ""len1"": 219, ""len2"": 74, ""class1"": ""receptor"", ""class2"": ""ligand"", ""is_het"": false, ""chain1"": ""B"", ""chain2"": ""C"", ""chain_map"": {""L"": ""B"", ""H"": ""A"", ""A"": ""C""}}, ""HA"": {""DockQ"": 0.34332063011735103, ""F1"": 0.5263157894736842, ""iRMSD"": 3.316290506401446, ""LRMSD"": 14.56468042232566, ""fnat"": 0.6060606060606061, ""nat_correct"": 20, ""nat_total"": 33, ""fnonnat"": 0.5348837209302325, ""nonnat_count"": 23, ""model_total"": 43, ""clashes"": 1, ""len1"": 221, ""len2"": 74, ""class1"": ""receptor"", ""class2"": ""ligand"", ""is_het"": false, ""chain1"": ""A"", ""chain2"": ""C"", ""chain_map"": {""L"": ""B"", ""H"": ""A"", ""A"": ""C""}}}, ""GlobalDockQ"": 0.46019002686141847, ""best_mapping"": {""L"": ""B"", ""H"": ""A"", ""A"": ""C""}, ""best_mapping_str"": ""BAC:LHA""}"
8b7h	1	"{""model"": ""/tmp/chai1_dockq/8b7h_trunk1.pdb"", ""native"": ""pdb_structures/8b7h.pdb"", ""best_dockq"": 1.4133751990186822, ""best_result"": {""LH"": {""DockQ"": 0.6178689541080403, ""F1"": 0.8546255506607929, ""iRMSD"": 3.3898616425312786, ""LRMSD"": 4.250571164121944, ""fnat"": 0.8899082568807339, ""nat_correct"": 97, ""nat_total"": 109, ""fnonnat"": 0.17796610169491525, ""nonnat_count"": 21, ""model_total"": 118, ""clashes"": 1, ""len1"": 219, ""len2"": 221, ""class1"": ""ligand"", ""class2"": ""receptor"", ""is_het"": false, ""chain1"": ""B"", ""chain2"": ""A"", ""chain_map"": {""L"": ""B"", ""H"": ""A"", ""A"": ""C""}}, ""LA"": {""DockQ"": 0.46731067662474507, ""F1"": 0.6666666666666666, ""iRMSD"": 2.6989982915712663, ""LRMSD"": 12.040246778769344, ""fnat"": 0.8333333333333334, ""nat_correct"": 5, ""nat_total"": 6, ""fnonnat"": 0.4444444444444444, ""nonnat_count"": 4, ""model_total"": 9, ""clashes"": 1, ""len1"": 219, ""len2"": 74, ""class1"": ""receptor"", ""class2"": ""ligand"", ""is_het"": false, ""chain1"": ""B"", ""chain2"": ""C"", ""chain_map"": {""L"": ""B"", ""H"": ""A"", ""A"": ""C""}}, ""HA"": {""DockQ"": 0.32819556828589674, ""F1"": 0.5538461538461539, ""iRMSD"": 3.4322965212551284, ""LRMSD"": 13.672055500738987, ""fnat"": 0.5454545454545454, ""nat_correct"": 18, ""nat_total"": 33, ""fnonnat"": 0.4375, ""nonnat_count"": 14, ""model_total"": 32, ""clashes"": 0, ""len1"": 221, ""len2"": 74, ""class1"": ""receptor"", ""class2"": ""ligand"", ""is_het"": false, ""chain1"": ""A"", ""chain2"": ""C"", ""chain_map"": {""L"": ""B"", ""H"": ""A"", ""A"": ""C""}}}, ""GlobalDockQ"": 0.47112506633956075, ""best_mapping"": {""L"": ""B"", ""H"": ""A"", ""A"": ""C""}, ""best_mapping_str"": ""BAC:LHA""}"
8b7h	2	"{""model"": ""/tmp/chai1_dockq/8b7h_trunk2.pdb"", ""native"": ""pdb_structures/8b7h.pdb"", ""best_dockq"": 1.5345484912861238, ""best_result"": {""LH"": {""DockQ"": 0.792253619808013, ""F1"": 0.8355555555555556, ""iRMSD"": 1.4128640606747918, ""LRMSD"": 1.0669550872636033, ""fnat"": 0.8623853211009175, ""nat_correct"": 94, ""nat_total"": 109, ""fnonnat"": 0.1896551724137931, ""nonnat_count"": 22, ""model_total"": 116, ""clashes"": 0, ""len1"": 219, ""len2"": 221, ""class1"": ""ligand"", ""class2"": ""receptor"", ""is_het"": false, ""chain1"": ""B"", ""chain2"": ""A"", ""chain_map"": {""L"": ""B"", ""H"": ""A"", ""A"": ""C""}}, ""LA"": {""DockQ"": 0.3871765135765093, ""F1"": 0.6153846153846154, ""iRMSD"": 2.5197381139871142, ""LRMSD"": 15.413001743870193, ""fnat"": 0.6666666666666666, ""nat_correct"": 4, ""nat_total"": 6, ""fnonnat"": 0.42857142857142855, ""nonnat_count"": 3, ""model_total"": 7, ""clashes"": 0, ""len1"": 219, ""len2"": 74, ""class1"": ""receptor"", ""class2"": ""ligand"", ""is_het"": false, ""chain1"": ""B"", ""chain2"": ""C"", ""chain_map"": {""L"": ""B"", ""H"": ""A"", ""A"": ""C""}}, ""HA"": {""DockQ"": 0.3551183579016015, ""F1"": 0.6567164179104478, ""iRMSD"": 3.3598485417293227, ""LRMSD"": 15.443674756213882, ""fnat"": 0.6666666666666666, ""nat_correct"": 22, ""nat_total"": 33, ""fnonnat"": 0.35294117647058826, ""nonnat_count"": 12, ""model_total"": 34, ""clashes"": 0, ""len1"": 221, ""len2"": 74, ""class1"": ""receptor"", ""class2"": ""ligand"", ""is_het"": false, ""chain1"": ""A"", ""chain2"": ""C"", ""chain_map"": {""L"": ""B"", ""H"": ""A"", ""A"": ""C""}}}, ""GlobalDockQ"": 0.5115161637620412, ""best_mapping"": {""L"": ""B"", ""H"": ""A"", ""A"": ""C""}, ""best_mapping_str"": ""BAC:LHA""}"
8b7h	3	"{""model"": ""/tmp/chai1_dockq/8b7h_trunk3.pdb"", ""native"": ""pdb_structures/8b7h.pdb"", ""best_dockq"": 1.3506118447917215, ""best_result"": {""LH"": {""DockQ"": 0.8133774089436846, ""F1"": 0.8240343347639485, ""iRMSD"": 1.2921854330156437, ""LRMSD"": 1.0353194771207603, ""fnat"": 0.8807339449541285, ""nat_correct"": 96, ""nat_total"": 109, ""fnonnat"": 0.22580645161290322, ""nonnat_count"": 28, ""model_total"": 124, ""clashes"": 0, ""len1"": 219, ""len2"": 221, ""class1"": ""ligand"", ""class2"": ""receptor"", ""is_het"": false, ""chain1"": ""B"", ""chain2"": ""A"", ""chain_map"": {""L"": ""B"", ""H"": ""A"", ""A"": ""C""}}, ""LA"": {""DockQ"": 0.22605062674816037, ""F1"": 0.3333333333333333, ""iRMSD"": 3.344138419419562, ""LRMSD"": 18.308374660004354, ""fnat"": 0.3333333333333333, ""nat_correct"": 2, ""nat_total"": 6, ""fnonnat"": 0.6666666666666666, ""nonnat_count"": 4, ""model_total"": 6, ""clashes"": 0, ""len1"": 219, ""len2"": 74, ""class1"": ""receptor"", ""class2"": ""ligand"", ""is_het"": false, ""chain1"": ""B"", ""chain2"": ""C"", ""chain_map"": {""L"": ""B"", ""H"": ""A"", ""A"": ""C""}}, ""HA"": {""DockQ"": 0.31118380909987636, ""F1"": 0.5671641791044776, ""iRMSD"": 3.3623979679351743, ""LRMSD"": 17.447647318749297, ""fnat"": 0.5757575757575758, ""nat_correct"": 19, ""nat_total"": 33, ""fnonnat"": 0.4411764705882353, ""nonnat_count"": 15, ""model_total"": 34, ""clashes"": 2, ""len1"": 221, ""len2"": 74, ""class1"": ""receptor"", ""class2"": ""ligand"", ""is_het"": false, ""chain1"": ""A"", ""chain2"": ""C"", ""chain_map"": {""L"": ""B"", ""H"": ""A"", ""A"": ""C""}}}, ""GlobalDockQ"": 0.45020394826390714, ""best_mapping"": {""L"": ""B"", ""H"": ""A"", ""A"": ""C""}, ""best_mapping_str"": ""BAC:LHA""}"
8b7h	4	"{""model"": ""/tmp/chai1_dockq/8b7h_trunk4.pdb"", ""native"": ""pdb_structures/8b7h.pdb"", ""best_dockq"": 1.616100938434615, ""best_result"": {""LH"": {""DockQ"": 0.8396828426029819, ""F1"": 0.8559322033898306, ""iRMSD"": 1.220410403453474, ""LRMSD"": 0.8216487650305431, ""fnat"": 0.926605504587156, ""nat_correct"": 101, ""nat_total"": 109, ""fnonnat"": 0.2047244094488189, ""nonnat_count"": 26, ""model_total"": 127, ""clashes"": 1, ""len1"": 219, ""len2"": 221, ""class1"": ""ligand"", ""class2"": ""receptor"", ""is_het"": false, ""chain1"": ""B"", ""chain2"": ""A"", ""chain_map"": {""L"": ""B"", ""H"": ""A"", ""A"": ""C""}}, ""LA"": {""DockQ"": 0.4176397159084248, ""F1"": 0.4444444444444444, ""iRMSD"": 2.0225490692398154, ""LRMSD"": 15.491183100507941, ""fnat"": 0.6666666666666666, ""nat_correct"": 4, ""nat_total"": 6, ""fnonnat"": 0.6666666666666666, ""nonnat_count"": 8, ""model_total"": 12, ""clashes"": 1, ""len1"": 219, ""len2"": 74, ""class1"": ""receptor"", ""class2"": ""ligand"", ""is_het"": false, ""chain1"": ""B"", ""chain2"": ""C"", ""chain_map"": {""L"": ""B"", ""H"": ""A"", ""A"": ""C""}}, ""HA"": {""DockQ"": 0.3587783799232082, ""F1"": 0.6268656716417911, ""iRMSD"": 3.0247315706718476, ""LRMSD"": 15.019413552701078, ""fnat"": 0.6363636363636364, ""nat_correct"": 21, ""nat_total"": 33, ""fnonnat"": 0.38235294117647056, ""nonnat_count"": 13, ""model_total"": 34, ""clashes"": 1, ""len1"": 221, ""len2"": 74, ""class1"": ""receptor"", ""class2"": ""ligand"", ""is_het"": false, ""chain1"": ""A"", ""chain2"": ""C"", ""chain_map"": {""L"": ""B"", ""H"": ""A"", ""A"": ""C""}}}, ""GlobalDockQ"": 0.5387003128115383, ""best_mapping"": {""L"": ""B"", ""H"": ""A"", ""A"": ""C""}, ""best_mapping_str"": ""BAC:LHA""}"
8be2	0	"{""model"": ""/tmp/chai1_dockq/8be2_trunk0.pdb"", ""native"": ""pdb_structures/8be2.pdb"", ""best_dockq"": 0.4801033376529737, ""best_result"": {""SN"": {""DockQ"": 0.4801033376529737, ""F1"": 0.7326732673267327, ""iRMSD"": 1.35580753193232, ""LRMSD"": 17.44641074196863, ""fnat"": 0.6981132075471698, ""nat_correct"": 37, ""nat_total"": 53, ""fnonnat"": 0.22916666666666666, ""nonnat_count"": 11, ""model_total"": 48, ""clashes"": 2, ""len1"": 449, ""len2"": 116, ""class1"": ""receptor"", ""class2"": ""ligand"", ""is_het"": false, ""chain1"": ""B"", ""chain2"": ""A"", ""chain_map"": {""S"": ""B"", ""N"": ""A""}}}, ""GlobalDockQ"": 0.4801033376529737, ""best_mapping"": {""S"": ""B"", ""N"": ""A""}, ""best_mapping_str"": ""BA:SN""}"
8be2	1	"{""model"": ""/tmp/chai1_dockq/8be2_trunk1.pdb"", ""native"": ""pdb_structures/8be2.pdb"", ""best_dockq"": 0.425616037381602, ""best_result"": {""SN"": {""DockQ"": 0.425616037381602, ""F1"": 0.6792452830188679, ""iRMSD"": 1.7606323772145411, ""LRMSD"": 18.326934609827358, ""fnat"": 0.6792452830188679, ""nat_correct"": 36, ""nat_total"": 53, ""fnonnat"": 0.32075471698113206, ""nonnat_count"": 17, ""model_total"": 53, ""clashes"": 3, ""len1"": 449, ""len2"": 116, ""class1"": ""receptor"", ""class2"": ""ligand"", ""is_het"": false, ""chain1"": ""B"", ""chain2"": ""A"", ""chain_map"": {""S"": ""B"", ""N"": ""A""}}}, ""GlobalDockQ"": 0.425616037381602, ""best_mapping"": {""S"": ""B"", ""N"": ""A""}, ""best_mapping_str"": ""BA:SN""}"
8be2	2	"{""model"": ""/tmp/chai1_dockq/8be2_trunk2.pdb"", ""native"": ""pdb_structures/8be2.pdb"", ""best_dockq"": 0.40040350969118094, ""best_result"": {""SN"": {""DockQ"": 0.40040350969118094, ""F1"": 0.6545454545454545, ""iRMSD"": 1.9890883330939795, ""LRMSD"": 19.516587222368678, ""fnat"": 0.6792452830188679, ""nat_correct"": 36, ""nat_total"": 53, ""fnonnat"": 0.3684210526315789, ""nonnat_count"": 21, ""model_total"": 57, ""clashes"": 4, ""len1"": 449, ""len2"": 116, ""class1"": ""receptor"", ""class2"": ""ligand"", ""is_het"": false, ""chain1"": ""B"", ""chain2"": ""A"", ""chain_map"": {""S"": ""B"", ""N"": ""A""}}}, ""GlobalDockQ"": 0.40040350969118094, ""best_mapping"": {""S"": ""B"", ""N"": ""A""}, ""best_mapping_str"": ""BA:SN""}"
8be2	3	"{""model"": ""/tmp/chai1_dockq/8be2_trunk3.pdb"", ""native"": ""pdb_structures/8be2.pdb"", ""best_dockq"": 0.407005074093449, ""best_result"": {""SN"": {""DockQ"": 0.407005074093449, ""F1"": 0.6605504587155964, ""iRMSD"": 1.92129358940836, ""LRMSD"": 19.256506565498455, ""fnat"": 0.6792452830188679, ""nat_correct"": 36, ""nat_total"": 53, ""fnonnat"": 0.35714285714285715, ""nonnat_count"": 20, ""model_total"": 56, ""clashes"": 3, ""len1"": 449, ""len2"": 116, ""class1"": ""receptor"", ""class2"": ""ligand"", ""is_het"": false, ""chain1"": ""B"", ""chain2"": ""A"", ""chain_map"": {""S"": ""B"", ""N"": ""A""}}}, ""GlobalDockQ"": 0.407005074093449, ""best_mapping"": {""S"": ""B"", ""N"": ""A""}, ""best_mapping_str"": ""BA:SN""}"
8be2	4	"{""model"": ""/tmp/chai1_dockq/8be2_trunk4.pdb"", ""native"": ""pdb_structures/8be2.pdb"", ""best_dockq"": 0.36784370814197004, ""best_result"": {""SN"": {""DockQ"": 0.36784370814197004, ""F1"": 0.5567010309278351, ""iRMSD"": 1.8559097868792271, ""LRMSD"": 17.054795295301997, ""fnat"": 0.5094339622641509, ""nat_correct"": 27, ""nat_total"": 53, ""fnonnat"": 0.38636363636363635, ""nonnat_count"": 17, ""model_total"": 44, ""clashes"": 3, ""len1"": 449, ""len2"": 116, ""class1"": ""receptor"", ""class2"": ""ligand"", ""is_het"": false, ""chain1"": ""B"", ""chain2"": ""A"", ""chain_map"": {""S"": ""B"", ""N"": ""A""}}}, ""GlobalDockQ"": 0.36784370814197004, ""best_mapping"": {""S"": ""B"", ""N"": ""A""}, ""best_mapping_str"": ""BA:SN""}"
8bec	0	"{""model"": ""/tmp/chai1_dockq/8bec_trunk0.pdb"", ""native"": ""pdb_structures/8bec.pdb"", ""best_dockq"": 0.030178352282782636, ""best_result"": {""CD"": {""DockQ"": 0.030178352282782636, ""F1"": 0.0851063829787234, ""iRMSD"": 21.66500569211914, ""LRMSD"": 63.53704157404022, ""fnat"": 0.06818181818181818, ""nat_correct"": 6, ""nat_total"": 88, ""fnonnat"": 0.8867924528301887, ""nonnat_count"": 47, ""model_total"": 53, ""clashes"": 1, ""len1"": 225, ""len2"": 194, ""class1"": ""receptor"", ""class2"": ""ligand"", ""is_het"": false, ""chain1"": ""A"", ""chain2"": ""B"", ""chain_map"": {""C"": ""A"", ""D"": ""B""}}}, ""GlobalDockQ"": 0.030178352282782636, ""best_mapping"": {""C"": ""A"", ""D"": ""B""}, ""best_mapping_str"": ""AB:CD""}"
8bec	1	"{""model"": ""/tmp/chai1_dockq/8bec_trunk1.pdb"", ""native"": ""pdb_structures/8bec.pdb"", ""best_dockq"": 0.03219317653326236, ""best_result"": {""CD"": {""DockQ"": 0.03219317653326236, ""F1"": 0.08759124087591241, ""iRMSD"": 20.631103484102507, ""LRMSD"": 55.228005951237016, ""fnat"": 0.06818181818181818, ""nat_correct"": 6, ""nat_total"": 88, ""fnonnat"": 0.8775510204081632, ""nonnat_count"": 43, ""model_total"": 49, ""clashes"": 0, ""len1"": 225, ""len2"": 194, ""class1"": ""receptor"", ""class2"": ""ligand"", ""is_het"": false, ""chain1"": ""A"", ""chain2"": ""B"", ""chain_map"": {""C"": ""A"", ""D"": ""B""}}}, ""GlobalDockQ"": 0.03219317653326236, ""best_mapping"": {""C"": ""A"", ""D"": ""B""}, ""best_mapping_str"": ""AB:CD""}"
8bec	2	"{""model"": ""/tmp/chai1_dockq/8bec_trunk2.pdb"", ""native"": ""pdb_structures/8bec.pdb"", ""best_dockq"": 0.026010622466400086, ""best_result"": {""CD"": {""DockQ"": 0.026010622466400086, ""F1"": 0.07575757575757576, ""iRMSD"": 22.68254260859934, ""LRMSD"": 64.9088596852626, ""fnat"": 0.056818181818181816, ""nat_correct"": 5, ""nat_total"": 88, ""fnonnat"": 0.8863636363636364, ""nonnat_count"": 39, ""model_total"": 44, ""clashes"": 0, ""len1"": 225, ""len2"": 194, ""class1"": ""receptor"", ""class2"": ""ligand"", ""is_het"": false, ""chain1"": ""A"", ""chain2"": ""B"", ""chain_map"": {""C"": ""A"", ""D"": ""B""}}}, ""GlobalDockQ"": 0.026010622466400086, ""best_mapping"": {""C"": ""A"", ""D"": ""B""}, ""best_mapping_str"": ""AB:CD""}"
8bec	3	"{""model"": ""/tmp/chai1_dockq/8bec_trunk3.pdb"", ""native"": ""pdb_structures/8bec.pdb"", ""best_dockq"": 0.02553482944540845, ""best_result"": {""CD"": {""DockQ"": 0.02553482944540845, ""F1"": 0.078125, ""iRMSD"": 22.588804754230427, ""LRMSD"": 67.97424183880187, ""fnat"": 0.056818181818181816, ""nat_correct"": 5, ""nat_total"": 88, ""fnonnat"": 0.875, ""nonnat_count"": 35, ""model_total"": 40, ""clashes"": 0, ""len1"": 225, ""len2"": 194, ""class1"": ""receptor"", ""class2"": ""ligand"", ""is_het"": false, ""chain1"": ""A"", ""chain2"": ""B"", ""chain_map"": {""C"": ""A"", ""D"": ""B""}}}, ""GlobalDockQ"": 0.02553482944540845, ""best_mapping"": {""C"": ""A"", ""D"": ""B""}, ""best_mapping_str"": ""AB:CD""}"
8bec	4	"{""model"": ""/tmp/chai1_dockq/8bec_trunk4.pdb"", ""native"": ""pdb_structures/8bec.pdb"", ""best_dockq"": 0.02913284246603952, ""best_result"": {""CD"": {""DockQ"": 0.02913284246603952, ""F1"": 0.07518796992481203, ""iRMSD"": 21.29043858267857, ""LRMSD"": 52.39746810813516, ""fnat"": 0.056818181818181816, ""nat_correct"": 5, ""nat_total"": 88, ""fnonnat"": 0.8888888888888888, ""nonnat_count"": 40, ""model_total"": 45, ""clashes"": 0, ""len1"": 225, ""len2"": 194, ""class1"": ""receptor"", ""class2"": ""ligand"", ""is_het"": false, ""chain1"": ""A"", ""chain2"": ""B"", ""chain_map"": {""C"": ""A"", ""D"": ""B""}}}, ""GlobalDockQ"": 0.02913284246603952, ""best_mapping"": {""C"": ""A"", ""D"": ""B""}, ""best_mapping_str"": ""AB:CD""}"
8bg2	0	"{""model"": ""/tmp/chai1_dockq/8bg2_trunk0.pdb"", ""native"": ""pdb_structures/8bg2.pdb"", ""best_dockq"": 0.007331024516865015, ""best_result"": {""CD"": {""DockQ"": 0.007331024516865015, ""F1"": 0.0, ""iRMSD"": 21.84064870893609, ""LRMSD"": 64.06592733786519, ""fnat"": 0, ""nat_correct"": 0, ""nat_total"": 73, ""fnonnat"": 1.0, ""nonnat_count"": 39, ""model_total"": 39, ""clashes"": 1, ""len1"": 227, ""len2"": 193, ""class1"": ""receptor"", ""class2"": ""ligand"", ""is_het"": false, ""chain1"": ""A"", ""chain2"": ""B"", ""chain_map"": {""C"": ""A"", ""D"": ""B""}}}, ""GlobalDockQ"": 0.007331024516865015, ""best_mapping"": {""C"": ""A"", ""D"": ""B""}, ""best_mapping_str"": ""AB:CD""}"
8bg2	1	"{""model"": ""/tmp/chai1_dockq/8bg2_trunk1.pdb"", ""native"": ""pdb_structures/8bg2.pdb"", ""best_dockq"": 0.012138326143132747, ""best_result"": {""CD"": {""DockQ"": 0.012138326143132747, ""F1"": 0.01694915254237288, ""iRMSD"": 21.645563275550977, ""LRMSD"": 62.894559472477795, ""fnat"": 0.0136986301369863, ""nat_correct"": 1, ""nat_total"": 73, ""fnonnat"": 0.9777777777777777, ""nonnat_count"": 44, ""model_total"": 45, ""clashes"": 1, ""len1"": 227, ""len2"": 193, ""class1"": ""receptor"", ""class2"": ""ligand"", ""is_het"": false, ""chain1"": ""A"", ""chain2"": ""B"", ""chain_map"": {""C"": ""A"", ""D"": ""B""}}}, ""GlobalDockQ"": 0.012138326143132747, ""best_mapping"": {""C"": ""A"", ""D"": ""B""}, ""best_mapping_str"": ""AB:CD""}"
8bg2	2	"{""model"": ""/tmp/chai1_dockq/8bg2_trunk2.pdb"", ""native"": ""pdb_structures/8bg2.pdb"", ""best_dockq"": 0.011391521012133116, ""best_result"": {""CD"": {""DockQ"": 0.011391521012133116, ""F1"": 0.017391304347826087, ""iRMSD"": 21.14388982444572, ""LRMSD"": 67.81292635548022, ""fnat"": 0.0136986301369863, ""nat_correct"": 1, ""nat_total"": 73, ""fnonnat"": 0.9761904761904762, ""nonnat_count"": 41, ""model_total"": 42, ""clashes"": 0, ""len1"": 227, ""len2"": 193, ""class1"": ""receptor"", ""class2"": ""ligand"", ""is_het"": false, ""chain1"": ""A"", ""chain2"": ""B"", ""chain_map"": {""C"": ""A"", ""D"": ""B""}}}, ""GlobalDockQ"": 0.011391521012133116, ""best_mapping"": {""C"": ""A"", ""D"": ""B""}, ""best_mapping_str"": ""AB:CD""}"
8bg2	3	"{""model"": ""/tmp/chai1_dockq/8bg2_trunk3.pdb"", ""native"": ""pdb_structures/8bg2.pdb"", ""best_dockq"": 0.012257253417935952, ""best_result"": {""CD"": {""DockQ"": 0.012257253417935952, ""F1"": 0.017543859649122806, ""iRMSD"": 21.631263232928724, ""LRMSD"": 62.27782271461117, ""fnat"": 0.0136986301369863, ""nat_correct"": 1, ""nat_total"": 73, ""fnonnat"": 0.975609756097561, ""nonnat_count"": 40, ""model_total"": 41, ""clashes"": 0, ""len1"": 227, ""len2"": 193, ""class1"": ""receptor"", ""class2"": ""ligand"", ""is_het"": false, ""chain1"": ""A"", ""chain2"": ""B"", ""chain_map"": {""C"": ""A"", ""D"": ""B""}}}, ""GlobalDockQ"": 0.012257253417935952, ""best_mapping"": {""C"": ""A"", ""D"": ""B""}, ""best_mapping_str"": ""AB:CD""}"
8bg2	4	"{""model"": ""/tmp/chai1_dockq/8bg2_trunk4.pdb"", ""native"": ""pdb_structures/8bg2.pdb"", ""best_dockq"": 0.011851233402730392, ""best_result"": {""CD"": {""DockQ"": 0.011851233402730392, ""F1"": 0.018018018018018018, ""iRMSD"": 21.625777867595563, ""LRMSD"": 64.50619930695419, ""fnat"": 0.0136986301369863, ""nat_correct"": 1, ""nat_total"": 73, ""fnonnat"": 0.9736842105263158, ""nonnat_count"": 37, ""model_total"": 38, ""clashes"": 0, ""len1"": 227, ""len2"": 193, ""class1"": ""receptor"", ""class2"": ""ligand"", ""is_het"": false, ""chain1"": ""A"", ""chain2"": ""B"", ""chain_map"": {""C"": ""A"", ""D"": ""B""}}}, ""GlobalDockQ"": 0.011851233402730392, ""best_mapping"": {""C"": ""A"", ""D"": ""B""}, ""best_mapping_str"": ""AB:CD""}"
8bg3	0	"{""model"": ""/tmp/chai1_dockq/8bg3_trunk0.pdb"", ""native"": ""pdb_structures/8bg3.pdb"", ""best_dockq"": 0.012865423305897706, ""best_result"": {""CD"": {""DockQ"": 0.012865423305897706, ""F1"": 0.015625, ""iRMSD"": 22.71586845915699, ""LRMSD"": 55.533649486855694, ""fnat"": 0.011363636363636364, ""nat_correct"": 1, ""nat_total"": 88, ""fnonnat"": 0.975, ""nonnat_count"": 39, ""model_total"": 40, ""clashes"": 1, ""len1"": 225, ""len2"": 190, ""class1"": ""receptor"", ""class2"": ""ligand"", ""is_het"": false, ""chain1"": ""A"", ""chain2"": ""B"", ""chain_map"": {""C"": ""A"", ""D"": ""B""}}}, ""GlobalDockQ"": 0.012865423305897706, ""best_mapping"": {""C"": ""A"", ""D"": ""B""}, ""best_mapping_str"": ""AB:CD""}"
8bg3	1	"{""model"": ""/tmp/chai1_dockq/8bg3_trunk1.pdb"", ""native"": ""pdb_structures/8bg3.pdb"", ""best_dockq"": 0.02072566415948829, ""best_result"": {""CD"": {""DockQ"": 0.02072566415948829, ""F1"": 0.04316546762589928, ""iRMSD"": 22.060246686660822, ""LRMSD"": 54.81166243433773, ""fnat"": 0.03409090909090909, ""nat_correct"": 3, ""nat_total"": 88, ""fnonnat"": 0.9411764705882353, ""nonnat_count"": 48, ""model_total"": 51, ""clashes"": 1, ""len1"": 225, ""len2"": 190, ""class1"": ""receptor"", ""class2"": ""ligand"", ""is_het"": false, ""chain1"": ""A"", ""chain2"": ""B"", ""chain_map"": {""C"": ""A"", ""D"": ""B""}}}, ""GlobalDockQ"": 0.02072566415948829, ""best_mapping"": {""C"": ""A"", ""D"": ""B""}, ""best_mapping_str"": ""AB:CD""}"
8bg3	2	"{""model"": ""/tmp/chai1_dockq/8bg3_trunk2.pdb"", ""native"": ""pdb_structures/8bg3.pdb"", ""best_dockq"": 0.015249816345025861, ""best_result"": {""AD"": {""DockQ"": 0.015249816345025861, ""F1"": 0.0, ""iRMSD"": 24.973179072808836, ""LRMSD"": 40.51759993638892, ""fnat"": 0, ""nat_correct"": 0, ""nat_total"": 53, ""fnonnat"": 1.0, ""nonnat_count"": 41, ""model_total"": 41, ""clashes"": 1, ""len1"": 225, ""len2"": 190, ""class1"": ""receptor"", ""class2"": ""ligand"", ""is_het"": false, ""chain1"": ""A"", ""chain2"": ""B"", ""chain_map"": {""A"": ""A"", ""D"": ""B""}}}, ""GlobalDockQ"": 0.015249816345025861, ""best_mapping"": {""A"": ""A"", ""D"": ""B""}, ""best_mapping_str"": ""AB:AD""}"
8bg3	3	"{""model"": ""/tmp/chai1_dockq/8bg3_trunk3.pdb"", ""native"": ""pdb_structures/8bg3.pdb"", ""best_dockq"": 0.015424838744527457, ""best_result"": {""AD"": {""DockQ"": 0.015424838744527457, ""F1"": 0.0, ""iRMSD"": 25.182625359488945, ""LRMSD"": 40.227355002044646, ""fnat"": 0, ""nat_correct"": 0, ""nat_total"": 53, ""fnonnat"": 1.0, ""nonnat_count"": 47, ""model_total"": 47, ""clashes"": 1, ""len1"": 225, ""len2"": 190, ""class1"": ""receptor"", ""class2"": ""ligand"", ""is_het"": false, ""chain1"": ""A"", ""chain2"": ""B"", ""chain_map"": {""A"": ""A"", ""D"": ""B""}}}, ""GlobalDockQ"": 0.015424838744527457, ""best_mapping"": {""A"": ""A"", ""D"": ""B""}, ""best_mapping_str"": ""AB:AD""}"
8bg3	4	"{""model"": ""/tmp/chai1_dockq/8bg3_trunk4.pdb"", ""native"": ""pdb_structures/8bg3.pdb"", ""best_dockq"": 0.014558148788425554, ""best_result"": {""CD"": {""DockQ"": 0.014558148788425554, ""F1"": 0.01680672268907563, ""iRMSD"": 21.634155082012995, ""LRMSD"": 50.52221290393491, ""fnat"": 0.011363636363636364, ""nat_correct"": 1, ""nat_total"": 88, ""fnonnat"": 0.967741935483871, ""nonnat_count"": 30, ""model_total"": 31, ""clashes"": 0, ""len1"": 225, ""len2"": 190, ""class1"": ""receptor"", ""class2"": ""ligand"", ""is_het"": false, ""chain1"": ""A"", ""chain2"": ""B"", ""chain_map"": {""C"": ""A"", ""D"": ""B""}}}, ""GlobalDockQ"": 0.014558148788425554, ""best_mapping"": {""C"": ""A"", ""D"": ""B""}, ""best_mapping_str"": ""AB:CD""}"
8bg4	0	"{""model"": ""/tmp/chai1_dockq/8bg4_trunk0.pdb"", ""native"": ""pdb_structures/8bg4.pdb"", ""best_dockq"": 0.01636315553404, ""best_result"": {""CD"": {""DockQ"": 0.01636315553404, ""F1"": 0.02702702702702703, ""iRMSD"": 21.759391530823343, ""LRMSD"": 52.36902855524658, ""fnat"": 0.018691588785046728, ""nat_correct"": 2, ""nat_total"": 107, ""fnonnat"": 0.9512195121951219, ""nonnat_count"": 39, ""model_total"": 41, ""clashes"": 1, ""len1"": 222, ""len2"": 194, ""class1"": ""receptor"", ""class2"": ""ligand"", ""is_het"": false, ""chain1"": ""A"", ""chain2"": ""B"", ""chain_map"": {""C"": ""A"", ""D"": ""B""}}}, ""GlobalDockQ"": 0.01636315553404, ""best_mapping"": {""C"": ""A"", ""D"": ""B""}, ""best_mapping_str"": ""AB:CD""}"
8bg4	1	"{""model"": ""/tmp/chai1_dockq/8bg4_trunk1.pdb"", ""native"": ""pdb_structures/8bg4.pdb"", ""best_dockq"": 0.02654293421365925, ""best_result"": {""AB"": {""DockQ"": 0.02654293421365925, ""F1"": 0.07741935483870968, ""iRMSD"": 22.417255716736314, ""LRMSD"": 62.73176315530848, ""fnat"": 0.05714285714285714, ""nat_correct"": 6, ""nat_total"": 105, ""fnonnat"": 0.88, ""nonnat_count"": 44, ""model_total"": 50, ""clashes"": 1, ""len1"": 222, ""len2"": 195, ""class1"": ""receptor"", ""class2"": ""ligand"", ""is_het"": false, ""chain1"": ""A"", ""chain2"": ""B"", ""chain_map"": {""A"": ""A"", ""B"": ""B""}}}, ""GlobalDockQ"": 0.02654293421365925, ""best_mapping"": {""A"": ""A"", ""B"": ""B""}, ""best_mapping_str"": ""AB:AB""}"
8bg4	2	"{""model"": ""/tmp/chai1_dockq/8bg4_trunk2.pdb"", ""native"": ""pdb_structures/8bg4.pdb"", ""best_dockq"": 0.026970368436516675, ""best_result"": {""AB"": {""DockQ"": 0.026970368436516675, ""F1"": 0.07643312101910828, ""iRMSD"": 21.572720470742876, ""LRMSD"": 61.147790177485106, ""fnat"": 0.05714285714285714, ""nat_correct"": 6, ""nat_total"": 105, ""fnonnat"": 0.8846153846153846, ""nonnat_count"": 46, ""model_total"": 52, ""clashes"": 0, ""len1"": 222, ""len2"": 195, ""class1"": ""receptor"", ""class2"": ""ligand"", ""is_het"": false, ""chain1"": ""A"", ""chain2"": ""B"", ""chain_map"": {""A"": ""A"", ""B"": ""B""}}}, ""GlobalDockQ"": 0.026970368436516675, ""best_mapping"": {""A"": ""A"", ""B"": ""B""}, ""best_mapping_str"": ""AB:AB""}"
8bg4	3	"{""model"": ""/tmp/chai1_dockq/8bg4_trunk3.pdb"", ""native"": ""pdb_structures/8bg4.pdb"", ""best_dockq"": 0.02991739390992428, ""best_result"": {""AB"": {""DockQ"": 0.02991739390992428, ""F1"": 0.0880503144654088, ""iRMSD"": 21.683640475292542, ""LRMSD"": 62.216569436283386, ""fnat"": 0.06666666666666667, ""nat_correct"": 7, ""nat_total"": 105, ""fnonnat"": 0.8703703703703703, ""nonnat_count"": 47, ""model_total"": 54, ""clashes"": 0, ""len1"": 222, ""len2"": 195, ""class1"": ""receptor"", ""class2"": ""ligand"", ""is_het"": false, ""chain1"": ""A"", ""chain2"": ""B"", ""chain_map"": {""A"": ""A"", ""B"": ""B""}}}, ""GlobalDockQ"": 0.02991739390992428, ""best_mapping"": {""A"": ""A"", ""B"": ""B""}, ""best_mapping_str"": ""AB:AB""}"
8bg4	4	"{""model"": ""/tmp/chai1_dockq/8bg4_trunk4.pdb"", ""native"": ""pdb_structures/8bg4.pdb"", ""best_dockq"": 0.02347164113616255, ""best_result"": {""AB"": {""DockQ"": 0.02347164113616255, ""F1"": 0.06097560975609756, ""iRMSD"": 21.133796344827186, ""LRMSD"": 63.17047438586017, ""fnat"": 0.047619047619047616, ""nat_correct"": 5, ""nat_total"": 105, ""fnonnat"": 0.9152542372881356, ""nonnat_count"": 54, ""model_total"": 59, ""clashes"": 1, ""len1"": 222, ""len2"": 195, ""class1"": ""receptor"", ""class2"": ""ligand"", ""is_het"": false, ""chain1"": ""A"", ""chain2"": ""B"", ""chain_map"": {""A"": ""A"", ""B"": ""B""}}}, ""GlobalDockQ"": 0.02347164113616255, ""best_mapping"": {""A"": ""A"", ""B"": ""B""}, ""best_mapping_str"": ""AB:AB""}"
8bg5	0	"{""model"": ""/tmp/chai1_dockq/8bg5_trunk0.pdb"", ""native"": ""pdb_structures/8bg5.pdb"", ""best_dockq"": 0.027577079610634103, ""best_result"": {""AB"": {""DockQ"": 0.027577079610634103, ""F1"": 0.08275862068965517, ""iRMSD"": 22.76149871582862, ""LRMSD"": 68.3059238930659, ""fnat"": 0.06315789473684211, ""nat_correct"": 6, ""nat_total"": 95, ""fnonnat"": 0.88, ""nonnat_count"": 44, ""model_total"": 50, ""clashes"": 0, ""len1"": 225, ""len2"": 194, ""class1"": ""receptor"", ""class2"": ""ligand"", ""is_het"": false, ""chain1"": ""A"", ""chain2"": ""B"", ""chain_map"": {""A"": ""A"", ""B"": ""B""}}}, ""GlobalDockQ"": 0.027577079610634103, ""best_mapping"": {""A"": ""A"", ""B"": ""B""}, ""best_mapping_str"": ""AB:AB""}"
8bg5	1	"{""model"": ""/tmp/chai1_dockq/8bg5_trunk1.pdb"", ""native"": ""pdb_structures/8bg5.pdb"", ""best_dockq"": 0.013542432848855876, ""best_result"": {""AB"": {""DockQ"": 0.013542432848855876, ""F1"": 0.02857142857142857, ""iRMSD"": 23.354050067122646, ""LRMSD"": 67.81739955101577, ""fnat"": 0.021052631578947368, ""nat_correct"": 2, ""nat_total"": 95, ""fnonnat"": 0.9555555555555556, ""nonnat_count"": 43, ""model_total"": 45, ""clashes"": 1, ""len1"": 225, ""len2"": 194, ""class1"": ""receptor"", ""class2"": ""ligand"", ""is_het"": false, ""chain1"": ""A"", ""chain2"": ""B"", ""chain_map"": {""A"": ""A"", ""B"": ""B""}}}, ""GlobalDockQ"": 0.013542432848855876, ""best_mapping"": {""A"": ""A"", ""B"": ""B""}, ""best_mapping_str"": ""AB:AB""}"
8bg5	2	"{""model"": ""/tmp/chai1_dockq/8bg5_trunk2.pdb"", ""native"": ""pdb_structures/8bg5.pdb"", ""best_dockq"": 0.013263656319462497, ""best_result"": {""AB"": {""DockQ"": 0.013263656319462497, ""F1"": 0.029197080291970802, ""iRMSD"": 22.251730899850994, ""LRMSD"": 70.78495138646, ""fnat"": 0.021052631578947368, ""nat_correct"": 2, ""nat_total"": 95, ""fnonnat"": 0.9523809523809523, ""nonnat_count"": 40, ""model_total"": 42, ""clashes"": 0, ""len1"": 225, ""len2"": 194, ""class1"": ""receptor"", ""class2"": ""ligand"", ""is_het"": false, ""chain1"": ""A"", ""chain2"": ""B"", ""chain_map"": {""A"": ""A"", ""B"": ""B""}}}, ""GlobalDockQ"": 0.013263656319462497, ""best_mapping"": {""A"": ""A"", ""B"": ""B""}, ""best_mapping_str"": ""AB:AB""}"
8bg5	3	"{""model"": ""/tmp/chai1_dockq/8bg5_trunk3.pdb"", ""native"": ""pdb_structures/8bg5.pdb"", ""best_dockq"": 0.0131151169642564, ""best_result"": {""AB"": {""DockQ"": 0.0131151169642564, ""F1"": 0.029197080291970802, ""iRMSD"": 23.704265090627246, ""LRMSD"": 70.55959517661933, ""fnat"": 0.021052631578947368, ""nat_correct"": 2, ""nat_total"": 95, ""fnonnat"": 0.9523809523809523, ""nonnat_count"": 40, ""model_total"": 42, ""clashes"": 0, ""len1"": 225, ""len2"": 194, ""class1"": ""receptor"", ""class2"": ""ligand"", ""is_het"": false, ""chain1"": ""A"", ""chain2"": ""B"", ""chain_map"": {""A"": ""A"", ""B"": ""B""}}}, ""GlobalDockQ"": 0.0131151169642564, ""best_mapping"": {""A"": ""A"", ""B"": ""B""}, ""best_mapping_str"": ""AB:AB""}"
8bg5	4	"{""model"": ""/tmp/chai1_dockq/8bg5_trunk4.pdb"", ""native"": ""pdb_structures/8bg5.pdb"", ""best_dockq"": 0.014030427326205958, ""best_result"": {""AB"": {""DockQ"": 0.014030427326205958, ""F1"": 0.028169014084507043, ""iRMSD"": 21.27845345262706, ""LRMSD"": 66.46085346041575, ""fnat"": 0.021052631578947368, ""nat_correct"": 2, ""nat_total"": 95, ""fnonnat"": 0.9574468085106383, ""nonnat_count"": 45, ""model_total"": 47, ""clashes"": 2, ""len1"": 225, ""len2"": 194, ""class1"": ""receptor"", ""class2"": ""ligand"", ""is_het"": false, ""chain1"": ""A"", ""chain2"": ""B"", ""chain_map"": {""A"": ""A"", ""B"": ""B""}}}, ""GlobalDockQ"": 0.014030427326205958, ""best_mapping"": {""A"": ""A"", ""B"": ""B""}, ""best_mapping_str"": ""AB:AB""}"
8bk2	0	"{""model"": ""/tmp/chai1_dockq/8bk2_trunk0.pdb"", ""native"": ""pdb_structures/8bk2.pdb"", ""best_dockq"": 0.9150896520734599, ""best_result"": {""HL"": {""DockQ"": 0.8189532461125738, ""F1"": 0.8412017167381974, ""iRMSD"": 1.1864310436346508, ""LRMSD"": 0.8742725215561512, ""fnat"": 0.8521739130434782, ""nat_correct"": 98, ""nat_total"": 115, ""fnonnat"": 0.1694915254237288, ""nonnat_count"": 20, ""model_total"": 118, ""clashes"": 0, ""len1"": 216, ""len2"": 214, ""class1"": ""receptor"", ""class2"": ""ligand"", ""is_het"": false, ""chain1"": ""A"", ""chain2"": ""B"", ""chain_map"": {""H"": ""A"", ""L"": ""B"", ""C"": ""C""}}, ""HA"": {""DockQ"": 0.04112521089532039, ""F1"": 0.03389830508474576, ""iRMSD"": 10.37004936267896, ""LRMSD"": 30.384588984678683, ""fnat"": 0.030303030303030304, ""nat_correct"": 1, ""nat_total"": 33, ""fnonnat"": 0.9615384615384616, ""nonnat_count"": 25, ""model_total"": 26, ""clashes"": 0, ""len1"": 216, ""len2"": 176, ""class1"": ""receptor"", ""class2"": ""ligand"", ""is_het"": false, ""chain1"": ""A"", ""chain2"": ""C"", ""chain_map"": {""H"": ""A"", ""L"": ""B"", ""A"": ""C""}}, ""LA"": {""DockQ"": 0.05501119506556579, ""F1"": 0.058823529411764705, ""iRMSD"": 11.685045478675146, ""LRMSD"": 30.539021894273702, ""fnat"": 0.07692307692307693, ""nat_correct"": 2, ""nat_total"": 26, ""fnonnat"": 0.9523809523809523, ""nonnat_count"": 40, ""model_total"": 42, ""clashes"": 0, ""len1"": 214, ""len2"": 176, ""class1"": ""receptor"", ""class2"": ""ligand"", ""is_het"": false, ""chain1"": ""B"", ""chain2"": ""C"", ""chain_map"": {""H"": ""A"", ""L"": ""B"", ""A"": ""C""}}}, ""GlobalDockQ"": 0.30502988402448666, ""best_mapping"": {""H"": ""A"", ""L"": ""B"", ""A"": ""C""}, ""best_mapping_str"": ""ABC:HLA""}"
8bk2	1	"{""model"": ""/tmp/chai1_dockq/8bk2_trunk1.pdb"", ""native"": ""pdb_structures/8bk2.pdb"", ""best_dockq"": 0.7792451114891039, ""best_result"": {""DE"": {""DockQ"": 0.6911692518831346, ""F1"": 0.7889908256880734, ""iRMSD"": 1.9537408276172883, ""LRMSD"": 2.492230760594478, ""fnat"": 0.7818181818181819, ""nat_correct"": 86, ""nat_total"": 110, ""fnonnat"": 0.2037037037037037, ""nonnat_count"": 22, ""model_total"": 108, ""clashes"": 0, ""len1"": 213, ""len2"": 214, ""class1"": ""ligand"", ""class2"": ""receptor"", ""is_het"": false, ""chain1"": ""A"", ""chain2"": ""B"", ""chain_map"": {""D"": ""A"", ""E"": ""B"", ""C"": ""C""}}, ""DB"": {""DockQ"": 0.030460031181041125, ""F1"": 0.0, ""iRMSD"": 10.682003522575252, ""LRMSD"": 30.50617493204245, ""fnat"": 0, ""nat_correct"": 0, ""nat_total"": 29, ""fnonnat"": 1.0, ""nonnat_count"": 24, ""model_total"": 24, ""clashes"": 0, ""len1"": 213, ""len2"": 176, ""class1"": ""receptor"", ""class2"": ""ligand"", ""is_het"": false, ""chain1"": ""A"", ""chain2"": ""C"", ""chain_map"": {""D"": ""A"", ""E"": ""B"", ""B"": ""C""}}, ""EB"": {""DockQ"": 0.05761582842492818, ""F1"": 0.057971014492753624, ""iRMSD"": 11.255958744554574, ""LRMSD"": 30.501084605459116, ""fnat"": 0.08333333333333333, ""nat_correct"": 2, ""nat_total"": 24, ""fnonnat"": 0.9555555555555556, ""nonnat_count"": 43, ""model_total"": 45, ""clashes"": 0, ""len1"": 214, ""len2"": 176, ""class1"": ""receptor"", ""class2"": ""ligand"", ""is_het"": false, ""chain1"": ""B"", ""chain2"": ""C"", ""chain_map"": {""D"": ""A"", ""E"": ""B"", ""B"": ""C""}}}, ""GlobalDockQ"": 0.25974837049636795, ""best_mapping"": {""D"": ""A"", ""E"": ""B"", ""B"": ""C""}, ""best_mapping_str"": ""ABC:DEB""}"
8bk2	2	"{""model"": ""/tmp/chai1_dockq/8bk2_trunk2.pdb"", ""native"": ""pdb_structures/8bk2.pdb"", ""best_dockq"": 0.7827724082012867, ""best_result"": {""HL"": {""DockQ"": 0.7032564138569352, ""F1"": 0.7478260869565218, ""iRMSD"": 1.7406651180709514, ""LRMSD"": 2.2263587879736075, ""fnat"": 0.7478260869565218, ""nat_correct"": 86, ""nat_total"": 115, ""fnonnat"": 0.25217391304347825, ""nonnat_count"": 29, ""model_total"": 115, ""clashes"": 0, ""len1"": 216, ""len2"": 214, ""class1"": ""receptor"", ""class2"": ""ligand"", ""is_het"": false, ""chain1"": ""A"", ""chain2"": ""B"", ""chain_map"": {""H"": ""A"", ""L"": ""B"", ""C"": ""C""}}, ""HA"": {""DockQ"": 0.05284686197169647, ""F1"": 0.057971014492753624, ""iRMSD"": 9.466725320068322, ""LRMSD"": 30.191137249450847, ""fnat"": 0.06060606060606061, ""nat_correct"": 2, ""nat_total"": 33, ""fnonnat"": 0.9444444444444444, ""nonnat_count"": 34, ""model_total"": 36, ""clashes"": 1, ""len1"": 216, ""len2"": 176, ""class1"": ""receptor"", ""class2"": ""ligand"", ""is_het"": false, ""chain1"": ""A"", ""chain2"": ""C"", ""chain_map"": {""H"": ""A"", ""L"": ""B"", ""A"": ""C""}}, ""LA"": {""DockQ"": 0.026669132372655033, ""F1"": 0.0, ""iRMSD"": 12.181544715083126, ""LRMSD"": 32.21914732330872, ""fnat"": 0, ""nat_correct"": 0, ""nat_total"": 26, ""fnonnat"": 1.0, ""nonnat_count"": 58, ""model_total"": 58, ""clashes"": 1, ""len1"": 214, ""len2"": 176, ""class1"": ""receptor"", ""class2"": ""ligand"", ""is_het"": false, ""chain1"": ""B"", ""chain2"": ""C"", ""chain_map"": {""H"": ""A"", ""L"": ""B"", ""A"": ""C""}}}, ""GlobalDockQ"": 0.2609241360670956, ""best_mapping"": {""H"": ""A"", ""L"": ""B"", ""A"": ""C""}, ""best_mapping_str"": ""ABC:HLA""}"
8bk2	3	"{""model"": ""/tmp/chai1_dockq/8bk2_trunk3.pdb"", ""native"": ""pdb_structures/8bk2.pdb"", ""best_dockq"": 0.7921501357145203, ""best_result"": {""DE"": {""DockQ"": 0.722572671014032, ""F1"": 0.7818181818181819, ""iRMSD"": 1.664137515130652, ""LRMSD"": 2.19216221123196, ""fnat"": 0.7818181818181819, ""nat_correct"": 86, ""nat_total"": 110, ""fnonnat"": 0.21818181818181817, ""nonnat_count"": 24, ""model_total"": 110, ""clashes"": 0, ""len1"": 213, ""len2"": 214, ""class1"": ""ligand"", ""class2"": ""receptor"", ""is_het"": false, ""chain1"": ""A"", ""chain2"": ""B"", ""chain_map"": {""D"": ""A"", ""E"": ""B"", ""C"": ""C""}}, ""DB"": {""DockQ"": 0.028262783304157237, ""F1"": 0.0, ""iRMSD"": 10.781269073979782, ""LRMSD"": 32.02804342320127, ""fnat"": 0, ""nat_correct"": 0, ""nat_total"": 29, ""fnonnat"": 1.0, ""nonnat_count"": 25, ""model_total"": 25, ""clashes"": 1, ""len1"": 213, ""len2"": 176, ""class1"": ""receptor"", ""class2"": ""ligand"", ""is_het"": false, ""chain1"": ""A"", ""chain2"": ""C"", ""chain_map"": {""D"": ""A"", ""E"": ""B"", ""B"": ""C""}}, ""EB"": {""DockQ"": 0.04131468139633111, ""F1"": 0.02666666666666667, ""iRMSD"": 11.482027821366094, ""LRMSD"": 32.10685610004912, ""fnat"": 0.041666666666666664, ""nat_correct"": 1, ""nat_total"": 24, ""fnonnat"": 0.9803921568627451, ""nonnat_count"": 50, ""model_total"": 51, ""clashes"": 1, ""len1"": 214, ""len2"": 176, ""class1"": ""receptor"", ""class2"": ""ligand"", ""is_het"": false, ""chain1"": ""B"", ""chain2"": ""C"", ""chain_map"": {""D"": ""A"", ""E"": ""B"", ""B"": ""C""}}}, ""GlobalDockQ"": 0.26405004523817344, ""best_mapping"": {""D"": ""A"", ""E"": ""B"", ""B"": ""C""}, ""best_mapping_str"": ""ABC:DEB""}"
8bk2	4	"{""model"": ""/tmp/chai1_dockq/8bk2_trunk4.pdb"", ""native"": ""pdb_structures/8bk2.pdb"", ""best_dockq"": 0.8321630518677444, ""best_result"": {""FG"": {""DockQ"": 0.7411773466730969, ""F1"": 0.7884615384615384, ""iRMSD"": 1.6542770366214434, ""LRMSD"": 1.7249873892850656, ""fnat"": 0.8118811881188119, ""nat_correct"": 82, ""nat_total"": 101, ""fnonnat"": 0.2336448598130841, ""nonnat_count"": 25, ""model_total"": 107, ""clashes"": 0, ""len1"": 210, ""len2"": 206, ""class1"": ""receptor"", ""class2"": ""ligand"", ""is_het"": false, ""chain1"": ""A"", ""chain2"": ""B"", ""chain_map"": {""F"": ""A"", ""G"": ""B"", ""C"": ""C""}}, ""FC"": {""DockQ"": 0.0306295899674569, ""F1"": 0.0, ""iRMSD"": 11.51651299077196, ""LRMSD"": 29.806513091206256, ""fnat"": 0, ""nat_correct"": 0, ""nat_total"": 30, ""fnonnat"": 1.0, ""nonnat_count"": 30, ""model_total"": 30, ""clashes"": 1, ""len1"": 210, ""len2"": 173, ""class1"": ""receptor"", ""class2"": ""ligand"", ""is_het"": false, ""chain1"": ""A"", ""chain2"": ""C"", ""chain_map"": {""F"": ""A"", ""G"": ""B"", ""C"": ""C""}}, ""GC"": {""DockQ"": 0.06035611522719067, ""F1"": 0.07142857142857142, ""iRMSD"": 11.414462083754026, ""LRMSD"": 31.258089432628438, ""fnat"": 0.09523809523809523, ""nat_correct"": 2, ""nat_total"": 21, ""fnonnat"": 0.9428571428571428, ""nonnat_count"": 33, ""model_total"": 35, ""clashes"": 0, ""len1"": 206, ""len2"": 173, ""class1"": ""receptor"", ""class2"": ""ligand"", ""is_het"": false, ""chain1"": ""B"", ""chain2"": ""C"", ""chain_map"": {""F"": ""A"", ""G"": ""B"", ""C"": ""C""}}}, ""GlobalDockQ"": 0.2773876839559148, ""best_mapping"": {""F"": ""A"", ""G"": ""B"", ""C"": ""C""}, ""best_mapping_str"": ""ABC:FGC""}"
8byu	0	"{""model"": ""/tmp/chai1_dockq/8byu_trunk0.pdb"", ""native"": ""pdb_structures/8byu.pdb"", ""best_dockq"": 0.851043865330701, ""best_result"": {""HL"": {""DockQ"": 0.8340214476634346, ""F1"": 0.8379446640316206, ""iRMSD"": 1.040076859931151, ""LRMSD"": 0.7585034795401248, ""fnat"": 0.8346456692913385, ""nat_correct"": 106, ""nat_total"": 127, ""fnonnat"": 0.15873015873015872, ""nonnat_count"": 20, ""model_total"": 126, ""clashes"": 0, ""len1"": 222, ""len2"": 213, ""class1"": ""receptor"", ""class2"": ""ligand"", ""is_het"": false, ""chain1"": ""A"", ""chain2"": ""B"", ""chain_map"": {""H"": ""A"", ""L"": ""B"", ""A"": ""C""}}, ""HA"": {""DockQ"": 0.007989915043277836, ""F1"": 0.0, ""iRMSD"": 13.06044630811208, ""LRMSD"": 80.78014985495574, ""fnat"": 0, ""nat_correct"": 0, ""nat_total"": 48, ""fnonnat"": 1.0, ""nonnat_count"": 42, ""model_total"": 42, ""clashes"": 3, ""len1"": 222, ""len2"": 249, ""class1"": ""ligand"", ""class2"": ""receptor"", ""is_het"": false, ""chain1"": ""A"", ""chain2"": ""C"", ""chain_map"": {""H"": ""A"", ""L"": ""B"", ""A"": ""C""}}, ""LA"": {""DockQ"": 0.009032502623988544, ""F1"": 0.0, ""iRMSD"": 11.448805538769843, ""LRMSD"": 83.64331189487449, ""fnat"": 0, ""nat_correct"": 0, ""nat_total"": 10, ""fnonnat"": 1.0, ""nonnat_count"": 26, ""model_total"": 26, ""clashes"": 0, ""len1"": 213, ""len2"": 249, ""class1"": ""ligand"", ""class2"": ""receptor"", ""is_het"": false, ""chain1"": ""B"", ""chain2"": ""C"", ""chain_map"": {""H"": ""A"", ""L"": ""B"", ""A"": ""C""}}}, ""GlobalDockQ"": 0.283681288443567, ""best_mapping"": {""H"": ""A"", ""L"": ""B"", ""A"": ""C""}, ""best_mapping_str"": ""ABC:HLA""}"
8byu	1	"{""model"": ""/tmp/chai1_dockq/8byu_trunk1.pdb"", ""native"": ""pdb_structures/8byu.pdb"", ""best_dockq"": 0.8520406539186601, ""best_result"": {""HL"": {""DockQ"": 0.8420578765438699, ""F1"": 0.8313725490196079, ""iRMSD"": 0.9862802953522791, ""LRMSD"": 0.6946171880315442, ""fnat"": 0.8346456692913385, ""nat_correct"": 106, ""nat_total"": 127, ""fnonnat"": 0.171875, ""nonnat_count"": 22, ""model_total"": 128, ""clashes"": 0, ""len1"": 222, ""len2"": 213, ""class1"": ""receptor"", ""class2"": ""ligand"", ""is_het"": false, ""chain1"": ""A"", ""chain2"": ""B"", ""chain_map"": {""H"": ""A"", ""L"": ""B"", ""A"": ""C""}}, ""HA"": {""DockQ"": 0.005718258837515623, ""F1"": 0.0, ""iRMSD"": 16.219653154044323, ""LRMSD"": 90.8657697891201, ""fnat"": 0, ""nat_correct"": 0, ""nat_total"": 48, ""fnonnat"": 1.0, ""nonnat_count"": 35, ""model_total"": 35, ""clashes"": 1, ""len1"": 222, ""len2"": 249, ""class1"": ""ligand"", ""class2"": ""receptor"", ""is_het"": false, ""chain1"": ""A"", ""chain2"": ""C"", ""chain_map"": {""H"": ""A"", ""L"": ""B"", ""A"": ""C""}}, ""LA"": {""DockQ"": 0.004264518537274663, ""F1"": 0.0, ""iRMSD"": 18.0312489421983, ""LRMSD"": 110.13923646208332, ""fnat"": 0, ""nat_correct"": 0, ""nat_total"": 10, ""fnonnat"": 1.0, ""nonnat_count"": 14, ""model_total"": 14, ""clashes"": 1, ""len1"": 213, ""len2"": 249, ""class1"": ""ligand"", ""class2"": ""receptor"", ""is_het"": false, ""chain1"": ""B"", ""chain2"": ""C"", ""chain_map"": {""H"": ""A"", ""L"": ""B"", ""A"": ""C""}}}, ""GlobalDockQ"": 0.28401355130622, ""best_mapping"": {""H"": ""A"", ""L"": ""B"", ""A"": ""C""}, ""best_mapping_str"": ""ABC:HLA""}"
8byu	2	"{""model"": ""/tmp/chai1_dockq/8byu_trunk2.pdb"", ""native"": ""pdb_structures/8byu.pdb"", ""best_dockq"": 0.8293457538546898, ""best_result"": {""HL"": {""DockQ"": 0.812136918775931, ""F1"": 0.8446215139442231, ""iRMSD"": 1.1810456373548899, ""LRMSD"": 1.0679742368215515, ""fnat"": 0.8346456692913385, ""nat_correct"": 106, ""nat_total"": 127, ""fnonnat"": 0.14516129032258066, ""nonnat_count"": 18, ""model_total"": 124, ""clashes"": 0, ""len1"": 222, ""len2"": 213, ""class1"": ""receptor"", ""class2"": ""ligand"", ""is_het"": false, ""chain1"": ""A"", ""chain2"": ""B"", ""chain_map"": {""H"": ""A"", ""L"": ""B"", ""A"": ""C""}}, ""HA"": {""DockQ"": 0.008289505065820288, ""F1"": 0.0, ""iRMSD"": 12.935009586270562, ""LRMSD"": 78.46409240553646, ""fnat"": 0, ""nat_correct"": 0, ""nat_total"": 48, ""fnonnat"": 1.0, ""nonnat_count"": 49, ""model_total"": 49, ""clashes"": 0, ""len1"": 222, ""len2"": 249, ""class1"": ""ligand"", ""class2"": ""receptor"", ""is_het"": false, ""chain1"": ""A"", ""chain2"": ""C"", ""chain_map"": {""H"": ""A"", ""L"": ""B"", ""A"": ""C""}}, ""LA"": {""DockQ"": 0.008919330012938494, ""F1"": 0.0, ""iRMSD"": 11.81298498809764, ""LRMSD"": 81.00715988248433, ""fnat"": 0, ""nat_correct"": 0, ""nat_total"": 10, ""fnonnat"": 1.0, ""nonnat_count"": 14, ""model_total"": 14, ""clashes"": 0, ""len1"": 213, ""len2"": 249, ""class1"": ""ligand"", ""class2"": ""receptor"", ""is_het"": false, ""chain1"": ""B"", ""chain2"": ""C"", ""chain_map"": {""H"": ""A"", ""L"": ""B"", ""A"": ""C""}}}, ""GlobalDockQ"": 0.2764485846182299, ""best_mapping"": {""H"": ""A"", ""L"": ""B"", ""A"": ""C""}, ""best_mapping_str"": ""ABC:HLA""}"
8byu	3	"{""model"": ""/tmp/chai1_dockq/8byu_trunk3.pdb"", ""native"": ""pdb_structures/8byu.pdb"", ""best_dockq"": 0.8634116775931285, ""best_result"": {""HL"": {""DockQ"": 0.8535448753962153, ""F1"": 0.8416988416988417, ""iRMSD"": 0.9458905886907745, ""LRMSD"": 0.980084793678322, ""fnat"": 0.8582677165354331, ""nat_correct"": 109, ""nat_total"": 127, ""fnonnat"": 0.17424242424242425, ""nonnat_count"": 23, ""model_total"": 132, ""clashes"": 0, ""len1"": 222, ""len2"": 213, ""class1"": ""receptor"", ""class2"": ""ligand"", ""is_het"": false, ""chain1"": ""A"", ""chain2"": ""B"", ""chain_map"": {""H"": ""A"", ""L"": ""B"", ""A"": ""C""}}, ""HA"": {""DockQ"": 0.005620427717840835, ""F1"": 0.0, ""iRMSD"": 16.389078690472285, ""LRMSD"": 91.50919392715794, ""fnat"": 0, ""nat_correct"": 0, ""nat_total"": 48, ""fnonnat"": 1.0, ""nonnat_count"": 36, ""model_total"": 36, ""clashes"": 0, ""len1"": 222, ""len2"": 249, ""class1"": ""ligand"", ""class2"": ""receptor"", ""is_het"": false, ""chain1"": ""A"", ""chain2"": ""C"", ""chain_map"": {""H"": ""A"", ""L"": ""B"", ""A"": ""C""}}, ""LA"": {""DockQ"": 0.004246374479072397, ""F1"": 0.0, ""iRMSD"": 18.02081268250563, ""LRMSD"": 110.72716331070566, ""fnat"": 0, ""nat_correct"": 0, ""nat_total"": 10, ""fnonnat"": 1.0, ""nonnat_count"": 18, ""model_total"": 18, ""clashes"": 1, ""len1"": 213, ""len2"": 249, ""class1"": ""ligand"", ""class2"": ""receptor"", ""is_het"": false, ""chain1"": ""B"", ""chain2"": ""C"", ""chain_map"": {""H"": ""A"", ""L"": ""B"", ""A"": ""C""}}}, ""GlobalDockQ"": 0.2878038925310428, ""best_mapping"": {""H"": ""A"", ""L"": ""B"", ""A"": ""C""}, ""best_mapping_str"": ""ABC:HLA""}"
8byu	4	"{""model"": ""/tmp/chai1_dockq/8byu_trunk4.pdb"", ""native"": ""pdb_structures/8byu.pdb"", ""best_dockq"": 0.8060067990059101, ""best_result"": {""HL"": {""DockQ"": 0.7887802601070127, ""F1"": 0.8359375, ""iRMSD"": 1.307880712148559, ""LRMSD"": 1.8296385038404828, ""fnat"": 0.84251968503937, ""nat_correct"": 107, ""nat_total"": 127, ""fnonnat"": 0.17054263565891473, ""nonnat_count"": 22, ""model_total"": 129, ""clashes"": 0, ""len1"": 222, ""len2"": 213, ""class1"": ""receptor"", ""class2"": ""ligand"", ""is_het"": false, ""chain1"": ""A"", ""chain2"": ""B"", ""chain_map"": {""H"": ""A"", ""L"": ""B"", ""A"": ""C""}}, ""HA"": {""DockQ"": 0.008126687007320254, ""F1"": 0.0, ""iRMSD"": 12.961476578339484, ""LRMSD"": 79.9958327849048, ""fnat"": 0, ""nat_correct"": 0, ""nat_total"": 48, ""fnonnat"": 1.0, ""nonnat_count"": 54, ""model_total"": 54, ""clashes"": 2, ""len1"": 222, ""len2"": 249, ""class1"": ""ligand"", ""class2"": ""receptor"", ""is_het"": false, ""chain1"": ""A"", ""chain2"": ""C"", ""chain_map"": {""H"": ""A"", ""L"": ""B"", ""A"": ""C""}}, ""LA"": {""DockQ"": 0.009099851891577119, ""F1"": 0.0, ""iRMSD"": 11.245264314038796, ""LRMSD"": 85.36273027282036, ""fnat"": 0, ""nat_correct"": 0, ""nat_total"": 10, ""fnonnat"": 1.0, ""nonnat_count"": 29, ""model_total"": 29, ""clashes"": 1, ""len1"": 213, ""len2"": 249, ""class1"": ""ligand"", ""class2"": ""receptor"", ""is_het"": false, ""chain1"": ""B"", ""chain2"": ""C"", ""chain_map"": {""H"": ""A"", ""L"": ""B"", ""A"": ""C""}}}, ""GlobalDockQ"": 0.26866893300197003, ""best_mapping"": {""H"": ""A"", ""L"": ""B"", ""A"": ""C""}, ""best_mapping_str"": ""ABC:HLA""}"
8c3k	0	"{""model"": ""/tmp/chai1_dockq/8c3k_trunk0.pdb"", ""native"": ""pdb_structures/8c3k.pdb"", ""best_dockq"": 0.9137078058968523, ""best_result"": {""AB"": {""DockQ"": 0.9137078058968523, ""F1"": 0.8952380952380953, ""iRMSD"": 0.6029681355543693, ""LRMSD"": 1.7650311810648551, ""fnat"": 0.9215686274509803, ""nat_correct"": 47, ""nat_total"": 51, ""fnonnat"": 0.12962962962962962, ""nonnat_count"": 7, ""model_total"": 54, ""clashes"": 0, ""len1"": 60, ""len2"": 111, ""class1"": ""ligand"", ""class2"": ""receptor"", ""is_het"": false, ""chain1"": ""B"", ""chain2"": ""A"", ""chain_map"": {""A"": ""B"", ""B"": ""A""}}}, ""GlobalDockQ"": 0.9137078058968523, ""best_mapping"": {""A"": ""B"", ""B"": ""A""}, ""best_mapping_str"": ""BA:AB""}"
8c3k	1	"{""model"": ""/tmp/chai1_dockq/8c3k_trunk1.pdb"", ""native"": ""pdb_structures/8c3k.pdb"", ""best_dockq"": 0.886423523759559, ""best_result"": {""AB"": {""DockQ"": 0.886423523759559, ""F1"": 0.8653846153846154, ""iRMSD"": 0.7151949656377126, ""LRMSD"": 1.6860294411561967, ""fnat"": 0.8823529411764706, ""nat_correct"": 45, ""nat_total"": 51, ""fnonnat"": 0.1509433962264151, ""nonnat_count"": 8, ""model_total"": 53, ""clashes"": 0, ""len1"": 60, ""len2"": 111, ""class1"": ""ligand"", ""class2"": ""receptor"", ""is_het"": false, ""chain1"": ""B"", ""chain2"": ""A"", ""chain_map"": {""A"": ""B"", ""B"": ""A""}}}, ""GlobalDockQ"": 0.886423523759559, ""best_mapping"": {""A"": ""B"", ""B"": ""A""}, ""best_mapping_str"": ""BA:AB""}"
8c3k	2	"{""model"": ""/tmp/chai1_dockq/8c3k_trunk2.pdb"", ""native"": ""pdb_structures/8c3k.pdb"", ""best_dockq"": 0.8994823630820354, ""best_result"": {""AB"": {""DockQ"": 0.8994823630820354, ""F1"": 0.8653846153846154, ""iRMSD"": 0.6049441266522256, ""LRMSD"": 1.8237957788763082, ""fnat"": 0.8823529411764706, ""nat_correct"": 45, ""nat_total"": 51, ""fnonnat"": 0.1509433962264151, ""nonnat_count"": 8, ""model_total"": 53, ""clashes"": 0, ""len1"": 60, ""len2"": 111, ""class1"": ""ligand"", ""class2"": ""receptor"", ""is_het"": false, ""chain1"": ""B"", ""chain2"": ""A"", ""chain_map"": {""A"": ""B"", ""B"": ""A""}}}, ""GlobalDockQ"": 0.8994823630820354, ""best_mapping"": {""A"": ""B"", ""B"": ""A""}, ""best_mapping_str"": ""BA:AB""}"
8c3k	3	"{""model"": ""/tmp/chai1_dockq/8c3k_trunk3.pdb"", ""native"": ""pdb_structures/8c3k.pdb"", ""best_dockq"": 0.8581027108211305, ""best_result"": {""AB"": {""DockQ"": 0.8581027108211305, ""F1"": 0.8737864077669902, ""iRMSD"": 0.8715104709251481, ""LRMSD"": 2.0637948405698223, ""fnat"": 0.8823529411764706, ""nat_correct"": 45, ""nat_total"": 51, ""fnonnat"": 0.1346153846153846, ""nonnat_count"": 7, ""model_total"": 52, ""clashes"": 0, ""len1"": 60, ""len2"": 111, ""class1"": ""ligand"", ""class2"": ""receptor"", ""is_het"": false, ""chain1"": ""B"", ""chain2"": ""A"", ""chain_map"": {""A"": ""B"", ""B"": ""A""}}}, ""GlobalDockQ"": 0.8581027108211305, ""best_mapping"": {""A"": ""B"", ""B"": ""A""}, ""best_mapping_str"": ""BA:AB""}"
8c3k	4	"{""model"": ""/tmp/chai1_dockq/8c3k_trunk4.pdb"", ""native"": ""pdb_structures/8c3k.pdb"", ""best_dockq"": 0.8795020172037774, ""best_result"": {""AB"": {""DockQ"": 0.8795020172037774, ""F1"": 0.8431372549019608, ""iRMSD"": 0.6500057094448982, ""LRMSD"": 1.8778769353577536, ""fnat"": 0.8431372549019608, ""nat_correct"": 43, ""nat_total"": 51, ""fnonnat"": 0.1568627450980392, ""nonnat_count"": 8, ""model_total"": 51, ""clashes"": 0, ""len1"": 60, ""len2"": 111, ""class1"": ""ligand"", ""class2"": ""receptor"", ""is_het"": false, ""chain1"": ""B"", ""chain2"": ""A"", ""chain_map"": {""A"": ""B"", ""B"": ""A""}}}, ""GlobalDockQ"": 0.8795020172037774, ""best_mapping"": {""A"": ""B"", ""B"": ""A""}, ""best_mapping_str"": ""BA:AB""}"
8c5h	0	"{""model"": ""/tmp/chai1_dockq/8c5h_trunk0.pdb"", ""native"": ""pdb_structures/8c5h.pdb"", ""best_dockq"": 0.013118979546238705, ""best_result"": {""SN"": {""DockQ"": 0.013118979546238705, ""F1"": 0.0, ""iRMSD"": 13.180333890835415, ""LRMSD"": 51.44807959595353, ""fnat"": 0, ""nat_correct"": 0, ""nat_total"": 49, ""fnonnat"": 1.0, ""nonnat_count"": 43, ""model_total"": 43, ""clashes"": 0, ""len1"": 123, ""len2"": 121, ""class1"": ""receptor"", ""class2"": ""ligand"", ""is_het"": false, ""chain1"": ""B"", ""chain2"": ""A"", ""chain_map"": {""S"": ""B"", ""N"": ""A""}}}, ""GlobalDockQ"": 0.013118979546238705, ""best_mapping"": {""S"": ""B"", ""N"": ""A""}, ""best_mapping_str"": ""BA:SN""}"
8c5h	1	"{""model"": ""/tmp/chai1_dockq/8c5h_trunk1.pdb"", ""native"": ""pdb_structures/8c5h.pdb"", ""best_dockq"": 0.013448539299673408, ""best_result"": {""SN"": {""DockQ"": 0.013448539299673408, ""F1"": 0.0, ""iRMSD"": 13.008276849433011, ""LRMSD"": 50.8105717158235, ""fnat"": 0, ""nat_correct"": 0, ""nat_total"": 49, ""fnonnat"": 1.0, ""nonnat_count"": 44, ""model_total"": 44, ""clashes"": 0, ""len1"": 123, ""len2"": 121, ""class1"": ""receptor"", ""class2"": ""ligand"", ""is_het"": false, ""chain1"": ""B"", ""chain2"": ""A"", ""chain_map"": {""S"": ""B"", ""N"": ""A""}}}, ""GlobalDockQ"": 0.013448539299673408, ""best_mapping"": {""S"": ""B"", ""N"": ""A""}, ""best_mapping_str"": ""BA:SN""}"
8c5h	2	"{""model"": ""/tmp/chai1_dockq/8c5h_trunk2.pdb"", ""native"": ""pdb_structures/8c5h.pdb"", ""best_dockq"": 0.05034354707024624, ""best_result"": {""SN"": {""DockQ"": 0.05034354707024624, ""F1"": 0.041666666666666664, ""iRMSD"": 8.695383380341614, ""LRMSD"": 28.570213125918993, ""fnat"": 0.04081632653061224, ""nat_correct"": 2, ""nat_total"": 49, ""fnonnat"": 0.9574468085106383, ""nonnat_count"": 45, ""model_total"": 47, ""clashes"": 1, ""len1"": 123, ""len2"": 121, ""class1"": ""receptor"", ""class2"": ""ligand"", ""is_het"": false, ""chain1"": ""B"", ""chain2"": ""A"", ""chain_map"": {""S"": ""B"", ""N"": ""A""}}}, ""GlobalDockQ"": 0.05034354707024624, ""best_mapping"": {""S"": ""B"", ""N"": ""A""}, ""best_mapping_str"": ""BA:SN""}"
8c5h	3	"{""model"": ""/tmp/chai1_dockq/8c5h_trunk3.pdb"", ""native"": ""pdb_structures/8c5h.pdb"", ""best_dockq"": 0.014619246016204615, ""best_result"": {""SN"": {""DockQ"": 0.014619246016204615, ""F1"": 0.0, ""iRMSD"": 13.042484522703786, ""LRMSD"": 47.67883025888295, ""fnat"": 0, ""nat_correct"": 0, ""nat_total"": 49, ""fnonnat"": 1.0, ""nonnat_count"": 41, ""model_total"": 41, ""clashes"": 0, ""len1"": 123, ""len2"": 121, ""class1"": ""receptor"", ""class2"": ""ligand"", ""is_het"": false, ""chain1"": ""B"", ""chain2"": ""A"", ""chain_map"": {""S"": ""B"", ""N"": ""A""}}}, ""GlobalDockQ"": 0.014619246016204615, ""best_mapping"": {""S"": ""B"", ""N"": ""A""}, ""best_mapping_str"": ""BA:SN""}"
8c5h	4	"{""model"": ""/tmp/chai1_dockq/8c5h_trunk4.pdb"", ""native"": ""pdb_structures/8c5h.pdb"", ""best_dockq"": 0.08962705336354305, ""best_result"": {""SN"": {""DockQ"": 0.08962705336354305, ""F1"": 0.06521739130434782, ""iRMSD"": 6.080400433406788, ""LRMSD"": 20.21108014643681, ""fnat"": 0.061224489795918366, ""nat_correct"": 3, ""nat_total"": 49, ""fnonnat"": 0.9302325581395349, ""nonnat_count"": 40, ""model_total"": 43, ""clashes"": 0, ""len1"": 123, ""len2"": 121, ""class1"": ""receptor"", ""class2"": ""ligand"", ""is_het"": false, ""chain1"": ""B"", ""chain2"": ""A"", ""chain_map"": {""S"": ""B"", ""N"": ""A""}}}, ""GlobalDockQ"": 0.08962705336354305, ""best_mapping"": {""S"": ""B"", ""N"": ""A""}, ""best_mapping_str"": ""BA:SN""}"
8cbf	0	"{""model"": ""/tmp/chai1_dockq/8cbf_trunk0.pdb"", ""native"": ""pdb_structures/8cbf.pdb"", ""best_dockq"": 0.6229273426046551, ""best_result"": {""AB"": {""DockQ"": 0.5765296112262467, ""F1"": 0.7124463519313304, ""iRMSD"": 2.6336419626620153, ""LRMSD"": 4.34296083574991, ""fnat"": 0.6916666666666667, ""nat_correct"": 83, ""nat_total"": 120, ""fnonnat"": 0.26548672566371684, ""nonnat_count"": 30, ""model_total"": 113, ""clashes"": 0, ""len1"": 215, ""len2"": 216, ""class1"": ""ligand"", ""class2"": ""receptor"", ""is_het"": false, ""chain1"": ""A"", ""chain2"": ""B"", ""chain_map"": {""A"": ""A"", ""B"": ""B"", ""E"": ""C""}}, ""AE"": {""DockQ"": 0.022317275458799513, ""F1"": 0.0, ""iRMSD"": 18.840258858632865, ""LRMSD"": 33.45076703901926, ""fnat"": 0, ""nat_correct"": 0, ""nat_total"": 44, ""fnonnat"": 1.0, ""nonnat_count"": 56, ""model_total"": 56, ""clashes"": 0, ""len1"": 215, ""len2"": 198, ""class1"": ""receptor"", ""class2"": ""ligand"", ""is_het"": false, ""chain1"": ""A"", ""chain2"": ""C"", ""chain_map"": {""A"": ""A"", ""B"": ""B"", ""E"": ""C""}}, ""BE"": {""DockQ"": 0.024080455919608963, ""F1"": 0.0, ""iRMSD"": 17.376612413601734, ""LRMSD"": 32.27922230888101, ""fnat"": 0, ""nat_correct"": 0, ""nat_total"": 15, ""fnonnat"": 1.0, ""nonnat_count"": 10, ""model_total"": 10, ""clashes"": 0, ""len1"": 216, ""len2"": 198, ""class1"": ""receptor"", ""class2"": ""ligand"", ""is_het"": false, ""chain1"": ""B"", ""chain2"": ""C"", ""chain_map"": {""A"": ""A"", ""B"": ""B"", ""E"": ""C""}}}, ""GlobalDockQ"": 0.20764244753488503, ""best_mapping"": {""A"": ""A"", ""B"": ""B"", ""E"": ""C""}, ""best_mapping_str"": ""ABC:ABE""}"
8cbf	1	"{""model"": ""/tmp/chai1_dockq/8cbf_trunk1.pdb"", ""native"": ""pdb_structures/8cbf.pdb"", ""best_dockq"": 0.6427037020308879, ""best_result"": {""AB"": {""DockQ"": 0.5971967713642062, ""F1"": 0.7088607594936709, ""iRMSD"": 2.417235679469159, ""LRMSD"": 4.068878427122844, ""fnat"": 0.7, ""nat_correct"": 84, ""nat_total"": 120, ""fnonnat"": 0.28205128205128205, ""nonnat_count"": 33, ""model_total"": 117, ""clashes"": 1, ""len1"": 215, ""len2"": 216, ""class1"": ""ligand"", ""class2"": ""receptor"", ""is_het"": false, ""chain1"": ""A"", ""chain2"": ""B"", ""chain_map"": {""A"": ""A"", ""B"": ""B"", ""E"": ""C""}}, ""AE"": {""DockQ"": 0.02151883695439344, ""F1"": 0.0, ""iRMSD"": 18.958521717847702, ""LRMSD"": 34.15078564305481, ""fnat"": 0, ""nat_correct"": 0, ""nat_total"": 44, ""fnonnat"": 1.0, ""nonnat_count"": 58, ""model_total"": 58, ""clashes"": 0, ""len1"": 215, ""len2"": 198, ""class1"": ""receptor"", ""class2"": ""ligand"", ""is_het"": false, ""chain1"": ""A"", ""chain2"": ""C"", ""chain_map"": {""A"": ""A"", ""B"": ""B"", ""E"": ""C""}}, ""BE"": {""DockQ"": 0.02398809371228831, ""F1"": 0.0, ""iRMSD"": 16.935093530124156, ""LRMSD"": 32.4574878570789, ""fnat"": 0, ""nat_correct"": 0, ""nat_total"": 15, ""fnonnat"": 1.0, ""nonnat_count"": 11, ""model_total"": 11, ""clashes"": 0, ""len1"": 216, ""len2"": 198, ""class1"": ""receptor"", ""class2"": ""ligand"", ""is_het"": false, ""chain1"": ""B"", ""chain2"": ""C"", ""chain_map"": {""A"": ""A"", ""B"": ""B"", ""E"": ""C""}}}, ""GlobalDockQ"": 0.2142345673436293, ""best_mapping"": {""A"": ""A"", ""B"": ""B"", ""E"": ""C""}, ""best_mapping_str"": ""ABC:ABE""}"
8cbf	2	"{""model"": ""/tmp/chai1_dockq/8cbf_trunk2.pdb"", ""native"": ""pdb_structures/8cbf.pdb"", ""best_dockq"": 0.6164386079248272, ""best_result"": {""AB"": {""DockQ"": 0.5648754800421504, ""F1"": 0.6982758620689655, ""iRMSD"": 2.6378182409315953, ""LRMSD"": 4.576311020124841, ""fnat"": 0.675, ""nat_correct"": 81, ""nat_total"": 120, ""fnonnat"": 0.2767857142857143, ""nonnat_count"": 31, ""model_total"": 112, ""clashes"": 0, ""len1"": 215, ""len2"": 216, ""class1"": ""ligand"", ""class2"": ""receptor"", ""is_het"": false, ""chain1"": ""A"", ""chain2"": ""B"", ""chain_map"": {""A"": ""A"", ""B"": ""B"", ""E"": ""C""}}, ""AE"": {""DockQ"": 0.02512303011921598, ""F1"": 0.0, ""iRMSD"": 15.886722880040033, ""LRMSD"": 31.838294931540027, ""fnat"": 0, ""nat_correct"": 0, ""nat_total"": 44, ""fnonnat"": 1.0, ""nonnat_count"": 37, ""model_total"": 37, ""clashes"": 0, ""len1"": 215, ""len2"": 198, ""class1"": ""receptor"", ""class2"": ""ligand"", ""is_het"": false, ""chain1"": ""A"", ""chain2"": ""C"", ""chain_map"": {""A"": ""A"", ""B"": ""B"", ""E"": ""C""}}, ""BE"": {""DockQ"": 0.02644009776346082, ""F1"": 0.0, ""iRMSD"": 15.603790292245503, ""LRMSD"": 30.943217797561037, ""fnat"": 0, ""nat_correct"": 0, ""nat_total"": 15, ""fnonnat"": 1.0, ""nonnat_count"": 12, ""model_total"": 12, ""clashes"": 0, ""len1"": 216, ""len2"": 198, ""class1"": ""receptor"", ""class2"": ""ligand"", ""is_het"": false, ""chain1"": ""B"", ""chain2"": ""C"", ""chain_map"": {""A"": ""A"", ""B"": ""B"", ""E"": ""C""}}}, ""GlobalDockQ"": 0.2054795359749424, ""best_mapping"": {""A"": ""A"", ""B"": ""B"", ""E"": ""C""}, ""best_mapping_str"": ""ABC:ABE""}"
8cbf	3	"{""model"": ""/tmp/chai1_dockq/8cbf_trunk3.pdb"", ""native"": ""pdb_structures/8cbf.pdb"", ""best_dockq"": 0.6860562436937334, ""best_result"": {""AB"": {""DockQ"": 0.6458357223295952, ""F1"": 0.7531380753138075, ""iRMSD"": 2.1020603036424355, ""LRMSD"": 3.5692028499897566, ""fnat"": 0.75, ""nat_correct"": 90, ""nat_total"": 120, ""fnonnat"": 0.24369747899159663, ""nonnat_count"": 29, ""model_total"": 119, ""clashes"": 0, ""len1"": 215, ""len2"": 216, ""class1"": ""ligand"", ""class2"": ""receptor"", ""is_het"": false, ""chain1"": ""A"", ""chain2"": ""B"", ""chain_map"": {""A"": ""A"", ""B"": ""B"", ""E"": ""C""}}, ""AE"": {""DockQ"": 0.01870518643619139, ""F1"": 0.0, ""iRMSD"": 19.647306368008373, ""LRMSD"": 36.92620300164487, ""fnat"": 0, ""nat_correct"": 0, ""nat_total"": 44, ""fnonnat"": 1.0, ""nonnat_count"": 42, ""model_total"": 42, ""clashes"": 1, ""len1"": 215, ""len2"": 198, ""class1"": ""receptor"", ""class2"": ""ligand"", ""is_het"": false, ""chain1"": ""A"", ""chain2"": ""C"", ""chain_map"": {""A"": ""A"", ""B"": ""B"", ""E"": ""C""}}, ""BE"": {""DockQ"": 0.021515334927946855, ""F1"": 0.0, ""iRMSD"": 17.485677034853055, ""LRMSD"": 34.4958247317957, ""fnat"": 0, ""nat_correct"": 0, ""nat_total"": 15, ""fnonnat"": 1.0, ""nonnat_count"": 5, ""model_total"": 5, ""clashes"": 0, ""len1"": 216, ""len2"": 198, ""class1"": ""receptor"", ""class2"": ""ligand"", ""is_het"": false, ""chain1"": ""B"", ""chain2"": ""C"", ""chain_map"": {""A"": ""A"", ""B"": ""B"", ""E"": ""C""}}}, ""GlobalDockQ"": 0.2286854145645778, ""best_mapping"": {""A"": ""A"", ""B"": ""B"", ""E"": ""C""}, ""best_mapping_str"": ""ABC:ABE""}"
8cbf	4	"{""model"": ""/tmp/chai1_dockq/8cbf_trunk4.pdb"", ""native"": ""pdb_structures/8cbf.pdb"", ""best_dockq"": 0.6881604468350376, ""best_result"": {""AB"": {""DockQ"": 0.6390624874027238, ""F1"": 0.8050847457627118, ""iRMSD"": 2.2953186692666043, ""LRMSD"": 3.8977390111396435, ""fnat"": 0.7916666666666666, ""nat_correct"": 95, ""nat_total"": 120, ""fnonnat"": 0.1810344827586207, ""nonnat_count"": 21, ""model_total"": 116, ""clashes"": 0, ""len1"": 215, ""len2"": 216, ""class1"": ""ligand"", ""class2"": ""receptor"", ""is_het"": false, ""chain1"": ""A"", ""chain2"": ""B"", ""chain_map"": {""A"": ""A"", ""B"": ""B"", ""E"": ""C""}}, ""AE"": {""DockQ"": 0.022598525489596177, ""F1"": 0.0, ""iRMSD"": 19.179072504965806, ""LRMSD"": 33.14266967264863, ""fnat"": 0, ""nat_correct"": 0, ""nat_total"": 44, ""fnonnat"": 1.0, ""nonnat_count"": 22, ""model_total"": 22, ""clashes"": 0, ""len1"": 215, ""len2"": 198, ""class1"": ""receptor"", ""class2"": ""ligand"", ""is_het"": false, ""chain1"": ""A"", ""chain2"": ""C"", ""chain_map"": {""A"": ""A"", ""B"": ""B"", ""E"": ""C""}}, ""BE"": {""DockQ"": 0.02649943394271766, ""F1"": 0.0, ""iRMSD"": 13.793573750736178, ""LRMSD"": 31.515315797462076, ""fnat"": 0, ""nat_correct"": 0, ""nat_total"": 15, ""fnonnat"": 1.0, ""nonnat_count"": 26, ""model_total"": 26, ""clashes"": 0, ""len1"": 216, ""len2"": 198, ""class1"": ""receptor"", ""class2"": ""ligand"", ""is_het"": false, ""chain1"": ""B"", ""chain2"": ""C"", ""chain_map"": {""A"": ""A"", ""B"": ""B"", ""E"": ""C""}}}, ""GlobalDockQ"": 0.2293868156116792, ""best_mapping"": {""A"": ""A"", ""B"": ""B"", ""E"": ""C""}, ""best_mapping_str"": ""ABC:ABE""}"
8d9y	0	"{""model"": ""/tmp/chai1_dockq/8d9y_trunk0.pdb"", ""native"": ""pdb_structures/8d9y.pdb"", ""best_dockq"": 0.7519085773259847, ""best_result"": {""FE"": {""DockQ"": 0.6089174328821845, ""F1"": 0.8220338983050848, ""iRMSD"": 3.726149653540924, ""LRMSD"": 4.7309150863386344, ""fnat"": 0.9238095238095239, ""nat_correct"": 97, ""nat_total"": 105, ""fnonnat"": 0.2595419847328244, ""nonnat_count"": 34, ""model_total"": 131, ""clashes"": 0, ""len1"": 219, ""len2"": 213, ""class1"": ""receptor"", ""class2"": ""ligand"", ""is_het"": false, ""chain1"": ""A"", ""chain2"": ""B"", ""chain_map"": {""F"": ""A"", ""E"": ""B"", ""L"": ""C""}}, ""FK"": {""DockQ"": 0.09501174992019924, ""F1"": 0.11363636363636363, ""iRMSD"": 8.109678649387792, ""LRMSD"": 23.80662467201843, ""fnat"": 0.1388888888888889, ""nat_correct"": 5, ""nat_total"": 36, ""fnonnat"": 0.9038461538461539, ""nonnat_count"": 47, ""model_total"": 52, ""clashes"": 1, ""len1"": 219, ""len2"": 68, ""class1"": ""receptor"", ""class2"": ""ligand"", ""is_het"": false, ""chain1"": ""A"", ""chain2"": ""C"", ""chain_map"": {""F"": ""A"", ""G"": ""B"", ""K"": ""C""}}, ""EK"": {""DockQ"": 0.04797939452360097, ""F1"": 0.0, ""iRMSD"": 8.894239420986706, ""LRMSD"": 23.432495789297416, ""fnat"": 0, ""nat_correct"": 0, ""nat_total"": 16, ""fnonnat"": 1.0, ""nonnat_count"": 16, ""model_total"": 16, ""clashes"": 0, ""len1"": 213, ""len2"": 68, ""class1"": ""receptor"", ""class2"": ""ligand"", ""is_het"": false, ""chain1"": ""B"", ""chain2"": ""C"", ""chain_map"": {""F"": ""A"", ""E"": ""B"", ""K"": ""C""}}}, ""GlobalDockQ"": 0.2506361924419949, ""best_mapping"": {""F"": ""A"", ""E"": ""B"", ""K"": ""C""}, ""best_mapping_str"": ""ABC:FEK""}"
8d9y	1	"{""model"": ""/tmp/chai1_dockq/8d9y_trunk1.pdb"", ""native"": ""pdb_structures/8d9y.pdb"", ""best_dockq"": 0.7550839260067533, ""best_result"": {""FE"": {""DockQ"": 0.6225431348289227, ""F1"": 0.8034188034188035, ""iRMSD"": 3.4106078263232904, ""LRMSD"": 4.112540570406591, ""fnat"": 0.8952380952380953, ""nat_correct"": 94, ""nat_total"": 105, ""fnonnat"": 0.2713178294573643, ""nonnat_count"": 35, ""model_total"": 129, ""clashes"": 0, ""len1"": 219, ""len2"": 213, ""class1"": ""receptor"", ""class2"": ""ligand"", ""is_het"": false, ""chain1"": ""A"", ""chain2"": ""B"", ""chain_map"": {""F"": ""A"", ""E"": ""B"", ""L"": ""C""}}, ""FK"": {""DockQ"": 0.08442921902454965, ""F1"": 0.0975609756097561, ""iRMSD"": 8.246960310168179, ""LRMSD"": 24.158883699218624, ""fnat"": 0.1111111111111111, ""nat_correct"": 4, ""nat_total"": 36, ""fnonnat"": 0.9130434782608695, ""nonnat_count"": 42, ""model_total"": 46, ""clashes"": 2, ""len1"": 219, ""len2"": 68, ""class1"": ""receptor"", ""class2"": ""ligand"", ""is_het"": false, ""chain1"": ""A"", ""chain2"": ""C"", ""chain_map"": {""F"": ""A"", ""G"": ""B"", ""K"": ""C""}}, ""EK"": {""DockQ"": 0.04811157215328094, ""F1"": 0.0, ""iRMSD"": 8.750532613834062, ""LRMSD"": 23.488892948992074, ""fnat"": 0, ""nat_correct"": 0, ""nat_total"": 16, ""fnonnat"": 1.0, ""nonnat_count"": 15, ""model_total"": 15, ""clashes"": 0, ""len1"": 213, ""len2"": 68, ""class1"": ""receptor"", ""class2"": ""ligand"", ""is_het"": false, ""chain1"": ""B"", ""chain2"": ""C"", ""chain_map"": {""F"": ""A"", ""E"": ""B"", ""K"": ""C""}}}, ""GlobalDockQ"": 0.2516946420022511, ""best_mapping"": {""F"": ""A"", ""E"": ""B"", ""K"": ""C""}, ""best_mapping_str"": ""ABC:FEK""}"
8d9y	2	"{""model"": ""/tmp/chai1_dockq/8d9y_trunk2.pdb"", ""native"": ""pdb_structures/8d9y.pdb"", ""best_dockq"": 1.066797920191203, ""best_result"": {""DC"": {""DockQ"": 0.7846235098461044, ""F1"": 0.8245614035087719, ""iRMSD"": 1.502884794278282, ""LRMSD"": 2.273011963907007, ""fnat"": 0.9215686274509803, ""nat_correct"": 94, ""nat_total"": 102, ""fnonnat"": 0.25396825396825395, ""nonnat_count"": 32, ""model_total"": 126, ""clashes"": 0, ""len1"": 219, ""len2"": 213, ""class1"": ""receptor"", ""class2"": ""ligand"", ""is_het"": false, ""chain1"": ""A"", ""chain2"": ""B"", ""chain_map"": {""D"": ""A"", ""C"": ""B"", ""L"": ""C""}}, ""DJ"": {""DockQ"": 0.11169827739085737, ""F1"": 0.022988505747126436, ""iRMSD"": 8.858118003426465, ""LRMSD"": 13.599840431201244, ""fnat"": 0.02631578947368421, ""nat_correct"": 1, ""nat_total"": 38, ""fnonnat"": 0.9795918367346939, ""nonnat_count"": 48, ""model_total"": 49, ""clashes"": 0, ""len1"": 219, ""len2"": 68, ""class1"": ""receptor"", ""class2"": ""ligand"", ""is_het"": false, ""chain1"": ""A"", ""chain2"": ""C"", ""chain_map"": {""D"": ""A"", ""C"": ""B"", ""J"": ""C""}}, ""CJ"": {""DockQ"": 0.17047613295424136, ""F1"": 0.15384615384615385, ""iRMSD"": 5.689617435364317, ""LRMSD"": 13.637978331900511, ""fnat"": 0.16666666666666666, ""nat_correct"": 2, ""nat_total"": 12, ""fnonnat"": 0.8571428571428571, ""nonnat_count"": 12, ""model_total"": 14, ""clashes"": 1, ""len1"": 213, ""len2"": 68, ""class1"": ""receptor"", ""class2"": ""ligand"", ""is_het"": false, ""chain1"": ""B"", ""chain2"": ""C"", ""chain_map"": {""D"": ""A"", ""C"": ""B"", ""J"": ""C""}}}, ""GlobalDockQ"": 0.355599306730401, ""best_mapping"": {""D"": ""A"", ""C"": ""B"", ""J"": ""C""}, ""best_mapping_str"": ""ABC:DCJ""}"
8d9y	3	"{""model"": ""/tmp/chai1_dockq/8d9y_trunk3.pdb"", ""native"": ""pdb_structures/8d9y.pdb"", ""best_dockq"": 0.7429909460789819, ""best_result"": {""FE"": {""DockQ"": 0.5971849010585348, ""F1"": 0.8, ""iRMSD"": 3.69197555384759, ""LRMSD"": 4.597231772148528, ""fnat"": 0.8761904761904762, ""nat_correct"": 92, ""nat_total"": 105, ""fnonnat"": 0.264, ""nonnat_count"": 33, ""model_total"": 125, ""clashes"": 0, ""len1"": 219, ""len2"": 213, ""class1"": ""receptor"", ""class2"": ""ligand"", ""is_het"": false, ""chain1"": ""A"", ""chain2"": ""B"", ""chain_map"": {""F"": ""A"", ""E"": ""B"", ""L"": ""C""}}, ""FK"": {""DockQ"": 0.09584934686069918, ""F1"": 0.11363636363636363, ""iRMSD"": 7.943774910133832, ""LRMSD"": 23.669391887090963, ""fnat"": 0.1388888888888889, ""nat_correct"": 5, ""nat_total"": 36, ""fnonnat"": 0.9038461538461539, ""nonnat_count"": 47, ""model_total"": 52, ""clashes"": 1, ""len1"": 219, ""len2"": 68, ""class1"": ""receptor"", ""class2"": ""ligand"", ""is_het"": false, ""chain1"": ""A"", ""chain2"": ""C"", ""chain_map"": {""F"": ""A"", ""G"": ""B"", ""K"": ""C""}}, ""EK"": {""DockQ"": 0.049956698159747924, ""F1"": 0.0, ""iRMSD"": 8.304766902853949, ""LRMSD"": 23.207795164047333, ""fnat"": 0, ""nat_correct"": 0, ""nat_total"": 16, ""fnonnat"": 1.0, ""nonnat_count"": 16, ""model_total"": 16, ""clashes"": 0, ""len1"": 213, ""len2"": 68, ""class1"": ""receptor"", ""class2"": ""ligand"", ""is_het"": false, ""chain1"": ""B"", ""chain2"": ""C"", ""chain_map"": {""F"": ""A"", ""E"": ""B"", ""K"": ""C""}}}, ""GlobalDockQ"": 0.24766364869299395, ""best_mapping"": {""F"": ""A"", ""E"": ""B"", ""K"": ""C""}, ""best_mapping_str"": ""ABC:FEK""}"
8d9y	4	"{""model"": ""/tmp/chai1_dockq/8d9y_trunk4.pdb"", ""native"": ""pdb_structures/8d9y.pdb"", ""best_dockq"": 0.8938360256492708, ""best_result"": {""FE"": {""DockQ"": 0.7539530012070331, ""F1"": 0.8189655172413793, ""iRMSD"": 1.8122677583781568, ""LRMSD"": 1.938868772712473, ""fnat"": 0.9047619047619048, ""nat_correct"": 95, ""nat_total"": 105, ""fnonnat"": 0.25196850393700787, ""nonnat_count"": 32, ""model_total"": 127, ""clashes"": 0, ""len1"": 219, ""len2"": 213, ""class1"": ""receptor"", ""class2"": ""ligand"", ""is_het"": false, ""chain1"": ""A"", ""chain2"": ""B"", ""chain_map"": {""F"": ""A"", ""E"": ""B"", ""L"": ""C""}}, ""FK"": {""DockQ"": 0.09735039605418618, ""F1"": 0.14285714285714285, ""iRMSD"": 7.8106406057772135, ""LRMSD"": 27.058877017073193, ""fnat"": 0.16666666666666666, ""nat_correct"": 6, ""nat_total"": 36, ""fnonnat"": 0.875, ""nonnat_count"": 42, ""model_total"": 48, ""clashes"": 2, ""len1"": 219, ""len2"": 68, ""class1"": ""receptor"", ""class2"": ""ligand"", ""is_het"": false, ""chain1"": ""A"", ""chain2"": ""C"", ""chain_map"": {""F"": ""A"", ""G"": ""B"", ""K"": ""C""}}, ""EK"": {""DockQ"": 0.042532628388051476, ""F1"": 0.0, ""iRMSD"": 8.384085576858991, ""LRMSD"": 25.996555980582553, ""fnat"": 0, ""nat_correct"": 0, ""nat_total"": 16, ""fnonnat"": 1.0, ""nonnat_count"": 9, ""model_total"": 9, ""clashes"": 0, ""len1"": 213, ""len2"": 68, ""class1"": ""receptor"", ""class2"": ""ligand"", ""is_het"": false, ""chain1"": ""B"", ""chain2"": ""C"", ""chain_map"": {""F"": ""A"", ""E"": ""B"", ""K"": ""C""}}}, ""GlobalDockQ"": 0.29794534188309024, ""best_mapping"": {""F"": ""A"", ""E"": ""B"", ""K"": ""C""}, ""best_mapping_str"": ""ABC:FEK""}"
8d9z	0	"{""model"": ""/tmp/chai1_dockq/8d9z_trunk0.pdb"", ""native"": ""pdb_structures/8d9z.pdb"", ""best_dockq"": 1.0066707493067613, ""best_result"": {""AB"": {""DockQ"": 0.7491518684422824, ""F1"": 0.784, ""iRMSD"": 1.9287727233117367, ""LRMSD"": 2.029755775319073, ""fnat"": 0.9245283018867925, ""nat_correct"": 98, ""nat_total"": 106, ""fnonnat"": 0.3194444444444444, ""nonnat_count"": 46, ""model_total"": 144, ""clashes"": 0, ""len1"": 213, ""len2"": 227, ""class1"": ""ligand"", ""class2"": ""receptor"", ""is_het"": false, ""chain1"": ""B"", ""chain2"": ""A"", ""chain_map"": {""A"": ""B"", ""B"": ""A"", ""D"": ""C""}}, ""AD"": {""DockQ"": 0.1434020769059908, ""F1"": 0.11764705882352941, ""iRMSD"": 6.181012667016902, ""LRMSD"": 14.738594612680659, ""fnat"": 0.125, ""nat_correct"": 2, ""nat_total"": 16, ""fnonnat"": 0.8888888888888888, ""nonnat_count"": 16, ""model_total"": 18, ""clashes"": 1, ""len1"": 213, ""len2"": 68, ""class1"": ""receptor"", ""class2"": ""ligand"", ""is_het"": false, ""chain1"": ""B"", ""chain2"": ""C"", ""chain_map"": {""A"": ""B"", ""B"": ""A"", ""D"": ""C""}}, ""BD"": {""DockQ"": 0.1141168039584881, ""F1"": 0.075, ""iRMSD"": 8.709732661752058, ""LRMSD"": 15.648382435440988, ""fnat"": 0.08571428571428572, ""nat_correct"": 3, ""nat_total"": 35, ""fnonnat"": 0.9333333333333333, ""nonnat_count"": 42, ""model_total"": 45, ""clashes"": 2, ""len1"": 227, ""len2"": 68, ""class1"": ""receptor"", ""class2"": ""ligand"", ""is_het"": false, ""chain1"": ""A"", ""chain2"": ""C"", ""chain_map"": {""A"": ""B"", ""B"": ""A"", ""D"": ""C""}}}, ""GlobalDockQ"": 0.3355569164355871, ""best_mapping"": {""A"": ""B"", ""B"": ""A"", ""D"": ""C""}, ""best_mapping_str"": ""BAC:ABD""}"
8d9z	1	"{""model"": ""/tmp/chai1_dockq/8d9z_trunk1.pdb"", ""native"": ""pdb_structures/8d9z.pdb"", ""best_dockq"": 1.0822445005250483, ""best_result"": {""AB"": {""DockQ"": 0.7696241148710176, ""F1"": 0.7795275590551181, ""iRMSD"": 1.7024573451593523, ""LRMSD"": 2.1876067004415014, ""fnat"": 0.9339622641509434, ""nat_correct"": 99, ""nat_total"": 106, ""fnonnat"": 0.3310810810810811, ""nonnat_count"": 49, ""model_total"": 148, ""clashes"": 1, ""len1"": 213, ""len2"": 227, ""class1"": ""ligand"", ""class2"": ""receptor"", ""is_het"": false, ""chain1"": ""B"", ""chain2"": ""A"", ""chain_map"": {""A"": ""B"", ""B"": ""A"", ""D"": ""C""}}, ""AD"": {""DockQ"": 0.15235135462981556, ""F1"": 0.07142857142857142, ""iRMSD"": 5.003783034654675, ""LRMSD"": 12.619290268799285, ""fnat"": 0.0625, ""nat_correct"": 1, ""nat_total"": 16, ""fnonnat"": 0.9166666666666666, ""nonnat_count"": 11, ""model_total"": 12, ""clashes"": 0, ""len1"": 213, ""len2"": 68, ""class1"": ""receptor"", ""class2"": ""ligand"", ""is_het"": false, ""chain1"": ""B"", ""chain2"": ""C"", ""chain_map"": {""A"": ""B"", ""B"": ""A"", ""D"": ""C""}}, ""BD"": {""DockQ"": 0.1602690310242153, ""F1"": 0.13043478260869565, ""iRMSD"": 8.10587791222365, ""LRMSD"": 13.757577825498764, ""fnat"": 0.17142857142857143, ""nat_correct"": 6, ""nat_total"": 35, ""fnonnat"": 0.8947368421052632, ""nonnat_count"": 51, ""model_total"": 57, ""clashes"": 3, ""len1"": 227, ""len2"": 68, ""class1"": ""receptor"", ""class2"": ""ligand"", ""is_het"": false, ""chain1"": ""A"", ""chain2"": ""C"", ""chain_map"": {""A"": ""B"", ""B"": ""A"", ""D"": ""C""}}}, ""GlobalDockQ"": 0.36074816684168276, ""best_mapping"": {""A"": ""B"", ""B"": ""A"", ""D"": ""C""}, ""best_mapping_str"": ""BAC:ABD""}"
8d9z	2	"{""model"": ""/tmp/chai1_dockq/8d9z_trunk2.pdb"", ""native"": ""pdb_structures/8d9z.pdb"", ""best_dockq"": 0.9746768925048178, ""best_result"": {""AB"": {""DockQ"": 0.706443111042048, ""F1"": 0.792, ""iRMSD"": 2.4088580377221147, ""LRMSD"": 2.7386450405434237, ""fnat"": 0.9339622641509434, ""nat_correct"": 99, ""nat_total"": 106, ""fnonnat"": 0.3125, ""nonnat_count"": 45, ""model_total"": 144, ""clashes"": 0, ""len1"": 213, ""len2"": 227, ""class1"": ""ligand"", ""class2"": ""receptor"", ""is_het"": false, ""chain1"": ""B"", ""chain2"": ""A"", ""chain_map"": {""A"": ""B"", ""B"": ""A"", ""D"": ""C""}}, ""AD"": {""DockQ"": 0.14018979787096472, ""F1"": 0.13333333333333333, ""iRMSD"": 6.522379568968615, ""LRMSD"": 14.907829830381363, ""fnat"": 0.125, ""nat_correct"": 2, ""nat_total"": 16, ""fnonnat"": 0.8571428571428571, ""nonnat_count"": 12, ""model_total"": 14, ""clashes"": 0, ""len1"": 213, ""len2"": 68, ""class1"": ""receptor"", ""class2"": ""ligand"", ""is_het"": false, ""chain1"": ""B"", ""chain2"": ""C"", ""chain_map"": {""A"": ""B"", ""B"": ""A"", ""D"": ""C""}}, ""BD"": {""DockQ"": 0.128043983591805, ""F1"": 0.125, ""iRMSD"": 8.4409223739009, ""LRMSD"": 16.45345264515814, ""fnat"": 0.14285714285714285, ""nat_correct"": 5, ""nat_total"": 35, ""fnonnat"": 0.8888888888888888, ""nonnat_count"": 40, ""model_total"": 45, ""clashes"": 1, ""len1"": 227, ""len2"": 68, ""class1"": ""receptor"", ""class2"": ""ligand"", ""is_het"": false, ""chain1"": ""A"", ""chain2"": ""C"", ""chain_map"": {""A"": ""B"", ""B"": ""A"", ""D"": ""C""}}}, ""GlobalDockQ"": 0.3248922975016059, ""best_mapping"": {""A"": ""B"", ""B"": ""A"", ""D"": ""C""}, ""best_mapping_str"": ""BAC:ABD""}"
8d9z	3	"{""model"": ""/tmp/chai1_dockq/8d9z_trunk3.pdb"", ""native"": ""pdb_structures/8d9z.pdb"", ""best_dockq"": 0.9702949754248258, ""best_result"": {""AB"": {""DockQ"": 0.7024754994766337, ""F1"": 0.7791164658634538, ""iRMSD"": 2.3742708419119842, ""LRMSD"": 2.720860376149521, ""fnat"": 0.9150943396226415, ""nat_correct"": 97, ""nat_total"": 106, ""fnonnat"": 0.32167832167832167, ""nonnat_count"": 46, ""model_total"": 143, ""clashes"": 0, ""len1"": 213, ""len2"": 227, ""class1"": ""ligand"", ""class2"": ""receptor"", ""is_het"": false, ""chain1"": ""B"", ""chain2"": ""A"", ""chain_map"": {""A"": ""B"", ""B"": ""A"", ""D"": ""C""}}, ""AD"": {""DockQ"": 0.14427161819110476, ""F1"": 0.12903225806451613, ""iRMSD"": 6.4896054907880245, ""LRMSD"": 14.448873952529787, ""fnat"": 0.125, ""nat_correct"": 2, ""nat_total"": 16, ""fnonnat"": 0.8666666666666667, ""nonnat_count"": 13, ""model_total"": 15, ""clashes"": 0, ""len1"": 213, ""len2"": 68, ""class1"": ""receptor"", ""class2"": ""ligand"", ""is_het"": false, ""chain1"": ""B"", ""chain2"": ""C"", ""chain_map"": {""A"": ""B"", ""B"": ""A"", ""D"": ""C""}}, ""BD"": {""DockQ"": 0.12354785775708732, ""F1"": 0.09195402298850575, ""iRMSD"": 8.705098997666257, ""LRMSD"": 15.662095785658023, ""fnat"": 0.11428571428571428, ""nat_correct"": 4, ""nat_total"": 35, ""fnonnat"": 0.9230769230769231, ""nonnat_count"": 48, ""model_total"": 52, ""clashes"": 3, ""len1"": 227, ""len2"": 68, ""class1"": ""receptor"", ""class2"": ""ligand"", ""is_het"": false, ""chain1"": ""A"", ""chain2"": ""C"", ""chain_map"": {""A"": ""B"", ""B"": ""A"", ""D"": ""C""}}}, ""GlobalDockQ"": 0.32343165847494193, ""best_mapping"": {""A"": ""B"", ""B"": ""A"", ""D"": ""C""}, ""best_mapping_str"": ""BAC:ABD""}"
8d9z	4	"{""model"": ""/tmp/chai1_dockq/8d9z_trunk4.pdb"", ""native"": ""pdb_structures/8d9z.pdb"", ""best_dockq"": 0.9935031276379305, ""best_result"": {""AB"": {""DockQ"": 0.6878695153400667, ""F1"": 0.7818930041152263, ""iRMSD"": 2.4738999712023984, ""LRMSD"": 2.8557778027657905, ""fnat"": 0.8962264150943396, ""nat_correct"": 95, ""nat_total"": 106, ""fnonnat"": 0.30656934306569344, ""nonnat_count"": 42, ""model_total"": 137, ""clashes"": 0, ""len1"": 213, ""len2"": 227, ""class1"": ""ligand"", ""class2"": ""receptor"", ""is_het"": false, ""chain1"": ""B"", ""chain2"": ""A"", ""chain_map"": {""A"": ""B"", ""B"": ""A"", ""D"": ""C""}}, ""AD"": {""DockQ"": 0.15115807536720607, ""F1"": 0.07407407407407407, ""iRMSD"": 5.969230699072809, ""LRMSD"": 12.068426228017213, ""fnat"": 0.0625, ""nat_correct"": 1, ""nat_total"": 16, ""fnonnat"": 0.9090909090909091, ""nonnat_count"": 10, ""model_total"": 11, ""clashes"": 0, ""len1"": 213, ""len2"": 68, ""class1"": ""receptor"", ""class2"": ""ligand"", ""is_het"": false, ""chain1"": ""B"", ""chain2"": ""C"", ""chain_map"": {""A"": ""B"", ""B"": ""A"", ""D"": ""C""}}, ""BD"": {""DockQ"": 0.1544755369306578, ""F1"": 0.12345679012345678, ""iRMSD"": 8.04826777497906, ""LRMSD"": 13.39747788537486, ""fnat"": 0.14285714285714285, ""nat_correct"": 5, ""nat_total"": 35, ""fnonnat"": 0.8913043478260869, ""nonnat_count"": 41, ""model_total"": 46, ""clashes"": 3, ""len1"": 227, ""len2"": 68, ""class1"": ""receptor"", ""class2"": ""ligand"", ""is_het"": false, ""chain1"": ""A"", ""chain2"": ""C"", ""chain_map"": {""A"": ""B"", ""B"": ""A"", ""D"": ""C""}}}, ""GlobalDockQ"": 0.3311677092126435, ""best_mapping"": {""A"": ""B"", ""B"": ""A"", ""D"": ""C""}, ""best_mapping_str"": ""BAC:ABD""}"
8da0	0	"{""model"": ""/tmp/chai1_dockq/8da0_trunk0.pdb"", ""native"": ""pdb_structures/8da0.pdb"", ""best_dockq"": 0.7793885090282171, ""best_result"": {""BA"": {""DockQ"": 0.527233777533867, ""F1"": 0.7542087542087542, ""iRMSD"": 5.116840278789854, ""LRMSD"": 5.5305891217734215, ""fnat"": 0.8, ""nat_correct"": 112, ""nat_total"": 140, ""fnonnat"": 0.28662420382165604, ""nonnat_count"": 45, ""model_total"": 157, ""clashes"": 0, ""len1"": 234, ""len2"": 214, ""class1"": ""receptor"", ""class2"": ""ligand"", ""is_het"": false, ""chain1"": ""A"", ""chain2"": ""B"", ""chain_map"": {""B"": ""A"", ""A"": ""B"", ""E"": ""C""}}, ""BE"": {""DockQ"": 0.12076162232656384, ""F1"": 0.10526315789473684, ""iRMSD"": 9.505333575789907, ""LRMSD"": 16.538390925330024, ""fnat"": 0.12903225806451613, ""nat_correct"": 4, ""nat_total"": 31, ""fnonnat"": 0.9111111111111111, ""nonnat_count"": 41, ""model_total"": 45, ""clashes"": 4, ""len1"": 234, ""len2"": 65, ""class1"": ""receptor"", ""class2"": ""ligand"", ""is_het"": false, ""chain1"": ""A"", ""chain2"": ""C"", ""chain_map"": {""B"": ""A"", ""A"": ""B"", ""E"": ""C""}}, ""AE"": {""DockQ"": 0.13139310916778627, ""F1"": 0.11428571428571428, ""iRMSD"": 7.967526660873469, ""LRMSD"": 15.702595905743946, ""fnat"": 0.13333333333333333, ""nat_correct"": 2, ""nat_total"": 15, ""fnonnat"": 0.9, ""nonnat_count"": 18, ""model_total"": 20, ""clashes"": 0, ""len1"": 214, ""len2"": 65, ""class1"": ""receptor"", ""class2"": ""ligand"", ""is_het"": false, ""chain1"": ""B"", ""chain2"": ""C"", ""chain_map"": {""B"": ""A"", ""A"": ""B"", ""E"": ""C""}}}, ""GlobalDockQ"": 0.2597961696760724, ""best_mapping"": {""B"": ""A"", ""A"": ""B"", ""E"": ""C""}, ""best_mapping_str"": ""ABC:BAE""}"
8da0	1	"{""model"": ""/tmp/chai1_dockq/8da0_trunk1.pdb"", ""native"": ""pdb_structures/8da0.pdb"", ""best_dockq"": 0.831147840977295, ""best_result"": {""BA"": {""DockQ"": 0.6160206672158167, ""F1"": 0.7389830508474576, ""iRMSD"": 3.264481667336591, ""LRMSD"": 2.908853809876267, ""fnat"": 0.7785714285714286, ""nat_correct"": 109, ""nat_total"": 140, ""fnonnat"": 0.2967741935483871, ""nonnat_count"": 46, ""model_total"": 155, ""clashes"": 1, ""len1"": 234, ""len2"": 214, ""class1"": ""receptor"", ""class2"": ""ligand"", ""is_het"": false, ""chain1"": ""A"", ""chain2"": ""B"", ""chain_map"": {""B"": ""A"", ""A"": ""B"", ""E"": ""C""}}, ""BE"": {""DockQ"": 0.11151089578864437, ""F1"": 0.1095890410958904, ""iRMSD"": 9.041481907052821, ""LRMSD"": 18.221601612496066, ""fnat"": 0.12903225806451613, ""nat_correct"": 4, ""nat_total"": 31, ""fnonnat"": 0.9047619047619048, ""nonnat_count"": 38, ""model_total"": 42, ""clashes"": 1, ""len1"": 234, ""len2"": 65, ""class1"": ""receptor"", ""class2"": ""ligand"", ""is_het"": false, ""chain1"": ""A"", ""chain2"": ""C"", ""chain_map"": {""B"": ""A"", ""A"": ""B"", ""E"": ""C""}}, ""AE"": {""DockQ"": 0.10361627797283385, ""F1"": 0.06451612903225806, ""iRMSD"": 7.754811593491635, ""LRMSD"": 16.580423900816566, ""fnat"": 0.06666666666666667, ""nat_correct"": 1, ""nat_total"": 15, ""fnonnat"": 0.9375, ""nonnat_count"": 15, ""model_total"": 16, ""clashes"": 1, ""len1"": 214, ""len2"": 65, ""class1"": ""receptor"", ""class2"": ""ligand"", ""is_het"": false, ""chain1"": ""B"", ""chain2"": ""C"", ""chain_map"": {""B"": ""A"", ""A"": ""B"", ""E"": ""C""}}}, ""GlobalDockQ"": 0.277049280325765, ""best_mapping"": {""B"": ""A"", ""A"": ""B"", ""E"": ""C""}, ""best_mapping_str"": ""ABC:BAE""}"
8da0	2	"{""model"": ""/tmp/chai1_dockq/8da0_trunk2.pdb"", ""native"": ""pdb_structures/8da0.pdb"", ""best_dockq"": 0.8040382335612053, ""best_result"": {""DC"": {""DockQ"": 0.5461688251467196, ""F1"": 0.7932203389830509, ""iRMSD"": 4.821342667313911, ""LRMSD"": 5.142208608240703, ""fnat"": 0.8181818181818182, ""nat_correct"": 117, ""nat_total"": 143, ""fnonnat"": 0.23026315789473684, ""nonnat_count"": 35, ""model_total"": 152, ""clashes"": 1, ""len1"": 234, ""len2"": 214, ""class1"": ""receptor"", ""class2"": ""ligand"", ""is_het"": false, ""chain1"": ""A"", ""chain2"": ""B"", ""chain_map"": {""D"": ""A"", ""C"": ""B"", ""F"": ""C""}}, ""DF"": {""DockQ"": 0.17699530928474447, ""F1"": 0.18181818181818182, ""iRMSD"": 5.3907275874076825, ""LRMSD"": 16.529947788458383, ""fnat"": 0.25, ""nat_correct"": 5, ""nat_total"": 20, ""fnonnat"": 0.8571428571428571, ""nonnat_count"": 30, ""model_total"": 35, ""clashes"": 0, ""len1"": 234, ""len2"": 16, ""class1"": ""receptor"", ""class2"": ""ligand"", ""is_het"": false, ""chain1"": ""A"", ""chain2"": ""C"", ""chain_map"": {""D"": ""A"", ""C"": ""B"", ""F"": ""C""}}, ""CF"": {""DockQ"": 0.08087409912974124, ""F1"": 0.0, ""iRMSD"": 6.623201631695725, ""LRMSD"": 17.334742170935584, ""fnat"": 0, ""nat_correct"": 0, ""nat_total"": 14, ""fnonnat"": 1.0, ""nonnat_count"": 4, ""model_total"": 4, ""clashes"": 0, ""len1"": 214, ""len2"": 16, ""class1"": ""receptor"", ""class2"": ""ligand"", ""is_het"": false, ""chain1"": ""B"", ""chain2"": ""C"", ""chain_map"": {""D"": ""A"", ""C"": ""B"", ""F"": ""C""}}}, ""GlobalDockQ"": 0.26801274452040175, ""best_mapping"": {""D"": ""A"", ""C"": ""B"", ""F"": ""C""}, ""best_mapping_str"": ""ABC:DCF""}"
8da0	3	"{""model"": ""/tmp/chai1_dockq/8da0_trunk3.pdb"", ""native"": ""pdb_structures/8da0.pdb"", ""best_dockq"": 0.7506896055036576, ""best_result"": {""BA"": {""DockQ"": 0.5335895999238521, ""F1"": 0.7687074829931972, ""iRMSD"": 4.960875152566295, ""LRMSD"": 5.434220854891785, ""fnat"": 0.8071428571428572, ""nat_correct"": 113, ""nat_total"": 140, ""fnonnat"": 0.2662337662337662, ""nonnat_count"": 41, ""model_total"": 154, ""clashes"": 1, ""len1"": 234, ""len2"": 214, ""class1"": ""receptor"", ""class2"": ""ligand"", ""is_het"": false, ""chain1"": ""A"", ""chain2"": ""B"", ""chain_map"": {""B"": ""A"", ""A"": ""B"", ""E"": ""C""}}, ""BE"": {""DockQ"": 0.10945007455166818, ""F1"": 0.08333333333333333, ""iRMSD"": 9.081933348780456, ""LRMSD"": 16.737740382889204, ""fnat"": 0.0967741935483871, ""nat_correct"": 3, ""nat_total"": 31, ""fnonnat"": 0.926829268292683, ""nonnat_count"": 38, ""model_total"": 41, ""clashes"": 3, ""len1"": 234, ""len2"": 65, ""class1"": ""receptor"", ""class2"": ""ligand"", ""is_het"": false, ""chain1"": ""A"", ""chain2"": ""C"", ""chain_map"": {""B"": ""A"", ""A"": ""B"", ""E"": ""C""}}, ""AE"": {""DockQ"": 0.1076499310281372, ""F1"": 0.06451612903225806, ""iRMSD"": 8.011068907901391, ""LRMSD"": 15.893342981002418, ""fnat"": 0.06666666666666667, ""nat_correct"": 1, ""nat_total"": 15, ""fnonnat"": 0.9375, ""nonnat_count"": 15, ""model_total"": 16, ""clashes"": 1, ""len1"": 214, ""len2"": 65, ""class1"": ""receptor"", ""class2"": ""ligand"", ""is_het"": false, ""chain1"": ""B"", ""chain2"": ""C"", ""chain_map"": {""B"": ""A"", ""A"": ""B"", ""E"": ""C""}}}, ""GlobalDockQ"": 0.2502298685012192, ""best_mapping"": {""B"": ""A"", ""A"": ""B"", ""E"": ""C""}, ""best_mapping_str"": ""ABC:BAE""}"
8da0	4	"{""model"": ""/tmp/chai1_dockq/8da0_trunk4.pdb"", ""native"": ""pdb_structures/8da0.pdb"", ""best_dockq"": 0.8140405423704333, ""best_result"": {""DC"": {""DockQ"": 0.5488775814930936, ""F1"": 0.8095238095238095, ""iRMSD"": 4.709833980639138, ""LRMSD"": 5.269474364790331, ""fnat"": 0.8321678321678322, ""nat_correct"": 119, ""nat_total"": 143, ""fnonnat"": 0.2119205298013245, ""nonnat_count"": 32, ""model_total"": 151, ""clashes"": 0, ""len1"": 234, ""len2"": 214, ""class1"": ""receptor"", ""class2"": ""ligand"", ""is_het"": false, ""chain1"": ""A"", ""chain2"": ""B"", ""chain_map"": {""D"": ""A"", ""C"": ""B"", ""F"": ""C""}}, ""DF"": {""DockQ"": 0.1831678626694819, ""F1"": 0.18867924528301888, ""iRMSD"": 5.189906397447804, ""LRMSD"": 15.893432249192367, ""fnat"": 0.25, ""nat_correct"": 5, ""nat_total"": 20, ""fnonnat"": 0.8484848484848485, ""nonnat_count"": 28, ""model_total"": 33, ""clashes"": 0, ""len1"": 234, ""len2"": 16, ""class1"": ""receptor"", ""class2"": ""ligand"", ""is_het"": false, ""chain1"": ""A"", ""chain2"": ""C"", ""chain_map"": {""D"": ""A"", ""C"": ""B"", ""F"": ""C""}}, ""CF"": {""DockQ"": 0.08199509820785773, ""F1"": 0.0, ""iRMSD"": 6.642325382464018, ""LRMSD"": 17.13596321633431, ""fnat"": 0, ""nat_correct"": 0, ""nat_total"": 14, ""fnonnat"": 1.0, ""nonnat_count"": 4, ""model_total"": 4, ""clashes"": 0, ""len1"": 214, ""len2"": 16, ""class1"": ""receptor"", ""class2"": ""ligand"", ""is_het"": false, ""chain1"": ""B"", ""chain2"": ""C"", ""chain_map"": {""D"": ""A"", ""C"": ""B"", ""F"": ""C""}}}, ""GlobalDockQ"": 0.2713468474568111, ""best_mapping"": {""D"": ""A"", ""C"": ""B"", ""F"": ""C""}, ""best_mapping_str"": ""ABC:DCF""}"
8ee2	0	"{""model"": ""/tmp/chai1_dockq/8ee2_trunk0.pdb"", ""native"": ""pdb_structures/8ee2.pdb"", ""best_dockq"": 0.4626219246403845, ""best_result"": {""LJ"": {""DockQ"": 0.4626219246403845, ""F1"": 0.6206896551724138, ""iRMSD"": 3.246413399018474, ""LRMSD"": 6.496000796258641, ""fnat"": 0.5806451612903226, ""nat_correct"": 36, ""nat_total"": 62, ""fnonnat"": 0.3333333333333333, ""nonnat_count"": 18, ""model_total"": 54, ""clashes"": 1, ""len1"": 119, ""len2"": 292, ""class1"": ""ligand"", ""class2"": ""receptor"", ""is_het"": false, ""chain1"": ""A"", ""chain2"": ""B"", ""chain_map"": {""L"": ""A"", ""J"": ""B""}}}, ""GlobalDockQ"": 0.4626219246403845, ""best_mapping"": {""L"": ""A"", ""J"": ""B""}, ""best_mapping_str"": ""AB:LJ""}"
8ee2	1	"{""model"": ""/tmp/chai1_dockq/8ee2_trunk1.pdb"", ""native"": ""pdb_structures/8ee2.pdb"", ""best_dockq"": 0.374196240839855, ""best_result"": {""GE"": {""DockQ"": 0.374196240839855, ""F1"": 0.6016260162601627, ""iRMSD"": 4.0564479095814585, ""LRMSD"": 9.39596950446021, ""fnat"": 0.5522388059701493, ""nat_correct"": 37, ""nat_total"": 67, ""fnonnat"": 0.3392857142857143, ""nonnat_count"": 19, ""model_total"": 56, ""clashes"": 1, ""len1"": 83, ""len2"": 291, ""class1"": ""ligand"", ""class2"": ""receptor"", ""is_het"": false, ""chain1"": ""A"", ""chain2"": ""B"", ""chain_map"": {""G"": ""A"", ""E"": ""B""}}}, ""GlobalDockQ"": 0.374196240839855, ""best_mapping"": {""G"": ""A"", ""E"": ""B""}, ""best_mapping_str"": ""AB:GE""}"
8ee2	2	"{""model"": ""/tmp/chai1_dockq/8ee2_trunk2.pdb"", ""native"": ""pdb_structures/8ee2.pdb"", ""best_dockq"": 0.10019830952494801, ""best_result"": {""GE"": {""DockQ"": 0.10019830952494801, ""F1"": 0.05357142857142857, ""iRMSD"": 6.7269427550524465, ""LRMSD"": 16.563584728061578, ""fnat"": 0.04477611940298507, ""nat_correct"": 3, ""nat_total"": 67, ""fnonnat"": 0.9333333333333333, ""nonnat_count"": 42, ""model_total"": 45, ""clashes"": 0, ""len1"": 83, ""len2"": 291, ""class1"": ""ligand"", ""class2"": ""receptor"", ""is_het"": false, ""chain1"": ""A"", ""chain2"": ""B"", ""chain_map"": {""G"": ""A"", ""E"": ""B""}}}, ""GlobalDockQ"": 0.10019830952494801, ""best_mapping"": {""G"": ""A"", ""E"": ""B""}, ""best_mapping_str"": ""AB:GE""}"
8ee2	3	"{""model"": ""/tmp/chai1_dockq/8ee2_trunk3.pdb"", ""native"": ""pdb_structures/8ee2.pdb"", ""best_dockq"": 0.3210013419223247, ""best_result"": {""GE"": {""DockQ"": 0.3210013419223247, ""F1"": 0.5309734513274337, ""iRMSD"": 4.060493576289611, ""LRMSD"": 10.515974786740479, ""fnat"": 0.44776119402985076, ""nat_correct"": 30, ""nat_total"": 67, ""fnonnat"": 0.34782608695652173, ""nonnat_count"": 16, ""model_total"": 46, ""clashes"": 0, ""len1"": 83, ""len2"": 291, ""class1"": ""ligand"", ""class2"": ""receptor"", ""is_het"": false, ""chain1"": ""A"", ""chain2"": ""B"", ""chain_map"": {""G"": ""A"", ""E"": ""B""}}}, ""GlobalDockQ"": 0.3210013419223247, ""best_mapping"": {""G"": ""A"", ""E"": ""B""}, ""best_mapping_str"": ""AB:GE""}"
8ee2	4	"{""model"": ""/tmp/chai1_dockq/8ee2_trunk4.pdb"", ""native"": ""pdb_structures/8ee2.pdb"", ""best_dockq"": 0.10609844136168362, ""best_result"": {""GE"": {""DockQ"": 0.10609844136168362, ""F1"": 0.07476635514018691, ""iRMSD"": 6.598573580642535, ""LRMSD"": 16.513277725989095, ""fnat"": 0.05970149253731343, ""nat_correct"": 4, ""nat_total"": 67, ""fnonnat"": 0.9, ""nonnat_count"": 36, ""model_total"": 40, ""clashes"": 0, ""len1"": 83, ""len2"": 291, ""class1"": ""ligand"", ""class2"": ""receptor"", ""is_het"": false, ""chain1"": ""A"", ""chain2"": ""B"", ""chain_map"": {""G"": ""A"", ""E"": ""B""}}}, ""GlobalDockQ"": 0.10609844136168362, ""best_mapping"": {""G"": ""A"", ""E"": ""B""}, ""best_mapping_str"": ""AB:GE""}"
8eln	0	"{""model"": ""/tmp/chai1_dockq/8eln_trunk0.pdb"", ""native"": ""pdb_structures/8eln.pdb"", ""best_dockq"": 0.1312340348399389, ""best_result"": {""DB"": {""DockQ"": 0.1312340348399389, ""F1"": 0.23703703703703705, ""iRMSD"": 5.831379216698946, ""LRMSD"": 22.89735200500586, ""fnat"": 0.21052631578947367, ""nat_correct"": 16, ""nat_total"": 76, ""fnonnat"": 0.7288135593220338, ""nonnat_count"": 43, ""model_total"": 59, ""clashes"": 0, ""len1"": 120, ""len2"": 295, ""class1"": ""ligand"", ""class2"": ""receptor"", ""is_het"": false, ""chain1"": ""A"", ""chain2"": ""B"", ""chain_map"": {""D"": ""A"", ""B"": ""B""}}}, ""GlobalDockQ"": 0.1312340348399389, ""best_mapping"": {""D"": ""A"", ""B"": ""B""}, ""best_mapping_str"": ""AB:DB""}"
8eln	1	"{""model"": ""/tmp/chai1_dockq/8eln_trunk1.pdb"", ""native"": ""pdb_structures/8eln.pdb"", ""best_dockq"": 0.5716268702652568, ""best_result"": {""CA"": {""DockQ"": 0.5716268702652568, ""F1"": 0.609375, ""iRMSD"": 1.5519733027258586, ""LRMSD"": 5.31715453648931, ""fnat"": 0.5131578947368421, ""nat_correct"": 39, ""nat_total"": 76, ""fnonnat"": 0.25, ""nonnat_count"": 13, ""model_total"": 52, ""clashes"": 0, ""len1"": 120, ""len2"": 294, ""class1"": ""ligand"", ""class2"": ""receptor"", ""is_het"": false, ""chain1"": ""A"", ""chain2"": ""B"", ""chain_map"": {""C"": ""A"", ""A"": ""B""}}}, ""GlobalDockQ"": 0.5716268702652568, ""best_mapping"": {""C"": ""A"", ""A"": ""B""}, ""best_mapping_str"": ""AB:CA""}"
8eln	2	"{""model"": ""/tmp/chai1_dockq/8eln_trunk2.pdb"", ""native"": ""pdb_structures/8eln.pdb"", ""best_dockq"": 0.8102768304590868, ""best_result"": {""HF"": {""DockQ"": 0.8102768304590868, ""F1"": 0.7575757575757576, ""iRMSD"": 0.7886560203255241, ""LRMSD"": 1.1914209003653935, ""fnat"": 0.6666666666666666, ""nat_correct"": 50, ""nat_total"": 75, ""fnonnat"": 0.12280701754385964, ""nonnat_count"": 7, ""model_total"": 57, ""clashes"": 0, ""len1"": 119, ""len2"": 291, ""class1"": ""ligand"", ""class2"": ""receptor"", ""is_het"": false, ""chain1"": ""A"", ""chain2"": ""B"", ""chain_map"": {""H"": ""A"", ""F"": ""B""}}}, ""GlobalDockQ"": 0.8102768304590868, ""best_mapping"": {""H"": ""A"", ""F"": ""B""}, ""best_mapping_str"": ""AB:HF""}"
8eln	3	"{""model"": ""/tmp/chai1_dockq/8eln_trunk3.pdb"", ""native"": ""pdb_structures/8eln.pdb"", ""best_dockq"": 0.6990877649086361, ""best_result"": {""HF"": {""DockQ"": 0.6990877649086361, ""F1"": 0.7786259541984732, ""iRMSD"": 1.1559240628627268, ""LRMSD"": 4.384394091115702, ""fnat"": 0.68, ""nat_correct"": 51, ""nat_total"": 75, ""fnonnat"": 0.08928571428571429, ""nonnat_count"": 5, ""model_total"": 56, ""clashes"": 0, ""len1"": 119, ""len2"": 291, ""class1"": ""ligand"", ""class2"": ""receptor"", ""is_het"": false, ""chain1"": ""A"", ""chain2"": ""B"", ""chain_map"": {""H"": ""A"", ""F"": ""B""}}}, ""GlobalDockQ"": 0.6990877649086361, ""best_mapping"": {""H"": ""A"", ""F"": ""B""}, ""best_mapping_str"": ""AB:HF""}"
8eln	4	"{""model"": ""/tmp/chai1_dockq/8eln_trunk4.pdb"", ""native"": ""pdb_structures/8eln.pdb"", ""best_dockq"": 0.7118785760999318, ""best_result"": {""GE"": {""DockQ"": 0.7118785760999318, ""F1"": 0.7014925373134329, ""iRMSD"": 1.2356597831060734, ""LRMSD"": 2.6199864541982447, ""fnat"": 0.6266666666666667, ""nat_correct"": 47, ""nat_total"": 75, ""fnonnat"": 0.2033898305084746, ""nonnat_count"": 12, ""model_total"": 59, ""clashes"": 0, ""len1"": 120, ""len2"": 295, ""class1"": ""ligand"", ""class2"": ""receptor"", ""is_het"": false, ""chain1"": ""A"", ""chain2"": ""B"", ""chain_map"": {""G"": ""A"", ""E"": ""B""}}}, ""GlobalDockQ"": 0.7118785760999318, ""best_mapping"": {""G"": ""A"", ""E"": ""B""}, ""best_mapping_str"": ""AB:GE""}"
8elq	0	"{""model"": ""/tmp/chai1_dockq/8elq_trunk0.pdb"", ""native"": ""pdb_structures/8elq.pdb"", ""best_dockq"": 0.010287540635724237, ""best_result"": {""BA"": {""DockQ"": 0.010287540635724237, ""F1"": 0.0, ""iRMSD"": 15.853381393853361, ""LRMSD"": 56.68671246893503, ""fnat"": 0, ""nat_correct"": 0, ""nat_total"": 37, ""fnonnat"": 1.0, ""nonnat_count"": 62, ""model_total"": 62, ""clashes"": 1, ""len1"": 126, ""len2"": 194, ""class1"": ""ligand"", ""class2"": ""receptor"", ""is_het"": false, ""chain1"": ""A"", ""chain2"": ""B"", ""chain_map"": {""B"": ""A"", ""A"": ""B""}}}, ""GlobalDockQ"": 0.010287540635724237, ""best_mapping"": {""B"": ""A"", ""A"": ""B""}, ""best_mapping_str"": ""AB:BA""}"
8elq	1	"{""model"": ""/tmp/chai1_dockq/8elq_trunk1.pdb"", ""native"": ""pdb_structures/8elq.pdb"", ""best_dockq"": 0.011050987352936345, ""best_result"": {""BA"": {""DockQ"": 0.011050987352936345, ""F1"": 0.0, ""iRMSD"": 15.583649727730547, ""LRMSD"": 54.23607732251046, ""fnat"": 0, ""nat_correct"": 0, ""nat_total"": 37, ""fnonnat"": 1.0, ""nonnat_count"": 50, ""model_total"": 50, ""clashes"": 1, ""len1"": 126, ""len2"": 194, ""class1"": ""ligand"", ""class2"": ""receptor"", ""is_het"": false, ""chain1"": ""A"", ""chain2"": ""B"", ""chain_map"": {""B"": ""A"", ""A"": ""B""}}}, ""GlobalDockQ"": 0.011050987352936345, ""best_mapping"": {""B"": ""A"", ""A"": ""B""}, ""best_mapping_str"": ""AB:BA""}"
8elq	2	"{""model"": ""/tmp/chai1_dockq/8elq_trunk2.pdb"", ""native"": ""pdb_structures/8elq.pdb"", ""best_dockq"": 0.009387054229541903, ""best_result"": {""BA"": {""DockQ"": 0.009387054229541903, ""F1"": 0.0, ""iRMSD"": 16.300685369477065, ""LRMSD"": 59.860682749912854, ""fnat"": 0, ""nat_correct"": 0, ""nat_total"": 37, ""fnonnat"": 1.0, ""nonnat_count"": 63, ""model_total"": 63, ""clashes"": 1, ""len1"": 126, ""len2"": 194, ""class1"": ""ligand"", ""class2"": ""receptor"", ""is_het"": false, ""chain1"": ""A"", ""chain2"": ""B"", ""chain_map"": {""B"": ""A"", ""A"": ""B""}}}, ""GlobalDockQ"": 0.009387054229541903, ""best_mapping"": {""B"": ""A"", ""A"": ""B""}, ""best_mapping_str"": ""AB:BA""}"
8elq	3	"{""model"": ""/tmp/chai1_dockq/8elq_trunk3.pdb"", ""native"": ""pdb_structures/8elq.pdb"", ""best_dockq"": 0.009599468302210609, ""best_result"": {""BA"": {""DockQ"": 0.009599468302210609, ""F1"": 0.0, ""iRMSD"": 15.95267445863806, ""LRMSD"": 59.44754861814194, ""fnat"": 0, ""nat_correct"": 0, ""nat_total"": 37, ""fnonnat"": 1.0, ""nonnat_count"": 54, ""model_total"": 54, ""clashes"": 0, ""len1"": 126, ""len2"": 194, ""class1"": ""ligand"", ""class2"": ""receptor"", ""is_het"": false, ""chain1"": ""A"", ""chain2"": ""B"", ""chain_map"": {""B"": ""A"", ""A"": ""B""}}}, ""GlobalDockQ"": 0.009599468302210609, ""best_mapping"": {""B"": ""A"", ""A"": ""B""}, ""best_mapping_str"": ""AB:BA""}"
8elq	4	"{""model"": ""/tmp/chai1_dockq/8elq_trunk4.pdb"", ""native"": ""pdb_structures/8elq.pdb"", ""best_dockq"": 0.05378321711833831, ""best_result"": {""BA"": {""DockQ"": 0.05378321711833831, ""F1"": 0.02631578947368421, ""iRMSD"": 8.472934469757377, ""LRMSD"": 24.958032110234093, ""fnat"": 0.02702702702702703, ""nat_correct"": 1, ""nat_total"": 37, ""fnonnat"": 0.9743589743589743, ""nonnat_count"": 38, ""model_total"": 39, ""clashes"": 0, ""len1"": 126, ""len2"": 194, ""class1"": ""ligand"", ""class2"": ""receptor"", ""is_het"": false, ""chain1"": ""A"", ""chain2"": ""B"", ""chain_map"": {""B"": ""A"", ""A"": ""B""}}}, ""GlobalDockQ"": 0.05378321711833831, ""best_mapping"": {""B"": ""A"", ""A"": ""B""}, ""best_mapping_str"": ""AB:BA""}"
8et0	0	"{""model"": ""/tmp/chai1_dockq/8et0_trunk0.pdb"", ""native"": ""pdb_structures/8et0.pdb"", ""best_dockq"": 0.19800890235730315, ""best_result"": {""DB"": {""DockQ"": 0.19800890235730315, ""F1"": 0.26582278481012656, ""iRMSD"": 5.2207647632611405, ""LRMSD"": 15.912394425590131, ""fnat"": 0.29577464788732394, ""nat_correct"": 21, ""nat_total"": 71, ""fnonnat"": 0.7586206896551724, ""nonnat_count"": 66, ""model_total"": 87, ""clashes"": 0, ""len1"": 94, ""len2"": 552, ""class1"": ""ligand"", ""class2"": ""receptor"", ""is_het"": false, ""chain1"": ""A"", ""chain2"": ""B"", ""chain_map"": {""D"": ""A"", ""B"": ""B""}}}, ""GlobalDockQ"": 0.19800890235730315, ""best_mapping"": {""D"": ""A"", ""B"": ""B""}, ""best_mapping_str"": ""AB:DB""}"
8et0	1	"{""model"": ""/tmp/chai1_dockq/8et0_trunk1.pdb"", ""native"": ""pdb_structures/8et0.pdb"", ""best_dockq"": 0.11445061111487642, ""best_result"": {""DB"": {""DockQ"": 0.11445061111487642, ""F1"": 0.24806201550387597, ""iRMSD"": 9.508187198154555, ""LRMSD"": 26.432824209427615, ""fnat"": 0.22535211267605634, ""nat_correct"": 16, ""nat_total"": 71, ""fnonnat"": 0.7241379310344828, ""nonnat_count"": 42, ""model_total"": 58, ""clashes"": 1, ""len1"": 94, ""len2"": 552, ""class1"": ""ligand"", ""class2"": ""receptor"", ""is_het"": false, ""chain1"": ""A"", ""chain2"": ""B"", ""chain_map"": {""D"": ""A"", ""B"": ""B""}}}, ""GlobalDockQ"": 0.11445061111487642, ""best_mapping"": {""D"": ""A"", ""B"": ""B""}, ""best_mapping_str"": ""AB:DB""}"
8et0	2	"{""model"": ""/tmp/chai1_dockq/8et0_trunk2.pdb"", ""native"": ""pdb_structures/8et0.pdb"", ""best_dockq"": 0.09199997878916401, ""best_result"": {""DB"": {""DockQ"": 0.09199997878916401, ""F1"": 0.16666666666666666, ""iRMSD"": 8.445980793010664, ""LRMSD"": 24.872135509284696, ""fnat"": 0.14084507042253522, ""nat_correct"": 10, ""nat_total"": 71, ""fnonnat"": 0.7959183673469388, ""nonnat_count"": 39, ""model_total"": 49, ""clashes"": 0, ""len1"": 94, ""len2"": 552, ""class1"": ""ligand"", ""class2"": ""receptor"", ""is_het"": false, ""chain1"": ""A"", ""chain2"": ""B"", ""chain_map"": {""D"": ""A"", ""B"": ""B""}}}, ""GlobalDockQ"": 0.09199997878916401, ""best_mapping"": {""D"": ""A"", ""B"": ""B""}, ""best_mapping_str"": ""AB:DB""}"
8et0	3	"{""model"": ""/tmp/chai1_dockq/8et0_trunk3.pdb"", ""native"": ""pdb_structures/8et0.pdb"", ""best_dockq"": 0.1476060822231566, ""best_result"": {""CA"": {""DockQ"": 0.1476060822231566, ""F1"": 0.3125, ""iRMSD"": 7.62677837412537, ""LRMSD"": 22.604001789996044, ""fnat"": 0.28169014084507044, ""nat_correct"": 20, ""nat_total"": 71, ""fnonnat"": 0.6491228070175439, ""nonnat_count"": 37, ""model_total"": 57, ""clashes"": 0, ""len1"": 116, ""len2"": 552, ""class1"": ""ligand"", ""class2"": ""receptor"", ""is_het"": false, ""chain1"": ""A"", ""chain2"": ""B"", ""chain_map"": {""C"": ""A"", ""A"": ""B""}}}, ""GlobalDockQ"": 0.1476060822231566, ""best_mapping"": {""C"": ""A"", ""A"": ""B""}, ""best_mapping_str"": ""AB:CA""}"
8et0	4	"{""model"": ""/tmp/chai1_dockq/8et0_trunk4.pdb"", ""native"": ""pdb_structures/8et0.pdb"", ""best_dockq"": 0.11217688860589585, ""best_result"": {""CA"": {""DockQ"": 0.11217688860589585, ""F1"": 0.2318840579710145, ""iRMSD"": 9.030965832873475, ""LRMSD"": 28.008697511927526, ""fnat"": 0.22535211267605634, ""nat_correct"": 16, ""nat_total"": 71, ""fnonnat"": 0.7611940298507462, ""nonnat_count"": 51, ""model_total"": 67, ""clashes"": 1, ""len1"": 116, ""len2"": 552, ""class1"": ""ligand"", ""class2"": ""receptor"", ""is_het"": false, ""chain1"": ""A"", ""chain2"": ""B"", ""chain_map"": {""C"": ""A"", ""A"": ""B""}}}, ""GlobalDockQ"": 0.11217688860589585, ""best_mapping"": {""C"": ""A"", ""A"": ""B""}, ""best_mapping_str"": ""AB:CA""}"
8evd	0	"{""model"": ""/tmp/chai1_dockq/8evd_trunk0.pdb"", ""native"": ""pdb_structures/8evd.pdb"", ""best_dockq"": 0.04637675530785099, ""best_result"": {""IG"": {""DockQ"": 0.04637675530785099, ""F1"": 0.0, ""iRMSD"": 8.121072179369207, ""LRMSD"": 24.666882851852524, ""fnat"": 0, ""nat_correct"": 0, ""nat_total"": 6, ""fnonnat"": 1.0, ""nonnat_count"": 91, ""model_total"": 91, ""clashes"": 0, ""len1"": 124, ""len2"": 292, ""class1"": ""ligand"", ""class2"": ""receptor"", ""is_het"": false, ""chain1"": ""A"", ""chain2"": ""B"", ""chain_map"": {""I"": ""A"", ""G"": ""B""}}}, ""GlobalDockQ"": 0.04637675530785099, ""best_mapping"": {""I"": ""A"", ""G"": ""B""}, ""best_mapping_str"": ""AB:IG""}"
8evd	1	"{""model"": ""/tmp/chai1_dockq/8evd_trunk1.pdb"", ""native"": ""pdb_structures/8evd.pdb"", ""best_dockq"": 0.12907966290245818, ""best_result"": {""AC"": {""DockQ"": 0.12907966290245818, ""F1"": 0.3148148148148148, ""iRMSD"": 10.771413740925897, ""LRMSD"": 24.099205932198263, ""fnat"": 0.25757575757575757, ""nat_correct"": 17, ""nat_total"": 66, ""fnonnat"": 0.5952380952380952, ""nonnat_count"": 25, ""model_total"": 42, ""clashes"": 0, ""len1"": 125, ""len2"": 294, ""class1"": ""ligand"", ""class2"": ""receptor"", ""is_het"": false, ""chain1"": ""A"", ""chain2"": ""B"", ""chain_map"": {""A"": ""A"", ""C"": ""B""}}}, ""GlobalDockQ"": 0.12907966290245818, ""best_mapping"": {""A"": ""A"", ""C"": ""B""}, ""best_mapping_str"": ""AB:AC""}"
8evd	2	"{""model"": ""/tmp/chai1_dockq/8evd_trunk2.pdb"", ""native"": ""pdb_structures/8evd.pdb"", ""best_dockq"": 0.03265274539146051, ""best_result"": {""AH"": {""DockQ"": 0.03265274539146051, ""F1"": 0.0, ""iRMSD"": 14.069997465514735, ""LRMSD"": 27.584201844647417, ""fnat"": 0, ""nat_correct"": 0, ""nat_total"": 24, ""fnonnat"": 1.0, ""nonnat_count"": 68, ""model_total"": 68, ""clashes"": 0, ""len1"": 125, ""len2"": 294, ""class1"": ""ligand"", ""class2"": ""receptor"", ""is_het"": false, ""chain1"": ""A"", ""chain2"": ""B"", ""chain_map"": {""A"": ""A"", ""H"": ""B""}}}, ""GlobalDockQ"": 0.03265274539146051, ""best_mapping"": {""A"": ""A"", ""H"": ""B""}, ""best_mapping_str"": ""AB:AH""}"
8evd	3	"{""model"": ""/tmp/chai1_dockq/8evd_trunk3.pdb"", ""native"": ""pdb_structures/8evd.pdb"", ""best_dockq"": 0.10105260821306998, ""best_result"": {""AC"": {""DockQ"": 0.10105260821306998, ""F1"": 0.23076923076923078, ""iRMSD"": 11.4260293050184, ""LRMSD"": 33.96341402432182, ""fnat"": 0.22727272727272727, ""nat_correct"": 15, ""nat_total"": 66, ""fnonnat"": 0.765625, ""nonnat_count"": 49, ""model_total"": 64, ""clashes"": 2, ""len1"": 125, ""len2"": 294, ""class1"": ""ligand"", ""class2"": ""receptor"", ""is_het"": false, ""chain1"": ""A"", ""chain2"": ""B"", ""chain_map"": {""A"": ""A"", ""C"": ""B""}}}, ""GlobalDockQ"": 0.10105260821306998, ""best_mapping"": {""A"": ""A"", ""C"": ""B""}, ""best_mapping_str"": ""AB:AC""}"
8evd	4	"{""model"": ""/tmp/chai1_dockq/8evd_trunk4.pdb"", ""native"": ""pdb_structures/8evd.pdb"", ""best_dockq"": 0.11184340584132368, ""best_result"": {""AC"": {""DockQ"": 0.11184340584132368, ""F1"": 0.25396825396825395, ""iRMSD"": 10.48529935773411, ""LRMSD"": 30.27846304254478, ""fnat"": 0.24242424242424243, ""nat_correct"": 16, ""nat_total"": 66, ""fnonnat"": 0.7333333333333333, ""nonnat_count"": 44, ""model_total"": 60, ""clashes"": 0, ""len1"": 125, ""len2"": 294, ""class1"": ""ligand"", ""class2"": ""receptor"", ""is_het"": false, ""chain1"": ""A"", ""chain2"": ""B"", ""chain_map"": {""A"": ""A"", ""C"": ""B""}}}, ""GlobalDockQ"": 0.11184340584132368, ""best_mapping"": {""A"": ""A"", ""C"": ""B""}, ""best_mapping_str"": ""AB:AC""}"
8ezk	0	"{""model"": ""/tmp/chai1_dockq/8ezk_trunk0.pdb"", ""native"": ""pdb_structures/8ezk.pdb"", ""best_dockq"": 0.016550301292339472, ""best_result"": {""HB"": {""DockQ"": 0.016550301292339472, ""F1"": 0.0, ""iRMSD"": 15.871047478793827, ""LRMSD"": 41.21517838520328, ""fnat"": 0, ""nat_correct"": 0, ""nat_total"": 27, ""fnonnat"": 1.0, ""nonnat_count"": 90, ""model_total"": 90, ""clashes"": 0, ""len1"": 236, ""len2"": 173, ""class1"": ""receptor"", ""class2"": ""ligand"", ""is_het"": false, ""chain1"": ""A"", ""chain2"": ""B"", ""chain_map"": {""H"": ""A"", ""B"": ""B""}}}, ""GlobalDockQ"": 0.016550301292339472, ""best_mapping"": {""H"": ""A"", ""B"": ""B""}, ""best_mapping_str"": ""AB:HB""}"
8ezk	1	"{""model"": ""/tmp/chai1_dockq/8ezk_trunk1.pdb"", ""native"": ""pdb_structures/8ezk.pdb"", ""best_dockq"": 0.023815350512800787, ""best_result"": {""IB"": {""DockQ"": 0.023815350512800787, ""F1"": 0.0, ""iRMSD"": 16.483073795709576, ""LRMSD"": 32.716301051149976, ""fnat"": 0, ""nat_correct"": 0, ""nat_total"": 84, ""fnonnat"": 1.0, ""nonnat_count"": 91, ""model_total"": 91, ""clashes"": 1, ""len1"": 237, ""len2"": 173, ""class1"": ""receptor"", ""class2"": ""ligand"", ""is_het"": false, ""chain1"": ""A"", ""chain2"": ""B"", ""chain_map"": {""I"": ""A"", ""B"": ""B""}}}, ""GlobalDockQ"": 0.023815350512800787, ""best_mapping"": {""I"": ""A"", ""B"": ""B""}, ""best_mapping_str"": ""AB:IB""}"
8ezk	2	"{""model"": ""/tmp/chai1_dockq/8ezk_trunk2.pdb"", ""native"": ""pdb_structures/8ezk.pdb"", ""best_dockq"": 0.028354248888658836, ""best_result"": {""HA"": {""DockQ"": 0.028354248888658836, ""F1"": 0.045112781954887216, ""iRMSD"": 19.506265727441868, ""LRMSD"": 40.755646505867034, ""fnat"": 0.0375, ""nat_correct"": 3, ""nat_total"": 80, ""fnonnat"": 0.9433962264150944, ""nonnat_count"": 50, ""model_total"": 53, ""clashes"": 1, ""len1"": 236, ""len2"": 172, ""class1"": ""receptor"", ""class2"": ""ligand"", ""is_het"": false, ""chain1"": ""A"", ""chain2"": ""B"", ""chain_map"": {""H"": ""A"", ""A"": ""B""}}}, ""GlobalDockQ"": 0.028354248888658836, ""best_mapping"": {""H"": ""A"", ""A"": ""B""}, ""best_mapping_str"": ""AB:HA""}"
8ezk	3	"{""model"": ""/tmp/chai1_dockq/8ezk_trunk3.pdb"", ""native"": ""pdb_structures/8ezk.pdb"", ""best_dockq"": 0.03138568024269625, ""best_result"": {""HA"": {""DockQ"": 0.03138568024269625, ""F1"": 0.03468208092485549, ""iRMSD"": 14.351050989635352, ""LRMSD"": 38.7753993704646, ""fnat"": 0.0375, ""nat_correct"": 3, ""nat_total"": 80, ""fnonnat"": 0.967741935483871, ""nonnat_count"": 90, ""model_total"": 93, ""clashes"": 3, ""len1"": 236, ""len2"": 172, ""class1"": ""receptor"", ""class2"": ""ligand"", ""is_het"": false, ""chain1"": ""A"", ""chain2"": ""B"", ""chain_map"": {""H"": ""A"", ""A"": ""B""}}}, ""GlobalDockQ"": 0.03138568024269625, ""best_mapping"": {""H"": ""A"", ""A"": ""B""}, ""best_mapping_str"": ""AB:HA""}"
8ezk	4	"{""model"": ""/tmp/chai1_dockq/8ezk_trunk4.pdb"", ""native"": ""pdb_structures/8ezk.pdb"", ""best_dockq"": 0.024386260049341718, ""best_result"": {""HA"": {""DockQ"": 0.024386260049341718, ""F1"": 0.05755395683453238, ""iRMSD"": 21.053859545145095, ""LRMSD"": 62.59074299195436, ""fnat"": 0.05, ""nat_correct"": 4, ""nat_total"": 80, ""fnonnat"": 0.9322033898305084, ""nonnat_count"": 55, ""model_total"": 59, ""clashes"": 2, ""len1"": 236, ""len2"": 172, ""class1"": ""receptor"", ""class2"": ""ligand"", ""is_het"": false, ""chain1"": ""A"", ""chain2"": ""B"", ""chain_map"": {""H"": ""A"", ""A"": ""B""}}}, ""GlobalDockQ"": 0.024386260049341718, ""best_mapping"": {""H"": ""A"", ""A"": ""B""}, ""best_mapping_str"": ""AB:HA""}"
8ezl	0	"{""model"": ""/tmp/chai1_dockq/8ezl_trunk0.pdb"", ""native"": ""pdb_structures/8ezl.pdb"", ""best_dockq"": 0.02001704860799783, ""best_result"": {""AH"": {""DockQ"": 0.02001704860799783, ""F1"": 0.034482758620689655, ""iRMSD"": 23.983396655336634, ""LRMSD"": 52.177941251711395, ""fnat"": 0.030303030303030304, ""nat_correct"": 2, ""nat_total"": 66, ""fnonnat"": 0.96, ""nonnat_count"": 48, ""model_total"": 50, ""clashes"": 1, ""len1"": 176, ""len2"": 254, ""class1"": ""ligand"", ""class2"": ""receptor"", ""is_het"": false, ""chain1"": ""B"", ""chain2"": ""A"", ""chain_map"": {""A"": ""B"", ""H"": ""A""}}}, ""GlobalDockQ"": 0.02001704860799783, ""best_mapping"": {""A"": ""B"", ""H"": ""A""}, ""best_mapping_str"": ""BA:AH""}"
8ezl	1	"{""model"": ""/tmp/chai1_dockq/8ezl_trunk1.pdb"", ""native"": ""pdb_structures/8ezl.pdb"", ""best_dockq"": 0.018840866364909347, ""best_result"": {""AH"": {""DockQ"": 0.018840866364909347, ""F1"": 0.03333333333333333, ""iRMSD"": 30.950916475544975, ""LRMSD"": 54.34850048380749, ""fnat"": 0.030303030303030304, ""nat_correct"": 2, ""nat_total"": 66, ""fnonnat"": 0.9629629629629629, ""nonnat_count"": 52, ""model_total"": 54, ""clashes"": 1, ""len1"": 176, ""len2"": 254, ""class1"": ""ligand"", ""class2"": ""receptor"", ""is_het"": false, ""chain1"": ""B"", ""chain2"": ""A"", ""chain_map"": {""A"": ""B"", ""H"": ""A""}}}, ""GlobalDockQ"": 0.018840866364909347, ""best_mapping"": {""A"": ""B"", ""H"": ""A""}, ""best_mapping_str"": ""BA:AH""}"
8ezl	2	"{""model"": ""/tmp/chai1_dockq/8ezl_trunk2.pdb"", ""native"": ""pdb_structures/8ezl.pdb"", ""best_dockq"": 0.03814833494952613, ""best_result"": {""AH"": {""DockQ"": 0.03814833494952613, ""F1"": 0.0, ""iRMSD"": 8.981095856951915, ""LRMSD"": 27.482503069489297, ""fnat"": 0, ""nat_correct"": 0, ""nat_total"": 66, ""fnonnat"": 1.0, ""nonnat_count"": 50, ""model_total"": 50, ""clashes"": 1, ""len1"": 176, ""len2"": 254, ""class1"": ""ligand"", ""class2"": ""receptor"", ""is_het"": false, ""chain1"": ""B"", ""chain2"": ""A"", ""chain_map"": {""A"": ""B"", ""H"": ""A""}}}, ""GlobalDockQ"": 0.03814833494952613, ""best_mapping"": {""A"": ""B"", ""H"": ""A""}, ""best_mapping_str"": ""BA:AH""}"
8ezl	3	"{""model"": ""/tmp/chai1_dockq/8ezl_trunk3.pdb"", ""native"": ""pdb_structures/8ezl.pdb"", ""best_dockq"": 0.01944986379549114, ""best_result"": {""AH"": {""DockQ"": 0.01944986379549114, ""F1"": 0.03278688524590164, ""iRMSD"": 28.908339137612927, ""LRMSD"": 52.69313265211304, ""fnat"": 0.030303030303030304, ""nat_correct"": 2, ""nat_total"": 66, ""fnonnat"": 0.9642857142857143, ""nonnat_count"": 54, ""model_total"": 56, ""clashes"": 1, ""len1"": 176, ""len2"": 254, ""class1"": ""ligand"", ""class2"": ""receptor"", ""is_het"": false, ""chain1"": ""B"", ""chain2"": ""A"", ""chain_map"": {""A"": ""B"", ""H"": ""A""}}}, ""GlobalDockQ"": 0.01944986379549114, ""best_mapping"": {""A"": ""B"", ""H"": ""A""}, ""best_mapping_str"": ""BA:AH""}"
8ezl	4	"{""model"": ""/tmp/chai1_dockq/8ezl_trunk4.pdb"", ""native"": ""pdb_structures/8ezl.pdb"", ""best_dockq"": 0.03600499430209644, ""best_result"": {""AH"": {""DockQ"": 0.03600499430209644, ""F1"": 0.017391304347826087, ""iRMSD"": 20.301947352471984, ""LRMSD"": 27.460624008135596, ""fnat"": 0.015151515151515152, ""nat_correct"": 1, ""nat_total"": 66, ""fnonnat"": 0.9795918367346939, ""nonnat_count"": 48, ""model_total"": 49, ""clashes"": 0, ""len1"": 176, ""len2"": 254, ""class1"": ""ligand"", ""class2"": ""receptor"", ""is_het"": false, ""chain1"": ""B"", ""chain2"": ""A"", ""chain_map"": {""A"": ""B"", ""H"": ""A""}}}, ""GlobalDockQ"": 0.03600499430209644, ""best_mapping"": {""A"": ""B"", ""H"": ""A""}, ""best_mapping_str"": ""BA:AH""}"
8ezm	0	"{""model"": ""/tmp/chai1_dockq/8ezm_trunk0.pdb"", ""native"": ""pdb_structures/8ezm.pdb"", ""best_dockq"": 0.048029225981915245, ""best_result"": {""AH"": {""DockQ"": 0.048029225981915245, ""F1"": 0.13333333333333333, ""iRMSD"": 17.839210695389763, ""LRMSD"": 54.01618230145836, ""fnat"": 0.11290322580645161, ""nat_correct"": 7, ""nat_total"": 62, ""fnonnat"": 0.8372093023255814, ""nonnat_count"": 36, ""model_total"": 43, ""clashes"": 2, ""len1"": 162, ""len2"": 236, ""class1"": ""ligand"", ""class2"": ""receptor"", ""is_het"": false, ""chain1"": ""B"", ""chain2"": ""A"", ""chain_map"": {""A"": ""B"", ""H"": ""A""}}}, ""GlobalDockQ"": 0.048029225981915245, ""best_mapping"": {""A"": ""B"", ""H"": ""A""}, ""best_mapping_str"": ""BA:AH""}"
8ezm	1	"{""model"": ""/tmp/chai1_dockq/8ezm_trunk1.pdb"", ""native"": ""pdb_structures/8ezm.pdb"", ""best_dockq"": 0.014844157499885477, ""best_result"": {""AH"": {""DockQ"": 0.014844157499885477, ""F1"": 0.021505376344086023, ""iRMSD"": 19.466570682376094, ""LRMSD"": 56.02428382053774, ""fnat"": 0.016129032258064516, ""nat_correct"": 1, ""nat_total"": 62, ""fnonnat"": 0.967741935483871, ""nonnat_count"": 30, ""model_total"": 31, ""clashes"": 1, ""len1"": 162, ""len2"": 236, ""class1"": ""ligand"", ""class2"": ""receptor"", ""is_het"": false, ""chain1"": ""B"", ""chain2"": ""A"", ""chain_map"": {""A"": ""B"", ""H"": ""A""}}}, ""GlobalDockQ"": 0.014844157499885477, ""best_mapping"": {""A"": ""B"", ""H"": ""A""}, ""best_mapping_str"": ""BA:AH""}"
8ezm	2	"{""model"": ""/tmp/chai1_dockq/8ezm_trunk2.pdb"", ""native"": ""pdb_structures/8ezm.pdb"", ""best_dockq"": 0.025610807325686342, ""best_result"": {""AH"": {""DockQ"": 0.025610807325686342, ""F1"": 0.061855670103092786, ""iRMSD"": 18.071283085855413, ""LRMSD"": 57.20348769637766, ""fnat"": 0.04838709677419355, ""nat_correct"": 3, ""nat_total"": 62, ""fnonnat"": 0.9142857142857143, ""nonnat_count"": 32, ""model_total"": 35, ""clashes"": 0, ""len1"": 162, ""len2"": 236, ""class1"": ""ligand"", ""class2"": ""receptor"", ""is_het"": false, ""chain1"": ""B"", ""chain2"": ""A"", ""chain_map"": {""A"": ""B"", ""H"": ""A""}}}, ""GlobalDockQ"": 0.025610807325686342, ""best_mapping"": {""A"": ""B"", ""H"": ""A""}, ""best_mapping_str"": ""BA:AH""}"
8ezm	3	"{""model"": ""/tmp/chai1_dockq/8ezm_trunk3.pdb"", ""native"": ""pdb_structures/8ezm.pdb"", ""best_dockq"": 0.017628327871619737, ""best_result"": {""AH"": {""DockQ"": 0.017628327871619737, ""F1"": 0.0, ""iRMSD"": 17.430160310455662, ""LRMSD"": 38.91650007213628, ""fnat"": 0, ""nat_correct"": 0, ""nat_total"": 62, ""fnonnat"": 1.0, ""nonnat_count"": 28, ""model_total"": 28, ""clashes"": 0, ""len1"": 162, ""len2"": 236, ""class1"": ""ligand"", ""class2"": ""receptor"", ""is_het"": false, ""chain1"": ""B"", ""chain2"": ""A"", ""chain_map"": {""A"": ""B"", ""H"": ""A""}}}, ""GlobalDockQ"": 0.017628327871619737, ""best_mapping"": {""A"": ""B"", ""H"": ""A""}, ""best_mapping_str"": ""BA:AH""}"
8ezm	4	"{""model"": ""/tmp/chai1_dockq/8ezm_trunk4.pdb"", ""native"": ""pdb_structures/8ezm.pdb"", ""best_dockq"": 0.020488200657923644, ""best_result"": {""AH"": {""DockQ"": 0.020488200657923644, ""F1"": 0.01904761904761905, ""iRMSD"": 17.603039975893235, ""LRMSD"": 42.69362636343023, ""fnat"": 0.016129032258064516, ""nat_correct"": 1, ""nat_total"": 62, ""fnonnat"": 0.9767441860465116, ""nonnat_count"": 42, ""model_total"": 43, ""clashes"": 0, ""len1"": 162, ""len2"": 236, ""class1"": ""ligand"", ""class2"": ""receptor"", ""is_het"": false, ""chain1"": ""B"", ""chain2"": ""A"", ""chain_map"": {""A"": ""B"", ""H"": ""A""}}}, ""GlobalDockQ"": 0.020488200657923644, ""best_mapping"": {""A"": ""B"", ""H"": ""A""}, ""best_mapping_str"": ""BA:AH""}"
8f5i	0	"{""model"": ""/tmp/chai1_dockq/8f5i_trunk0.pdb"", ""native"": ""pdb_structures/8f5i.pdb"", ""best_dockq"": 1.9207877421622848, ""best_result"": {""HL"": {""DockQ"": 0.7862898969638378, ""F1"": 0.8722466960352423, ""iRMSD"": 1.406372122239202, ""LRMSD"": 2.0944445288651345, ""fnat"": 0.8839285714285714, ""nat_correct"": 99, ""nat_total"": 112, ""fnonnat"": 0.1391304347826087, ""nonnat_count"": 16, ""model_total"": 115, ""clashes"": 0, ""len1"": 219, ""len2"": 215, ""class1"": ""receptor"", ""class2"": ""ligand"", ""is_het"": false, ""chain1"": ""A"", ""chain2"": ""B"", ""chain_map"": {""H"": ""A"", ""L"": ""B"", ""B"": ""C""}}, ""HB"": {""DockQ"": 0.6837130661256946, ""F1"": 0.6, ""iRMSD"": 1.588097057677651, ""LRMSD"": 6.01130293527918, ""fnat"": 0.9130434782608695, ""nat_correct"": 21, ""nat_total"": 23, ""fnonnat"": 0.5531914893617021, ""nonnat_count"": 26, ""model_total"": 47, ""clashes"": 0, ""len1"": 219, ""len2"": 91, ""class1"": ""receptor"", ""class2"": ""ligand"", ""is_het"": false, ""chain1"": ""A"", ""chain2"": ""C"", ""chain_map"": {""H"": ""A"", ""L"": ""B"", ""B"": ""C""}}, ""LB"": {""DockQ"": 0.45078477907275244, ""F1"": 0.5, ""iRMSD"": 2.024440298229288, ""LRMSD"": 8.535228830678774, ""fnat"": 0.5, ""nat_correct"": 10, ""nat_total"": 20, ""fnonnat"": 0.5, ""nonnat_count"": 10, ""model_total"": 20, ""clashes"": 1, ""len1"": 215, ""len2"": 91, ""class1"": ""receptor"", ""class2"": ""ligand"", ""is_het"": false, ""chain1"": ""B"", ""chain2"": ""C"", ""chain_map"": {""H"": ""A"", ""L"": ""B"", ""B"": ""C""}}}, ""GlobalDockQ"": 0.6402625807207616, ""best_mapping"": {""H"": ""A"", ""L"": ""B"", ""B"": ""C""}, ""best_mapping_str"": ""ABC:HLB""}"
8f5i	1	"{""model"": ""/tmp/chai1_dockq/8f5i_trunk1.pdb"", ""native"": ""pdb_structures/8f5i.pdb"", ""best_dockq"": 2.301138115252769, ""best_result"": {""HL"": {""DockQ"": 0.8206233546299337, ""F1"": 0.8803418803418803, ""iRMSD"": 1.2725978068790185, ""LRMSD"": 1.7178700426461684, ""fnat"": 0.9196428571428571, ""nat_correct"": 103, ""nat_total"": 112, ""fnonnat"": 0.1557377049180328, ""nonnat_count"": 19, ""model_total"": 122, ""clashes"": 0, ""len1"": 219, ""len2"": 215, ""class1"": ""receptor"", ""class2"": ""ligand"", ""is_het"": false, ""chain1"": ""A"", ""chain2"": ""B"", ""chain_map"": {""H"": ""A"", ""L"": ""B"", ""B"": ""C""}}, ""HB"": {""DockQ"": 0.7871158536444535, ""F1"": 0.6197183098591549, ""iRMSD"": 1.2729351914138782, ""LRMSD"": 3.935334567520425, ""fnat"": 0.9565217391304348, ""nat_correct"": 22, ""nat_total"": 23, ""fnonnat"": 0.5416666666666666, ""nonnat_count"": 26, ""model_total"": 48, ""clashes"": 0, ""len1"": 219, ""len2"": 91, ""class1"": ""receptor"", ""class2"": ""ligand"", ""is_het"": false, ""chain1"": ""A"", ""chain2"": ""C"", ""chain_map"": {""H"": ""A"", ""L"": ""B"", ""B"": ""C""}}, ""LB"": {""DockQ"": 0.6933989069783818, ""F1"": 0.6538461538461539, ""iRMSD"": 1.6305913493193382, ""LRMSD"": 4.621430776186616, ""fnat"": 0.85, ""nat_correct"": 17, ""nat_total"": 20, ""fnonnat"": 0.46875, ""nonnat_count"": 15, ""model_total"": 32, ""clashes"": 0, ""len1"": 215, ""len2"": 91, ""class1"": ""receptor"", ""class2"": ""ligand"", ""is_het"": false, ""chain1"": ""B"", ""chain2"": ""C"", ""chain_map"": {""H"": ""A"", ""L"": ""B"", ""B"": ""C""}}}, ""GlobalDockQ"": 0.7670460384175897, ""best_mapping"": {""H"": ""A"", ""L"": ""B"", ""B"": ""C""}, ""best_mapping_str"": ""ABC:HLB""}"
8f5i	2	"{""model"": ""/tmp/chai1_dockq/8f5i_trunk2.pdb"", ""native"": ""pdb_structures/8f5i.pdb"", ""best_dockq"": 2.2003863835356112, ""best_result"": {""HL"": {""DockQ"": 0.8330726618291412, ""F1"": 0.8917748917748918, ""iRMSD"": 1.1962082286826201, ""LRMSD"": 1.5376059937216027, ""fnat"": 0.9196428571428571, ""nat_correct"": 103, ""nat_total"": 112, ""fnonnat"": 0.13445378151260504, ""nonnat_count"": 16, ""model_total"": 119, ""clashes"": 0, ""len1"": 219, ""len2"": 215, ""class1"": ""receptor"", ""class2"": ""ligand"", ""is_het"": false, ""chain1"": ""A"", ""chain2"": ""B"", ""chain_map"": {""H"": ""A"", ""L"": ""B"", ""B"": ""C""}}, ""HB"": {""DockQ"": 0.7723833027004511, ""F1"": 0.6774193548387096, ""iRMSD"": 1.2125008886558701, ""LRMSD"": 4.259381484534461, ""fnat"": 0.9130434782608695, ""nat_correct"": 21, ""nat_total"": 23, ""fnonnat"": 0.46153846153846156, ""nonnat_count"": 18, ""model_total"": 39, ""clashes"": 1, ""len1"": 219, ""len2"": 91, ""class1"": ""receptor"", ""class2"": ""ligand"", ""is_het"": false, ""chain1"": ""A"", ""chain2"": ""C"", ""chain_map"": {""H"": ""A"", ""L"": ""B"", ""B"": ""C""}}, ""LB"": {""DockQ"": 0.594930419006019, ""F1"": 0.5217391304347826, ""iRMSD"": 1.5690452931401129, ""LRMSD"": 5.468300548151671, ""fnat"": 0.6, ""nat_correct"": 12, ""nat_total"": 20, ""fnonnat"": 0.5384615384615384, ""nonnat_count"": 14, ""model_total"": 26, ""clashes"": 0, ""len1"": 215, ""len2"": 91, ""class1"": ""receptor"", ""class2"": ""ligand"", ""is_het"": false, ""chain1"": ""B"", ""chain2"": ""C"", ""chain_map"": {""H"": ""A"", ""L"": ""B"", ""B"": ""C""}}}, ""GlobalDockQ"": 0.7334621278452037, ""best_mapping"": {""H"": ""A"", ""L"": ""B"", ""B"": ""C""}, ""best_mapping_str"": ""ABC:HLB""}"
8f5i	3	"{""model"": ""/tmp/chai1_dockq/8f5i_trunk3.pdb"", ""native"": ""pdb_structures/8f5i.pdb"", ""best_dockq"": 1.8082105708251937, ""best_result"": {""HL"": {""DockQ"": 0.8847720599751737, ""F1"": 0.8927038626609443, ""iRMSD"": 0.8933529237643185, ""LRMSD"": 0.9534146205185364, ""fnat"": 0.9285714285714286, ""nat_correct"": 104, ""nat_total"": 112, ""fnonnat"": 0.14049586776859505, ""nonnat_count"": 17, ""model_total"": 121, ""clashes"": 0, ""len1"": 219, ""len2"": 215, ""class1"": ""receptor"", ""class2"": ""ligand"", ""is_het"": false, ""chain1"": ""A"", ""chain2"": ""B"", ""chain_map"": {""H"": ""A"", ""L"": ""B"", ""B"": ""C""}}, ""HB"": {""DockQ"": 0.5484571136966653, ""F1"": 0.5757575757575758, ""iRMSD"": 1.9599528929893741, ""LRMSD"": 9.398772443916494, ""fnat"": 0.8260869565217391, ""nat_correct"": 19, ""nat_total"": 23, ""fnonnat"": 0.5581395348837209, ""nonnat_count"": 24, ""model_total"": 43, ""clashes"": 0, ""len1"": 219, ""len2"": 91, ""class1"": ""receptor"", ""class2"": ""ligand"", ""is_het"": false, ""chain1"": ""A"", ""chain2"": ""C"", ""chain_map"": {""H"": ""A"", ""L"": ""B"", ""B"": ""C""}}, ""LB"": {""DockQ"": 0.37498139715335466, ""F1"": 0.5161290322580645, ""iRMSD"": 2.234900122993892, ""LRMSD"": 10.104884107256508, ""fnat"": 0.4, ""nat_correct"": 8, ""nat_total"": 20, ""fnonnat"": 0.2727272727272727, ""nonnat_count"": 3, ""model_total"": 11, ""clashes"": 0, ""len1"": 215, ""len2"": 91, ""class1"": ""receptor"", ""class2"": ""ligand"", ""is_het"": false, ""chain1"": ""B"", ""chain2"": ""C"", ""chain_map"": {""H"": ""A"", ""L"": ""B"", ""B"": ""C""}}}, ""GlobalDockQ"": 0.6027368569417312, ""best_mapping"": {""H"": ""A"", ""L"": ""B"", ""B"": ""C""}, ""best_mapping_str"": ""ABC:HLB""}"
8f5i	4	"{""model"": ""/tmp/chai1_dockq/8f5i_trunk4.pdb"", ""native"": ""pdb_structures/8f5i.pdb"", ""best_dockq"": 2.3898296522096385, ""best_result"": {""HL"": {""DockQ"": 0.8806353318307086, ""F1"": 0.868421052631579, ""iRMSD"": 0.8236598496626714, ""LRMSD"": 0.8695183274227022, ""fnat"": 0.8839285714285714, ""nat_correct"": 99, ""nat_total"": 112, ""fnonnat"": 0.14655172413793102, ""nonnat_count"": 17, ""model_total"": 116, ""clashes"": 0, ""len1"": 219, ""len2"": 215, ""class1"": ""receptor"", ""class2"": ""ligand"", ""is_het"": false, ""chain1"": ""A"", ""chain2"": ""B"", ""chain_map"": {""H"": ""A"", ""L"": ""B"", ""B"": ""C""}}, ""HB"": {""DockQ"": 0.801475244182717, ""F1"": 0.7586206896551724, ""iRMSD"": 1.3355869831394622, ""LRMSD"": 2.986498223209111, ""fnat"": 0.9565217391304348, ""nat_correct"": 22, ""nat_total"": 23, ""fnonnat"": 0.37142857142857144, ""nonnat_count"": 13, ""model_total"": 35, ""clashes"": 1, ""len1"": 219, ""len2"": 91, ""class1"": ""receptor"", ""class2"": ""ligand"", ""is_het"": false, ""chain1"": ""A"", ""chain2"": ""C"", ""chain_map"": {""H"": ""A"", ""L"": ""B"", ""B"": ""C""}}, ""LB"": {""DockQ"": 0.7077190761962129, ""F1"": 0.6976744186046512, ""iRMSD"": 1.505962503405808, ""LRMSD"": 3.2106301113192974, ""fnat"": 0.75, ""nat_correct"": 15, ""nat_total"": 20, ""fnonnat"": 0.34782608695652173, ""nonnat_count"": 8, ""model_total"": 23, ""clashes"": 1, ""len1"": 215, ""len2"": 91, ""class1"": ""receptor"", ""class2"": ""ligand"", ""is_het"": false, ""chain1"": ""B"", ""chain2"": ""C"", ""chain_map"": {""H"": ""A"", ""L"": ""B"", ""B"": ""C""}}}, ""GlobalDockQ"": 0.7966098840698795, ""best_mapping"": {""H"": ""A"", ""L"": ""B"", ""B"": ""C""}, ""best_mapping_str"": ""ABC:HLB""}"
8f6u	0	"{""model"": ""/tmp/chai1_dockq/8f6u_trunk0.pdb"", ""native"": ""pdb_structures/8f6u.pdb"", ""best_dockq"": 0.35075110491220474, ""best_result"": {""AC"": {""DockQ"": 0.35075110491220474, ""F1"": 0.4380952380952381, ""iRMSD"": 2.5696157916626596, ""LRMSD"": 9.506956990162395, ""fnat"": 0.35384615384615387, ""nat_correct"": 23, ""nat_total"": 65, ""fnonnat"": 0.425, ""nonnat_count"": 17, ""model_total"": 40, ""clashes"": 0, ""len1"": 126, ""len2"": 293, ""class1"": ""ligand"", ""class2"": ""receptor"", ""is_het"": false, ""chain1"": ""A"", ""chain2"": ""B"", ""chain_map"": {""A"": ""A"", ""C"": ""B""}}}, ""GlobalDockQ"": 0.35075110491220474, ""best_mapping"": {""A"": ""A"", ""C"": ""B""}, ""best_mapping_str"": ""AB:AC""}"
8f6u	1	"{""model"": ""/tmp/chai1_dockq/8f6u_trunk1.pdb"", ""native"": ""pdb_structures/8f6u.pdb"", ""best_dockq"": 0.03691437391587709, ""best_result"": {""BD"": {""DockQ"": 0.03691437391587709, ""F1"": 0.0, ""iRMSD"": 8.33955488915515, ""LRMSD"": 28.941996070239142, ""fnat"": 0, ""nat_correct"": 0, ""nat_total"": 68, ""fnonnat"": 1.0, ""nonnat_count"": 48, ""model_total"": 48, ""clashes"": 0, ""len1"": 124, ""len2"": 293, ""class1"": ""ligand"", ""class2"": ""receptor"", ""is_het"": false, ""chain1"": ""A"", ""chain2"": ""B"", ""chain_map"": {""B"": ""A"", ""D"": ""B""}}}, ""GlobalDockQ"": 0.03691437391587709, ""best_mapping"": {""B"": ""A"", ""D"": ""B""}, ""best_mapping_str"": ""AB:BD""}"
8f6u	2	"{""model"": ""/tmp/chai1_dockq/8f6u_trunk2.pdb"", ""native"": ""pdb_structures/8f6u.pdb"", ""best_dockq"": 0.1296472267370635, ""best_result"": {""BD"": {""DockQ"": 0.1296472267370635, ""F1"": 0.2222222222222222, ""iRMSD"": 6.935767254141714, ""LRMSD"": 18.930196361881595, ""fnat"": 0.17647058823529413, ""nat_correct"": 12, ""nat_total"": 68, ""fnonnat"": 0.7, ""nonnat_count"": 28, ""model_total"": 40, ""clashes"": 0, ""len1"": 124, ""len2"": 293, ""class1"": ""ligand"", ""class2"": ""receptor"", ""is_het"": false, ""chain1"": ""A"", ""chain2"": ""B"", ""chain_map"": {""B"": ""A"", ""D"": ""B""}}}, ""GlobalDockQ"": 0.1296472267370635, ""best_mapping"": {""B"": ""A"", ""D"": ""B""}, ""best_mapping_str"": ""AB:BD""}"
8f6u	3	"{""model"": ""/tmp/chai1_dockq/8f6u_trunk3.pdb"", ""native"": ""pdb_structures/8f6u.pdb"", ""best_dockq"": 0.21467455514939068, ""best_result"": {""BD"": {""DockQ"": 0.21467455514939068, ""F1"": 0.20634920634920634, ""iRMSD"": 3.9838854330478357, ""LRMSD"": 12.147668542850752, ""fnat"": 0.19117647058823528, ""nat_correct"": 13, ""nat_total"": 68, ""fnonnat"": 0.7758620689655172, ""nonnat_count"": 45, ""model_total"": 58, ""clashes"": 0, ""len1"": 124, ""len2"": 293, ""class1"": ""ligand"", ""class2"": ""receptor"", ""is_het"": false, ""chain1"": ""A"", ""chain2"": ""B"", ""chain_map"": {""B"": ""A"", ""D"": ""B""}}}, ""GlobalDockQ"": 0.21467455514939068, ""best_mapping"": {""B"": ""A"", ""D"": ""B""}, ""best_mapping_str"": ""AB:BD""}"
8f6u	4	"{""model"": ""/tmp/chai1_dockq/8f6u_trunk4.pdb"", ""native"": ""pdb_structures/8f6u.pdb"", ""best_dockq"": 0.21413005342980065, ""best_result"": {""BD"": {""DockQ"": 0.21413005342980065, ""F1"": 0.4793388429752066, ""iRMSD"": 5.844027500849057, ""LRMSD"": 19.914021222305642, ""fnat"": 0.4264705882352941, ""nat_correct"": 29, ""nat_total"": 68, ""fnonnat"": 0.4528301886792453, ""nonnat_count"": 24, ""model_total"": 53, ""clashes"": 2, ""len1"": 124, ""len2"": 293, ""class1"": ""ligand"", ""class2"": ""receptor"", ""is_het"": false, ""chain1"": ""A"", ""chain2"": ""B"", ""chain_map"": {""B"": ""A"", ""D"": ""B""}}}, ""GlobalDockQ"": 0.21413005342980065, ""best_mapping"": {""B"": ""A"", ""D"": ""B""}, ""best_mapping_str"": ""AB:BD""}"
8fdo	0	"{""model"": ""/tmp/chai1_dockq/8fdo_trunk0.pdb"", ""native"": ""pdb_structures/8fdo.pdb"", ""best_dockq"": 0.7914470421726308, ""best_result"": {""AB"": {""DockQ"": 0.7139528976879416, ""F1"": 0.8478260869565217, ""iRMSD"": 2.004959271832716, ""LRMSD"": 0.9724370549576565, ""fnat"": 0.7959183673469388, ""nat_correct"": 117, ""nat_total"": 147, ""fnonnat"": 0.09302325581395349, ""nonnat_count"": 12, ""model_total"": 129, ""clashes"": 0, ""len1"": 232, ""len2"": 214, ""class1"": ""receptor"", ""class2"": ""ligand"", ""is_het"": false, ""chain1"": ""A"", ""chain2"": ""B"", ""chain_map"": {""A"": ""A"", ""B"": ""B"", ""C"": ""C""}}, ""AC"": {""DockQ"": 0.04127232998850237, ""F1"": 0.02, ""iRMSD"": 13.276281808855774, ""LRMSD"": 26.489119329935704, ""fnat"": 0.017857142857142856, ""nat_correct"": 1, ""nat_total"": 56, ""fnonnat"": 0.9772727272727273, ""nonnat_count"": 43, ""model_total"": 44, ""clashes"": 2, ""len1"": 232, ""len2"": 109, ""class1"": ""receptor"", ""class2"": ""ligand"", ""is_het"": false, ""chain1"": ""A"", ""chain2"": ""C"", ""chain_map"": {""A"": ""A"", ""B"": ""B"", ""C"": ""C""}}, ""BC"": {""DockQ"": 0.03622181449618684, ""F1"": 0.0, ""iRMSD"": 11.027748942771217, ""LRMSD"": 26.946111680624757, ""fnat"": 0, ""nat_correct"": 0, ""nat_total"": 9, ""fnonnat"": 1.0, ""nonnat_count"": 6, ""model_total"": 6, ""clashes"": 0, ""len1"": 214, ""len2"": 109, ""class1"": ""receptor"", ""class2"": ""ligand"", ""is_het"": false, ""chain1"": ""B"", ""chain2"": ""C"", ""chain_map"": {""A"": ""A"", ""B"": ""B"", ""C"": ""C""}}}, ""GlobalDockQ"": 0.2638156807242103, ""best_mapping"": {""A"": ""A"", ""B"": ""B"", ""C"": ""C""}, ""best_mapping_str"": ""ABC:ABC""}"
8fdo	1	"{""model"": ""/tmp/chai1_dockq/8fdo_trunk1.pdb"", ""native"": ""pdb_structures/8fdo.pdb"", ""best_dockq"": 0.784210622498622, ""best_result"": {""AB"": {""DockQ"": 0.6651815111079303, ""F1"": 0.7956204379562044, ""iRMSD"": 2.3542241561027324, ""LRMSD"": 1.6114862368440122, ""fnat"": 0.7414965986394558, ""nat_correct"": 109, ""nat_total"": 147, ""fnonnat"": 0.14173228346456693, ""nonnat_count"": 18, ""model_total"": 127, ""clashes"": 0, ""len1"": 232, ""len2"": 214, ""class1"": ""receptor"", ""class2"": ""ligand"", ""is_het"": false, ""chain1"": ""A"", ""chain2"": ""B"", ""chain_map"": {""A"": ""A"", ""B"": ""B"", ""C"": ""C""}}, ""AC"": {""DockQ"": 0.07546363853150391, ""F1"": 0.08849557522123894, ""iRMSD"": 11.543060194475025, ""LRMSD"": 22.963876409869812, ""fnat"": 0.08928571428571429, ""nat_correct"": 5, ""nat_total"": 56, ""fnonnat"": 0.9122807017543859, ""nonnat_count"": 52, ""model_total"": 57, ""clashes"": 4, ""len1"": 232, ""len2"": 109, ""class1"": ""receptor"", ""class2"": ""ligand"", ""is_het"": false, ""chain1"": ""A"", ""chain2"": ""C"", ""chain_map"": {""A"": ""A"", ""B"": ""B"", ""C"": ""C""}}, ""BC"": {""DockQ"": 0.04356547285918769, ""F1"": 0.0, ""iRMSD"": 10.124110220703802, ""LRMSD"": 24.275127393189145, ""fnat"": 0, ""nat_correct"": 0, ""nat_total"": 9, ""fnonnat"": 1.0, ""nonnat_count"": 14, ""model_total"": 14, ""clashes"": 0, ""len1"": 214, ""len2"": 109, ""class1"": ""receptor"", ""class2"": ""ligand"", ""is_het"": false, ""chain1"": ""B"", ""chain2"": ""C"", ""chain_map"": {""A"": ""A"", ""B"": ""B"", ""C"": ""C""}}}, ""GlobalDockQ"": 0.261403540832874, ""best_mapping"": {""A"": ""A"", ""B"": ""B"", ""C"": ""C""}, ""best_mapping_str"": ""ABC:ABC""}"
8fdo	2	"{""model"": ""/tmp/chai1_dockq/8fdo_trunk2.pdb"", ""native"": ""pdb_structures/8fdo.pdb"", ""best_dockq"": 0.792258691364429, ""best_result"": {""AB"": {""DockQ"": 0.6920379906643569, ""F1"": 0.8623188405797102, ""iRMSD"": 2.2464544651422904, ""LRMSD"": 1.7747626958070584, ""fnat"": 0.8095238095238095, ""nat_correct"": 119, ""nat_total"": 147, ""fnonnat"": 0.07751937984496124, ""nonnat_count"": 10, ""model_total"": 129, ""clashes"": 0, ""len1"": 232, ""len2"": 214, ""class1"": ""receptor"", ""class2"": ""ligand"", ""is_het"": false, ""chain1"": ""A"", ""chain2"": ""B"", ""chain_map"": {""A"": ""A"", ""B"": ""B"", ""C"": ""C""}}, ""AC"": {""DockQ"": 0.06260703906709546, ""F1"": 0.07142857142857142, ""iRMSD"": 12.081770860597224, ""LRMSD"": 25.329742771529407, ""fnat"": 0.07142857142857142, ""nat_correct"": 4, ""nat_total"": 56, ""fnonnat"": 0.9285714285714286, ""nonnat_count"": 52, ""model_total"": 56, ""clashes"": 1, ""len1"": 232, ""len2"": 109, ""class1"": ""receptor"", ""class2"": ""ligand"", ""is_het"": false, ""chain1"": ""A"", ""chain2"": ""C"", ""chain_map"": {""A"": ""A"", ""B"": ""B"", ""C"": ""C""}}, ""BC"": {""DockQ"": 0.037613661632976685, ""F1"": 0.0, ""iRMSD"": 10.290832732850316, ""LRMSD"": 26.69760684988253, ""fnat"": 0, ""nat_correct"": 0, ""nat_total"": 9, ""fnonnat"": 1.0, ""nonnat_count"": 12, ""model_total"": 12, ""clashes"": 1, ""len1"": 214, ""len2"": 109, ""class1"": ""receptor"", ""class2"": ""ligand"", ""is_het"": false, ""chain1"": ""B"", ""chain2"": ""C"", ""chain_map"": {""A"": ""A"", ""B"": ""B"", ""C"": ""C""}}}, ""GlobalDockQ"": 0.26408623045480967, ""best_mapping"": {""A"": ""A"", ""B"": ""B"", ""C"": ""C""}, ""best_mapping_str"": ""ABC:ABC""}"
8fdo	3	"{""model"": ""/tmp/chai1_dockq/8fdo_trunk3.pdb"", ""native"": ""pdb_structures/8fdo.pdb"", ""best_dockq"": 0.8273830605563306, ""best_result"": {""AB"": {""DockQ"": 0.721881672521623, ""F1"": 0.851063829787234, ""iRMSD"": 1.9628652004426987, ""LRMSD"": 1.1943827457029716, ""fnat"": 0.8163265306122449, ""nat_correct"": 120, ""nat_total"": 147, ""fnonnat"": 0.1111111111111111, ""nonnat_count"": 15, ""model_total"": 135, ""clashes"": 0, ""len1"": 232, ""len2"": 214, ""class1"": ""receptor"", ""class2"": ""ligand"", ""is_het"": false, ""chain1"": ""A"", ""chain2"": ""B"", ""chain_map"": {""A"": ""A"", ""B"": ""B"", ""C"": ""C""}}, ""AC"": {""DockQ"": 0.06340932408645973, ""F1"": 0.07476635514018691, ""iRMSD"": 12.783155274804491, ""LRMSD"": 24.787582109059368, ""fnat"": 0.07142857142857142, ""nat_correct"": 4, ""nat_total"": 56, ""fnonnat"": 0.9215686274509803, ""nonnat_count"": 47, ""model_total"": 51, ""clashes"": 2, ""len1"": 232, ""len2"": 109, ""class1"": ""receptor"", ""class2"": ""ligand"", ""is_het"": false, ""chain1"": ""A"", ""chain2"": ""C"", ""chain_map"": {""A"": ""A"", ""B"": ""B"", ""C"": ""C""}}, ""BC"": {""DockQ"": 0.04209206394824782, ""F1"": 0.0, ""iRMSD"": 10.165385514714158, ""LRMSD"": 24.820672143615234, ""fnat"": 0, ""nat_correct"": 0, ""nat_total"": 9, ""fnonnat"": 1.0, ""nonnat_count"": 16, ""model_total"": 16, ""clashes"": 0, ""len1"": 214, ""len2"": 109, ""class1"": ""receptor"", ""class2"": ""ligand"", ""is_het"": false, ""chain1"": ""B"", ""chain2"": ""C"", ""chain_map"": {""A"": ""A"", ""B"": ""B"", ""C"": ""C""}}}, ""GlobalDockQ"": 0.27579435351877685, ""best_mapping"": {""A"": ""A"", ""B"": ""B"", ""C"": ""C""}, ""best_mapping_str"": ""ABC:ABC""}"
8fdo	4	"{""model"": ""/tmp/chai1_dockq/8fdo_trunk4.pdb"", ""native"": ""pdb_structures/8fdo.pdb"", ""best_dockq"": 0.8136102092792146, ""best_result"": {""AB"": {""DockQ"": 0.7268574392169059, ""F1"": 0.8591549295774648, ""iRMSD"": 1.9664958690183105, ""LRMSD"": 1.1238331512057926, ""fnat"": 0.8299319727891157, ""nat_correct"": 122, ""nat_total"": 147, ""fnonnat"": 0.10948905109489052, ""nonnat_count"": 15, ""model_total"": 137, ""clashes"": 0, ""len1"": 232, ""len2"": 214, ""class1"": ""receptor"", ""class2"": ""ligand"", ""is_het"": false, ""chain1"": ""A"", ""chain2"": ""B"", ""chain_map"": {""A"": ""A"", ""B"": ""B"", ""C"": ""C""}}, ""AC"": {""DockQ"": 0.04572300771719695, ""F1"": 0.019417475728155338, ""iRMSD"": 12.954113136529951, ""LRMSD"": 24.67452444688744, ""fnat"": 0.017857142857142856, ""nat_correct"": 1, ""nat_total"": 56, ""fnonnat"": 0.9787234042553191, ""nonnat_count"": 46, ""model_total"": 47, ""clashes"": 5, ""len1"": 232, ""len2"": 109, ""class1"": ""receptor"", ""class2"": ""ligand"", ""is_het"": false, ""chain1"": ""A"", ""chain2"": ""C"", ""chain_map"": {""A"": ""A"", ""B"": ""B"", ""C"": ""C""}}, ""BC"": {""DockQ"": 0.04102976234511165, ""F1"": 0.0, ""iRMSD"": 10.162941005095272, ""LRMSD"": 25.252489140356644, ""fnat"": 0, ""nat_correct"": 0, ""nat_total"": 9, ""fnonnat"": 1.0, ""nonnat_count"": 11, ""model_total"": 11, ""clashes"": 0, ""len1"": 214, ""len2"": 109, ""class1"": ""receptor"", ""class2"": ""ligand"", ""is_het"": false, ""chain1"": ""B"", ""chain2"": ""C"", ""chain_map"": {""A"": ""A"", ""B"": ""B"", ""C"": ""C""}}}, ""GlobalDockQ"": 0.2712034030930715, ""best_mapping"": {""A"": ""A"", ""B"": ""B"", ""C"": ""C""}, ""best_mapping_str"": ""ABC:ABC""}"
8fxv	0	"{""model"": ""/tmp/chai1_dockq/8fxv_trunk0.pdb"", ""native"": ""pdb_structures/8fxv.pdb"", ""best_dockq"": 0.2204467702516102, ""best_result"": {""AB"": {""DockQ"": 0.2204467702516102, ""F1"": 0.140625, ""iRMSD"": 5.531314725750585, ""LRMSD"": 9.397473512526771, ""fnat"": 0.14285714285714285, ""nat_correct"": 9, ""nat_total"": 63, ""fnonnat"": 0.8615384615384616, ""nonnat_count"": 56, ""model_total"": 65, ""clashes"": 0, ""len1"": 318, ""len2"": 116, ""class1"": ""receptor"", ""class2"": ""ligand"", ""is_het"": false, ""chain1"": ""B"", ""chain2"": ""A"", ""chain_map"": {""A"": ""B"", ""B"": ""A""}}}, ""GlobalDockQ"": 0.2204467702516102, ""best_mapping"": {""A"": ""B"", ""B"": ""A""}, ""best_mapping_str"": ""BA:AB""}"
8fxv	1	"{""model"": ""/tmp/chai1_dockq/8fxv_trunk1.pdb"", ""native"": ""pdb_structures/8fxv.pdb"", ""best_dockq"": 0.035175206134392616, ""best_result"": {""AB"": {""DockQ"": 0.035175206134392616, ""F1"": 0.049586776859504134, ""iRMSD"": 10.220664785669488, ""LRMSD"": 43.4730254674324, ""fnat"": 0.047619047619047616, ""nat_correct"": 3, ""nat_total"": 63, ""fnonnat"": 0.9482758620689655, ""nonnat_count"": 55, ""model_total"": 58, ""clashes"": 1, ""len1"": 318, ""len2"": 116, ""class1"": ""receptor"", ""class2"": ""ligand"", ""is_het"": false, ""chain1"": ""B"", ""chain2"": ""A"", ""chain_map"": {""A"": ""B"", ""B"": ""A""}}}, ""GlobalDockQ"": 0.035175206134392616, ""best_mapping"": {""A"": ""B"", ""B"": ""A""}, ""best_mapping_str"": ""BA:AB""}"
8fxv	2	"{""model"": ""/tmp/chai1_dockq/8fxv_trunk2.pdb"", ""native"": ""pdb_structures/8fxv.pdb"", ""best_dockq"": 0.22270714801342503, ""best_result"": {""AB"": {""DockQ"": 0.22270714801342503, ""F1"": 0.23076923076923078, ""iRMSD"": 6.3217834987874335, ""LRMSD"": 10.933122199618404, ""fnat"": 0.23809523809523808, ""nat_correct"": 15, ""nat_total"": 63, ""fnonnat"": 0.7761194029850746, ""nonnat_count"": 52, ""model_total"": 67, ""clashes"": 2, ""len1"": 318, ""len2"": 116, ""class1"": ""receptor"", ""class2"": ""ligand"", ""is_het"": false, ""chain1"": ""B"", ""chain2"": ""A"", ""chain_map"": {""A"": ""B"", ""B"": ""A""}}}, ""GlobalDockQ"": 0.22270714801342503, ""best_mapping"": {""A"": ""B"", ""B"": ""A""}, ""best_mapping_str"": ""BA:AB""}"
8fxv	3	"{""model"": ""/tmp/chai1_dockq/8fxv_trunk3.pdb"", ""native"": ""pdb_structures/8fxv.pdb"", ""best_dockq"": 0.13263086782008812, ""best_result"": {""AB"": {""DockQ"": 0.13263086782008812, ""F1"": 0.17886178861788618, ""iRMSD"": 6.638696785687493, ""LRMSD"": 18.473672326717114, ""fnat"": 0.1746031746031746, ""nat_correct"": 11, ""nat_total"": 63, ""fnonnat"": 0.8166666666666667, ""nonnat_count"": 49, ""model_total"": 60, ""clashes"": 2, ""len1"": 318, ""len2"": 116, ""class1"": ""receptor"", ""class2"": ""ligand"", ""is_het"": false, ""chain1"": ""B"", ""chain2"": ""A"", ""chain_map"": {""A"": ""B"", ""B"": ""A""}}}, ""GlobalDockQ"": 0.13263086782008812, ""best_mapping"": {""A"": ""B"", ""B"": ""A""}, ""best_mapping_str"": ""BA:AB""}"
8fxv	4	"{""model"": ""/tmp/chai1_dockq/8fxv_trunk4.pdb"", ""native"": ""pdb_structures/8fxv.pdb"", ""best_dockq"": 0.16316871217004894, ""best_result"": {""AB"": {""DockQ"": 0.16316871217004894, ""F1"": 0.21311475409836064, ""iRMSD"": 5.922385590482671, ""LRMSD"": 15.872071832237596, ""fnat"": 0.20634920634920634, ""nat_correct"": 13, ""nat_total"": 63, ""fnonnat"": 0.7796610169491526, ""nonnat_count"": 46, ""model_total"": 59, ""clashes"": 0, ""len1"": 318, ""len2"": 116, ""class1"": ""receptor"", ""class2"": ""ligand"", ""is_het"": false, ""chain1"": ""B"", ""chain2"": ""A"", ""chain_map"": {""A"": ""B"", ""B"": ""A""}}}, ""GlobalDockQ"": 0.16316871217004894, ""best_mapping"": {""A"": ""B"", ""B"": ""A""}, ""best_mapping_str"": ""BA:AB""}"
8g0i	0	"{""model"": ""/tmp/chai1_dockq/8g0i_trunk0.pdb"", ""native"": ""pdb_structures/8g0i.pdb"", ""best_dockq"": 0.02074691178800352, ""best_result"": {""AD"": {""DockQ"": 0.02074691178800352, ""F1"": 0.03669724770642202, ""iRMSD"": 17.06576390071118, ""LRMSD"": 56.954999363106914, ""fnat"": 0.03278688524590164, ""nat_correct"": 2, ""nat_total"": 61, ""fnonnat"": 0.9583333333333334, ""nonnat_count"": 46, ""model_total"": 48, ""clashes"": 0, ""len1"": 222, ""len2"": 116, ""class1"": ""receptor"", ""class2"": ""ligand"", ""is_het"": false, ""chain1"": ""B"", ""chain2"": ""A"", ""chain_map"": {""A"": ""B"", ""D"": ""A""}}}, ""GlobalDockQ"": 0.02074691178800352, ""best_mapping"": {""A"": ""B"", ""D"": ""A""}, ""best_mapping_str"": ""BA:AD""}"
8g0i	1	"{""model"": ""/tmp/chai1_dockq/8g0i_trunk1.pdb"", ""native"": ""pdb_structures/8g0i.pdb"", ""best_dockq"": 0.008118844778288224, ""best_result"": {""AD"": {""DockQ"": 0.008118844778288224, ""F1"": 0.0, ""iRMSD"": 17.31020085898158, ""LRMSD"": 64.82280898876542, ""fnat"": 0, ""nat_correct"": 0, ""nat_total"": 61, ""fnonnat"": 1.0, ""nonnat_count"": 56, ""model_total"": 56, ""clashes"": 0, ""len1"": 222, ""len2"": 116, ""class1"": ""receptor"", ""class2"": ""ligand"", ""is_het"": false, ""chain1"": ""B"", ""chain2"": ""A"", ""chain_map"": {""A"": ""B"", ""D"": ""A""}}}, ""GlobalDockQ"": 0.008118844778288224, ""best_mapping"": {""A"": ""B"", ""D"": ""A""}, ""best_mapping_str"": ""BA:AD""}"
8g0i	2	"{""model"": ""/tmp/chai1_dockq/8g0i_trunk2.pdb"", ""native"": ""pdb_structures/8g0i.pdb"", ""best_dockq"": 0.009349763479903484, ""best_result"": {""AD"": {""DockQ"": 0.009349763479903484, ""F1"": 0.0, ""iRMSD"": 15.825407265529739, ""LRMSD"": 60.84026012840443, ""fnat"": 0, ""nat_correct"": 0, ""nat_total"": 61, ""fnonnat"": 1.0, ""nonnat_count"": 61, ""model_total"": 61, ""clashes"": 0, ""len1"": 222, ""len2"": 116, ""class1"": ""receptor"", ""class2"": ""ligand"", ""is_het"": false, ""chain1"": ""B"", ""chain2"": ""A"", ""chain_map"": {""A"": ""B"", ""D"": ""A""}}}, ""GlobalDockQ"": 0.009349763479903484, ""best_mapping"": {""A"": ""B"", ""D"": ""A""}, ""best_mapping_str"": ""BA:AD""}"
8g0i	3	"{""model"": ""/tmp/chai1_dockq/8g0i_trunk3.pdb"", ""native"": ""pdb_structures/8g0i.pdb"", ""best_dockq"": 0.008765538563500397, ""best_result"": {""AD"": {""DockQ"": 0.008765538563500397, ""F1"": 0.0, ""iRMSD"": 16.36486621727374, ""LRMSD"": 62.8445454582795, ""fnat"": 0, ""nat_correct"": 0, ""nat_total"": 61, ""fnonnat"": 1.0, ""nonnat_count"": 54, ""model_total"": 54, ""clashes"": 1, ""len1"": 222, ""len2"": 116, ""class1"": ""receptor"", ""class2"": ""ligand"", ""is_het"": false, ""chain1"": ""B"", ""chain2"": ""A"", ""chain_map"": {""A"": ""B"", ""D"": ""A""}}}, ""GlobalDockQ"": 0.008765538563500397, ""best_mapping"": {""A"": ""B"", ""D"": ""A""}, ""best_mapping_str"": ""BA:AD""}"
8g0i	4	"{""model"": ""/tmp/chai1_dockq/8g0i_trunk4.pdb"", ""native"": ""pdb_structures/8g0i.pdb"", ""best_dockq"": 0.008172630198389763, ""best_result"": {""AD"": {""DockQ"": 0.008172630198389763, ""F1"": 0.0, ""iRMSD"": 17.144240966466597, ""LRMSD"": 64.7887682356559, ""fnat"": 0, ""nat_correct"": 0, ""nat_total"": 61, ""fnonnat"": 1.0, ""nonnat_count"": 52, ""model_total"": 52, ""clashes"": 0, ""len1"": 222, ""len2"": 116, ""class1"": ""receptor"", ""class2"": ""ligand"", ""is_het"": false, ""chain1"": ""B"", ""chain2"": ""A"", ""chain_map"": {""A"": ""B"", ""D"": ""A""}}}, ""GlobalDockQ"": 0.008172630198389763, ""best_mapping"": {""A"": ""B"", ""D"": ""A""}, ""best_mapping_str"": ""BA:AD""}"
8g4p	0	"{""model"": ""/tmp/chai1_dockq/8g4p_trunk0.pdb"", ""native"": ""pdb_structures/8g4p.pdb"", ""best_dockq"": 0.8129955045488094, ""best_result"": {""AB"": {""DockQ"": 0.6443563512054137, ""F1"": 0.8253968253968254, ""iRMSD"": 2.539840345935931, ""LRMSD"": 3.861237054910701, ""fnat"": 0.8455284552845529, ""nat_correct"": 104, ""nat_total"": 123, ""fnonnat"": 0.1937984496124031, ""nonnat_count"": 25, ""model_total"": 129, ""clashes"": 0, ""len1"": 222, ""len2"": 214, ""class1"": ""receptor"", ""class2"": ""ligand"", ""is_het"": false, ""chain1"": ""A"", ""chain2"": ""B"", ""chain_map"": {""A"": ""A"", ""B"": ""B"", ""E"": ""C""}}, ""AE"": {""DockQ"": 0.16863915334339571, ""F1"": 0.25, ""iRMSD"": 5.008665660768587, ""LRMSD"": 18.54484232787089, ""fnat"": 0.25, ""nat_correct"": 12, ""nat_total"": 48, ""fnonnat"": 0.75, ""nonnat_count"": 36, ""model_total"": 48, ""clashes"": 1, ""len1"": 222, ""len2"": 94, ""class1"": ""receptor"", ""class2"": ""ligand"", ""is_het"": false, ""chain1"": ""A"", ""chain2"": ""C"", ""chain_map"": {""A"": ""A"", ""B"": ""B"", ""E"": ""C""}}}, ""GlobalDockQ"": 0.4064977522744047, ""best_mapping"": {""A"": ""A"", ""B"": ""B"", ""E"": ""C""}, ""best_mapping_str"": ""ABC:ABE""}"
8g4p	1	"{""model"": ""/tmp/chai1_dockq/8g4p_trunk1.pdb"", ""native"": ""pdb_structures/8g4p.pdb"", ""best_dockq"": 1.1098827069445671, ""best_result"": {""AB"": {""DockQ"": 0.815392303032865, ""F1"": 0.8695652173913043, ""iRMSD"": 1.2719645565915176, ""LRMSD"": 1.4908241180387904, ""fnat"": 0.8943089430894309, ""nat_correct"": 110, ""nat_total"": 123, ""fnonnat"": 0.15384615384615385, ""nonnat_count"": 20, ""model_total"": 130, ""clashes"": 0, ""len1"": 222, ""len2"": 214, ""class1"": ""receptor"", ""class2"": ""ligand"", ""is_het"": false, ""chain1"": ""A"", ""chain2"": ""B"", ""chain_map"": {""A"": ""A"", ""B"": ""B"", ""E"": ""C""}}, ""AE"": {""DockQ"": 0.2944904039117022, ""F1"": 0.5057471264367817, ""iRMSD"": 3.1278486861158976, ""LRMSD"": 15.202595271119886, ""fnat"": 0.4583333333333333, ""nat_correct"": 22, ""nat_total"": 48, ""fnonnat"": 0.4358974358974359, ""nonnat_count"": 17, ""model_total"": 39, ""clashes"": 1, ""len1"": 222, ""len2"": 94, ""class1"": ""receptor"", ""class2"": ""ligand"", ""is_het"": false, ""chain1"": ""A"", ""chain2"": ""C"", ""chain_map"": {""A"": ""A"", ""B"": ""B"", ""E"": ""C""}}}, ""GlobalDockQ"": 0.5549413534722836, ""best_mapping"": {""A"": ""A"", ""B"": ""B"", ""E"": ""C""}, ""best_mapping_str"": ""ABC:ABE""}"
8g4p	2	"{""model"": ""/tmp/chai1_dockq/8g4p_trunk2.pdb"", ""native"": ""pdb_structures/8g4p.pdb"", ""best_dockq"": 0.957037237209875, ""best_result"": {""AB"": {""DockQ"": 0.8026026279733438, ""F1"": 0.8724279835390947, ""iRMSD"": 1.2826969323447788, ""LRMSD"": 1.5354032794665136, ""fnat"": 0.8617886178861789, ""nat_correct"": 106, ""nat_total"": 123, ""fnonnat"": 0.11666666666666667, ""nonnat_count"": 14, ""model_total"": 120, ""clashes"": 0, ""len1"": 222, ""len2"": 214, ""class1"": ""receptor"", ""class2"": ""ligand"", ""is_het"": false, ""chain1"": ""A"", ""chain2"": ""B"", ""chain_map"": {""A"": ""A"", ""B"": ""B"", ""E"": ""C""}}, ""AE"": {""DockQ"": 0.15443460923653118, ""F1"": 0.21428571428571427, ""iRMSD"": 4.503366591124765, ""LRMSD"": 18.395792593180552, ""fnat"": 0.1875, ""nat_correct"": 9, ""nat_total"": 48, ""fnonnat"": 0.75, ""nonnat_count"": 27, ""model_total"": 36, ""clashes"": 1, ""len1"": 222, ""len2"": 94, ""class1"": ""receptor"", ""class2"": ""ligand"", ""is_het"": false, ""chain1"": ""A"", ""chain2"": ""C"", ""chain_map"": {""A"": ""A"", ""B"": ""B"", ""E"": ""C""}}}, ""GlobalDockQ"": 0.4785186186049375, ""best_mapping"": {""A"": ""A"", ""B"": ""B"", ""E"": ""C""}, ""best_mapping_str"": ""ABC:ABE""}"
8g4p	3	"{""model"": ""/tmp/chai1_dockq/8g4p_trunk3.pdb"", ""native"": ""pdb_structures/8g4p.pdb"", ""best_dockq"": 1.0324599918435549, ""best_result"": {""AB"": {""DockQ"": 0.7756215450218765, ""F1"": 0.8537549407114624, ""iRMSD"": 1.5042188550849183, ""LRMSD"": 1.9455103462006125, ""fnat"": 0.8780487804878049, ""nat_correct"": 108, ""nat_total"": 123, ""fnonnat"": 0.16923076923076924, ""nonnat_count"": 22, ""model_total"": 130, ""clashes"": 0, ""len1"": 222, ""len2"": 214, ""class1"": ""receptor"", ""class2"": ""ligand"", ""is_het"": false, ""chain1"": ""A"", ""chain2"": ""B"", ""chain_map"": {""A"": ""A"", ""B"": ""B"", ""E"": ""C""}}, ""AE"": {""DockQ"": 0.2568384468216783, ""F1"": 0.4470588235294118, ""iRMSD"": 3.3534615922772852, ""LRMSD"": 16.588211112781494, ""fnat"": 0.3958333333333333, ""nat_correct"": 19, ""nat_total"": 48, ""fnonnat"": 0.4864864864864865, ""nonnat_count"": 18, ""model_total"": 37, ""clashes"": 0, ""len1"": 222, ""len2"": 94, ""class1"": ""receptor"", ""class2"": ""ligand"", ""is_het"": false, ""chain1"": ""A"", ""chain2"": ""C"", ""chain_map"": {""A"": ""A"", ""B"": ""B"", ""E"": ""C""}}}, ""GlobalDockQ"": 0.5162299959217774, ""best_mapping"": {""A"": ""A"", ""B"": ""B"", ""E"": ""C""}, ""best_mapping_str"": ""ABC:ABE""}"
8g4p	4	"{""model"": ""/tmp/chai1_dockq/8g4p_trunk4.pdb"", ""native"": ""pdb_structures/8g4p.pdb"", ""best_dockq"": 1.1212754452180462, ""best_result"": {""AB"": {""DockQ"": 0.8000307017415519, ""F1"": 0.852589641434263, ""iRMSD"": 1.3221821660385018, ""LRMSD"": 1.5599801138463492, ""fnat"": 0.8699186991869918, ""nat_correct"": 107, ""nat_total"": 123, ""fnonnat"": 0.1640625, ""nonnat_count"": 21, ""model_total"": 128, ""clashes"": 0, ""len1"": 222, ""len2"": 214, ""class1"": ""receptor"", ""class2"": ""ligand"", ""is_het"": false, ""chain1"": ""A"", ""chain2"": ""B"", ""chain_map"": {""A"": ""A"", ""B"": ""B"", ""E"": ""C""}}, ""AE"": {""DockQ"": 0.32124474347649423, ""F1"": 0.5116279069767442, ""iRMSD"": 2.9340511836455265, ""LRMSD"": 13.040045710718692, ""fnat"": 0.4583333333333333, ""nat_correct"": 22, ""nat_total"": 48, ""fnonnat"": 0.42105263157894735, ""nonnat_count"": 16, ""model_total"": 38, ""clashes"": 0, ""len1"": 222, ""len2"": 94, ""class1"": ""receptor"", ""class2"": ""ligand"", ""is_het"": false, ""chain1"": ""A"", ""chain2"": ""C"", ""chain_map"": {""A"": ""A"", ""B"": ""B"", ""E"": ""C""}}}, ""GlobalDockQ"": 0.5606377226090231, ""best_mapping"": {""A"": ""A"", ""B"": ""B"", ""E"": ""C""}, ""best_mapping_str"": ""ABC:ABE""}"
8gjr	0	"{""model"": ""/tmp/chai1_dockq/8gjr_trunk0.pdb"", ""native"": ""pdb_structures/8gjr.pdb"", ""best_dockq"": 0.062247216529029294, ""best_result"": {""CA"": {""DockQ"": 0.062247216529029294, ""F1"": 0.09090909090909091, ""iRMSD"": 10.754703514602047, ""LRMSD"": 27.53305669077045, ""fnat"": 0.08064516129032258, ""nat_correct"": 5, ""nat_total"": 62, ""fnonnat"": 0.8958333333333334, ""nonnat_count"": 43, ""model_total"": 48, ""clashes"": 0, ""len1"": 293, ""len2"": 117, ""class1"": ""receptor"", ""class2"": ""ligand"", ""is_het"": false, ""chain1"": ""B"", ""chain2"": ""A"", ""chain_map"": {""C"": ""B"", ""A"": ""A""}}}, ""GlobalDockQ"": 0.062247216529029294, ""best_mapping"": {""C"": ""B"", ""A"": ""A""}, ""best_mapping_str"": ""BA:CA""}"
8gjr	1	"{""model"": ""/tmp/chai1_dockq/8gjr_trunk1.pdb"", ""native"": ""pdb_structures/8gjr.pdb"", ""best_dockq"": 0.056810952590450194, ""best_result"": {""CA"": {""DockQ"": 0.056810952590450194, ""F1"": 0.07017543859649122, ""iRMSD"": 10.731177754480814, ""LRMSD"": 27.578542170460413, ""fnat"": 0.06451612903225806, ""nat_correct"": 4, ""nat_total"": 62, ""fnonnat"": 0.9230769230769231, ""nonnat_count"": 48, ""model_total"": 52, ""clashes"": 0, ""len1"": 293, ""len2"": 117, ""class1"": ""receptor"", ""class2"": ""ligand"", ""is_het"": false, ""chain1"": ""B"", ""chain2"": ""A"", ""chain_map"": {""C"": ""B"", ""A"": ""A""}}}, ""GlobalDockQ"": 0.056810952590450194, ""best_mapping"": {""C"": ""B"", ""A"": ""A""}, ""best_mapping_str"": ""BA:CA""}"
8gjr	2	"{""model"": ""/tmp/chai1_dockq/8gjr_trunk2.pdb"", ""native"": ""pdb_structures/8gjr.pdb"", ""best_dockq"": 0.06869557537442791, ""best_result"": {""CA"": {""DockQ"": 0.06869557537442791, ""F1"": 0.10344827586206896, ""iRMSD"": 10.604824189837704, ""LRMSD"": 27.078190771629178, ""fnat"": 0.0967741935483871, ""nat_correct"": 6, ""nat_total"": 62, ""fnonnat"": 0.8888888888888888, ""nonnat_count"": 48, ""model_total"": 54, ""clashes"": 2, ""len1"": 293, ""len2"": 117, ""class1"": ""receptor"", ""class2"": ""ligand"", ""is_het"": false, ""chain1"": ""B"", ""chain2"": ""A"", ""chain_map"": {""C"": ""B"", ""A"": ""A""}}}, ""GlobalDockQ"": 0.06869557537442791, ""best_mapping"": {""C"": ""B"", ""A"": ""A""}, ""best_mapping_str"": ""BA:CA""}"
8gjr	3	"{""model"": ""/tmp/chai1_dockq/8gjr_trunk3.pdb"", ""native"": ""pdb_structures/8gjr.pdb"", ""best_dockq"": 0.06818832882105208, ""best_result"": {""CA"": {""DockQ"": 0.06818832882105208, ""F1"": 0.10619469026548672, ""iRMSD"": 10.813668006853277, ""LRMSD"": 27.20928767665053, ""fnat"": 0.0967741935483871, ""nat_correct"": 6, ""nat_total"": 62, ""fnonnat"": 0.8823529411764706, ""nonnat_count"": 45, ""model_total"": 51, ""clashes"": 1, ""len1"": 293, ""len2"": 117, ""class1"": ""receptor"", ""class2"": ""ligand"", ""is_het"": false, ""chain1"": ""B"", ""chain2"": ""A"", ""chain_map"": {""C"": ""B"", ""A"": ""A""}}}, ""GlobalDockQ"": 0.06818832882105208, ""best_mapping"": {""C"": ""B"", ""A"": ""A""}, ""best_mapping_str"": ""BA:CA""}"
8gjr	4	"{""model"": ""/tmp/chai1_dockq/8gjr_trunk4.pdb"", ""native"": ""pdb_structures/8gjr.pdb"", ""best_dockq"": 0.06803415340283778, ""best_result"": {""CA"": {""DockQ"": 0.06803415340283778, ""F1"": 0.10084033613445378, ""iRMSD"": 10.81512109718556, ""LRMSD"": 27.28641837626344, ""fnat"": 0.0967741935483871, ""nat_correct"": 6, ""nat_total"": 62, ""fnonnat"": 0.8947368421052632, ""nonnat_count"": 51, ""model_total"": 57, ""clashes"": 1, ""len1"": 293, ""len2"": 117, ""class1"": ""receptor"", ""class2"": ""ligand"", ""is_het"": false, ""chain1"": ""B"", ""chain2"": ""A"", ""chain_map"": {""C"": ""B"", ""A"": ""A""}}}, ""GlobalDockQ"": 0.06803415340283778, ""best_mapping"": {""C"": ""B"", ""A"": ""A""}, ""best_mapping_str"": ""BA:CA""}"
8gy5	0	"{""model"": ""/tmp/chai1_dockq/8gy5_trunk0.pdb"", ""native"": ""pdb_structures/8gy5.pdb"", ""best_dockq"": 0.9130957931301952, ""best_result"": {""AB"": {""DockQ"": 0.798999982979792, ""F1"": 0.8878923766816144, ""iRMSD"": 1.4048910568464217, ""LRMSD"": 1.9982613977971324, ""fnat"": 0.9166666666666666, ""nat_correct"": 99, ""nat_total"": 108, ""fnonnat"": 0.1391304347826087, ""nonnat_count"": 16, ""model_total"": 115, ""clashes"": 0, ""len1"": 212, ""len2"": 212, ""class1"": ""ligand"", ""class2"": ""receptor"", ""is_het"": false, ""chain1"": ""A"", ""chain2"": ""B"", ""chain_map"": {""A"": ""A"", ""B"": ""B"", ""Q"": ""C""}}, ""AQ"": {""DockQ"": 0.06821663948224306, ""F1"": 0.04878048780487805, ""iRMSD"": 11.761344716461656, ""LRMSD"": 23.326652245629507, ""fnat"": 0.07142857142857142, ""nat_correct"": 2, ""nat_total"": 28, ""fnonnat"": 0.9629629629629629, ""nonnat_count"": 52, ""model_total"": 54, ""clashes"": 2, ""len1"": 212, ""len2"": 109, ""class1"": ""receptor"", ""class2"": ""ligand"", ""is_het"": false, ""chain1"": ""A"", ""chain2"": ""C"", ""chain_map"": {""A"": ""A"", ""B"": ""B"", ""Q"": ""C""}}, ""BQ"": {""DockQ"": 0.04587917066816002, ""F1"": 0.0, ""iRMSD"": 10.973918378492913, ""LRMSD"": 23.09508839897645, ""fnat"": 0, ""nat_correct"": 0, ""nat_total"": 16, ""fnonnat"": 1.0, ""nonnat_count"": 28, ""model_total"": 28, ""clashes"": 0, ""len1"": 212, ""len2"": 109, ""class1"": ""receptor"", ""class2"": ""ligand"", ""is_het"": false, ""chain1"": ""B"", ""chain2"": ""C"", ""chain_map"": {""A"": ""A"", ""B"": ""B"", ""Q"": ""C""}}}, ""GlobalDockQ"": 0.3043652643767317, ""best_mapping"": {""A"": ""A"", ""B"": ""B"", ""Q"": ""C""}, ""best_mapping_str"": ""ABC:ABQ""}"
8gy5	1	"{""model"": ""/tmp/chai1_dockq/8gy5_trunk1.pdb"", ""native"": ""pdb_structures/8gy5.pdb"", ""best_dockq"": 0.9621542515217645, ""best_result"": {""HL"": {""DockQ"": 0.8743447425169859, ""F1"": 0.8962264150943396, ""iRMSD"": 0.9082303560220721, ""LRMSD"": 0.9929625990584494, ""fnat"": 0.9047619047619048, ""nat_correct"": 95, ""nat_total"": 105, ""fnonnat"": 0.11214953271028037, ""nonnat_count"": 12, ""model_total"": 107, ""clashes"": 0, ""len1"": 211, ""len2"": 212, ""class1"": ""ligand"", ""class2"": ""receptor"", ""is_het"": false, ""chain1"": ""A"", ""chain2"": ""B"", ""chain_map"": {""H"": ""A"", ""L"": ""B"", ""P"": ""C""}}, ""HP"": {""DockQ"": 0.042858653523027444, ""F1"": 0.0, ""iRMSD"": 13.24029517128582, ""LRMSD"": 23.475763299929884, ""fnat"": 0, ""nat_correct"": 0, ""nat_total"": 35, ""fnonnat"": 1.0, ""nonnat_count"": 47, ""model_total"": 47, ""clashes"": 1, ""len1"": 211, ""len2"": 118, ""class1"": ""receptor"", ""class2"": ""ligand"", ""is_het"": false, ""chain1"": ""A"", ""chain2"": ""C"", ""chain_map"": {""H"": ""A"", ""L"": ""B"", ""P"": ""C""}}, ""LP"": {""DockQ"": 0.044950855481751185, ""F1"": 0.0, ""iRMSD"": 11.133315152563862, ""LRMSD"": 23.348354452525523, ""fnat"": 0, ""nat_correct"": 0, ""nat_total"": 16, ""fnonnat"": 1.0, ""nonnat_count"": 26, ""model_total"": 26, ""clashes"": 0, ""len1"": 212, ""len2"": 118, ""class1"": ""receptor"", ""class2"": ""ligand"", ""is_het"": false, ""chain1"": ""B"", ""chain2"": ""C"", ""chain_map"": {""H"": ""A"", ""L"": ""B"", ""P"": ""C""}}}, ""GlobalDockQ"": 0.32071808384058814, ""best_mapping"": {""H"": ""A"", ""L"": ""B"", ""P"": ""C""}, ""best_mapping_str"": ""ABC:HLP""}"
8gy5	2	"{""model"": ""/tmp/chai1_dockq/8gy5_trunk2.pdb"", ""native"": ""pdb_structures/8gy5.pdb"", ""best_dockq"": 0.9668550876012503, ""best_result"": {""HL"": {""DockQ"": 0.8723210951482105, ""F1"": 0.9142857142857143, ""iRMSD"": 0.9410279423445325, ""LRMSD"": 1.0455042244480568, ""fnat"": 0.9142857142857143, ""nat_correct"": 96, ""nat_total"": 105, ""fnonnat"": 0.08571428571428572, ""nonnat_count"": 9, ""model_total"": 105, ""clashes"": 0, ""len1"": 211, ""len2"": 212, ""class1"": ""ligand"", ""class2"": ""receptor"", ""is_het"": false, ""chain1"": ""A"", ""chain2"": ""B"", ""chain_map"": {""H"": ""A"", ""L"": ""B"", ""P"": ""C""}}, ""HP"": {""DockQ"": 0.05113287473465112, ""F1"": 0.021505376344086023, ""iRMSD"": 12.800814030511887, ""LRMSD"": 24.020851712948932, ""fnat"": 0.02857142857142857, ""nat_correct"": 1, ""nat_total"": 35, ""fnonnat"": 0.9827586206896551, ""nonnat_count"": 57, ""model_total"": 58, ""clashes"": 1, ""len1"": 211, ""len2"": 118, ""class1"": ""receptor"", ""class2"": ""ligand"", ""is_het"": false, ""chain1"": ""A"", ""chain2"": ""C"", ""chain_map"": {""H"": ""A"", ""L"": ""B"", ""P"": ""C""}}, ""LP"": {""DockQ"": 0.04340111771838856, ""F1"": 0.0, ""iRMSD"": 10.899873969068015, ""LRMSD"": 23.98024634436099, ""fnat"": 0, ""nat_correct"": 0, ""nat_total"": 16, ""fnonnat"": 1.0, ""nonnat_count"": 18, ""model_total"": 18, ""clashes"": 1, ""len1"": 212, ""len2"": 118, ""class1"": ""receptor"", ""class2"": ""ligand"", ""is_het"": false, ""chain1"": ""B"", ""chain2"": ""C"", ""chain_map"": {""H"": ""A"", ""L"": ""B"", ""P"": ""C""}}}, ""GlobalDockQ"": 0.32228502920041674, ""best_mapping"": {""H"": ""A"", ""L"": ""B"", ""P"": ""C""}, ""best_mapping_str"": ""ABC:HLP""}"
8gy5	3	"{""model"": ""/tmp/chai1_dockq/8gy5_trunk3.pdb"", ""native"": ""pdb_structures/8gy5.pdb"", ""best_dockq"": 1.0011504315375699, ""best_result"": {""AB"": {""DockQ"": 0.8909714997806044, ""F1"": 0.9090909090909091, ""iRMSD"": 0.8430976717574916, ""LRMSD"": 0.973138274532655, ""fnat"": 0.9259259259259259, ""nat_correct"": 100, ""nat_total"": 108, ""fnonnat"": 0.10714285714285714, ""nonnat_count"": 12, ""model_total"": 112, ""clashes"": 0, ""len1"": 212, ""len2"": 212, ""class1"": ""ligand"", ""class2"": ""receptor"", ""is_het"": false, ""chain1"": ""A"", ""chain2"": ""B"", ""chain_map"": {""A"": ""A"", ""B"": ""B"", ""Q"": ""C""}}, ""AQ"": {""DockQ"": 0.06627799154727569, ""F1"": 0.046511627906976744, ""iRMSD"": 11.766378012145351, ""LRMSD"": 24.004878397003623, ""fnat"": 0.07142857142857142, ""nat_correct"": 2, ""nat_total"": 28, ""fnonnat"": 0.9655172413793104, ""nonnat_count"": 56, ""model_total"": 58, ""clashes"": 0, ""len1"": 212, ""len2"": 109, ""class1"": ""receptor"", ""class2"": ""ligand"", ""is_het"": false, ""chain1"": ""A"", ""chain2"": ""C"", ""chain_map"": {""A"": ""A"", ""B"": ""B"", ""Q"": ""C""}}, ""BQ"": {""DockQ"": 0.04390094020968976, ""F1"": 0.0, ""iRMSD"": 10.972538670713742, ""LRMSD"": 23.772136857127794, ""fnat"": 0, ""nat_correct"": 0, ""nat_total"": 16, ""fnonnat"": 1.0, ""nonnat_count"": 23, ""model_total"": 23, ""clashes"": 0, ""len1"": 212, ""len2"": 109, ""class1"": ""receptor"", ""class2"": ""ligand"", ""is_het"": false, ""chain1"": ""B"", ""chain2"": ""C"", ""chain_map"": {""A"": ""A"", ""B"": ""B"", ""Q"": ""C""}}}, ""GlobalDockQ"": 0.3337168105125233, ""best_mapping"": {""A"": ""A"", ""B"": ""B"", ""Q"": ""C""}, ""best_mapping_str"": ""ABC:ABQ""}"
8gy5	4	"{""model"": ""/tmp/chai1_dockq/8gy5_trunk4.pdb"", ""native"": ""pdb_structures/8gy5.pdb"", ""best_dockq"": 0.9714453483525268, ""best_result"": {""HL"": {""DockQ"": 0.869719656074324, ""F1"": 0.8990825688073395, ""iRMSD"": 0.9974305316296829, ""LRMSD"": 1.1369539079968478, ""fnat"": 0.9333333333333333, ""nat_correct"": 98, ""nat_total"": 105, ""fnonnat"": 0.13274336283185842, ""nonnat_count"": 15, ""model_total"": 113, ""clashes"": 0, ""len1"": 211, ""len2"": 212, ""class1"": ""ligand"", ""class2"": ""receptor"", ""is_het"": false, ""chain1"": ""A"", ""chain2"": ""B"", ""chain_map"": {""H"": ""A"", ""L"": ""B"", ""P"": ""C""}}, ""HP"": {""DockQ"": 0.05975666590704045, ""F1"": 0.0425531914893617, ""iRMSD"": 11.926424132198397, ""LRMSD"": 24.613066610036928, ""fnat"": 0.05714285714285714, ""nat_correct"": 2, ""nat_total"": 35, ""fnonnat"": 0.9661016949152542, ""nonnat_count"": 57, ""model_total"": 59, ""clashes"": 0, ""len1"": 211, ""len2"": 118, ""class1"": ""receptor"", ""class2"": ""ligand"", ""is_het"": false, ""chain1"": ""A"", ""chain2"": ""C"", ""chain_map"": {""H"": ""A"", ""L"": ""B"", ""P"": ""C""}}, ""LP"": {""DockQ"": 0.04196902637116242, ""F1"": 0.0, ""iRMSD"": 10.476058325504063, ""LRMSD"": 24.70890464633498, ""fnat"": 0, ""nat_correct"": 0, ""nat_total"": 16, ""fnonnat"": 1.0, ""nonnat_count"": 22, ""model_total"": 22, ""clashes"": 0, ""len1"": 212, ""len2"": 118, ""class1"": ""receptor"", ""class2"": ""ligand"", ""is_het"": false, ""chain1"": ""B"", ""chain2"": ""C"", ""chain_map"": {""H"": ""A"", ""L"": ""B"", ""P"": ""C""}}}, ""GlobalDockQ"": 0.32381511611750896, ""best_mapping"": {""H"": ""A"", ""L"": ""B"", ""P"": ""C""}, ""best_mapping_str"": ""ABC:HLP""}"
8gye	0	"{""model"": ""/tmp/chai1_dockq/8gye_trunk0.pdb"", ""native"": ""pdb_structures/8gye.pdb"", ""best_dockq"": 0.9252922882387812, ""best_result"": {""EF"": {""DockQ"": 0.9092241659051092, ""F1"": 0.8936170212765957, ""iRMSD"": 0.7065707848237651, ""LRMSD"": 0.9283328893144392, ""fnat"": 0.9210526315789473, ""nat_correct"": 105, ""nat_total"": 114, ""fnonnat"": 0.1322314049586777, ""nonnat_count"": 16, ""model_total"": 121, ""clashes"": 0, ""len1"": 216, ""len2"": 213, ""class1"": ""receptor"", ""class2"": ""ligand"", ""is_het"": false, ""chain1"": ""A"", ""chain2"": ""B"", ""chain_map"": {""E"": ""A"", ""F"": ""B"", ""A"": ""C""}}, ""EA"": {""DockQ"": 0.007813658026671453, ""F1"": 0.0, ""iRMSD"": 14.747022720856718, ""LRMSD"": 73.49059367413385, ""fnat"": 0, ""nat_correct"": 0, ""nat_total"": 42, ""fnonnat"": 1.0, ""nonnat_count"": 46, ""model_total"": 46, ""clashes"": 0, ""len1"": 216, ""len2"": 137, ""class1"": ""receptor"", ""class2"": ""ligand"", ""is_het"": false, ""chain1"": ""A"", ""chain2"": ""C"", ""chain_map"": {""E"": ""A"", ""F"": ""B"", ""A"": ""C""}}, ""FA"": {""DockQ"": 0.008254464307000497, ""F1"": 0.0, ""iRMSD"": 14.160505071701742, ""LRMSD"": 72.20927030558953, ""fnat"": 0, ""nat_correct"": 0, ""nat_total"": 6, ""fnonnat"": 1.0, ""nonnat_count"": 1, ""model_total"": 1, ""clashes"": 0, ""len1"": 213, ""len2"": 137, ""class1"": ""receptor"", ""class2"": ""ligand"", ""is_het"": false, ""chain1"": ""B"", ""chain2"": ""C"", ""chain_map"": {""E"": ""A"", ""F"": ""B"", ""A"": ""C""}}}, ""GlobalDockQ"": 0.3084307627462604, ""best_mapping"": {""E"": ""A"", ""F"": ""B"", ""A"": ""C""}, ""best_mapping_str"": ""ABC:EFA""}"
8gye	1	"{""model"": ""/tmp/chai1_dockq/8gye_trunk1.pdb"", ""native"": ""pdb_structures/8gye.pdb"", ""best_dockq"": 0.9636997249820676, ""best_result"": {""EF"": {""DockQ"": 0.9470750224935843, ""F1"": 0.9152542372881356, ""iRMSD"": 0.5051601845780469, ""LRMSD"": 0.5572762382781581, ""fnat"": 0.9473684210526315, ""nat_correct"": 108, ""nat_total"": 114, ""fnonnat"": 0.11475409836065574, ""nonnat_count"": 14, ""model_total"": 122, ""clashes"": 0, ""len1"": 216, ""len2"": 213, ""class1"": ""receptor"", ""class2"": ""ligand"", ""is_het"": false, ""chain1"": ""A"", ""chain2"": ""B"", ""chain_map"": {""E"": ""A"", ""F"": ""B"", ""A"": ""C""}}, ""EA"": {""DockQ"": 0.008060762393544646, ""F1"": 0.0, ""iRMSD"": 14.77733330127049, ""LRMSD"": 71.37553090487351, ""fnat"": 0, ""nat_correct"": 0, ""nat_total"": 42, ""fnonnat"": 1.0, ""nonnat_count"": 36, ""model_total"": 36, ""clashes"": 0, ""len1"": 216, ""len2"": 137, ""class1"": ""receptor"", ""class2"": ""ligand"", ""is_het"": false, ""chain1"": ""A"", ""chain2"": ""C"", ""chain_map"": {""E"": ""A"", ""F"": ""B"", ""A"": ""C""}}, ""FA"": {""DockQ"": 0.008563940094938596, ""F1"": 0.0, ""iRMSD"": 13.8366962313139, ""LRMSD"": 71.1374627485098, ""fnat"": 0, ""nat_correct"": 0, ""nat_total"": 6, ""fnonnat"": 0, ""nonnat_count"": 0, ""model_total"": 0, ""clashes"": 0, ""len1"": 213, ""len2"": 137, ""class1"": ""receptor"", ""class2"": ""ligand"", ""is_het"": false, ""chain1"": ""B"", ""chain2"": ""C"", ""chain_map"": {""E"": ""A"", ""F"": ""B"", ""A"": ""C""}}}, ""GlobalDockQ"": 0.3212332416606892, ""best_mapping"": {""E"": ""A"", ""F"": ""B"", ""A"": ""C""}, ""best_mapping_str"": ""ABC:EFA""}"
8gye	2	"{""model"": ""/tmp/chai1_dockq/8gye_trunk2.pdb"", ""native"": ""pdb_structures/8gye.pdb"", ""best_dockq"": 0.9203735783259186, ""best_result"": {""EF"": {""DockQ"": 0.9044672384924421, ""F1"": 0.9113924050632911, ""iRMSD"": 0.8064239629702057, ""LRMSD"": 0.843135816491126, ""fnat"": 0.9473684210526315, ""nat_correct"": 108, ""nat_total"": 114, ""fnonnat"": 0.12195121951219512, ""nonnat_count"": 15, ""model_total"": 123, ""clashes"": 0, ""len1"": 216, ""len2"": 213, ""class1"": ""receptor"", ""class2"": ""ligand"", ""is_het"": false, ""chain1"": ""A"", ""chain2"": ""B"", ""chain_map"": {""E"": ""A"", ""F"": ""B"", ""A"": ""C""}}, ""EA"": {""DockQ"": 0.007802029727826942, ""F1"": 0.0, ""iRMSD"": 14.706432318995637, ""LRMSD"": 73.74834682051608, ""fnat"": 0, ""nat_correct"": 0, ""nat_total"": 42, ""fnonnat"": 1.0, ""nonnat_count"": 46, ""model_total"": 46, ""clashes"": 0, ""len1"": 216, ""len2"": 137, ""class1"": ""receptor"", ""class2"": ""ligand"", ""is_het"": false, ""chain1"": ""A"", ""chain2"": ""C"", ""chain_map"": {""E"": ""A"", ""F"": ""B"", ""A"": ""C""}}, ""FA"": {""DockQ"": 0.00810431010564946, ""F1"": 0.0, ""iRMSD"": 14.051318539862228, ""LRMSD"": 73.93296616125625, ""fnat"": 0, ""nat_correct"": 0, ""nat_total"": 6, ""fnonnat"": 1.0, ""nonnat_count"": 9, ""model_total"": 9, ""clashes"": 0, ""len1"": 213, ""len2"": 137, ""class1"": ""receptor"", ""class2"": ""ligand"", ""is_het"": false, ""chain1"": ""B"", ""chain2"": ""C"", ""chain_map"": {""E"": ""A"", ""F"": ""B"", ""A"": ""C""}}}, ""GlobalDockQ"": 0.3067911927753062, ""best_mapping"": {""E"": ""A"", ""F"": ""B"", ""A"": ""C""}, ""best_mapping_str"": ""ABC:EFA""}"
8gye	3	"{""model"": ""/tmp/chai1_dockq/8gye_trunk3.pdb"", ""native"": ""pdb_structures/8gye.pdb"", ""best_dockq"": 0.9394965399953621, ""best_result"": {""EF"": {""DockQ"": 0.9236630051232866, ""F1"": 0.9037656903765691, ""iRMSD"": 0.6689322202566151, ""LRMSD"": 0.8753570196701835, ""fnat"": 0.9473684210526315, ""nat_correct"": 108, ""nat_total"": 114, ""fnonnat"": 0.136, ""nonnat_count"": 17, ""model_total"": 125, ""clashes"": 0, ""len1"": 216, ""len2"": 213, ""class1"": ""receptor"", ""class2"": ""ligand"", ""is_het"": false, ""chain1"": ""A"", ""chain2"": ""B"", ""chain_map"": {""E"": ""A"", ""F"": ""B"", ""A"": ""C""}}, ""EA"": {""DockQ"": 0.007715080650636541, ""F1"": 0.0, ""iRMSD"": 14.706113439117386, ""LRMSD"": 74.50430166878476, ""fnat"": 0, ""nat_correct"": 0, ""nat_total"": 42, ""fnonnat"": 1.0, ""nonnat_count"": 42, ""model_total"": 42, ""clashes"": 0, ""len1"": 216, ""len2"": 137, ""class1"": ""receptor"", ""class2"": ""ligand"", ""is_het"": false, ""chain1"": ""A"", ""chain2"": ""C"", ""chain_map"": {""E"": ""A"", ""F"": ""B"", ""A"": ""C""}}, ""FA"": {""DockQ"": 0.00811845422143897, ""F1"": 0.0, ""iRMSD"": 14.11060257963358, ""LRMSD"": 73.54591411264282, ""fnat"": 0, ""nat_correct"": 0, ""nat_total"": 6, ""fnonnat"": 1.0, ""nonnat_count"": 2, ""model_total"": 2, ""clashes"": 0, ""len1"": 213, ""len2"": 137, ""class1"": ""receptor"", ""class2"": ""ligand"", ""is_het"": false, ""chain1"": ""B"", ""chain2"": ""C"", ""chain_map"": {""E"": ""A"", ""F"": ""B"", ""A"": ""C""}}}, ""GlobalDockQ"": 0.3131655133317874, ""best_mapping"": {""E"": ""A"", ""F"": ""B"", ""A"": ""C""}, ""best_mapping_str"": ""ABC:EFA""}"
8gye	4	"{""model"": ""/tmp/chai1_dockq/8gye_trunk4.pdb"", ""native"": ""pdb_structures/8gye.pdb"", ""best_dockq"": 0.9088610520102001, ""best_result"": {""EF"": {""DockQ"": 0.8928714258923702, ""F1"": 0.8974358974358975, ""iRMSD"": 0.8217345442858568, ""LRMSD"": 0.9209949490562099, ""fnat"": 0.9210526315789473, ""nat_correct"": 105, ""nat_total"": 114, ""fnonnat"": 0.125, ""nonnat_count"": 15, ""model_total"": 120, ""clashes"": 0, ""len1"": 216, ""len2"": 213, ""class1"": ""receptor"", ""class2"": ""ligand"", ""is_het"": false, ""chain1"": ""A"", ""chain2"": ""B"", ""chain_map"": {""E"": ""A"", ""F"": ""B"", ""A"": ""C""}}, ""EA"": {""DockQ"": 0.007813423465329596, ""F1"": 0.0, ""iRMSD"": 14.891316721803932, ""LRMSD"": 72.94708533047553, ""fnat"": 0, ""nat_correct"": 0, ""nat_total"": 42, ""fnonnat"": 1.0, ""nonnat_count"": 42, ""model_total"": 42, ""clashes"": 0, ""len1"": 216, ""len2"": 137, ""class1"": ""receptor"", ""class2"": ""ligand"", ""is_het"": false, ""chain1"": ""A"", ""chain2"": ""C"", ""chain_map"": {""E"": ""A"", ""F"": ""B"", ""A"": ""C""}}, ""FA"": {""DockQ"": 0.008176202652500138, ""F1"": 0.0, ""iRMSD"": 14.258936622051943, ""LRMSD"": 72.43470820369711, ""fnat"": 0, ""nat_correct"": 0, ""nat_total"": 6, ""fnonnat"": 1.0, ""nonnat_count"": 3, ""model_total"": 3, ""clashes"": 0, ""len1"": 213, ""len2"": 137, ""class1"": ""receptor"", ""class2"": ""ligand"", ""is_het"": false, ""chain1"": ""B"", ""chain2"": ""C"", ""chain_map"": {""E"": ""A"", ""F"": ""B"", ""A"": ""C""}}}, ""GlobalDockQ"": 0.3029536840034, ""best_mapping"": {""E"": ""A"", ""F"": ""B"", ""A"": ""C""}, ""best_mapping_str"": ""ABC:EFA""}"
8h5u	0	"{""model"": ""/tmp/chai1_dockq/8h5u_trunk0.pdb"", ""native"": ""pdb_structures/8h5u.pdb"", ""best_dockq"": 0.008259307836915392, ""best_result"": {""DC"": {""DockQ"": 0.008259307836915392, ""F1"": 0.0, ""iRMSD"": 21.0741790823637, ""LRMSD"": 59.9027262450332, ""fnat"": 0, ""nat_correct"": 0, ""nat_total"": 67, ""fnonnat"": 1.0, ""nonnat_count"": 58, ""model_total"": 58, ""clashes"": 0, ""len1"": 113, ""len2"": 199, ""class1"": ""ligand"", ""class2"": ""receptor"", ""is_het"": false, ""chain1"": ""A"", ""chain2"": ""B"", ""chain_map"": {""D"": ""A"", ""C"": ""B""}}}, ""GlobalDockQ"": 0.008259307836915392, ""best_mapping"": {""D"": ""A"", ""C"": ""B""}, ""best_mapping_str"": ""AB:DC""}"
8h5u	1	"{""model"": ""/tmp/chai1_dockq/8h5u_trunk1.pdb"", ""native"": ""pdb_structures/8h5u.pdb"", ""best_dockq"": 0.0096290394792899, ""best_result"": {""BA"": {""DockQ"": 0.0096290394792899, ""F1"": 0.0, ""iRMSD"": 18.025650053512493, ""LRMSD"": 56.65988078621384, ""fnat"": 0, ""nat_correct"": 0, ""nat_total"": 69, ""fnonnat"": 1.0, ""nonnat_count"": 36, ""model_total"": 36, ""clashes"": 0, ""len1"": 113, ""len2"": 195, ""class1"": ""ligand"", ""class2"": ""receptor"", ""is_het"": false, ""chain1"": ""A"", ""chain2"": ""B"", ""chain_map"": {""B"": ""A"", ""A"": ""B""}}}, ""GlobalDockQ"": 0.0096290394792899, ""best_mapping"": {""B"": ""A"", ""A"": ""B""}, ""best_mapping_str"": ""AB:BA""}"
8h5u	2	"{""model"": ""/tmp/chai1_dockq/8h5u_trunk2.pdb"", ""native"": ""pdb_structures/8h5u.pdb"", ""best_dockq"": 0.00824466366885597, ""best_result"": {""DC"": {""DockQ"": 0.00824466366885597, ""F1"": 0.0, ""iRMSD"": 20.88725235459106, ""LRMSD"": 60.11136492058844, ""fnat"": 0, ""nat_correct"": 0, ""nat_total"": 67, ""fnonnat"": 1.0, ""nonnat_count"": 50, ""model_total"": 50, ""clashes"": 0, ""len1"": 113, ""len2"": 199, ""class1"": ""ligand"", ""class2"": ""receptor"", ""is_het"": false, ""chain1"": ""A"", ""chain2"": ""B"", ""chain_map"": {""D"": ""A"", ""C"": ""B""}}}, ""GlobalDockQ"": 0.00824466366885597, ""best_mapping"": {""D"": ""A"", ""C"": ""B""}, ""best_mapping_str"": ""AB:DC""}"
8h5u	3	"{""model"": ""/tmp/chai1_dockq/8h5u_trunk3.pdb"", ""native"": ""pdb_structures/8h5u.pdb"", ""best_dockq"": 0.009444550515363513, ""best_result"": {""BA"": {""DockQ"": 0.009444550515363513, ""F1"": 0.0, ""iRMSD"": 19.464644269104316, ""LRMSD"": 56.11485763109414, ""fnat"": 0, ""nat_correct"": 0, ""nat_total"": 69, ""fnonnat"": 1.0, ""nonnat_count"": 52, ""model_total"": 52, ""clashes"": 0, ""len1"": 113, ""len2"": 195, ""class1"": ""ligand"", ""class2"": ""receptor"", ""is_het"": false, ""chain1"": ""A"", ""chain2"": ""B"", ""chain_map"": {""B"": ""A"", ""A"": ""B""}}}, ""GlobalDockQ"": 0.009444550515363513, ""best_mapping"": {""B"": ""A"", ""A"": ""B""}, ""best_mapping_str"": ""AB:BA""}"
8h5u	4	"{""model"": ""/tmp/chai1_dockq/8h5u_trunk4.pdb"", ""native"": ""pdb_structures/8h5u.pdb"", ""best_dockq"": 0.008262042415669581, ""best_result"": {""DC"": {""DockQ"": 0.008262042415669581, ""F1"": 0.0, ""iRMSD"": 21.017711727879906, ""LRMSD"": 59.9318196691003, ""fnat"": 0, ""nat_correct"": 0, ""nat_total"": 67, ""fnonnat"": 1.0, ""nonnat_count"": 48, ""model_total"": 48, ""clashes"": 0, ""len1"": 113, ""len2"": 199, ""class1"": ""ligand"", ""class2"": ""receptor"", ""is_het"": false, ""chain1"": ""A"", ""chain2"": ""B"", ""chain_map"": {""D"": ""A"", ""C"": ""B""}}}, ""GlobalDockQ"": 0.008262042415669581, ""best_mapping"": {""D"": ""A"", ""C"": ""B""}, ""best_mapping_str"": ""AB:DC""}"
8h63	0	"{""model"": ""/tmp/chai1_dockq/8h63_trunk0.pdb"", ""native"": ""pdb_structures/8h63.pdb"", ""best_dockq"": 0.6512089392317062, ""best_result"": {""AB"": {""DockQ"": 0.6512089392317062, ""F1"": 0.6428571428571429, ""iRMSD"": 1.6995555375642024, ""LRMSD"": 4.566421469385755, ""fnat"": 0.7397260273972602, ""nat_correct"": 54, ""nat_total"": 73, ""fnonnat"": 0.43157894736842106, ""nonnat_count"": 41, ""model_total"": 95, ""clashes"": 0, ""len1"": 462, ""len2"": 119, ""class1"": ""receptor"", ""class2"": ""ligand"", ""is_het"": false, ""chain1"": ""B"", ""chain2"": ""A"", ""chain_map"": {""A"": ""B"", ""B"": ""A""}}}, ""GlobalDockQ"": 0.6512089392317062, ""best_mapping"": {""A"": ""B"", ""B"": ""A""}, ""best_mapping_str"": ""BA:AB""}"
8h63	1	"{""model"": ""/tmp/chai1_dockq/8h63_trunk1.pdb"", ""native"": ""pdb_structures/8h63.pdb"", ""best_dockq"": 0.7716374619955081, ""best_result"": {""AB"": {""DockQ"": 0.7716374619955081, ""F1"": 0.7160493827160493, ""iRMSD"": 1.2083846152195534, ""LRMSD"": 2.6080797737673835, ""fnat"": 0.7945205479452054, ""nat_correct"": 58, ""nat_total"": 73, ""fnonnat"": 0.34831460674157305, ""nonnat_count"": 31, ""model_total"": 89, ""clashes"": 0, ""len1"": 462, ""len2"": 119, ""class1"": ""receptor"", ""class2"": ""ligand"", ""is_het"": false, ""chain1"": ""B"", ""chain2"": ""A"", ""chain_map"": {""A"": ""B"", ""B"": ""A""}}}, ""GlobalDockQ"": 0.7716374619955081, ""best_mapping"": {""A"": ""B"", ""B"": ""A""}, ""best_mapping_str"": ""BA:AB""}"
8h63	3	"{""model"": ""/tmp/chai1_dockq/8h63_trunk3.pdb"", ""native"": ""pdb_structures/8h63.pdb"", ""best_dockq"": 0.7308613037179624, ""best_result"": {""AB"": {""DockQ"": 0.7308613037179624, ""F1"": 0.6666666666666666, ""iRMSD"": 1.4009360768067805, ""LRMSD"": 2.5277591351232918, ""fnat"": 0.7397260273972602, ""nat_correct"": 54, ""nat_total"": 73, ""fnonnat"": 0.39325842696629215, ""nonnat_count"": 35, ""model_total"": 89, ""clashes"": 0, ""len1"": 462, ""len2"": 119, ""class1"": ""receptor"", ""class2"": ""ligand"", ""is_het"": false, ""chain1"": ""B"", ""chain2"": ""A"", ""chain_map"": {""A"": ""B"", ""B"": ""A""}}}, ""GlobalDockQ"": 0.7308613037179624, ""best_mapping"": {""A"": ""B"", ""B"": ""A""}, ""best_mapping_str"": ""BA:AB""}"
8h63	4	"{""model"": ""/tmp/chai1_dockq/8h63_trunk4.pdb"", ""native"": ""pdb_structures/8h63.pdb"", ""best_dockq"": 0.8415589541053091, ""best_result"": {""AB"": {""DockQ"": 0.8415589541053091, ""F1"": 0.8076923076923077, ""iRMSD"": 1.0123658387932015, ""LRMSD"": 1.3717713593455325, ""fnat"": 0.863013698630137, ""nat_correct"": 63, ""nat_total"": 73, ""fnonnat"": 0.24096385542168675, ""nonnat_count"": 20, ""model_total"": 83, ""clashes"": 0, ""len1"": 462, ""len2"": 119, ""class1"": ""receptor"", ""class2"": ""ligand"", ""is_het"": false, ""chain1"": ""B"", ""chain2"": ""A"", ""chain_map"": {""A"": ""B"", ""B"": ""A""}}}, ""GlobalDockQ"": 0.8415589541053091, ""best_mapping"": {""A"": ""B"", ""B"": ""A""}, ""best_mapping_str"": ""BA:AB""}"
8h64	0	"{""model"": ""/tmp/chai1_dockq/8h64_trunk0.pdb"", ""native"": ""pdb_structures/8h64.pdb"", ""best_dockq"": 0.025626653005120997, ""best_result"": {""DC"": {""DockQ"": 0.025626653005120997, ""F1"": 0.0, ""iRMSD"": 13.198124845672748, ""LRMSD"": 32.471629558356064, ""fnat"": 0, ""nat_correct"": 0, ""nat_total"": 79, ""fnonnat"": 1.0, ""nonnat_count"": 89, ""model_total"": 89, ""clashes"": 0, ""len1"": 121, ""len2"": 461, ""class1"": ""ligand"", ""class2"": ""receptor"", ""is_het"": false, ""chain1"": ""A"", ""chain2"": ""B"", ""chain_map"": {""D"": ""A"", ""C"": ""B""}}}, ""GlobalDockQ"": 0.025626653005120997, ""best_mapping"": {""D"": ""A"", ""C"": ""B""}, ""best_mapping_str"": ""AB:DC""}"
8h64	1	"{""model"": ""/tmp/chai1_dockq/8h64_trunk1.pdb"", ""native"": ""pdb_structures/8h64.pdb"", ""best_dockq"": 0.029220177633288394, ""best_result"": {""DC"": {""DockQ"": 0.029220177633288394, ""F1"": 0.0, ""iRMSD"": 12.566998968432884, ""LRMSD"": 30.153337091148604, ""fnat"": 0, ""nat_correct"": 0, ""nat_total"": 79, ""fnonnat"": 1.0, ""nonnat_count"": 82, ""model_total"": 82, ""clashes"": 1, ""len1"": 121, ""len2"": 461, ""class1"": ""ligand"", ""class2"": ""receptor"", ""is_het"": false, ""chain1"": ""A"", ""chain2"": ""B"", ""chain_map"": {""D"": ""A"", ""C"": ""B""}}}, ""GlobalDockQ"": 0.029220177633288394, ""best_mapping"": {""D"": ""A"", ""C"": ""B""}, ""best_mapping_str"": ""AB:DC""}"
8h64	2	"{""model"": ""/tmp/chai1_dockq/8h64_trunk2.pdb"", ""native"": ""pdb_structures/8h64.pdb"", ""best_dockq"": 0.02724887860010003, ""best_result"": {""DC"": {""DockQ"": 0.02724887860010003, ""F1"": 0.0, ""iRMSD"": 13.211109545424096, ""LRMSD"": 31.217946758749655, ""fnat"": 0, ""nat_correct"": 0, ""nat_total"": 79, ""fnonnat"": 1.0, ""nonnat_count"": 103, ""model_total"": 103, ""clashes"": 1, ""len1"": 121, ""len2"": 461, ""class1"": ""ligand"", ""class2"": ""receptor"", ""is_het"": false, ""chain1"": ""A"", ""chain2"": ""B"", ""chain_map"": {""D"": ""A"", ""C"": ""B""}}}, ""GlobalDockQ"": 0.02724887860010003, ""best_mapping"": {""D"": ""A"", ""C"": ""B""}, ""best_mapping_str"": ""AB:DC""}"
8h64	3	"{""model"": ""/tmp/chai1_dockq/8h64_trunk3.pdb"", ""native"": ""pdb_structures/8h64.pdb"", ""best_dockq"": 0.024998458719163032, ""best_result"": {""DC"": {""DockQ"": 0.024998458719163032, ""F1"": 0.0, ""iRMSD"": 13.467033844997129, ""LRMSD"": 32.852789240971205, ""fnat"": 0, ""nat_correct"": 0, ""nat_total"": 79, ""fnonnat"": 1.0, ""nonnat_count"": 101, ""model_total"": 101, ""clashes"": 2, ""len1"": 121, ""len2"": 461, ""class1"": ""ligand"", ""class2"": ""receptor"", ""is_het"": false, ""chain1"": ""A"", ""chain2"": ""B"", ""chain_map"": {""D"": ""A"", ""C"": ""B""}}}, ""GlobalDockQ"": 0.024998458719163032, ""best_mapping"": {""D"": ""A"", ""C"": ""B""}, ""best_mapping_str"": ""AB:DC""}"
8h64	4	"{""model"": ""/tmp/chai1_dockq/8h64_trunk4.pdb"", ""native"": ""pdb_structures/8h64.pdb"", ""best_dockq"": 0.025270555207208587, ""best_result"": {""DC"": {""DockQ"": 0.025270555207208587, ""F1"": 0.0, ""iRMSD"": 13.273418292830085, ""LRMSD"": 32.72477956195604, ""fnat"": 0, ""nat_correct"": 0, ""nat_total"": 79, ""fnonnat"": 1.0, ""nonnat_count"": 120, ""model_total"": 120, ""clashes"": 1, ""len1"": 121, ""len2"": 461, ""class1"": ""ligand"", ""class2"": ""receptor"", ""is_het"": false, ""chain1"": ""A"", ""chain2"": ""B"", ""chain_map"": {""D"": ""A"", ""C"": ""B""}}}, ""GlobalDockQ"": 0.025270555207208587, ""best_mapping"": {""D"": ""A"", ""C"": ""B""}, ""best_mapping_str"": ""AB:DC""}"
8hes	0	"{""model"": ""/tmp/chai1_dockq/8hes_trunk0.pdb"", ""native"": ""pdb_structures/8hes.pdb"", ""best_dockq"": 0.7163046401308863, ""best_result"": {""HC"": {""DockQ"": 0.08251774618047353, ""F1"": 0.11650485436893204, ""iRMSD"": 7.975231425813108, ""LRMSD"": 23.57684148754469, ""fnat"": 0.09836065573770492, ""nat_correct"": 6, ""nat_total"": 61, ""fnonnat"": 0.8571428571428571, ""nonnat_count"": 36, ""model_total"": 42, ""clashes"": 0, ""len1"": 217, ""len2"": 192, ""class1"": ""receptor"", ""class2"": ""ligand"", ""is_het"": false, ""chain1"": ""A"", ""chain2"": ""C"", ""chain_map"": {""H"": ""A"", ""C"": ""C"", ""L"": ""B""}}, ""HL"": {""DockQ"": 0.34417021846852974, ""F1"": 0.7896995708154506, ""iRMSD"": 9.602699985025783, ""LRMSD"": 15.311332893768112, ""fnat"": 0.773109243697479, ""nat_correct"": 92, ""nat_total"": 119, ""fnonnat"": 0.19298245614035087, ""nonnat_count"": 22, ""model_total"": 114, ""clashes"": 0, ""len1"": 217, ""len2"": 212, ""class1"": ""receptor"", ""class2"": ""ligand"", ""is_het"": false, ""chain1"": ""A"", ""chain2"": ""B"", ""chain_map"": {""H"": ""A"", ""C"": ""C"", ""L"": ""B""}}, ""CL"": {""DockQ"": 0.28961667548188313, ""F1"": 0.18181818181818182, ""iRMSD"": 3.3292821575462708, ""LRMSD"": 25.484432130738256, ""fnat"": 0.6, ""nat_correct"": 6, ""nat_total"": 10, ""fnonnat"": 0.8928571428571429, ""nonnat_count"": 50, ""model_total"": 56, ""clashes"": 0, ""len1"": 192, ""len2"": 212, ""class1"": ""ligand"", ""class2"": ""receptor"", ""is_het"": false, ""chain1"": ""C"", ""chain2"": ""B"", ""chain_map"": {""H"": ""A"", ""C"": ""C"", ""L"": ""B""}}}, ""GlobalDockQ"": 0.2387682133769621, ""best_mapping"": {""H"": ""A"", ""C"": ""C"", ""L"": ""B""}, ""best_mapping_str"": ""ACB:HCL""}"
8hes	1	"{""model"": ""/tmp/chai1_dockq/8hes_trunk1.pdb"", ""native"": ""pdb_structures/8hes.pdb"", ""best_dockq"": 0.7707036317716436, ""best_result"": {""HC"": {""DockQ"": 0.10089594923756713, ""F1"": 0.0970873786407767, ""iRMSD"": 7.812576207014683, ""LRMSD"": 17.83076919707911, ""fnat"": 0.08196721311475409, ""nat_correct"": 5, ""nat_total"": 61, ""fnonnat"": 0.8809523809523809, ""nonnat_count"": 37, ""model_total"": 42, ""clashes"": 1, ""len1"": 217, ""len2"": 192, ""class1"": ""receptor"", ""class2"": ""ligand"", ""is_het"": false, ""chain1"": ""A"", ""chain2"": ""C"", ""chain_map"": {""H"": ""A"", ""C"": ""C"", ""L"": ""B""}}, ""HL"": {""DockQ"": 0.3601634720540668, ""F1"": 0.811965811965812, ""iRMSD"": 9.003062820817114, ""LRMSD"": 14.522517077502854, ""fnat"": 0.7983193277310925, ""nat_correct"": 95, ""nat_total"": 119, ""fnonnat"": 0.17391304347826086, ""nonnat_count"": 20, ""model_total"": 115, ""clashes"": 0, ""len1"": 217, ""len2"": 212, ""class1"": ""receptor"", ""class2"": ""ligand"", ""is_het"": false, ""chain1"": ""A"", ""chain2"": ""B"", ""chain_map"": {""H"": ""A"", ""C"": ""C"", ""L"": ""B""}}, ""CL"": {""DockQ"": 0.3096442104800097, ""F1"": 0.19047619047619047, ""iRMSD"": 3.0829042116873353, ""LRMSD"": 21.287408132871935, ""fnat"": 0.6, ""nat_correct"": 6, ""nat_total"": 10, ""fnonnat"": 0.8867924528301887, ""nonnat_count"": 47, ""model_total"": 53, ""clashes"": 1, ""len1"": 192, ""len2"": 212, ""class1"": ""ligand"", ""class2"": ""receptor"", ""is_het"": false, ""chain1"": ""C"", ""chain2"": ""B"", ""chain_map"": {""H"": ""A"", ""C"": ""C"", ""L"": ""B""}}}, ""GlobalDockQ"": 0.2569012105905479, ""best_mapping"": {""H"": ""A"", ""C"": ""C"", ""L"": ""B""}, ""best_mapping_str"": ""ACB:HCL""}"
8hes	2	"{""model"": ""/tmp/chai1_dockq/8hes_trunk2.pdb"", ""native"": ""pdb_structures/8hes.pdb"", ""best_dockq"": 0.4468382210389168, ""best_result"": {""HC"": {""DockQ"": 0.03480321635591405, ""F1"": 0.03773584905660377, ""iRMSD"": 10.30740275197769, ""LRMSD"": 36.71029656681402, ""fnat"": 0.03278688524590164, ""nat_correct"": 2, ""nat_total"": 61, ""fnonnat"": 0.9555555555555556, ""nonnat_count"": 43, ""model_total"": 45, ""clashes"": 0, ""len1"": 217, ""len2"": 192, ""class1"": ""receptor"", ""class2"": ""ligand"", ""is_het"": false, ""chain1"": ""A"", ""chain2"": ""C"", ""chain_map"": {""H"": ""A"", ""C"": ""C"", ""L"": ""B""}}, ""HL"": {""DockQ"": 0.38283765353060484, ""F1"": 0.8189655172413793, ""iRMSD"": 7.868808845138451, ""LRMSD"": 12.530794725120247, ""fnat"": 0.7983193277310925, ""nat_correct"": 95, ""nat_total"": 119, ""fnonnat"": 0.1592920353982301, ""nonnat_count"": 18, ""model_total"": 113, ""clashes"": 1, ""len1"": 217, ""len2"": 212, ""class1"": ""receptor"", ""class2"": ""ligand"", ""is_het"": false, ""chain1"": ""A"", ""chain2"": ""B"", ""chain_map"": {""H"": ""A"", ""C"": ""C"", ""L"": ""B""}}, ""CL"": {""DockQ"": 0.029197351152397882, ""F1"": 0.0, ""iRMSD"": 11.229966620807815, ""LRMSD"": 30.96703218121863, ""fnat"": 0, ""nat_correct"": 0, ""nat_total"": 10, ""fnonnat"": 1.0, ""nonnat_count"": 9, ""model_total"": 9, ""clashes"": 0, ""len1"": 192, ""len2"": 212, ""class1"": ""ligand"", ""class2"": ""receptor"", ""is_het"": false, ""chain1"": ""C"", ""chain2"": ""B"", ""chain_map"": {""H"": ""A"", ""C"": ""C"", ""L"": ""B""}}}, ""GlobalDockQ"": 0.14894607367963894, ""best_mapping"": {""H"": ""A"", ""C"": ""C"", ""L"": ""B""}, ""best_mapping_str"": ""ACB:HCL""}"
8hes	3	"{""model"": ""/tmp/chai1_dockq/8hes_trunk3.pdb"", ""native"": ""pdb_structures/8hes.pdb"", ""best_dockq"": 1.1955887166654713, ""best_result"": {""HC"": {""DockQ"": 0.2618573717262627, ""F1"": 0.36666666666666664, ""iRMSD"": 3.381579526607492, ""LRMSD"": 14.321217021550678, ""fnat"": 0.36065573770491804, ""nat_correct"": 22, ""nat_total"": 61, ""fnonnat"": 0.6271186440677966, ""nonnat_count"": 37, ""model_total"": 59, ""clashes"": 1, ""len1"": 217, ""len2"": 192, ""class1"": ""receptor"", ""class2"": ""ligand"", ""is_het"": false, ""chain1"": ""A"", ""chain2"": ""C"", ""chain_map"": {""H"": ""A"", ""C"": ""C"", ""L"": ""B""}}, ""HL"": {""DockQ"": 0.3555102388420696, ""F1"": 0.7631578947368421, ""iRMSD"": 8.209616976895022, ""LRMSD"": 12.887758355854611, ""fnat"": 0.7310924369747899, ""nat_correct"": 87, ""nat_total"": 119, ""fnonnat"": 0.2018348623853211, ""nonnat_count"": 22, ""model_total"": 109, ""clashes"": 0, ""len1"": 217, ""len2"": 212, ""class1"": ""receptor"", ""class2"": ""ligand"", ""is_het"": false, ""chain1"": ""A"", ""chain2"": ""B"", ""chain_map"": {""H"": ""A"", ""C"": ""C"", ""L"": ""B""}}, ""CL"": {""DockQ"": 0.5782211060971391, ""F1"": 0.5925925925925926, ""iRMSD"": 1.5122390874381932, ""LRMSD"": 9.614116377699945, ""fnat"": 0.8, ""nat_correct"": 8, ""nat_total"": 10, ""fnonnat"": 0.5294117647058824, ""nonnat_count"": 9, ""model_total"": 17, ""clashes"": 0, ""len1"": 192, ""len2"": 212, ""class1"": ""ligand"", ""class2"": ""receptor"", ""is_het"": false, ""chain1"": ""C"", ""chain2"": ""B"", ""chain_map"": {""H"": ""A"", ""C"": ""C"", ""L"": ""B""}}}, ""GlobalDockQ"": 0.3985295722218238, ""best_mapping"": {""H"": ""A"", ""C"": ""C"", ""L"": ""B""}, ""best_mapping_str"": ""ACB:HCL""}"
8hes	4	"{""model"": ""/tmp/chai1_dockq/8hes_trunk4.pdb"", ""native"": ""pdb_structures/8hes.pdb"", ""best_dockq"": 0.8085159783230123, ""best_result"": {""HC"": {""DockQ"": 0.10243203334125517, ""F1"": 0.05825242718446602, ""iRMSD"": 7.874424680801903, ""LRMSD"": 15.861776777032706, ""fnat"": 0.04918032786885246, ""nat_correct"": 3, ""nat_total"": 61, ""fnonnat"": 0.9285714285714286, ""nonnat_count"": 39, ""model_total"": 42, ""clashes"": 1, ""len1"": 217, ""len2"": 192, ""class1"": ""receptor"", ""class2"": ""ligand"", ""is_het"": false, ""chain1"": ""A"", ""chain2"": ""C"", ""chain_map"": {""H"": ""A"", ""C"": ""C"", ""L"": ""B""}}, ""HL"": {""DockQ"": 0.34992820828330035, ""F1"": 0.7787610619469026, ""iRMSD"": 8.38493762286643, ""LRMSD"": 13.654744827676652, ""fnat"": 0.7394957983193278, ""nat_correct"": 88, ""nat_total"": 119, ""fnonnat"": 0.17757009345794392, ""nonnat_count"": 19, ""model_total"": 107, ""clashes"": 0, ""len1"": 217, ""len2"": 212, ""class1"": ""receptor"", ""class2"": ""ligand"", ""is_het"": false, ""chain1"": ""A"", ""chain2"": ""B"", ""chain_map"": {""H"": ""A"", ""C"": ""C"", ""L"": ""B""}}, ""CL"": {""DockQ"": 0.3561557366984567, ""F1"": 0.22950819672131148, ""iRMSD"": 2.77163039200239, ""LRMSD"": 20.90025802526038, ""fnat"": 0.7, ""nat_correct"": 7, ""nat_total"": 10, ""fnonnat"": 0.8627450980392157, ""nonnat_count"": 44, ""model_total"": 51, ""clashes"": 2, ""len1"": 192, ""len2"": 212, ""class1"": ""ligand"", ""class2"": ""receptor"", ""is_het"": false, ""chain1"": ""C"", ""chain2"": ""B"", ""chain_map"": {""H"": ""A"", ""C"": ""C"", ""L"": ""B""}}}, ""GlobalDockQ"": 0.26950532610767075, ""best_mapping"": {""H"": ""A"", ""C"": ""C"", ""L"": ""B""}, ""best_mapping_str"": ""ACB:HCL""}"
8hr2	0	"{""model"": ""/tmp/chai1_dockq/8hr2_trunk0.pdb"", ""native"": ""pdb_structures/8hr2.pdb"", ""best_dockq"": 0.00990924109692629, ""best_result"": {""BA"": {""DockQ"": 0.00990924109692629, ""F1"": 0.0, ""iRMSD"": 14.778824537312511, ""LRMSD"": 60.22422828164044, ""fnat"": 0, ""nat_correct"": 0, ""nat_total"": 47, ""fnonnat"": 1.0, ""nonnat_count"": 64, ""model_total"": 64, ""clashes"": 0, ""len1"": 128, ""len2"": 186, ""class1"": ""ligand"", ""class2"": ""receptor"", ""is_het"": false, ""chain1"": ""A"", ""chain2"": ""B"", ""chain_map"": {""B"": ""A"", ""A"": ""B""}}}, ""GlobalDockQ"": 0.00990924109692629, ""best_mapping"": {""B"": ""A"", ""A"": ""B""}, ""best_mapping_str"": ""AB:BA""}"
8hr2	1	"{""model"": ""/tmp/chai1_dockq/8hr2_trunk1.pdb"", ""native"": ""pdb_structures/8hr2.pdb"", ""best_dockq"": 0.05315500712121329, ""best_result"": {""BA"": {""DockQ"": 0.05315500712121329, ""F1"": 0.057692307692307696, ""iRMSD"": 12.936642180876655, ""LRMSD"": 28.370719519584977, ""fnat"": 0.06382978723404255, ""nat_correct"": 3, ""nat_total"": 47, ""fnonnat"": 0.9473684210526315, ""nonnat_count"": 54, ""model_total"": 57, ""clashes"": 1, ""len1"": 128, ""len2"": 186, ""class1"": ""ligand"", ""class2"": ""receptor"", ""is_het"": false, ""chain1"": ""A"", ""chain2"": ""B"", ""chain_map"": {""B"": ""A"", ""A"": ""B""}}}, ""GlobalDockQ"": 0.05315500712121329, ""best_mapping"": {""B"": ""A"", ""A"": ""B""}, ""best_mapping_str"": ""AB:BA""}"
8hr2	2	"{""model"": ""/tmp/chai1_dockq/8hr2_trunk2.pdb"", ""native"": ""pdb_structures/8hr2.pdb"", ""best_dockq"": 0.009990692833644857, ""best_result"": {""BA"": {""DockQ"": 0.009990692833644857, ""F1"": 0.0, ""iRMSD"": 14.784652637014645, ""LRMSD"": 59.83125889546053, ""fnat"": 0, ""nat_correct"": 0, ""nat_total"": 47, ""fnonnat"": 1.0, ""nonnat_count"": 59, ""model_total"": 59, ""clashes"": 0, ""len1"": 128, ""len2"": 186, ""class1"": ""ligand"", ""class2"": ""receptor"", ""is_het"": false, ""chain1"": ""A"", ""chain2"": ""B"", ""chain_map"": {""B"": ""A"", ""A"": ""B""}}}, ""GlobalDockQ"": 0.009990692833644857, ""best_mapping"": {""B"": ""A"", ""A"": ""B""}, ""best_mapping_str"": ""AB:BA""}"
8hr2	3	"{""model"": ""/tmp/chai1_dockq/8hr2_trunk3.pdb"", ""native"": ""pdb_structures/8hr2.pdb"", ""best_dockq"": 0.010081056398527898, ""best_result"": {""BA"": {""DockQ"": 0.010081056398527898, ""F1"": 0.0, ""iRMSD"": 14.833956111468762, ""LRMSD"": 59.31634882025126, ""fnat"": 0, ""nat_correct"": 0, ""nat_total"": 47, ""fnonnat"": 1.0, ""nonnat_count"": 50, ""model_total"": 50, ""clashes"": 0, ""len1"": 128, ""len2"": 186, ""class1"": ""ligand"", ""class2"": ""receptor"", ""is_het"": false, ""chain1"": ""A"", ""chain2"": ""B"", ""chain_map"": {""B"": ""A"", ""A"": ""B""}}}, ""GlobalDockQ"": 0.010081056398527898, ""best_mapping"": {""B"": ""A"", ""A"": ""B""}, ""best_mapping_str"": ""AB:BA""}"
8hr2	4	"{""model"": ""/tmp/chai1_dockq/8hr2_trunk4.pdb"", ""native"": ""pdb_structures/8hr2.pdb"", ""best_dockq"": 0.009933519927473036, ""best_result"": {""BA"": {""DockQ"": 0.009933519927473036, ""F1"": 0.0, ""iRMSD"": 14.84528747821284, ""LRMSD"": 59.96948229018109, ""fnat"": 0, ""nat_correct"": 0, ""nat_total"": 47, ""fnonnat"": 1.0, ""nonnat_count"": 63, ""model_total"": 63, ""clashes"": 0, ""len1"": 128, ""len2"": 186, ""class1"": ""ligand"", ""class2"": ""receptor"", ""is_het"": false, ""chain1"": ""A"", ""chain2"": ""B"", ""chain_map"": {""B"": ""A"", ""A"": ""B""}}}, ""GlobalDockQ"": 0.009933519927473036, ""best_mapping"": {""B"": ""A"", ""A"": ""B""}, ""best_mapping_str"": ""AB:BA""}"
8idi	0	"{""model"": ""/tmp/chai1_dockq/8idi_trunk0.pdb"", ""native"": ""pdb_structures/8idi.pdb"", ""best_dockq"": 0.021598641471216984, ""best_result"": {""CB"": {""DockQ"": 0.021598641471216984, ""F1"": 0.0, ""iRMSD"": 9.012043380870109, ""LRMSD"": 42.86197171370032, ""fnat"": 0, ""nat_correct"": 0, ""nat_total"": 54, ""fnonnat"": 1.0, ""nonnat_count"": 49, ""model_total"": 49, ""clashes"": 0, ""len1"": 131, ""len2"": 208, ""class1"": ""ligand"", ""class2"": ""receptor"", ""is_het"": false, ""chain1"": ""A"", ""chain2"": ""B"", ""chain_map"": {""C"": ""A"", ""B"": ""B""}}}, ""GlobalDockQ"": 0.021598641471216984, ""best_mapping"": {""C"": ""A"", ""B"": ""B""}, ""best_mapping_str"": ""AB:CB""}"
8idi	1	"{""model"": ""/tmp/chai1_dockq/8idi_trunk1.pdb"", ""native"": ""pdb_structures/8idi.pdb"", ""best_dockq"": 0.018536054850716115, ""best_result"": {""CB"": {""DockQ"": 0.018536054850716115, ""F1"": 0.0, ""iRMSD"": 10.005617982831167, ""LRMSD"": 45.56636118410244, ""fnat"": 0, ""nat_correct"": 0, ""nat_total"": 54, ""fnonnat"": 1.0, ""nonnat_count"": 41, ""model_total"": 41, ""clashes"": 0, ""len1"": 131, ""len2"": 208, ""class1"": ""ligand"", ""class2"": ""receptor"", ""is_het"": false, ""chain1"": ""A"", ""chain2"": ""B"", ""chain_map"": {""C"": ""A"", ""B"": ""B""}}}, ""GlobalDockQ"": 0.018536054850716115, ""best_mapping"": {""C"": ""A"", ""B"": ""B""}, ""best_mapping_str"": ""AB:CB""}"
8idi	2	"{""model"": ""/tmp/chai1_dockq/8idi_trunk2.pdb"", ""native"": ""pdb_structures/8idi.pdb"", ""best_dockq"": 0.0074532317889444595, ""best_result"": {""AD"": {""DockQ"": 0.0074532317889444595, ""F1"": 0.0, ""iRMSD"": 18.79153052817535, ""LRMSD"": 66.5988250228808, ""fnat"": 0, ""nat_correct"": 0, ""nat_total"": 51, ""fnonnat"": 1.0, ""nonnat_count"": 36, ""model_total"": 36, ""clashes"": 1, ""len1"": 129, ""len2"": 208, ""class1"": ""ligand"", ""class2"": ""receptor"", ""is_het"": false, ""chain1"": ""A"", ""chain2"": ""B"", ""chain_map"": {""A"": ""A"", ""D"": ""B""}}}, ""GlobalDockQ"": 0.0074532317889444595, ""best_mapping"": {""A"": ""A"", ""D"": ""B""}, ""best_mapping_str"": ""AB:AD""}"
8idi	3	"{""model"": ""/tmp/chai1_dockq/8idi_trunk3.pdb"", ""native"": ""pdb_structures/8idi.pdb"", ""best_dockq"": 0.017947497371767197, ""best_result"": {""CB"": {""DockQ"": 0.017947497371767197, ""F1"": 0.0, ""iRMSD"": 10.289047444615246, ""LRMSD"": 45.98993869313224, ""fnat"": 0, ""nat_correct"": 0, ""nat_total"": 54, ""fnonnat"": 1.0, ""nonnat_count"": 56, ""model_total"": 56, ""clashes"": 0, ""len1"": 131, ""len2"": 208, ""class1"": ""ligand"", ""class2"": ""receptor"", ""is_het"": false, ""chain1"": ""A"", ""chain2"": ""B"", ""chain_map"": {""C"": ""A"", ""B"": ""B""}}}, ""GlobalDockQ"": 0.017947497371767197, ""best_mapping"": {""C"": ""A"", ""B"": ""B""}, ""best_mapping_str"": ""AB:CB""}"
8idi	4	"{""model"": ""/tmp/chai1_dockq/8idi_trunk4.pdb"", ""native"": ""pdb_structures/8idi.pdb"", ""best_dockq"": 0.017284391970440547, ""best_result"": {""CB"": {""DockQ"": 0.017284391970440547, ""F1"": 0.0, ""iRMSD"": 10.174600100534423, ""LRMSD"": 47.85728858023549, ""fnat"": 0, ""nat_correct"": 0, ""nat_total"": 54, ""fnonnat"": 1.0, ""nonnat_count"": 45, ""model_total"": 45, ""clashes"": 0, ""len1"": 131, ""len2"": 208, ""class1"": ""ligand"", ""class2"": ""receptor"", ""is_het"": false, ""chain1"": ""A"", ""chain2"": ""B"", ""chain_map"": {""C"": ""A"", ""B"": ""B""}}}, ""GlobalDockQ"": 0.017284391970440547, ""best_mapping"": {""C"": ""A"", ""B"": ""B""}, ""best_mapping_str"": ""AB:CB""}"
8ido	0	"{""model"": ""/tmp/chai1_dockq/8ido_trunk0.pdb"", ""native"": ""pdb_structures/8ido.pdb"", ""best_dockq"": 0.007138213401652906, ""best_result"": {""CA"": {""DockQ"": 0.007138213401652906, ""F1"": 0.0, ""iRMSD"": 18.53079386436644, ""LRMSD"": 69.10225884241429, ""fnat"": 0, ""nat_correct"": 0, ""nat_total"": 50, ""fnonnat"": 1.0, ""nonnat_count"": 45, ""model_total"": 45, ""clashes"": 0, ""len1"": 128, ""len2"": 208, ""class1"": ""ligand"", ""class2"": ""receptor"", ""is_het"": false, ""chain1"": ""A"", ""chain2"": ""B"", ""chain_map"": {""C"": ""A"", ""A"": ""B""}}}, ""GlobalDockQ"": 0.007138213401652906, ""best_mapping"": {""C"": ""A"", ""A"": ""B""}, ""best_mapping_str"": ""AB:CA""}"
8ido	1	"{""model"": ""/tmp/chai1_dockq/8ido_trunk1.pdb"", ""native"": ""pdb_structures/8ido.pdb"", ""best_dockq"": 0.006557479921843981, ""best_result"": {""CA"": {""DockQ"": 0.006557479921843981, ""F1"": 0.0, ""iRMSD"": 20.56532070329909, ""LRMSD"": 70.36961005322517, ""fnat"": 0, ""nat_correct"": 0, ""nat_total"": 50, ""fnonnat"": 1.0, ""nonnat_count"": 49, ""model_total"": 49, ""clashes"": 0, ""len1"": 128, ""len2"": 208, ""class1"": ""ligand"", ""class2"": ""receptor"", ""is_het"": false, ""chain1"": ""A"", ""chain2"": ""B"", ""chain_map"": {""C"": ""A"", ""A"": ""B""}}}, ""GlobalDockQ"": 0.006557479921843981, ""best_mapping"": {""C"": ""A"", ""A"": ""B""}, ""best_mapping_str"": ""AB:CA""}"
8ido	2	"{""model"": ""/tmp/chai1_dockq/8ido_trunk2.pdb"", ""native"": ""pdb_structures/8ido.pdb"", ""best_dockq"": 0.006932756610873452, ""best_result"": {""CA"": {""DockQ"": 0.006932756610873452, ""F1"": 0.0, ""iRMSD"": 18.94803545973646, ""LRMSD"": 69.90307773696098, ""fnat"": 0, ""nat_correct"": 0, ""nat_total"": 50, ""fnonnat"": 1.0, ""nonnat_count"": 52, ""model_total"": 52, ""clashes"": 1, ""len1"": 128, ""len2"": 208, ""class1"": ""ligand"", ""class2"": ""receptor"", ""is_het"": false, ""chain1"": ""A"", ""chain2"": ""B"", ""chain_map"": {""C"": ""A"", ""A"": ""B""}}}, ""GlobalDockQ"": 0.006932756610873452, ""best_mapping"": {""C"": ""A"", ""A"": ""B""}, ""best_mapping_str"": ""AB:CA""}"
8ido	3	"{""model"": ""/tmp/chai1_dockq/8ido_trunk3.pdb"", ""native"": ""pdb_structures/8ido.pdb"", ""best_dockq"": 0.006609088331917014, ""best_result"": {""CA"": {""DockQ"": 0.006609088331917014, ""F1"": 0.0, ""iRMSD"": 18.884819321333698, ""LRMSD"": 72.50349996603073, ""fnat"": 0, ""nat_correct"": 0, ""nat_total"": 50, ""fnonnat"": 1.0, ""nonnat_count"": 38, ""model_total"": 38, ""clashes"": 0, ""len1"": 128, ""len2"": 208, ""class1"": ""ligand"", ""class2"": ""receptor"", ""is_het"": false, ""chain1"": ""A"", ""chain2"": ""B"", ""chain_map"": {""C"": ""A"", ""A"": ""B""}}}, ""GlobalDockQ"": 0.006609088331917014, ""best_mapping"": {""C"": ""A"", ""A"": ""B""}, ""best_mapping_str"": ""AB:CA""}"
8ido	4	"{""model"": ""/tmp/chai1_dockq/8ido_trunk4.pdb"", ""native"": ""pdb_structures/8ido.pdb"", ""best_dockq"": 0.006617701548281529, ""best_result"": {""CA"": {""DockQ"": 0.006617701548281529, ""F1"": 0.0, ""iRMSD"": 19.70462165580638, ""LRMSD"": 71.09797914103785, ""fnat"": 0, ""nat_correct"": 0, ""nat_total"": 50, ""fnonnat"": 1.0, ""nonnat_count"": 36, ""model_total"": 36, ""clashes"": 0, ""len1"": 128, ""len2"": 208, ""class1"": ""ligand"", ""class2"": ""receptor"", ""is_het"": false, ""chain1"": ""A"", ""chain2"": ""B"", ""chain_map"": {""C"": ""A"", ""A"": ""B""}}}, ""GlobalDockQ"": 0.006617701548281529, ""best_mapping"": {""C"": ""A"", ""A"": ""B""}, ""best_mapping_str"": ""AB:CA""}"
8im0	0	"{""model"": ""/tmp/chai1_dockq/8im0_trunk0.pdb"", ""native"": ""pdb_structures/8im0.pdb"", ""best_dockq"": 0.7933782462678928, ""best_result"": {""AB"": {""DockQ"": 0.7933782462678928, ""F1"": 0.8073394495412844, ""iRMSD"": 0.8347540008070835, ""LRMSD"": 3.834785065259791, ""fnat"": 0.7857142857142857, ""nat_correct"": 44, ""nat_total"": 56, ""fnonnat"": 0.16981132075471697, ""nonnat_count"": 9, ""model_total"": 53, ""clashes"": 0, ""len1"": 214, ""len2"": 124, ""class1"": ""receptor"", ""class2"": ""ligand"", ""is_het"": false, ""chain1"": ""B"", ""chain2"": ""A"", ""chain_map"": {""A"": ""B"", ""B"": ""A""}}}, ""GlobalDockQ"": 0.7933782462678928, ""best_mapping"": {""A"": ""B"", ""B"": ""A""}, ""best_mapping_str"": ""BA:AB""}"
8im0	1	"{""model"": ""/tmp/chai1_dockq/8im0_trunk1.pdb"", ""native"": ""pdb_structures/8im0.pdb"", ""best_dockq"": 0.8172841995501088, ""best_result"": {""AB"": {""DockQ"": 0.8172841995501088, ""F1"": 0.8333333333333334, ""iRMSD"": 0.8082088223811639, ""LRMSD"": 3.2379876390390065, ""fnat"": 0.8035714285714286, ""nat_correct"": 45, ""nat_total"": 56, ""fnonnat"": 0.1346153846153846, ""nonnat_count"": 7, ""model_total"": 52, ""clashes"": 0, ""len1"": 214, ""len2"": 124, ""class1"": ""receptor"", ""class2"": ""ligand"", ""is_het"": false, ""chain1"": ""B"", ""chain2"": ""A"", ""chain_map"": {""A"": ""B"", ""B"": ""A""}}}, ""GlobalDockQ"": 0.8172841995501088, ""best_mapping"": {""A"": ""B"", ""B"": ""A""}, ""best_mapping_str"": ""BA:AB""}"
8im0	2	"{""model"": ""/tmp/chai1_dockq/8im0_trunk2.pdb"", ""native"": ""pdb_structures/8im0.pdb"", ""best_dockq"": 0.7763405344267054, ""best_result"": {""AB"": {""DockQ"": 0.7763405344267054, ""F1"": 0.7927927927927928, ""iRMSD"": 1.0210383314117375, ""LRMSD"": 3.430377192053139, ""fnat"": 0.7857142857142857, ""nat_correct"": 44, ""nat_total"": 56, ""fnonnat"": 0.2, ""nonnat_count"": 11, ""model_total"": 55, ""clashes"": 1, ""len1"": 214, ""len2"": 124, ""class1"": ""receptor"", ""class2"": ""ligand"", ""is_het"": false, ""chain1"": ""B"", ""chain2"": ""A"", ""chain_map"": {""A"": ""B"", ""B"": ""A""}}}, ""GlobalDockQ"": 0.7763405344267054, ""best_mapping"": {""A"": ""B"", ""B"": ""A""}, ""best_mapping_str"": ""BA:AB""}"
8im0	3	"{""model"": ""/tmp/chai1_dockq/8im0_trunk3.pdb"", ""native"": ""pdb_structures/8im0.pdb"", ""best_dockq"": 0.8559104502443392, ""best_result"": {""AB"": {""DockQ"": 0.8559104502443392, ""F1"": 0.8648648648648649, ""iRMSD"": 0.7669121217035427, ""LRMSD"": 2.5434547467631625, ""fnat"": 0.8571428571428571, ""nat_correct"": 48, ""nat_total"": 56, ""fnonnat"": 0.12727272727272726, ""nonnat_count"": 7, ""model_total"": 55, ""clashes"": 0, ""len1"": 214, ""len2"": 124, ""class1"": ""receptor"", ""class2"": ""ligand"", ""is_het"": false, ""chain1"": ""B"", ""chain2"": ""A"", ""chain_map"": {""A"": ""B"", ""B"": ""A""}}}, ""GlobalDockQ"": 0.8559104502443392, ""best_mapping"": {""A"": ""B"", ""B"": ""A""}, ""best_mapping_str"": ""BA:AB""}"
8im0	4	"{""model"": ""/tmp/chai1_dockq/8im0_trunk4.pdb"", ""native"": ""pdb_structures/8im0.pdb"", ""best_dockq"": 0.7533956953569683, ""best_result"": {""AB"": {""DockQ"": 0.7533956953569683, ""F1"": 0.7387387387387387, ""iRMSD"": 1.0802888499611627, ""LRMSD"": 3.291871966471677, ""fnat"": 0.7321428571428571, ""nat_correct"": 41, ""nat_total"": 56, ""fnonnat"": 0.2545454545454545, ""nonnat_count"": 14, ""model_total"": 55, ""clashes"": 0, ""len1"": 214, ""len2"": 124, ""class1"": ""receptor"", ""class2"": ""ligand"", ""is_het"": false, ""chain1"": ""B"", ""chain2"": ""A"", ""chain_map"": {""A"": ""B"", ""B"": ""A""}}}, ""GlobalDockQ"": 0.7533956953569683, ""best_mapping"": {""A"": ""B"", ""B"": ""A""}, ""best_mapping_str"": ""BA:AB""}"
8im1	0	"{""model"": ""/tmp/chai1_dockq/8im1_trunk0.pdb"", ""native"": ""pdb_structures/8im1.pdb"", ""best_dockq"": 0.012961018626282484, ""best_result"": {""BG"": {""DockQ"": 0.012961018626282484, ""F1"": 0.0, ""iRMSD"": 19.18788798133435, ""LRMSD"": 46.15076209166936, ""fnat"": 0, ""nat_correct"": 0, ""nat_total"": 9, ""fnonnat"": 1.0, ""nonnat_count"": 45, ""model_total"": 45, ""clashes"": 1, ""len1"": 126, ""len2"": 214, ""class1"": ""ligand"", ""class2"": ""receptor"", ""is_het"": false, ""chain1"": ""A"", ""chain2"": ""B"", ""chain_map"": {""B"": ""A"", ""G"": ""B""}}}, ""GlobalDockQ"": 0.012961018626282484, ""best_mapping"": {""B"": ""A"", ""G"": ""B""}, ""best_mapping_str"": ""AB:BG""}"
8im1	1	"{""model"": ""/tmp/chai1_dockq/8im1_trunk1.pdb"", ""native"": ""pdb_structures/8im1.pdb"", ""best_dockq"": 0.020529238113911562, ""best_result"": {""BG"": {""DockQ"": 0.020529238113911562, ""F1"": 0.0, ""iRMSD"": 16.41415254771346, ""LRMSD"": 35.8209254888394, ""fnat"": 0, ""nat_correct"": 0, ""nat_total"": 9, ""fnonnat"": 1.0, ""nonnat_count"": 47, ""model_total"": 47, ""clashes"": 2, ""len1"": 126, ""len2"": 214, ""class1"": ""ligand"", ""class2"": ""receptor"", ""is_het"": false, ""chain1"": ""A"", ""chain2"": ""B"", ""chain_map"": {""B"": ""A"", ""G"": ""B""}}}, ""GlobalDockQ"": 0.020529238113911562, ""best_mapping"": {""B"": ""A"", ""G"": ""B""}, ""best_mapping_str"": ""AB:BG""}"
8im1	2	"{""model"": ""/tmp/chai1_dockq/8im1_trunk2.pdb"", ""native"": ""pdb_structures/8im1.pdb"", ""best_dockq"": 0.013266684025042427, ""best_result"": {""BC"": {""DockQ"": 0.013266684025042427, ""F1"": 0.0, ""iRMSD"": 18.078970239310152, ""LRMSD"": 46.03898027338459, ""fnat"": 0, ""nat_correct"": 0, ""nat_total"": 1, ""fnonnat"": 1.0, ""nonnat_count"": 25, ""model_total"": 25, ""clashes"": 1, ""len1"": 126, ""len2"": 214, ""class1"": ""ligand"", ""class2"": ""receptor"", ""is_het"": false, ""chain1"": ""A"", ""chain2"": ""B"", ""chain_map"": {""B"": ""A"", ""C"": ""B""}}}, ""GlobalDockQ"": 0.013266684025042427, ""best_mapping"": {""B"": ""A"", ""C"": ""B""}, ""best_mapping_str"": ""AB:BC""}"
8im1	3	"{""model"": ""/tmp/chai1_dockq/8im1_trunk3.pdb"", ""native"": ""pdb_structures/8im1.pdb"", ""best_dockq"": 0.013845178702954942, ""best_result"": {""BC"": {""DockQ"": 0.013845178702954942, ""F1"": 0.0, ""iRMSD"": 17.89514703585572, ""LRMSD"": 44.926697593101856, ""fnat"": 0, ""nat_correct"": 0, ""nat_total"": 1, ""fnonnat"": 1.0, ""nonnat_count"": 27, ""model_total"": 27, ""clashes"": 0, ""len1"": 126, ""len2"": 214, ""class1"": ""ligand"", ""class2"": ""receptor"", ""is_het"": false, ""chain1"": ""A"", ""chain2"": ""B"", ""chain_map"": {""B"": ""A"", ""C"": ""B""}}}, ""GlobalDockQ"": 0.013845178702954942, ""best_mapping"": {""B"": ""A"", ""C"": ""B""}, ""best_mapping_str"": ""AB:BC""}"
8im1	4	"{""model"": ""/tmp/chai1_dockq/8im1_trunk4.pdb"", ""native"": ""pdb_structures/8im1.pdb"", ""best_dockq"": 0.012663334756239037, ""best_result"": {""BC"": {""DockQ"": 0.012663334756239037, ""F1"": 0.0, ""iRMSD"": 18.09927423170175, ""LRMSD"": 47.38991443287651, ""fnat"": 0, ""nat_correct"": 0, ""nat_total"": 1, ""fnonnat"": 1.0, ""nonnat_count"": 38, ""model_total"": 38, ""clashes"": 2, ""len1"": 126, ""len2"": 214, ""class1"": ""ligand"", ""class2"": ""receptor"", ""is_het"": false, ""chain1"": ""A"", ""chain2"": ""B"", ""chain_map"": {""B"": ""A"", ""C"": ""B""}}}, ""GlobalDockQ"": 0.012663334756239037, ""best_mapping"": {""B"": ""A"", ""C"": ""B""}, ""best_mapping_str"": ""AB:BC""}"
8ipc	0	"{""model"": ""/tmp/chai1_dockq/8ipc_trunk0.pdb"", ""native"": ""pdb_structures/8ipc.pdb"", ""best_dockq"": 1.5332517353114217, ""best_result"": {""HL"": {""DockQ"": 0.8120459898086679, ""F1"": 0.8820960698689956, ""iRMSD"": 1.2696930871361711, ""LRMSD"": 1.913409868706379, ""fnat"": 0.9017857142857143, ""nat_correct"": 101, ""nat_total"": 112, ""fnonnat"": 0.13675213675213677, ""nonnat_count"": 16, ""model_total"": 117, ""clashes"": 0, ""len1"": 213, ""len2"": 213, ""class1"": ""ligand"", ""class2"": ""receptor"", ""is_het"": false, ""chain1"": ""A"", ""chain2"": ""B"", ""chain_map"": {""H"": ""A"", ""L"": ""B"", ""A"": ""C""}}, ""HA"": {""DockQ"": 0.4716562839463507, ""F1"": 0.8571428571428571, ""iRMSD"": 1.7933271062428493, ""LRMSD"": 20.541732408974653, ""fnat"": 0.8571428571428571, ""nat_correct"": 42, ""nat_total"": 49, ""fnonnat"": 0.14285714285714285, ""nonnat_count"": 7, ""model_total"": 49, ""clashes"": 0, ""len1"": 213, ""len2"": 186, ""class1"": ""receptor"", ""class2"": ""ligand"", ""is_het"": false, ""chain1"": ""A"", ""chain2"": ""C"", ""chain_map"": {""H"": ""A"", ""L"": ""B"", ""A"": ""C""}}, ""LA"": {""DockQ"": 0.24954946155640312, ""F1"": 0.6363636363636364, ""iRMSD"": 4.206069899561163, ""LRMSD"": 19.994905092394227, ""fnat"": 0.4827586206896552, ""nat_correct"": 14, ""nat_total"": 29, ""fnonnat"": 0.06666666666666667, ""nonnat_count"": 1, ""model_total"": 15, ""clashes"": 0, ""len1"": 213, ""len2"": 186, ""class1"": ""receptor"", ""class2"": ""ligand"", ""is_het"": false, ""chain1"": ""B"", ""chain2"": ""C"", ""chain_map"": {""H"": ""A"", ""L"": ""B"", ""A"": ""C""}}}, ""GlobalDockQ"": 0.5110839117704739, ""best_mapping"": {""H"": ""A"", ""L"": ""B"", ""A"": ""C""}, ""best_mapping_str"": ""ABC:HLA""}"
8ipc	1	"{""model"": ""/tmp/chai1_dockq/8ipc_trunk1.pdb"", ""native"": ""pdb_structures/8ipc.pdb"", ""best_dockq"": 1.2596292871045343, ""best_result"": {""HL"": {""DockQ"": 0.8216785950924796, ""F1"": 0.905982905982906, ""iRMSD"": 1.3619503289136479, ""LRMSD"": 1.4823861143331243, ""fnat"": 0.9464285714285714, ""nat_correct"": 106, ""nat_total"": 112, ""fnonnat"": 0.13114754098360656, ""nonnat_count"": 16, ""model_total"": 122, ""clashes"": 0, ""len1"": 213, ""len2"": 213, ""class1"": ""ligand"", ""class2"": ""receptor"", ""is_het"": false, ""chain1"": ""A"", ""chain2"": ""B"", ""chain_map"": {""H"": ""A"", ""L"": ""B"", ""A"": ""C""}}, ""HA"": {""DockQ"": 0.2735559187119935, ""F1"": 0.7032967032967034, ""iRMSD"": 4.304838855664888, ""LRMSD"": 33.84307085135844, ""fnat"": 0.6530612244897959, ""nat_correct"": 32, ""nat_total"": 49, ""fnonnat"": 0.23809523809523808, ""nonnat_count"": 10, ""model_total"": 42, ""clashes"": 0, ""len1"": 213, ""len2"": 186, ""class1"": ""receptor"", ""class2"": ""ligand"", ""is_het"": false, ""chain1"": ""A"", ""chain2"": ""C"", ""chain_map"": {""H"": ""A"", ""L"": ""B"", ""A"": ""C""}}, ""LA"": {""DockQ"": 0.16439477330006114, ""F1"": 0.4, ""iRMSD"": 11.618048027636943, ""LRMSD"": 32.78203025138044, ""fnat"": 0.41379310344827586, ""nat_correct"": 12, ""nat_total"": 29, ""fnonnat"": 0.6129032258064516, ""nonnat_count"": 19, ""model_total"": 31, ""clashes"": 1, ""len1"": 213, ""len2"": 186, ""class1"": ""receptor"", ""class2"": ""ligand"", ""is_het"": false, ""chain1"": ""B"", ""chain2"": ""C"", ""chain_map"": {""H"": ""A"", ""L"": ""B"", ""A"": ""C""}}}, ""GlobalDockQ"": 0.41987642903484473, ""best_mapping"": {""H"": ""A"", ""L"": ""B"", ""A"": ""C""}, ""best_mapping_str"": ""ABC:HLA""}"
8ipc	2	"{""model"": ""/tmp/chai1_dockq/8ipc_trunk2.pdb"", ""native"": ""pdb_structures/8ipc.pdb"", ""best_dockq"": 1.3610443772460967, ""best_result"": {""HL"": {""DockQ"": 0.800434490081113, ""F1"": 0.8986784140969163, ""iRMSD"": 1.3597062170790852, ""LRMSD"": 2.115932719993086, ""fnat"": 0.9107142857142857, ""nat_correct"": 102, ""nat_total"": 112, ""fnonnat"": 0.11304347826086956, ""nonnat_count"": 13, ""model_total"": 115, ""clashes"": 1, ""len1"": 213, ""len2"": 213, ""class1"": ""ligand"", ""class2"": ""receptor"", ""is_het"": false, ""chain1"": ""A"", ""chain2"": ""B"", ""chain_map"": {""H"": ""A"", ""L"": ""B"", ""A"": ""C""}}, ""HA"": {""DockQ"": 0.3761195812193807, ""F1"": 0.7789473684210526, ""iRMSD"": 2.2416328550528104, ""LRMSD"": 32.51307228818003, ""fnat"": 0.7551020408163265, ""nat_correct"": 37, ""nat_total"": 49, ""fnonnat"": 0.1956521739130435, ""nonnat_count"": 9, ""model_total"": 46, ""clashes"": 1, ""len1"": 213, ""len2"": 186, ""class1"": ""receptor"", ""class2"": ""ligand"", ""is_het"": false, ""chain1"": ""A"", ""chain2"": ""C"", ""chain_map"": {""H"": ""A"", ""L"": ""B"", ""A"": ""C""}}, ""LA"": {""DockQ"": 0.1844903059456028, ""F1"": 0.6190476190476191, ""iRMSD"": 7.951860548427684, ""LRMSD"": 30.78527258406802, ""fnat"": 0.4482758620689655, ""nat_correct"": 13, ""nat_total"": 29, ""fnonnat"": 0, ""nonnat_count"": 0, ""model_total"": 13, ""clashes"": 0, ""len1"": 213, ""len2"": 186, ""class1"": ""receptor"", ""class2"": ""ligand"", ""is_het"": false, ""chain1"": ""B"", ""chain2"": ""C"", ""chain_map"": {""H"": ""A"", ""L"": ""B"", ""A"": ""C""}}}, ""GlobalDockQ"": 0.4536814590820322, ""best_mapping"": {""H"": ""A"", ""L"": ""B"", ""A"": ""C""}, ""best_mapping_str"": ""ABC:HLA""}"
8ipc	3	"{""model"": ""/tmp/chai1_dockq/8ipc_trunk3.pdb"", ""native"": ""pdb_structures/8ipc.pdb"", ""best_dockq"": 1.4308937267389716, ""best_result"": {""HL"": {""DockQ"": 0.7999588634896591, ""F1"": 0.8820960698689956, ""iRMSD"": 1.3945181051613325, ""LRMSD"": 1.696346997076523, ""fnat"": 0.9017857142857143, ""nat_correct"": 101, ""nat_total"": 112, ""fnonnat"": 0.13675213675213677, ""nonnat_count"": 16, ""model_total"": 117, ""clashes"": 0, ""len1"": 213, ""len2"": 213, ""class1"": ""ligand"", ""class2"": ""receptor"", ""is_het"": false, ""chain1"": ""A"", ""chain2"": ""B"", ""chain_map"": {""H"": ""A"", ""L"": ""B"", ""A"": ""C""}}, ""HA"": {""DockQ"": 0.4115657376813933, ""F1"": 0.7916666666666666, ""iRMSD"": 1.8620215806376288, ""LRMSD"": 32.0714258883634, ""fnat"": 0.7755102040816326, ""nat_correct"": 38, ""nat_total"": 49, ""fnonnat"": 0.19148936170212766, ""nonnat_count"": 9, ""model_total"": 47, ""clashes"": 1, ""len1"": 213, ""len2"": 186, ""class1"": ""receptor"", ""class2"": ""ligand"", ""is_het"": false, ""chain1"": ""A"", ""chain2"": ""C"", ""chain_map"": {""H"": ""A"", ""L"": ""B"", ""A"": ""C""}}, ""LA"": {""DockQ"": 0.2193691255679194, ""F1"": 0.7111111111111111, ""iRMSD"": 7.829794622438551, ""LRMSD"": 30.751015901436336, ""fnat"": 0.5517241379310345, ""nat_correct"": 16, ""nat_total"": 29, ""fnonnat"": 0, ""nonnat_count"": 0, ""model_total"": 16, ""clashes"": 0, ""len1"": 213, ""len2"": 186, ""class1"": ""receptor"", ""class2"": ""ligand"", ""is_het"": false, ""chain1"": ""B"", ""chain2"": ""C"", ""chain_map"": {""H"": ""A"", ""L"": ""B"", ""A"": ""C""}}}, ""GlobalDockQ"": 0.4769645755796572, ""best_mapping"": {""H"": ""A"", ""L"": ""B"", ""A"": ""C""}, ""best_mapping_str"": ""ABC:HLA""}"
8ipc	4	"{""model"": ""/tmp/chai1_dockq/8ipc_trunk4.pdb"", ""native"": ""pdb_structures/8ipc.pdb"", ""best_dockq"": 1.4450791402678895, ""best_result"": {""HL"": {""DockQ"": 0.8610371679815231, ""F1"": 0.8706896551724138, ""iRMSD"": 0.9751586459527638, ""LRMSD"": 1.2627736789526143, ""fnat"": 0.9017857142857143, ""nat_correct"": 101, ""nat_total"": 112, ""fnonnat"": 0.15833333333333333, ""nonnat_count"": 19, ""model_total"": 120, ""clashes"": 1, ""len1"": 213, ""len2"": 213, ""class1"": ""ligand"", ""class2"": ""receptor"", ""is_het"": false, ""chain1"": ""A"", ""chain2"": ""B"", ""chain_map"": {""H"": ""A"", ""L"": ""B"", ""A"": ""C""}}, ""HA"": {""DockQ"": 0.3657056464250857, ""F1"": 0.7555555555555555, ""iRMSD"": 2.2302677845651497, ""LRMSD"": 26.738441830711086, ""fnat"": 0.6938775510204082, ""nat_correct"": 34, ""nat_total"": 49, ""fnonnat"": 0.17073170731707318, ""nonnat_count"": 7, ""model_total"": 41, ""clashes"": 1, ""len1"": 213, ""len2"": 186, ""class1"": ""receptor"", ""class2"": ""ligand"", ""is_het"": false, ""chain1"": ""A"", ""chain2"": ""C"", ""chain_map"": {""H"": ""A"", ""L"": ""B"", ""A"": ""C""}}, ""LA"": {""DockQ"": 0.21833632586128074, ""F1"": 0.6818181818181818, ""iRMSD"": 7.129140523859178, ""LRMSD"": 26.178048420929567, ""fnat"": 0.5172413793103449, ""nat_correct"": 15, ""nat_total"": 29, ""fnonnat"": 0, ""nonnat_count"": 0, ""model_total"": 15, ""clashes"": 1, ""len1"": 213, ""len2"": 186, ""class1"": ""receptor"", ""class2"": ""ligand"", ""is_het"": false, ""chain1"": ""B"", ""chain2"": ""C"", ""chain_map"": {""H"": ""A"", ""L"": ""B"", ""A"": ""C""}}}, ""GlobalDockQ"": 0.4816930467559632, ""best_mapping"": {""H"": ""A"", ""L"": ""B"", ""A"": ""C""}, ""best_mapping_str"": ""ABC:HLA""}"
8jel	0	"{""model"": ""/tmp/chai1_dockq/8jel_trunk0.pdb"", ""native"": ""pdb_structures/8jel.pdb"", ""best_dockq"": 0.8863259677093683, ""best_result"": {""FG"": {""DockQ"": 0.7564728345895179, ""F1"": 0.8837209302325582, ""iRMSD"": 1.662261454204432, ""LRMSD"": 2.4313394015234464, ""fnat"": 0.8962264150943396, ""nat_correct"": 95, ""nat_total"": 106, ""fnonnat"": 0.12844036697247707, ""nonnat_count"": 14, ""model_total"": 109, ""clashes"": 0, ""len1"": 213, ""len2"": 208, ""class1"": ""receptor"", ""class2"": ""ligand"", ""is_het"": false, ""chain1"": ""A"", ""chain2"": ""B"", ""chain_map"": {""F"": ""A"", ""G"": ""B"", ""L"": ""C""}}, ""FH"": {""DockQ"": 0.06383944029946183, ""F1"": 0.0, ""iRMSD"": 10.618394285614565, ""LRMSD"": 18.652682856895677, ""fnat"": 0, ""nat_correct"": 0, ""nat_total"": 34, ""fnonnat"": 1.0, ""nonnat_count"": 46, ""model_total"": 46, ""clashes"": 0, ""len1"": 213, ""len2"": 107, ""class1"": ""receptor"", ""class2"": ""ligand"", ""is_het"": false, ""chain1"": ""A"", ""chain2"": ""C"", ""chain_map"": {""F"": ""A"", ""K"": ""B"", ""H"": ""C""}}, ""GH"": {""DockQ"": 0.06601369282038859, ""F1"": 0.0, ""iRMSD"": 8.816144739400755, ""LRMSD"": 18.787826670526645, ""fnat"": 0, ""nat_correct"": 0, ""nat_total"": 22, ""fnonnat"": 1.0, ""nonnat_count"": 25, ""model_total"": 25, ""clashes"": 0, ""len1"": 208, ""len2"": 107, ""class1"": ""receptor"", ""class2"": ""ligand"", ""is_het"": false, ""chain1"": ""B"", ""chain2"": ""C"", ""chain_map"": {""F"": ""A"", ""G"": ""B"", ""H"": ""C""}}}, ""GlobalDockQ"": 0.2954419892364561, ""best_mapping"": {""F"": ""A"", ""G"": ""B"", ""H"": ""C""}, ""best_mapping_str"": ""ABC:FGH""}"
8jel	2	"{""model"": ""/tmp/chai1_dockq/8jel_trunk2.pdb"", ""native"": ""pdb_structures/8jel.pdb"", ""best_dockq"": 0.8866851548750764, ""best_result"": {""FG"": {""DockQ"": 0.7617133376157469, ""F1"": 0.8744186046511628, ""iRMSD"": 1.5990528215678046, ""LRMSD"": 2.327019629442667, ""fnat"": 0.8867924528301887, ""nat_correct"": 94, ""nat_total"": 106, ""fnonnat"": 0.13761467889908258, ""nonnat_count"": 15, ""model_total"": 109, ""clashes"": 0, ""len1"": 213, ""len2"": 208, ""class1"": ""receptor"", ""class2"": ""ligand"", ""is_het"": false, ""chain1"": ""A"", ""chain2"": ""B"", ""chain_map"": {""F"": ""A"", ""G"": ""B"", ""L"": ""C""}}, ""FH"": {""DockQ"": 0.06153835441825767, ""F1"": 0.0, ""iRMSD"": 10.9704076681726, ""LRMSD"": 19.034267433779906, ""fnat"": 0, ""nat_correct"": 0, ""nat_total"": 34, ""fnonnat"": 1.0, ""nonnat_count"": 54, ""model_total"": 54, ""clashes"": 1, ""len1"": 213, ""len2"": 107, ""class1"": ""receptor"", ""class2"": ""ligand"", ""is_het"": false, ""chain1"": ""A"", ""chain2"": ""C"", ""chain_map"": {""F"": ""A"", ""K"": ""B"", ""H"": ""C""}}, ""GH"": {""DockQ"": 0.06343346284107186, ""F1"": 0.0, ""iRMSD"": 9.01670254229099, ""LRMSD"": 19.23527362677192, ""fnat"": 0, ""nat_correct"": 0, ""nat_total"": 22, ""fnonnat"": 1.0, ""nonnat_count"": 19, ""model_total"": 19, ""clashes"": 0, ""len1"": 208, ""len2"": 107, ""class1"": ""receptor"", ""class2"": ""ligand"", ""is_het"": false, ""chain1"": ""B"", ""chain2"": ""C"", ""chain_map"": {""F"": ""A"", ""G"": ""B"", ""H"": ""C""}}}, ""GlobalDockQ"": 0.29556171829169214, ""best_mapping"": {""F"": ""A"", ""G"": ""B"", ""H"": ""C""}, ""best_mapping_str"": ""ABC:FGH""}"
8jel	3	"{""model"": ""/tmp/chai1_dockq/8jel_trunk3.pdb"", ""native"": ""pdb_structures/8jel.pdb"", ""best_dockq"": 1.0127540075779267, ""best_result"": {""IK"": {""DockQ"": 0.871288401033568, ""F1"": 0.8928571428571429, ""iRMSD"": 0.9821443475909373, ""LRMSD"": 0.9363963702728858, ""fnat"": 0.9259259259259259, ""nat_correct"": 100, ""nat_total"": 108, ""fnonnat"": 0.13793103448275862, ""nonnat_count"": 16, ""model_total"": 116, ""clashes"": 0, ""len1"": 214, ""len2"": 212, ""class1"": ""receptor"", ""class2"": ""ligand"", ""is_het"": false, ""chain1"": ""A"", ""chain2"": ""B"", ""chain_map"": {""I"": ""A"", ""K"": ""B"", ""L"": ""C""}}, ""IL"": {""DockQ"": 0.06809157026826489, ""F1"": 0.0, ""iRMSD"": 10.72581877884213, ""LRMSD"": 17.835257180524756, ""fnat"": 0, ""nat_correct"": 0, ""nat_total"": 32, ""fnonnat"": 1.0, ""nonnat_count"": 27, ""model_total"": 27, ""clashes"": 0, ""len1"": 214, ""len2"": 106, ""class1"": ""receptor"", ""class2"": ""ligand"", ""is_het"": false, ""chain1"": ""A"", ""chain2"": ""C"", ""chain_map"": {""I"": ""A"", ""K"": ""B"", ""L"": ""C""}}, ""KL"": {""DockQ"": 0.07337403627609392, ""F1"": 0.0, ""iRMSD"": 8.709893375802574, ""LRMSD"": 17.475545160470972, ""fnat"": 0, ""nat_correct"": 0, ""nat_total"": 25, ""fnonnat"": 1.0, ""nonnat_count"": 41, ""model_total"": 41, ""clashes"": 0, ""len1"": 212, ""len2"": 106, ""class1"": ""receptor"", ""class2"": ""ligand"", ""is_het"": false, ""chain1"": ""B"", ""chain2"": ""C"", ""chain_map"": {""I"": ""A"", ""K"": ""B"", ""L"": ""C""}}}, ""GlobalDockQ"": 0.33758466919264224, ""best_mapping"": {""I"": ""A"", ""K"": ""B"", ""L"": ""C""}, ""best_mapping_str"": ""ABC:IKL""}"
8jel	4	"{""model"": ""/tmp/chai1_dockq/8jel_trunk4.pdb"", ""native"": ""pdb_structures/8jel.pdb"", ""best_dockq"": 0.8914063284935959, ""best_result"": {""FG"": {""DockQ"": 0.7662408358434322, ""F1"": 0.8899082568807339, ""iRMSD"": 1.6400764664434406, ""LRMSD"": 2.364977705585677, ""fnat"": 0.9150943396226415, ""nat_correct"": 97, ""nat_total"": 106, ""fnonnat"": 0.13392857142857142, ""nonnat_count"": 15, ""model_total"": 112, ""clashes"": 0, ""len1"": 213, ""len2"": 208, ""class1"": ""receptor"", ""class2"": ""ligand"", ""is_het"": false, ""chain1"": ""A"", ""chain2"": ""B"", ""chain_map"": {""F"": ""A"", ""G"": ""B"", ""L"": ""C""}}, ""FH"": {""DockQ"": 0.06183747823281074, ""F1"": 0.0, ""iRMSD"": 10.52985991022172, ""LRMSD"": 19.078272881219018, ""fnat"": 0, ""nat_correct"": 0, ""nat_total"": 34, ""fnonnat"": 1.0, ""nonnat_count"": 31, ""model_total"": 31, ""clashes"": 1, ""len1"": 213, ""len2"": 107, ""class1"": ""receptor"", ""class2"": ""ligand"", ""is_het"": false, ""chain1"": ""A"", ""chain2"": ""C"", ""chain_map"": {""F"": ""A"", ""K"": ""B"", ""H"": ""C""}}, ""GH"": {""DockQ"": 0.06332801441735307, ""F1"": 0.0, ""iRMSD"": 8.659253696593185, ""LRMSD"": 19.41449542276193, ""fnat"": 0, ""nat_correct"": 0, ""nat_total"": 22, ""fnonnat"": 1.0, ""nonnat_count"": 37, ""model_total"": 37, ""clashes"": 0, ""len1"": 208, ""len2"": 107, ""class1"": ""receptor"", ""class2"": ""ligand"", ""is_het"": false, ""chain1"": ""B"", ""chain2"": ""C"", ""chain_map"": {""F"": ""A"", ""G"": ""B"", ""H"": ""C""}}}, ""GlobalDockQ"": 0.29713544283119864, ""best_mapping"": {""F"": ""A"", ""G"": ""B"", ""H"": ""C""}, ""best_mapping_str"": ""ABC:FGH""}"
8jeo	0	"{""model"": ""/tmp/chai1_dockq/8jeo_trunk0.pdb"", ""native"": ""pdb_structures/8jeo.pdb"", ""best_dockq"": 1.040311306417219, ""best_result"": {""EF"": {""DockQ"": 0.8683154131143729, ""F1"": 0.8695652173913043, ""iRMSD"": 0.9345737575738734, ""LRMSD"": 1.063603889492404, ""fnat"": 0.9, ""nat_correct"": 90, ""nat_total"": 100, ""fnonnat"": 0.1588785046728972, ""nonnat_count"": 17, ""model_total"": 107, ""clashes"": 0, ""len1"": 220, ""len2"": 218, ""class1"": ""receptor"", ""class2"": ""ligand"", ""is_het"": false, ""chain1"": ""A"", ""chain2"": ""B"", ""chain_map"": {""E"": ""A"", ""F"": ""B"", ""D"": ""C""}}, ""ED"": {""DockQ"": 0.08771610204016501, ""F1"": 0.024390243902439025, ""iRMSD"": 9.573565438465302, ""LRMSD"": 16.22365085278047, ""fnat"": 0.023809523809523808, ""nat_correct"": 1, ""nat_total"": 42, ""fnonnat"": 0.975, ""nonnat_count"": 39, ""model_total"": 40, ""clashes"": 1, ""len1"": 220, ""len2"": 107, ""class1"": ""receptor"", ""class2"": ""ligand"", ""is_het"": false, ""chain1"": ""A"", ""chain2"": ""C"", ""chain_map"": {""E"": ""A"", ""F"": ""B"", ""D"": ""C""}}, ""FD"": {""DockQ"": 0.08427979126268113, ""F1"": 0.0, ""iRMSD"": 8.729691074874172, ""LRMSD"": 15.813360267786228, ""fnat"": 0, ""nat_correct"": 0, ""nat_total"": 12, ""fnonnat"": 1.0, ""nonnat_count"": 22, ""model_total"": 22, ""clashes"": 1, ""len1"": 218, ""len2"": 107, ""class1"": ""receptor"", ""class2"": ""ligand"", ""is_het"": false, ""chain1"": ""B"", ""chain2"": ""C"", ""chain_map"": {""E"": ""A"", ""F"": ""B"", ""D"": ""C""}}}, ""GlobalDockQ"": 0.3467704354724063, ""best_mapping"": {""E"": ""A"", ""F"": ""B"", ""D"": ""C""}, ""best_mapping_str"": ""ABC:EFD""}"
8jeo	1	"{""model"": ""/tmp/chai1_dockq/8jeo_trunk1.pdb"", ""native"": ""pdb_structures/8jeo.pdb"", ""best_dockq"": 0.9747777741756658, ""best_result"": {""EF"": {""DockQ"": 0.837781215138373, ""F1"": 0.883495145631068, ""iRMSD"": 1.2035876644331152, ""LRMSD"": 0.6019927338123243, ""fnat"": 0.91, ""nat_correct"": 91, ""nat_total"": 100, ""fnonnat"": 0.14150943396226415, ""nonnat_count"": 15, ""model_total"": 106, ""clashes"": 0, ""len1"": 220, ""len2"": 218, ""class1"": ""receptor"", ""class2"": ""ligand"", ""is_het"": false, ""chain1"": ""A"", ""chain2"": ""B"", ""chain_map"": {""E"": ""A"", ""F"": ""B"", ""D"": ""C""}}, ""ED"": {""DockQ"": 0.07969268473299262, ""F1"": 0.06818181818181818, ""iRMSD"": 12.167022753463284, ""LRMSD"": 20.02418340015793, ""fnat"": 0.07142857142857142, ""nat_correct"": 3, ""nat_total"": 42, ""fnonnat"": 0.9347826086956522, ""nonnat_count"": 43, ""model_total"": 46, ""clashes"": 2, ""len1"": 220, ""len2"": 107, ""class1"": ""receptor"", ""class2"": ""ligand"", ""is_het"": false, ""chain1"": ""A"", ""chain2"": ""C"", ""chain_map"": {""E"": ""A"", ""F"": ""B"", ""D"": ""C""}}, ""FD"": {""DockQ"": 0.05730387430430014, ""F1"": 0.0, ""iRMSD"": 11.36323352156977, ""LRMSD"": 19.862704279632165, ""fnat"": 0, ""nat_correct"": 0, ""nat_total"": 12, ""fnonnat"": 1.0, ""nonnat_count"": 12, ""model_total"": 12, ""clashes"": 0, ""len1"": 218, ""len2"": 107, ""class1"": ""receptor"", ""class2"": ""ligand"", ""is_het"": false, ""chain1"": ""B"", ""chain2"": ""C"", ""chain_map"": {""E"": ""A"", ""F"": ""B"", ""D"": ""C""}}}, ""GlobalDockQ"": 0.3249259247252219, ""best_mapping"": {""E"": ""A"", ""F"": ""B"", ""D"": ""C""}, ""best_mapping_str"": ""ABC:EFD""}"
8jeo	2	"{""model"": ""/tmp/chai1_dockq/8jeo_trunk2.pdb"", ""native"": ""pdb_structures/8jeo.pdb"", ""best_dockq"": 1.025311119250392, ""best_result"": {""EF"": {""DockQ"": 0.8609455820222784, ""F1"": 0.8761904761904762, ""iRMSD"": 1.0146046264837056, ""LRMSD"": 1.3116892939389755, ""fnat"": 0.92, ""nat_correct"": 92, ""nat_total"": 100, ""fnonnat"": 0.16363636363636364, ""nonnat_count"": 18, ""model_total"": 110, ""clashes"": 0, ""len1"": 220, ""len2"": 218, ""class1"": ""receptor"", ""class2"": ""ligand"", ""is_het"": false, ""chain1"": ""A"", ""chain2"": ""B"", ""chain_map"": {""E"": ""A"", ""F"": ""B"", ""D"": ""C""}}, ""ED"": {""DockQ"": 0.08407991963900718, ""F1"": 0.024390243902439025, ""iRMSD"": 9.730322730449485, ""LRMSD"": 16.72769093109836, ""fnat"": 0.023809523809523808, ""nat_correct"": 1, ""nat_total"": 42, ""fnonnat"": 0.975, ""nonnat_count"": 39, ""model_total"": 40, ""clashes"": 0, ""len1"": 220, ""len2"": 107, ""class1"": ""receptor"", ""class2"": ""ligand"", ""is_het"": false, ""chain1"": ""A"", ""chain2"": ""C"", ""chain_map"": {""E"": ""A"", ""F"": ""B"", ""D"": ""C""}}, ""FD"": {""DockQ"": 0.08028561758910635, ""F1"": 0.0, ""iRMSD"": 8.92543684968476, ""LRMSD"": 16.319736521093855, ""fnat"": 0, ""nat_correct"": 0, ""nat_total"": 12, ""fnonnat"": 1.0, ""nonnat_count"": 22, ""model_total"": 22, ""clashes"": 1, ""len1"": 218, ""len2"": 107, ""class1"": ""receptor"", ""class2"": ""ligand"", ""is_het"": false, ""chain1"": ""B"", ""chain2"": ""C"", ""chain_map"": {""E"": ""A"", ""F"": ""B"", ""D"": ""C""}}}, ""GlobalDockQ"": 0.34177037308346403, ""best_mapping"": {""E"": ""A"", ""F"": ""B"", ""D"": ""C""}, ""best_mapping_str"": ""ABC:EFD""}"
8jeo	3	"{""model"": ""/tmp/chai1_dockq/8jeo_trunk3.pdb"", ""native"": ""pdb_structures/8jeo.pdb"", ""best_dockq"": 1.0587076394110162, ""best_result"": {""EF"": {""DockQ"": 0.8946763404246257, ""F1"": 0.8611111111111112, ""iRMSD"": 0.8421447012309047, ""LRMSD"": 0.6773224194261059, ""fnat"": 0.93, ""nat_correct"": 93, ""nat_total"": 100, ""fnonnat"": 0.19827586206896552, ""nonnat_count"": 23, ""model_total"": 116, ""clashes"": 0, ""len1"": 220, ""len2"": 218, ""class1"": ""receptor"", ""class2"": ""ligand"", ""is_het"": false, ""chain1"": ""A"", ""chain2"": ""B"", ""chain_map"": {""E"": ""A"", ""F"": ""B"", ""D"": ""C""}}, ""ED"": {""DockQ"": 0.08502678402637635, ""F1"": 0.02197802197802198, ""iRMSD"": 9.540770895601243, ""LRMSD"": 16.62927684627716, ""fnat"": 0.023809523809523808, ""nat_correct"": 1, ""nat_total"": 42, ""fnonnat"": 0.9795918367346939, ""nonnat_count"": 48, ""model_total"": 49, ""clashes"": 2, ""len1"": 220, ""len2"": 107, ""class1"": ""receptor"", ""class2"": ""ligand"", ""is_het"": false, ""chain1"": ""A"", ""chain2"": ""C"", ""chain_map"": {""E"": ""A"", ""F"": ""B"", ""D"": ""C""}}, ""FD"": {""DockQ"": 0.07900451496001423, ""F1"": 0.0, ""iRMSD"": 8.948937080130268, ""LRMSD"": 16.50192069842707, ""fnat"": 0, ""nat_correct"": 0, ""nat_total"": 12, ""fnonnat"": 1.0, ""nonnat_count"": 22, ""model_total"": 22, ""clashes"": 1, ""len1"": 218, ""len2"": 107, ""class1"": ""receptor"", ""class2"": ""ligand"", ""is_het"": false, ""chain1"": ""B"", ""chain2"": ""C"", ""chain_map"": {""E"": ""A"", ""F"": ""B"", ""D"": ""C""}}}, ""GlobalDockQ"": 0.35290254647033875, ""best_mapping"": {""E"": ""A"", ""F"": ""B"", ""D"": ""C""}, ""best_mapping_str"": ""ABC:EFD""}"
8jeo	4	"{""model"": ""/tmp/chai1_dockq/8jeo_trunk4.pdb"", ""native"": ""pdb_structures/8jeo.pdb"", ""best_dockq"": 1.062463560618148, ""best_result"": {""EF"": {""DockQ"": 0.8915453403178089, ""F1"": 0.8679245283018868, ""iRMSD"": 0.8253163009737406, ""LRMSD"": 0.9748098880383488, ""fnat"": 0.92, ""nat_correct"": 92, ""nat_total"": 100, ""fnonnat"": 0.17857142857142858, ""nonnat_count"": 20, ""model_total"": 112, ""clashes"": 0, ""len1"": 220, ""len2"": 218, ""class1"": ""receptor"", ""class2"": ""ligand"", ""is_het"": false, ""chain1"": ""A"", ""chain2"": ""B"", ""chain_map"": {""E"": ""A"", ""F"": ""B"", ""D"": ""C""}}, ""ED"": {""DockQ"": 0.08737793640517304, ""F1"": 0.02564102564102564, ""iRMSD"": 9.61512191022337, ""LRMSD"": 16.262764285664506, ""fnat"": 0.023809523809523808, ""nat_correct"": 1, ""nat_total"": 42, ""fnonnat"": 0.9722222222222222, ""nonnat_count"": 35, ""model_total"": 36, ""clashes"": 1, ""len1"": 220, ""len2"": 107, ""class1"": ""receptor"", ""class2"": ""ligand"", ""is_het"": false, ""chain1"": ""A"", ""chain2"": ""C"", ""chain_map"": {""E"": ""A"", ""F"": ""B"", ""D"": ""C""}}, ""FD"": {""DockQ"": 0.0835402838951662, ""F1"": 0.0, ""iRMSD"": 8.512406643716817, ""LRMSD"": 15.981464878191225, ""fnat"": 0, ""nat_correct"": 0, ""nat_total"": 12, ""fnonnat"": 1.0, ""nonnat_count"": 28, ""model_total"": 28, ""clashes"": 1, ""len1"": 218, ""len2"": 107, ""class1"": ""receptor"", ""class2"": ""ligand"", ""is_het"": false, ""chain1"": ""B"", ""chain2"": ""C"", ""chain_map"": {""E"": ""A"", ""F"": ""B"", ""D"": ""C""}}}, ""GlobalDockQ"": 0.3541545202060494, ""best_mapping"": {""E"": ""A"", ""F"": ""B"", ""D"": ""C""}, ""best_mapping_str"": ""ABC:EFD""}"
8jyr	0	"{""model"": ""/tmp/chai1_dockq/8jyr_trunk0.pdb"", ""native"": ""pdb_structures/8jyr.pdb"", ""best_dockq"": 0.8350117400751793, ""best_result"": {""AH"": {""DockQ"": 0.020314536014810435, ""F1"": 0.0, ""iRMSD"": 15.23556708298965, ""LRMSD"": 36.53681262009412, ""fnat"": 0, ""nat_correct"": 0, ""nat_total"": 41, ""fnonnat"": 1.0, ""nonnat_count"": 52, ""model_total"": 52, ""clashes"": 0, ""len1"": 182, ""len2"": 217, ""class1"": ""ligand"", ""class2"": ""receptor"", ""is_het"": false, ""chain1"": ""C"", ""chain2"": ""A"", ""chain_map"": {""A"": ""C"", ""H"": ""A"", ""L"": ""B""}}, ""AL"": {""DockQ"": 0.021414677366553003, ""F1"": 0.0, ""iRMSD"": 15.561009888310712, ""LRMSD"": 35.22056670200092, ""fnat"": 0, ""nat_correct"": 0, ""nat_total"": 26, ""fnonnat"": 1.0, ""nonnat_count"": 31, ""model_total"": 31, ""clashes"": 0, ""len1"": 182, ""len2"": 215, ""class1"": ""ligand"", ""class2"": ""receptor"", ""is_het"": false, ""chain1"": ""C"", ""chain2"": ""B"", ""chain_map"": {""A"": ""C"", ""H"": ""A"", ""L"": ""B""}}, ""HL"": {""DockQ"": 0.7932825266938158, ""F1"": 0.905511811023622, ""iRMSD"": 1.4556896935379244, ""LRMSD"": 1.206704523684619, ""fnat"": 0.8846153846153846, ""nat_correct"": 115, ""nat_total"": 130, ""fnonnat"": 0.07258064516129033, ""nonnat_count"": 9, ""model_total"": 124, ""clashes"": 0, ""len1"": 217, ""len2"": 215, ""class1"": ""receptor"", ""class2"": ""ligand"", ""is_het"": false, ""chain1"": ""A"", ""chain2"": ""B"", ""chain_map"": {""A"": ""C"", ""H"": ""A"", ""L"": ""B""}}}, ""GlobalDockQ"": 0.27833724669172644, ""best_mapping"": {""A"": ""C"", ""H"": ""A"", ""L"": ""B""}, ""best_mapping_str"": ""CAB:AHL""}"
8jyr	1	"{""model"": ""/tmp/chai1_dockq/8jyr_trunk1.pdb"", ""native"": ""pdb_structures/8jyr.pdb"", ""best_dockq"": 0.963046133185967, ""best_result"": {""AH"": {""DockQ"": 0.07405344846251834, ""F1"": 0.1694915254237288, ""iRMSD"": 10.937222218694796, ""LRMSD"": 28.488097271077507, ""fnat"": 0.12195121951219512, ""nat_correct"": 5, ""nat_total"": 41, ""fnonnat"": 0.7222222222222222, ""nonnat_count"": 13, ""model_total"": 18, ""clashes"": 0, ""len1"": 182, ""len2"": 217, ""class1"": ""ligand"", ""class2"": ""receptor"", ""is_het"": false, ""chain1"": ""C"", ""chain2"": ""A"", ""chain_map"": {""A"": ""C"", ""H"": ""A"", ""L"": ""B""}}, ""AL"": {""DockQ"": 0.03351530339809879, ""F1"": 0.0, ""iRMSD"": 11.79308723787323, ""LRMSD"": 27.95555105558516, ""fnat"": 0, ""nat_correct"": 0, ""nat_total"": 26, ""fnonnat"": 1.0, ""nonnat_count"": 17, ""model_total"": 17, ""clashes"": 0, ""len1"": 182, ""len2"": 215, ""class1"": ""ligand"", ""class2"": ""receptor"", ""is_het"": false, ""chain1"": ""C"", ""chain2"": ""B"", ""chain_map"": {""A"": ""C"", ""H"": ""A"", ""L"": ""B""}}, ""HL"": {""DockQ"": 0.8554773813253499, ""F1"": 0.9133858267716536, ""iRMSD"": 1.0205461984066226, ""LRMSD"": 0.8302905796430055, ""fnat"": 0.8923076923076924, ""nat_correct"": 116, ""nat_total"": 130, ""fnonnat"": 0.06451612903225806, ""nonnat_count"": 8, ""model_total"": 124, ""clashes"": 0, ""len1"": 217, ""len2"": 215, ""class1"": ""receptor"", ""class2"": ""ligand"", ""is_het"": false, ""chain1"": ""A"", ""chain2"": ""B"", ""chain_map"": {""A"": ""C"", ""H"": ""A"", ""L"": ""B""}}}, ""GlobalDockQ"": 0.3210153777286557, ""best_mapping"": {""A"": ""C"", ""H"": ""A"", ""L"": ""B""}, ""best_mapping_str"": ""CAB:AHL""}"
8jyr	2	"{""model"": ""/tmp/chai1_dockq/8jyr_trunk2.pdb"", ""native"": ""pdb_structures/8jyr.pdb"", ""best_dockq"": 0.887634004973908, ""best_result"": {""AH"": {""DockQ"": 0.023307901547104364, ""F1"": 0.0, ""iRMSD"": 16.784344216942884, ""LRMSD"": 33.06159960031982, ""fnat"": 0, ""nat_correct"": 0, ""nat_total"": 41, ""fnonnat"": 1.0, ""nonnat_count"": 13, ""model_total"": 13, ""clashes"": 1, ""len1"": 182, ""len2"": 217, ""class1"": ""ligand"", ""class2"": ""receptor"", ""is_het"": false, ""chain1"": ""C"", ""chain2"": ""A"", ""chain_map"": {""A"": ""C"", ""H"": ""A"", ""L"": ""B""}}, ""AL"": {""DockQ"": 0.02372384748951409, ""F1"": 0.0, ""iRMSD"": 15.234596069090255, ""LRMSD"": 33.1844353911912, ""fnat"": 0, ""nat_correct"": 0, ""nat_total"": 26, ""fnonnat"": 1.0, ""nonnat_count"": 26, ""model_total"": 26, ""clashes"": 1, ""len1"": 182, ""len2"": 215, ""class1"": ""ligand"", ""class2"": ""receptor"", ""is_het"": false, ""chain1"": ""C"", ""chain2"": ""B"", ""chain_map"": {""A"": ""C"", ""H"": ""A"", ""L"": ""B""}}, ""HL"": {""DockQ"": 0.8406022559372895, ""F1"": 0.9027237354085603, ""iRMSD"": 1.1329783875041743, ""LRMSD"": 0.7257865621950247, ""fnat"": 0.8923076923076924, ""nat_correct"": 116, ""nat_total"": 130, ""fnonnat"": 0.08661417322834646, ""nonnat_count"": 11, ""model_total"": 127, ""clashes"": 0, ""len1"": 217, ""len2"": 215, ""class1"": ""receptor"", ""class2"": ""ligand"", ""is_het"": false, ""chain1"": ""A"", ""chain2"": ""B"", ""chain_map"": {""A"": ""C"", ""H"": ""A"", ""L"": ""B""}}}, ""GlobalDockQ"": 0.29587800165796935, ""best_mapping"": {""A"": ""C"", ""H"": ""A"", ""L"": ""B""}, ""best_mapping_str"": ""CAB:AHL""}"
8jyr	3	"{""model"": ""/tmp/chai1_dockq/8jyr_trunk3.pdb"", ""native"": ""pdb_structures/8jyr.pdb"", ""best_dockq"": 0.8679357399364694, ""best_result"": {""AH"": {""DockQ"": 0.018495841188768947, ""F1"": 0.0, ""iRMSD"": 17.238276917043446, ""LRMSD"": 37.86574885091436, ""fnat"": 0, ""nat_correct"": 0, ""nat_total"": 41, ""fnonnat"": 1.0, ""nonnat_count"": 14, ""model_total"": 14, ""clashes"": 1, ""len1"": 182, ""len2"": 217, ""class1"": ""ligand"", ""class2"": ""receptor"", ""is_het"": false, ""chain1"": ""C"", ""chain2"": ""A"", ""chain_map"": {""A"": ""C"", ""H"": ""A"", ""L"": ""B""}}, ""AL"": {""DockQ"": 0.019474595048784616, ""F1"": 0.0, ""iRMSD"": 15.499636088003946, ""LRMSD"": 37.388357737395346, ""fnat"": 0, ""nat_correct"": 0, ""nat_total"": 26, ""fnonnat"": 1.0, ""nonnat_count"": 21, ""model_total"": 21, ""clashes"": 0, ""len1"": 182, ""len2"": 215, ""class1"": ""ligand"", ""class2"": ""receptor"", ""is_het"": false, ""chain1"": ""C"", ""chain2"": ""B"", ""chain_map"": {""A"": ""C"", ""H"": ""A"", ""L"": ""B""}}, ""HL"": {""DockQ"": 0.8299653036989159, ""F1"": 0.888030888030888, ""iRMSD"": 1.1808684392358688, ""LRMSD"": 0.9405722686362774, ""fnat"": 0.8846153846153846, ""nat_correct"": 115, ""nat_total"": 130, ""fnonnat"": 0.10852713178294573, ""nonnat_count"": 14, ""model_total"": 129, ""clashes"": 0, ""len1"": 217, ""len2"": 215, ""class1"": ""receptor"", ""class2"": ""ligand"", ""is_het"": false, ""chain1"": ""A"", ""chain2"": ""B"", ""chain_map"": {""A"": ""C"", ""H"": ""A"", ""L"": ""B""}}}, ""GlobalDockQ"": 0.2893119133121565, ""best_mapping"": {""A"": ""C"", ""H"": ""A"", ""L"": ""B""}, ""best_mapping_str"": ""CAB:AHL""}"
8jyr	4	"{""model"": ""/tmp/chai1_dockq/8jyr_trunk4.pdb"", ""native"": ""pdb_structures/8jyr.pdb"", ""best_dockq"": 0.9134600127225696, ""best_result"": {""AH"": {""DockQ"": 0.026371284600337344, ""F1"": 0.0, ""iRMSD"": 16.49412624448651, ""LRMSD"": 30.76731900826011, ""fnat"": 0, ""nat_correct"": 0, ""nat_total"": 41, ""fnonnat"": 1.0, ""nonnat_count"": 16, ""model_total"": 16, ""clashes"": 1, ""len1"": 182, ""len2"": 217, ""class1"": ""ligand"", ""class2"": ""receptor"", ""is_het"": false, ""chain1"": ""C"", ""chain2"": ""A"", ""chain_map"": {""A"": ""C"", ""H"": ""A"", ""L"": ""B""}}, ""AL"": {""DockQ"": 0.026641260148116668, ""F1"": 0.0, ""iRMSD"": 15.42738074618614, ""LRMSD"": 30.849962528585184, ""fnat"": 0, ""nat_correct"": 0, ""nat_total"": 26, ""fnonnat"": 1.0, ""nonnat_count"": 21, ""model_total"": 21, ""clashes"": 1, ""len1"": 182, ""len2"": 215, ""class1"": ""ligand"", ""class2"": ""receptor"", ""is_het"": false, ""chain1"": ""C"", ""chain2"": ""B"", ""chain_map"": {""A"": ""C"", ""H"": ""A"", ""L"": ""B""}}, ""HL"": {""DockQ"": 0.8604474679741156, ""F1"": 0.9212598425196851, ""iRMSD"": 1.0136169160557378, ""LRMSD"": 0.6129595371965987, ""fnat"": 0.9, ""nat_correct"": 117, ""nat_total"": 130, ""fnonnat"": 0.056451612903225805, ""nonnat_count"": 7, ""model_total"": 124, ""clashes"": 0, ""len1"": 217, ""len2"": 215, ""class1"": ""receptor"", ""class2"": ""ligand"", ""is_het"": false, ""chain1"": ""A"", ""chain2"": ""B"", ""chain_map"": {""A"": ""C"", ""H"": ""A"", ""L"": ""B""}}}, ""GlobalDockQ"": 0.3044866709075232, ""best_mapping"": {""A"": ""C"", ""H"": ""A"", ""L"": ""B""}, ""best_mapping_str"": ""CAB:AHL""}"
8k33	0	"{""model"": ""/tmp/chai1_dockq/8k33_trunk0.pdb"", ""native"": ""pdb_structures/8k33.pdb"", ""best_dockq"": 0.13253354515900415, ""best_result"": {""JI"": {""DockQ"": 0.13253354515900415, ""F1"": 0.23404255319148937, ""iRMSD"": 6.3067592181046805, ""LRMSD"": 21.377536478667018, ""fnat"": 0.20754716981132076, ""nat_correct"": 11, ""nat_total"": 53, ""fnonnat"": 0.7317073170731707, ""nonnat_count"": 30, ""model_total"": 41, ""clashes"": 0, ""len1"": 115, ""len2"": 153, ""class1"": ""ligand"", ""class2"": ""receptor"", ""is_het"": false, ""chain1"": ""A"", ""chain2"": ""B"", ""chain_map"": {""J"": ""A"", ""I"": ""B""}}}, ""GlobalDockQ"": 0.13253354515900415, ""best_mapping"": {""J"": ""A"", ""I"": ""B""}, ""best_mapping_str"": ""AB:JI""}"
8k33	1	"{""model"": ""/tmp/chai1_dockq/8k33_trunk1.pdb"", ""native"": ""pdb_structures/8k33.pdb"", ""best_dockq"": 0.07656042624766474, ""best_result"": {""JI"": {""DockQ"": 0.07656042624766474, ""F1"": 0.13043478260869565, ""iRMSD"": 9.271869588781005, ""LRMSD"": 26.869686184727964, ""fnat"": 0.11320754716981132, ""nat_correct"": 6, ""nat_total"": 53, ""fnonnat"": 0.8461538461538461, ""nonnat_count"": 33, ""model_total"": 39, ""clashes"": 1, ""len1"": 115, ""len2"": 153, ""class1"": ""ligand"", ""class2"": ""receptor"", ""is_het"": false, ""chain1"": ""A"", ""chain2"": ""B"", ""chain_map"": {""J"": ""A"", ""I"": ""B""}}}, ""GlobalDockQ"": 0.07656042624766474, ""best_mapping"": {""J"": ""A"", ""I"": ""B""}, ""best_mapping_str"": ""AB:JI""}"
8k33	2	"{""model"": ""/tmp/chai1_dockq/8k33_trunk2.pdb"", ""native"": ""pdb_structures/8k33.pdb"", ""best_dockq"": 0.08365969927149537, ""best_result"": {""JI"": {""DockQ"": 0.08365969927149537, ""F1"": 0.14432989690721648, ""iRMSD"": 9.163210382754711, ""LRMSD"": 26.575486754970022, ""fnat"": 0.1320754716981132, ""nat_correct"": 7, ""nat_total"": 53, ""fnonnat"": 0.8409090909090909, ""nonnat_count"": 37, ""model_total"": 44, ""clashes"": 0, ""len1"": 115, ""len2"": 153, ""class1"": ""ligand"", ""class2"": ""receptor"", ""is_het"": false, ""chain1"": ""A"", ""chain2"": ""B"", ""chain_map"": {""J"": ""A"", ""I"": ""B""}}}, ""GlobalDockQ"": 0.08365969927149537, ""best_mapping"": {""J"": ""A"", ""I"": ""B""}, ""best_mapping_str"": ""AB:JI""}"
8k33	3	"{""model"": ""/tmp/chai1_dockq/8k33_trunk3.pdb"", ""native"": ""pdb_structures/8k33.pdb"", ""best_dockq"": 0.18684953106754332, ""best_result"": {""XW"": {""DockQ"": 0.18684953106754332, ""F1"": 0.2736842105263158, ""iRMSD"": 5.906210245621256, ""LRMSD"": 15.12768087036559, ""fnat"": 0.26, ""nat_correct"": 13, ""nat_total"": 50, ""fnonnat"": 0.7111111111111111, ""nonnat_count"": 32, ""model_total"": 45, ""clashes"": 0, ""len1"": 115, ""len2"": 153, ""class1"": ""ligand"", ""class2"": ""receptor"", ""is_het"": false, ""chain1"": ""A"", ""chain2"": ""B"", ""chain_map"": {""X"": ""A"", ""W"": ""B""}}}, ""GlobalDockQ"": 0.18684953106754332, ""best_mapping"": {""X"": ""A"", ""W"": ""B""}, ""best_mapping_str"": ""AB:XW""}"
8k33	4	"{""model"": ""/tmp/chai1_dockq/8k33_trunk4.pdb"", ""native"": ""pdb_structures/8k33.pdb"", ""best_dockq"": 0.19610628383200898, ""best_result"": {""JI"": {""DockQ"": 0.19610628383200898, ""F1"": 0.2711864406779661, ""iRMSD"": 5.707805876652123, ""LRMSD"": 15.920071326027884, ""fnat"": 0.3018867924528302, ""nat_correct"": 16, ""nat_total"": 53, ""fnonnat"": 0.7538461538461538, ""nonnat_count"": 49, ""model_total"": 65, ""clashes"": 1, ""len1"": 115, ""len2"": 153, ""class1"": ""ligand"", ""class2"": ""receptor"", ""is_het"": false, ""chain1"": ""A"", ""chain2"": ""B"", ""chain_map"": {""J"": ""A"", ""I"": ""B""}}}, ""GlobalDockQ"": 0.19610628383200898, ""best_mapping"": {""J"": ""A"", ""I"": ""B""}, ""best_mapping_str"": ""AB:JI""}"
8k3k	0	"{""model"": ""/tmp/chai1_dockq/8k3k_trunk0.pdb"", ""native"": ""pdb_structures/8k3k.pdb"", ""best_dockq"": 0.007092464408164718, ""best_result"": {""ED"": {""DockQ"": 0.007092464408164718, ""F1"": 0.0, ""iRMSD"": 17.887701175048306, ""LRMSD"": 70.58407828004384, ""fnat"": 0, ""nat_correct"": 0, ""nat_total"": 61, ""fnonnat"": 1.0, ""nonnat_count"": 63, ""model_total"": 63, ""clashes"": 0, ""len1"": 194, ""len2"": 143, ""class1"": ""receptor"", ""class2"": ""ligand"", ""is_het"": false, ""chain1"": ""B"", ""chain2"": ""A"", ""chain_map"": {""E"": ""B"", ""D"": ""A""}}}, ""GlobalDockQ"": 0.007092464408164718, ""best_mapping"": {""E"": ""B"", ""D"": ""A""}, ""best_mapping_str"": ""BA:ED""}"
8k3k	1	"{""model"": ""/tmp/chai1_dockq/8k3k_trunk1.pdb"", ""native"": ""pdb_structures/8k3k.pdb"", ""best_dockq"": 0.007531186042556567, ""best_result"": {""ED"": {""DockQ"": 0.007531186042556567, ""F1"": 0.0, ""iRMSD"": 18.548448976534296, ""LRMSD"": 66.4558888414961, ""fnat"": 0, ""nat_correct"": 0, ""nat_total"": 61, ""fnonnat"": 1.0, ""nonnat_count"": 71, ""model_total"": 71, ""clashes"": 1, ""len1"": 194, ""len2"": 143, ""class1"": ""receptor"", ""class2"": ""ligand"", ""is_het"": false, ""chain1"": ""B"", ""chain2"": ""A"", ""chain_map"": {""E"": ""B"", ""D"": ""A""}}}, ""GlobalDockQ"": 0.007531186042556567, ""best_mapping"": {""E"": ""B"", ""D"": ""A""}, ""best_mapping_str"": ""BA:ED""}"
8k3k	2	"{""model"": ""/tmp/chai1_dockq/8k3k_trunk2.pdb"", ""native"": ""pdb_structures/8k3k.pdb"", ""best_dockq"": 0.007038501882739773, ""best_result"": {""ED"": {""DockQ"": 0.007038501882739773, ""F1"": 0.0, ""iRMSD"": 18.980017157713302, ""LRMSD"": 69.09408807555829, ""fnat"": 0, ""nat_correct"": 0, ""nat_total"": 61, ""fnonnat"": 1.0, ""nonnat_count"": 63, ""model_total"": 63, ""clashes"": 0, ""len1"": 194, ""len2"": 143, ""class1"": ""receptor"", ""class2"": ""ligand"", ""is_het"": false, ""chain1"": ""B"", ""chain2"": ""A"", ""chain_map"": {""E"": ""B"", ""D"": ""A""}}}, ""GlobalDockQ"": 0.007038501882739773, ""best_mapping"": {""E"": ""B"", ""D"": ""A""}, ""best_mapping_str"": ""BA:ED""}"
8k3k	3	"{""model"": ""/tmp/chai1_dockq/8k3k_trunk3.pdb"", ""native"": ""pdb_structures/8k3k.pdb"", ""best_dockq"": 0.007258181228972711, ""best_result"": {""ED"": {""DockQ"": 0.007258181228972711, ""F1"": 0.0, ""iRMSD"": 18.76591522064697, ""LRMSD"": 67.90739368531874, ""fnat"": 0, ""nat_correct"": 0, ""nat_total"": 61, ""fnonnat"": 1.0, ""nonnat_count"": 55, ""model_total"": 55, ""clashes"": 1, ""len1"": 194, ""len2"": 143, ""class1"": ""receptor"", ""class2"": ""ligand"", ""is_het"": false, ""chain1"": ""B"", ""chain2"": ""A"", ""chain_map"": {""E"": ""B"", ""D"": ""A""}}}, ""GlobalDockQ"": 0.007258181228972711, ""best_mapping"": {""E"": ""B"", ""D"": ""A""}, ""best_mapping_str"": ""BA:ED""}"
8k3k	4	"{""model"": ""/tmp/chai1_dockq/8k3k_trunk4.pdb"", ""native"": ""pdb_structures/8k3k.pdb"", ""best_dockq"": 0.007081391953156089, ""best_result"": {""ED"": {""DockQ"": 0.007081391953156089, ""F1"": 0.0, ""iRMSD"": 18.869809401354576, ""LRMSD"": 68.96176223349902, ""fnat"": 0, ""nat_correct"": 0, ""nat_total"": 61, ""fnonnat"": 1.0, ""nonnat_count"": 68, ""model_total"": 68, ""clashes"": 1, ""len1"": 194, ""len2"": 143, ""class1"": ""receptor"", ""class2"": ""ligand"", ""is_het"": false, ""chain1"": ""B"", ""chain2"": ""A"", ""chain_map"": {""E"": ""B"", ""D"": ""A""}}}, ""GlobalDockQ"": 0.007081391953156089, ""best_mapping"": {""E"": ""B"", ""D"": ""A""}, ""best_mapping_str"": ""BA:ED""}"
8k3l	0	"{""model"": ""/tmp/chai1_dockq/8k3l_trunk0.pdb"", ""native"": ""pdb_structures/8k3l.pdb"", ""best_dockq"": 0.015089099165089931, ""best_result"": {""FE"": {""DockQ"": 0.015089099165089931, ""F1"": 0.0, ""iRMSD"": 14.446226504374522, ""LRMSD"": 44.89815174626878, ""fnat"": 0, ""nat_correct"": 0, ""nat_total"": 55, ""fnonnat"": 1.0, ""nonnat_count"": 41, ""model_total"": 41, ""clashes"": 0, ""len1"": 115, ""len2"": 153, ""class1"": ""ligand"", ""class2"": ""receptor"", ""is_het"": false, ""chain1"": ""A"", ""chain2"": ""B"", ""chain_map"": {""F"": ""A"", ""E"": ""B""}}}, ""GlobalDockQ"": 0.015089099165089931, ""best_mapping"": {""F"": ""A"", ""E"": ""B""}, ""best_mapping_str"": ""AB:FE""}"
8k3l	1	"{""model"": ""/tmp/chai1_dockq/8k3l_trunk1.pdb"", ""native"": ""pdb_structures/8k3l.pdb"", ""best_dockq"": 0.015612619189595134, ""best_result"": {""FE"": {""DockQ"": 0.015612619189595134, ""F1"": 0.0, ""iRMSD"": 14.069260150486421, ""LRMSD"": 44.24155110018183, ""fnat"": 0, ""nat_correct"": 0, ""nat_total"": 55, ""fnonnat"": 1.0, ""nonnat_count"": 36, ""model_total"": 36, ""clashes"": 0, ""len1"": 115, ""len2"": 153, ""class1"": ""ligand"", ""class2"": ""receptor"", ""is_het"": false, ""chain1"": ""A"", ""chain2"": ""B"", ""chain_map"": {""F"": ""A"", ""E"": ""B""}}}, ""GlobalDockQ"": 0.015612619189595134, ""best_mapping"": {""F"": ""A"", ""E"": ""B""}, ""best_mapping_str"": ""AB:FE""}"
8k3l	2	"{""model"": ""/tmp/chai1_dockq/8k3l_trunk2.pdb"", ""native"": ""pdb_structures/8k3l.pdb"", ""best_dockq"": 0.06547548798371482, ""best_result"": {""FE"": {""DockQ"": 0.06547548798371482, ""F1"": 0.09259259259259259, ""iRMSD"": 11.887656834733262, ""LRMSD"": 27.05385568337638, ""fnat"": 0.09090909090909091, ""nat_correct"": 5, ""nat_total"": 55, ""fnonnat"": 0.9056603773584906, ""nonnat_count"": 48, ""model_total"": 53, ""clashes"": 0, ""len1"": 115, ""len2"": 153, ""class1"": ""ligand"", ""class2"": ""receptor"", ""is_het"": false, ""chain1"": ""A"", ""chain2"": ""B"", ""chain_map"": {""F"": ""A"", ""E"": ""B""}}}, ""GlobalDockQ"": 0.06547548798371482, ""best_mapping"": {""F"": ""A"", ""E"": ""B""}, ""best_mapping_str"": ""AB:FE""}"
8k3l	3	"{""model"": ""/tmp/chai1_dockq/8k3l_trunk3.pdb"", ""native"": ""pdb_structures/8k3l.pdb"", ""best_dockq"": 0.07337322095026415, ""best_result"": {""FE"": {""DockQ"": 0.07337322095026415, ""F1"": 0.11320754716981132, ""iRMSD"": 11.957873719264205, ""LRMSD"": 26.1533871673649, ""fnat"": 0.10909090909090909, ""nat_correct"": 6, ""nat_total"": 55, ""fnonnat"": 0.8823529411764706, ""nonnat_count"": 45, ""model_total"": 51, ""clashes"": 0, ""len1"": 115, ""len2"": 153, ""class1"": ""ligand"", ""class2"": ""receptor"", ""is_het"": false, ""chain1"": ""A"", ""chain2"": ""B"", ""chain_map"": {""F"": ""A"", ""E"": ""B""}}}, ""GlobalDockQ"": 0.07337322095026415, ""best_mapping"": {""F"": ""A"", ""E"": ""B""}, ""best_mapping_str"": ""AB:FE""}"
8k3l	4	"{""model"": ""/tmp/chai1_dockq/8k3l_trunk4.pdb"", ""native"": ""pdb_structures/8k3l.pdb"", ""best_dockq"": 0.03022747246808724, ""best_result"": {""HG"": {""DockQ"": 0.03022747246808724, ""F1"": 0.020202020202020204, ""iRMSD"": 10.672177815115067, ""LRMSD"": 35.88404736030281, ""fnat"": 0.01818181818181818, ""nat_correct"": 1, ""nat_total"": 55, ""fnonnat"": 0.9772727272727273, ""nonnat_count"": 43, ""model_total"": 44, ""clashes"": 1, ""len1"": 125, ""len2"": 153, ""class1"": ""ligand"", ""class2"": ""receptor"", ""is_het"": false, ""chain1"": ""A"", ""chain2"": ""B"", ""chain_map"": {""H"": ""A"", ""G"": ""B""}}}, ""GlobalDockQ"": 0.03022747246808724, ""best_mapping"": {""H"": ""A"", ""G"": ""B""}, ""best_mapping_str"": ""AB:HG""}"
8opr	0	"{""model"": ""/tmp/chai1_dockq/8opr_trunk0.pdb"", ""native"": ""pdb_structures/8opr.pdb"", ""best_dockq"": 0.032573199606512566, ""best_result"": {""BA"": {""DockQ"": 0.032573199606512566, ""F1"": 0.0, ""iRMSD"": 16.738280933372003, ""LRMSD"": 27.069158299708683, ""fnat"": 0, ""nat_correct"": 0, ""nat_total"": 71, ""fnonnat"": 1.0, ""nonnat_count"": 62, ""model_total"": 62, ""clashes"": 1, ""len1"": 120, ""len2"": 651, ""class1"": ""ligand"", ""class2"": ""receptor"", ""is_het"": false, ""chain1"": ""A"", ""chain2"": ""B"", ""chain_map"": {""B"": ""A"", ""A"": ""B""}}}, ""GlobalDockQ"": 0.032573199606512566, ""best_mapping"": {""B"": ""A"", ""A"": ""B""}, ""best_mapping_str"": ""AB:BA""}"
8opr	1	"{""model"": ""/tmp/chai1_dockq/8opr_trunk1.pdb"", ""native"": ""pdb_structures/8opr.pdb"", ""best_dockq"": 0.008357968699522239, ""best_result"": {""BA"": {""DockQ"": 0.008357968699522239, ""F1"": 0.0, ""iRMSD"": 24.714654207047897, ""LRMSD"": 57.47448256255408, ""fnat"": 0, ""nat_correct"": 0, ""nat_total"": 71, ""fnonnat"": 1.0, ""nonnat_count"": 52, ""model_total"": 52, ""clashes"": 0, ""len1"": 120, ""len2"": 651, ""class1"": ""ligand"", ""class2"": ""receptor"", ""is_het"": false, ""chain1"": ""A"", ""chain2"": ""B"", ""chain_map"": {""B"": ""A"", ""A"": ""B""}}}, ""GlobalDockQ"": 0.008357968699522239, ""best_mapping"": {""B"": ""A"", ""A"": ""B""}, ""best_mapping_str"": ""AB:BA""}"
8opr	2	"{""model"": ""/tmp/chai1_dockq/8opr_trunk2.pdb"", ""native"": ""pdb_structures/8opr.pdb"", ""best_dockq"": 0.033700349028276726, ""best_result"": {""BA"": {""DockQ"": 0.033700349028276726, ""F1"": 0.026143790849673203, ""iRMSD"": 16.016164869415036, ""LRMSD"": 32.44212871398533, ""fnat"": 0.028169014084507043, ""nat_correct"": 2, ""nat_total"": 71, ""fnonnat"": 0.975609756097561, ""nonnat_count"": 80, ""model_total"": 82, ""clashes"": 2, ""len1"": 120, ""len2"": 651, ""class1"": ""ligand"", ""class2"": ""receptor"", ""is_het"": false, ""chain1"": ""A"", ""chain2"": ""B"", ""chain_map"": {""B"": ""A"", ""A"": ""B""}}}, ""GlobalDockQ"": 0.033700349028276726, ""best_mapping"": {""B"": ""A"", ""A"": ""B""}, ""best_mapping_str"": ""AB:BA""}"
8opr	3	"{""model"": ""/tmp/chai1_dockq/8opr_trunk3.pdb"", ""native"": ""pdb_structures/8opr.pdb"", ""best_dockq"": 0.059596810803281365, ""best_result"": {""BA"": {""DockQ"": 0.059596810803281365, ""F1"": 0.11173184357541899, ""iRMSD"": 20.364768701609115, ""LRMSD"": 46.34066352949822, ""fnat"": 0.14084507042253522, ""nat_correct"": 10, ""nat_total"": 71, ""fnonnat"": 0.9074074074074074, ""nonnat_count"": 98, ""model_total"": 108, ""clashes"": 1, ""len1"": 120, ""len2"": 651, ""class1"": ""ligand"", ""class2"": ""receptor"", ""is_het"": false, ""chain1"": ""A"", ""chain2"": ""B"", ""chain_map"": {""B"": ""A"", ""A"": ""B""}}}, ""GlobalDockQ"": 0.059596810803281365, ""best_mapping"": {""B"": ""A"", ""A"": ""B""}, ""best_mapping_str"": ""AB:BA""}"
8opr	4	"{""model"": ""/tmp/chai1_dockq/8opr_trunk4.pdb"", ""native"": ""pdb_structures/8opr.pdb"", ""best_dockq"": 0.023469354373764514, ""best_result"": {""BA"": {""DockQ"": 0.023469354373764514, ""F1"": 0.0, ""iRMSD"": 20.34711213584392, ""LRMSD"": 32.2372751765296, ""fnat"": 0, ""nat_correct"": 0, ""nat_total"": 71, ""fnonnat"": 1.0, ""nonnat_count"": 97, ""model_total"": 97, ""clashes"": 4, ""len1"": 120, ""len2"": 651, ""class1"": ""ligand"", ""class2"": ""receptor"", ""is_het"": false, ""chain1"": ""A"", ""chain2"": ""B"", ""chain_map"": {""B"": ""A"", ""A"": ""B""}}}, ""GlobalDockQ"": 0.023469354373764514, ""best_mapping"": {""B"": ""A"", ""A"": ""B""}, ""best_mapping_str"": ""AB:BA""}"
8oww	0	"{""model"": ""/tmp/chai1_dockq/8oww_trunk0.pdb"", ""native"": ""pdb_structures/8oww.pdb"", ""best_dockq"": 0.010906158541380176, ""best_result"": {""AB"": {""DockQ"": 0.010906158541380176, ""F1"": 0.0, ""iRMSD"": 17.317577467789082, ""LRMSD"": 52.788892532394996, ""fnat"": 0, ""nat_correct"": 0, ""nat_total"": 57, ""fnonnat"": 1.0, ""nonnat_count"": 54, ""model_total"": 54, ""clashes"": 0, ""len1"": 198, ""len2"": 123, ""class1"": ""receptor"", ""class2"": ""ligand"", ""is_het"": false, ""chain1"": ""B"", ""chain2"": ""A"", ""chain_map"": {""A"": ""B"", ""B"": ""A""}}}, ""GlobalDockQ"": 0.010906158541380176, ""best_mapping"": {""A"": ""B"", ""B"": ""A""}, ""best_mapping_str"": ""BA:AB""}"
8oww	1	"{""model"": ""/tmp/chai1_dockq/8oww_trunk1.pdb"", ""native"": ""pdb_structures/8oww.pdb"", ""best_dockq"": 0.01093392747684682, ""best_result"": {""AB"": {""DockQ"": 0.01093392747684682, ""F1"": 0.0, ""iRMSD"": 17.26413639069873, ""LRMSD"": 52.74877782462708, ""fnat"": 0, ""nat_correct"": 0, ""nat_total"": 57, ""fnonnat"": 1.0, ""nonnat_count"": 52, ""model_total"": 52, ""clashes"": 0, ""len1"": 198, ""len2"": 123, ""class1"": ""receptor"", ""class2"": ""ligand"", ""is_het"": false, ""chain1"": ""B"", ""chain2"": ""A"", ""chain_map"": {""A"": ""B"", ""B"": ""A""}}}, ""GlobalDockQ"": 0.01093392747684682, ""best_mapping"": {""A"": ""B"", ""B"": ""A""}, ""best_mapping_str"": ""BA:AB""}"
8oww	2	"{""model"": ""/tmp/chai1_dockq/8oww_trunk2.pdb"", ""native"": ""pdb_structures/8oww.pdb"", ""best_dockq"": 0.010987004644671837, ""best_result"": {""AB"": {""DockQ"": 0.010987004644671837, ""F1"": 0.0, ""iRMSD"": 17.42315160359097, ""LRMSD"": 52.436751123561315, ""fnat"": 0, ""nat_correct"": 0, ""nat_total"": 57, ""fnonnat"": 1.0, ""nonnat_count"": 50, ""model_total"": 50, ""clashes"": 0, ""len1"": 198, ""len2"": 123, ""class1"": ""receptor"", ""class2"": ""ligand"", ""is_het"": false, ""chain1"": ""B"", ""chain2"": ""A"", ""chain_map"": {""A"": ""B"", ""B"": ""A""}}}, ""GlobalDockQ"": 0.010987004644671837, ""best_mapping"": {""A"": ""B"", ""B"": ""A""}, ""best_mapping_str"": ""BA:AB""}"
8oww	3	"{""model"": ""/tmp/chai1_dockq/8oww_trunk3.pdb"", ""native"": ""pdb_structures/8oww.pdb"", ""best_dockq"": 0.01117993396083592, ""best_result"": {""AB"": {""DockQ"": 0.01117993396083592, ""F1"": 0.0, ""iRMSD"": 17.972250284315532, ""LRMSD"": 51.397103385380774, ""fnat"": 0, ""nat_correct"": 0, ""nat_total"": 57, ""fnonnat"": 1.0, ""nonnat_count"": 49, ""model_total"": 49, ""clashes"": 1, ""len1"": 198, ""len2"": 123, ""class1"": ""receptor"", ""class2"": ""ligand"", ""is_het"": false, ""chain1"": ""B"", ""chain2"": ""A"", ""chain_map"": {""A"": ""B"", ""B"": ""A""}}}, ""GlobalDockQ"": 0.01117993396083592, ""best_mapping"": {""A"": ""B"", ""B"": ""A""}, ""best_mapping_str"": ""BA:AB""}"
8oww	4	"{""model"": ""/tmp/chai1_dockq/8oww_trunk4.pdb"", ""native"": ""pdb_structures/8oww.pdb"", ""best_dockq"": 0.010924786149013122, ""best_result"": {""AB"": {""DockQ"": 0.010924786149013122, ""F1"": 0.0, ""iRMSD"": 17.645369719132816, ""LRMSD"": 52.440779425927495, ""fnat"": 0, ""nat_correct"": 0, ""nat_total"": 57, ""fnonnat"": 1.0, ""nonnat_count"": 43, ""model_total"": 43, ""clashes"": 0, ""len1"": 198, ""len2"": 123, ""class1"": ""receptor"", ""class2"": ""ligand"", ""is_het"": false, ""chain1"": ""B"", ""chain2"": ""A"", ""chain_map"": {""A"": ""B"", ""B"": ""A""}}}, ""GlobalDockQ"": 0.010924786149013122, ""best_mapping"": {""A"": ""B"", ""B"": ""A""}, ""best_mapping_str"": ""BA:AB""}"
8h63	2	"{""model"": ""/tmp/chai1_dockq/8h63_trunk2.pdb"", ""native"": ""pdb_structures/8h63.pdb"", ""best_dockq"": 0.7130516454670511, ""best_result"": {""AB"": {""DockQ"": 0.7130516454670511, ""F1"": 0.6405228758169934, ""iRMSD"": 1.3928818257991933, ""LRMSD"": 2.3150263044885695, ""fnat"": 0.6712328767123288, ""nat_correct"": 49, ""nat_total"": 73, ""fnonnat"": 0.3875, ""nonnat_count"": 31, ""model_total"": 80, ""clashes"": 0, ""len1"": 462, ""len2"": 119, ""class1"": ""receptor"", ""class2"": ""ligand"", ""is_het"": false, ""chain1"": ""B"", ""chain2"": ""A"", ""chain_map"": {""A"": ""B"", ""B"": ""A""}}}, ""GlobalDockQ"": 0.7130516454670511, ""best_mapping"": {""A"": ""B"", ""B"": ""A""}, ""best_mapping_str"": ""BA:AB""}"
8jel	1	"{""model"": ""/tmp/chai1_dockq/8jel_trunk1.pdb"", ""native"": ""pdb_structures/8jel.pdb"", ""best_dockq"": 0.9402044411332072, ""best_result"": {""CD"": {""DockQ"": 0.8022124713579446, ""F1"": 0.8767123287671232, ""iRMSD"": 1.405560260020111, ""LRMSD"": 1.3049763474988159, ""fnat"": 0.897196261682243, ""nat_correct"": 96, ""nat_total"": 107, ""fnonnat"": 0.14285714285714285, ""nonnat_count"": 16, ""model_total"": 112, ""clashes"": 1, ""len1"": 216, ""len2"": 214, ""class1"": ""receptor"", ""class2"": ""ligand"", ""is_het"": false, ""chain1"": ""A"", ""chain2"": ""B"", ""chain_map"": {""C"": ""A"", ""D"": ""B"", ""L"": ""C""}}, ""CJ"": {""DockQ"": 0.06738842504509789, ""F1"": 0.0, ""iRMSD"": 10.62077935117957, ""LRMSD"": 17.983456370105245, ""fnat"": 0, ""nat_correct"": 0, ""nat_total"": 33, ""fnonnat"": 1.0, ""nonnat_count"": 45, ""model_total"": 45, ""clashes"": 0, ""len1"": 216, ""len2"": 108, ""class1"": ""receptor"", ""class2"": ""ligand"", ""is_het"": false, ""chain1"": ""A"", ""chain2"": ""C"", ""chain_map"": {""C"": ""A"", ""B"": ""B"", ""J"": ""C""}}, ""DJ"": {""DockQ"": 0.07060354473016474, ""F1"": 0.0, ""iRMSD"": 8.721905182786085, ""LRMSD"": 17.95494059971384, ""fnat"": 0, ""nat_correct"": 0, ""nat_total"": 24, ""fnonnat"": 1.0, ""nonnat_count"": 25, ""model_total"": 25, ""clashes"": 0, ""len1"": 214, ""len2"": 108, ""class1"": ""receptor"", ""class2"": ""ligand"", ""is_het"": false, ""chain1"": ""B"", ""chain2"": ""C"", ""chain_map"": {""C"": ""A"", ""D"": ""B"", ""J"": ""C""}}}, ""GlobalDockQ"": 0.31340148037773574, ""best_mapping"": {""C"": ""A"", ""D"": ""B"", ""J"": ""C""}, ""best_mapping_str"": ""ABC:CDJ""}"
