pdb	seed_dir	DockQ_HA	iRMSD_HA	fnat_HA	DockQ_LA
7y3o	seed_1181241943	0.02582482367454711	17.42418115780891	0.0	0.027297600879154654
7y3o	seed_1812140441	0.05469622996311733	10.072356093818627	0.0	0.05346052813466109
7y3o	seed_2746317213	0.0711726926321482	9.24648445423073	0.029411764705882353	0.06561315468831123
7y3o	seed_3163119785	0.020688454355260864	15.416458102966194	0.0	0.020587437626091203
7y3o	seed_958682846	0.03447111123097895	13.85997678109038	0.0	0.03821675236952537
7yds	seed_1181241943	0.02767038771336927	11.767137601972284	0.0	0.05861791896780719
7yds	seed_1812140441	0.044973930953317996	10.414713775271663	0.0	0.0745682110580396
7yds	seed_2746317213	0.035037538695550076	10.793243178363566	0.0	0.06537410077039296
7yds	seed_3163119785	0.048555746804078585	10.086578495962263	0.0	0.07825006829093031
7yds	seed_958682846	0.2958677072300397	3.5947269109248903	0.2647058823529412	0.2757104271324535
7yv1	seed_1181241943	0.03871129890241439	9.993688351211434	0.0	0.03800616705801867
7yv1	seed_1812140441	0.026466362366482945	14.502108988077097	0.0	0.024913065031223702
7yv1	seed_2746317213	0.03312235762531348	14.354955330817758	0.0	0.03426976781951645
7yv1	seed_3163119785	0.02954466910336156	13.554274899014496	0.0	0.027093155958982425
7yv1	seed_958682846	0.031055743254754218	12.622414230618666	0.0	0.02875886221569821
7z1x	seed_1181241943	0.39694545686760185	1.6692415403563072	0.660377358490566	
7z1x	seed_1812140441				
7z1x	seed_2746317213				
7z1x	seed_3163119785				
7z1x	seed_958682846				
7zau	seed_1181241943				
7zau	seed_1812140441				
7zau	seed_2746317213				
7zau	seed_3163119785				
7zau	seed_958682846				
7zoz	seed_1181241943	0.04076862241487678	10.409373969348916	0.0	0.041438349560299695
7zoz	seed_1812140441	0.052728476030863926	9.629379289351128	0.0	0.048420264597778956
7zoz	seed_2746317213	0.10438247141434986	7.8591948508250535	0.12121212121212122	0.1233924564858645
7zoz	seed_3163119785	0.07392625661413764	10.711843867674908	0.06060606060606061	0.15175333473105493
7zoz	seed_958682846	0.055039512836661336	10.455968916437829	0.0	0.07019922029135103
8a44	seed_1181241943	0.006154971899843581	16.183540001184436	0.0	0.003986870220040731
8a44	seed_1812140441	0.003939512282391581	19.326488369330665	0.0	0.003279570679971267
8a44	seed_2746317213	0.006804160803368144	15.675524621738585	0.0	0.004332507295391161
8a44	seed_3163119785	0.003870240949733457	19.45654637634281	0.0	0.0032760174376120486
8a44	seed_958682846	0.01033053612881187	10.756680061313327	0.0	0.009102346121021261
8acf	seed_1181241943	0.690799033404061	0.988107593314308	0.7959183673469388	0.7618968801852853
8acf	seed_1812140441	0.8009790300642177	0.9080860349588067	0.8367346938775511	0.9082319974476712
8acf	seed_2746317213	0.6939298291585243	0.9843485187823653	0.8163265306122449	0.7504302048473775
8acf	seed_3163119785	0.6684808829529657	1.0146636433391623	0.7755102040816326	0.7476739740673882
8acf	seed_958682846	0.6509793758659138	1.0292200766520818	0.7346938775510204	0.7059711008760533
8aci	seed_1181241943	0.7555554053772465	0.6104565306507646	0.851063829787234	0.8030436071638066
8aci	seed_1812140441	0.7394877979289721	0.6688054411200282	0.851063829787234	0.8013469982212005
8aci	seed_2746317213	0.8398978058141089	0.6307882443424835	0.8297872340425532	0.9206633674662008
8aci	seed_3163119785	0.7642233837455672	0.6459429681147882	0.851063829787234	0.7960426366174796
8aci	seed_958682846	0.6988697307388271	0.7109470256106507	0.7872340425531915	0.7082633712642644
8aok	seed_1181241943	0.5034256401875847	2.161940616590826	0.4423076923076923	
8aok	seed_1812140441	0.5126611623575631	2.5885277382509817	0.5769230769230769	
8aok	seed_2746317213	0.5054803010988421	2.2146198892910673	0.5384615384615384	
8aok	seed_3163119785	0.5023464489381179	2.310441690578305	0.4423076923076923	
8aok	seed_958682846	0.5019397377681413	2.339530333691177	0.5961538461538461	
8aom	seed_1181241943	0.8474233823991749	0.7226724992720397	0.9318181818181818	
8aom	seed_1812140441	0.7923009939974911	0.9608013295503931	0.9090909090909091	
8aom	seed_2746317213	0.9157793642702069	0.47708025339941224	0.9318181818181818	
8aom	seed_3163119785	0.7948647191452386	1.0535401602368286	0.9318181818181818	
8aom	seed_958682846	0.7703977005065107	1.0671699245427653	0.9318181818181818	
8apy	seed_1181241943	0.8530997094356331	0.8748233914183204	0.8289473684210527	
8apy	seed_1812140441	0.8546105811429708	0.8415780288875305	0.8157894736842105	
8apy	seed_2746317213	0.8484913805494708	0.8478651637639991	0.8026315789473685	
8apy	seed_3163119785	0.8536263594291221	0.8509251975359475	0.8157894736842105	
8apy	seed_958682846	0.8693995069438752	0.829331476112642	0.8552631578947368	
8b17	seed_1181241943	0.9176266596584264	0.5274404501011041	0.8987341772151899	
8b17	seed_1812140441	0.680004816809129	1.1892378097131342	0.6835443037974683	
8b17	seed_2746317213	0.9271404057470688	0.45245063933358926	0.9240506329113924	
8b17	seed_3163119785	0.4299355384714884	2.007995156105899	0.45569620253164556	
8b17	seed_958682846	0.890641765620498	0.6147800651007556	0.8987341772151899	
8b18	seed_1181241943	0.9270349046660443	0.5116660690599978	0.922077922077922	
8b18	seed_1812140441	0.6963896585879111	1.1697939654146001	0.7142857142857143	
8b18	seed_2746317213	0.9301756352058588	0.44115275999882814	0.935064935064935	
8b18	seed_3163119785	0.44242832139940863	1.9850538456456381	0.4805194805194805	
8b18	seed_958682846	0.8958154130256966	0.6031409954764477	0.9090909090909091	
8b19	seed_1181241943	0.928226602855248	0.48086867141291134	0.9102564102564102	
8b19	seed_1812140441	0.6898507600362908	1.1740777779085982	0.6923076923076923	
8b19	seed_2746317213	0.9331914695231855	0.42934648817822185	0.9358974358974359	
8b19	seed_3163119785	0.4400909561031831	2.0001609979648234	0.47435897435897434	
8b19	seed_958682846	0.8959985382465995	0.5876502911860737	0.8974358974358975	
8b1a	seed_1181241943	0.9166169644210784	0.515704539086776	0.8987341772151899	
8b1a	seed_1812140441	0.6859846799539436	1.174679210789166	0.6835443037974683	
8b1a	seed_2746317213	0.9210004356265212	0.4614732317815954	0.9240506329113924	
8b1a	seed_3163119785	0.43865782010511006	1.9992065057083976	0.46835443037974683	
8b1a	seed_958682846	0.8849505543649633	0.6095666335672802	0.8860759493670886	
8b1d	seed_1181241943	0.9378746504490821	0.5035946693455416	0.9452054794520548	
8b1d	seed_1812140441	0.7085393831812853	1.1593314684486709	0.7397260273972602	
8b1d	seed_2746317213	0.9446152848462394	0.4415489038066384	0.9726027397260274	
8b1d	seed_3163119785	0.45341949262544484	1.9734914078603336	0.5068493150684932	
8b1d	seed_958682846	0.908150857436409	0.5890220035511201	0.9315068493150684	
8b1e	seed_1181241943	0.9259939233206124	0.5058102886372948	0.92	
8b1e	seed_1812140441	0.695356241731948	1.178962246389168	0.7066666666666667	
8b1e	seed_2746317213	0.9304050958965283	0.4490245033183612	0.9466666666666667	
8b1e	seed_3163119785	0.4439737646209027	2.001990493384304	0.48	
8b1e	seed_958682846	0.8898337283867814	0.6040018730728008	0.8933333333333333	
8b1f	seed_1181241943	0.9224842284968502	0.5346601544092197	0.9210526315789473	
8b1f	seed_1812140441	0.6917949122251089	1.1804917839827522	0.6973684210526315	
8b1f	seed_2746317213	0.9229008330767462	0.4742963296946503	0.9342105263157895	
8b1f	seed_3163119785	0.44320202987065843	1.9862590404038285	0.47368421052631576	
8b1f	seed_958682846	0.8914847760938135	0.6237734607878895	0.9078947368421053	
8b1g	seed_1181241943	0.9201779347135252	0.5761154368544825	0.9342105263157895	
8b1g	seed_1812140441	0.6998021620395641	1.1750869134452953	0.7236842105263158	
8b1g	seed_2746317213	0.9219255932631518	0.5091025980313454	0.9473684210526315	
8b1g	seed_3163119785	0.45752678476705033	1.9584273650407933	0.5131578947368421	
8b1g	seed_958682846	0.8817585498696966	0.6510160867370558	0.8947368421052632	
8b7h	seed_1181241943	0.6198107951710864	1.3674033215741648	0.7575757575757576	0.7021191178859546
8b7h	seed_1812140441	0.696337806072771	1.5442297411020627	0.8484848484848485	0.7795017268353575
8b7h	seed_2746317213	0.726160930385365	1.1237359510636484	0.8181818181818182	0.7872814246673056
8b7h	seed_3163119785	0.6404214785070337	1.8530567749615414	0.7272727272727273	0.7481012206934423
8b7h	seed_958682846	0.720491751283464	1.164646032221418	0.7272727272727273	0.8064197244917594
8be2	seed_1181241943	0.48364133292705086	1.365812959982623	0.6981132075471698	
8be2	seed_1812140441	0.4085023103876601	1.707406991535785	0.5849056603773585	
8be2	seed_2746317213	0.7593511489228685	1.0756958505812708	0.7169811320754716	
8be2	seed_3163119785	0.7237134108465808	1.3299734379690165	0.6981132075471698	
8be2	seed_958682846	0.5111483973079213	1.172521631492724	0.7169811320754716	
8bec	seed_1181241943	0.01032436914320132	26.877361041760572	0.0	
8bec	seed_1812140441	0.010323443885207449	25.775035114871763	0.0	
8bec	seed_2746317213				
8bec	seed_3163119785	0.007068157633170892	31.286296629208664	0.0	
8bec	seed_958682846	0.06171577297079204	19.123689270867143	0.14444444444444443	
8bg2	seed_1181241943				
8bg2	seed_1812140441				
8bg2	seed_2746317213	0.012400736055072832	24.064340251402367	0.0	
8bg2	seed_3163119785				
8bg2	seed_958682846				
8bg3	seed_1181241943				
8bg3	seed_1812140441				
8bg3	seed_2746317213				
8bg3	seed_3163119785				
8bg3	seed_958682846				
8bg4	seed_1181241943	0.02705076817144649	21.6374996607462	0.05714285714285714	
8bg4	seed_1812140441	0.03006884695417722	19.616674012243834	0.06666666666666667	
8bg4	seed_2746317213				
8bg4	seed_3163119785				
8bg4	seed_958682846	0.02353682393124144	22.558523319586296	0.047619047619047616	
8bg5	seed_1181241943				
8bg5	seed_1812140441				
8bg5	seed_2746317213				
8bg5	seed_3163119785				
8bg5	seed_958682846				
8bk2	seed_1181241943	0.020796296116807878	17.365896939185255	0.0	0.01934697282914361
8bk2	seed_1812140441	0.041102107759056095	10.251791643221864	0.0	0.041332224652246376
8bk2	seed_2746317213	0.8124183894864867	0.6504863820968921	0.8275862068965517	0.7583430580705657
8bk2	seed_3163119785				
8bk2	seed_958682846	0.8412450180769105	0.4834463830510836	0.8275862068965517	0.7665625968990738
8byu	seed_1181241943	0.00520790214338061	16.027034453422274	0.0	0.005644004398170488
8byu	seed_1812140441	0.00644057484259945	13.908709893159699	0.0	0.00758172131800586
8byu	seed_2746317213	0.006229127475542252	14.757284408371232	0.0	0.004975569662459173
8byu	seed_3163119785	0.004057292126585528	20.99617031996584	0.0	0.005748525367981527
8byu	seed_958682846	0.011116831383167665	12.094878560406812	0.0	0.014309285277160202
8c3k	seed_1181241943	0.11583839919433092	8.24986678327054	0.058823529411764705	
8c3k	seed_1812140441	0.10044281020968875	10.430431179101875	0.09803921568627451	
8c3k	seed_2746317213	0.9342373424954599	0.5709191899057618	0.9411764705882353	
8c3k	seed_3163119785	0.2442298518799745	4.780835807156618	0.19607843137254902	
8c3k	seed_958682846	0.3059714728399716	3.9430327853271487	0.29411764705882354	
8c5h	seed_1181241943	0.5562666338340577	2.1554988075232266	0.7346938775510204	
8c5h	seed_1812140441	0.163641574959825	6.367531742718147	0.20408163265306123	
8c5h	seed_2746317213	0.5307446942616324	2.297239170249105	0.7142857142857143	
8c5h	seed_3163119785	0.5578061416607228	2.0840337502695596	0.7346938775510204	
8c5h	seed_958682846	0.11699086008766953	8.049872139770663	0.14285714285714285	
8cbf	seed_1181241943	0.6922013210194925	1.4637753763258916	0.8409090909090909	0.5713359114318368
8cbf	seed_1812140441	0.06551667792113212	7.743585758833679	0.045454545454545456	0.1456757706436046
8cbf	seed_2746317213	0.35668837003319065	3.353306066855531	0.5681818181818182	0.21823172212255085
8cbf	seed_3163119785	0.6932954539183531	1.4419461771968327	0.8636363636363636	0.6230033434385934
8cbf	seed_958682846	0.6866532111398139	1.6356090300553627	0.8409090909090909	0.6198434474981572
8d9y	seed_1181241943				
8d9y	seed_1812140441				
8d9y	seed_2746317213				
8d9y	seed_3163119785				
8d9y	seed_958682846				
8d9z	seed_1181241943	0.2864536041135303	4.698044886592263	0.5142857142857142	0.13296140894297218
8d9z	seed_1812140441	0.41501236718277584	3.691331268483418	0.5428571428571428	0.41002180640142566
8d9z	seed_2746317213	0.17187510558950833	7.343743528184278	0.4	0.0444930352674073
8d9z	seed_3163119785	0.19798840071662704	7.3673527173858	0.2857142857142857	0.14907631645855057
8d9z	seed_958682846	0.7854303667557666	1.4727404870941725	0.9142857142857143	0.7249195994947005
8da0	seed_1181241943				
8da0	seed_1812140441				
8da0	seed_2746317213				
8da0	seed_3163119785				
8da0	seed_958682846				
8ee2	seed_1181241943				
8ee2	seed_1812140441				
8ee2	seed_2746317213				
8ee2	seed_3163119785				
8ee2	seed_958682846				
8eln	seed_1181241943				
8eln	seed_1812140441				
8eln	seed_2746317213				
8eln	seed_3163119785				
8eln	seed_958682846				
8elq	seed_1181241943	0.0108864836091984	16.19824502663085	0.0	
8elq	seed_1812140441	0.27404986314072666	3.5889334292176795	0.35135135135135137	
8elq	seed_2746317213	0.009695880235225777	14.953242731435912	0.0	
8elq	seed_3163119785	0.011108959677702738	15.159301138356891	0.0	
8elq	seed_958682846	0.012164587568621951	14.873315514751761	0.0	
8et0	seed_1181241943	0.6687618204244394	1.4728933958360964	0.5774647887323944	
8et0	seed_1812140441				
8et0	seed_2746317213	0.6734705305598555	1.519677488930135	0.6197183098591549	
8et0	seed_3163119785	0.6985571054544454	1.40865014257741	0.6338028169014085	
8et0	seed_958682846	0.7065828069195924	1.4711763461838143	0.704225352112676	
8evd	seed_1181241943				
8evd	seed_1812140441				
8evd	seed_2746317213				
8evd	seed_3163119785				
8evd	seed_958682846				
8ezk	seed_1181241943				
8ezk	seed_1812140441	0.02022607336587	18.64638950038045	0.0	
8ezk	seed_2746317213				
8ezk	seed_3163119785				
8ezk	seed_958682846				
8ezl	seed_1181241943	0.023909824402211705	12.427636051355249	0.0	
8ezl	seed_1812140441	0.0069800284094796265	28.922869982897037	0.0	
8ezl	seed_2746317213	0.020052563083502842	14.017201654962948	0.0	
8ezl	seed_3163119785	0.02186683582886736	13.566212826792755	0.0	
8ezl	seed_958682846	0.020730304459399627	13.680644785300336	0.0	
8ezm	seed_1181241943	0.021131972512920327	20.89067858854016	0.016129032258064516	
8ezm	seed_1812140441	0.015173868594932333	21.918539830958498	0.0	
8ezm	seed_2746317213	0.016578239115988515	22.865224167469524	0.0	
8ezm	seed_3163119785	0.011974289259290354	24.539729024875484	0.0	
8ezm	seed_958682846	0.014316521153424092	20.286503746122765	0.0	
8f5i	seed_1181241943	0.8409486783664439	1.2332683731479532	0.9565217391304348	0.7580167485376216
8f5i	seed_1812140441	0.764060310295124	1.4928005125907968	0.9565217391304348	0.6246668698340321
8f5i	seed_2746317213	0.48535947716543265	2.562499048232093	0.6521739130434783	0.4309375287989019
8f5i	seed_3163119785	0.7542935251017863	1.3977291361423	0.9565217391304348	0.6010846019661696
8f5i	seed_958682846	0.22320765958837804	6.518598811642658	0.391304347826087	0.1283779904585381
8f6u	seed_1181241943				
8f6u	seed_1812140441				
8f6u	seed_2746317213				
8f6u	seed_3163119785	0.008732582542493813	16.346201144095232	0.0	
8f6u	seed_958682846				
8f6v	seed_1181241943	0.007006220771595566	18.259011235700676	0.0	
8f6v	seed_1812140441				
8f6v	seed_2746317213				
8f6v	seed_3163119785				
8f6v	seed_958682846	0.018591049693818876	14.099271852683515	0.0	
8fdo	seed_1181241943	0.9096953626041114	0.740116387300838	0.9464285714285714	0.8958377102023712
8fdo	seed_1812140441	0.8758852698303533	0.7290518575577577	0.875	0.826163127373984
8fdo	seed_2746317213	0.8384819179684966	1.0328547598582618	0.8928571428571429	0.8154556016353472
8fdo	seed_3163119785	0.8765845692622861	0.8208278070291	0.875	0.8110319940032551
8fdo	seed_958682846	0.8926599755318522	0.7652944728111705	0.9107142857142857	0.8481177966576839
8fxv	seed_1181241943	0.11712637946401243	6.606884771058006	0.1746031746031746	
8fxv	seed_1812140441	0.09741070583798389	6.441035556624636	0.1746031746031746	
8fxv	seed_2746317213	0.014379092717523545	14.148519224486346	0.0	
8fxv	seed_3163119785	0.1656466783808711	5.65814680498361	0.2857142857142857	
8fxv	seed_958682846	0.1936471814230565	6.616254043845328	0.4603174603174603	
8g0i	seed_1181241943	0.01427110385259474	12.4470760515321	0.0	
8g0i	seed_1812140441	0.008382464480646673	18.13436282770988	0.0	
8g0i	seed_2746317213	0.008349459400306994	18.35756640027825	0.0	
8g0i	seed_3163119785	0.008562973649183571	17.595385562987335	0.0	
8g0i	seed_958682846	0.008426968414695172	17.669372602865085	0.0	
8g4p	seed_1181241943	0.04563184866821629	14.104549524023403	0.0	
8g4p	seed_1812140441	0.08197657702655252	9.578176056368319	0.0	
8g4p	seed_2746317213	0.044714486865265184	11.798905242435398	0.0	
8g4p	seed_3163119785	0.08458317807122268	9.968271227225284	0.0	
8g4p	seed_958682846	0.1272139195532906	6.152527520968111	0.16666666666666666	
8gjr	seed_1181241943	0.9182988285174408	0.4832812029031426	0.8870967741935484	
8gjr	seed_1812140441	0.9238869974020422	0.47752667779168123	0.8870967741935484	
8gjr	seed_2746317213	0.9133990277703806	0.5499850330499829	0.8870967741935484	
8gjr	seed_3163119785	0.9060856822304545	0.4884286479997974	0.8709677419354839	
8gjr	seed_958682846	0.8964629618959754	0.6157147361673316	0.8709677419354839	
8gy5	seed_1181241943				
8gy5	seed_1812140441				
8gy5	seed_2746317213				
8gy5	seed_3163119785				
8gy5	seed_958682846	0.039724369527587365	14.976814185354678	0.0	0.04276542435508915
8gye	seed_1181241943	0.6587700376354354	1.0684722365226833	0.8571428571428571	0.5542176611183666
8gye	seed_1812140441	0.798379472102718	0.9563667325844275	0.8809523809523809	0.6807127372304108
8gye	seed_2746317213	0.7360469722855081	0.8871169895481142	0.8571428571428571	0.622156047216872
8gye	seed_3163119785	0.8106603261920126	0.9319403235732611	0.8809523809523809	0.694407844787953
8gye	seed_958682846	0.6674317064959677	1.1083748067709915	0.8333333333333334	0.6039928117649266
8h5t	seed_1181241943	0.01608194082029171	13.692948889884414	0.0	
8h5t	seed_1812140441	0.04067739245763283	9.651182454995102	0.0	
8h5t	seed_2746317213	0.04969172050779417	8.50966481726633	0.01639344262295082	
8h5t	seed_3163119785	0.04965981299582989	10.081759468071011	0.03278688524590164	
8h5t	seed_958682846	0.013547858003152224	15.732503040920278	0.0	
8h5u	seed_1181241943	0.009904431414590834	19.600529670749733	0.0	
8h5u	seed_1812140441	0.009500073313171717	19.38168731128199	0.0	
8h5u	seed_2746317213	0.009685442487832539	19.387374311818704	0.0	
8h5u	seed_3163119785				
8h5u	seed_958682846				
8h63	seed_1181241943	0.8082500308665831	1.044518272230753	0.7808219178082192	
8h63	seed_1812140441	0.5992209762522355	1.6901213013199408	0.5616438356164384	
8h63	seed_2746317213	0.6505889832595816	1.4436302055834438	0.5616438356164384	
8h63	seed_3163119785	0.5391416541749456	1.962285246923834	0.5342465753424658	
8h63	seed_958682846	0.7898799611648578	0.9668702645703189	0.6986301369863014	
8h64	seed_1181241943				
8h64	seed_1812140441				
8h64	seed_2746317213				
8h64	seed_3163119785				
8h64	seed_958682846				
8hes	seed_1181241943	0.021292234857460016	20.45168007865791	0.0	0.022741920394609056
8hes	seed_1812140441	0.030458503486151405	11.11983049900962	0.03278688524590164	0.027035730134885406
8hes	seed_2746317213	0.016589498615655462	20.089383229380932	0.0	0.01844373671335492
8hes	seed_3163119785	0.021554145050842428	20.17549050849874	0.0	0.024860231818159172
8hes	seed_958682846	0.016792508305552557	18.463763315013573	0.0	0.016245995132241755
8hr2	seed_1181241943	0.21174367612764375	3.568843773087623	0.2553191489361702	
8hr2	seed_1812140441	0.14198257231258615	4.310953343162898	0.1702127659574468	
8hr2	seed_2746317213	0.010162422222370003	13.737103033897212	0.0	
8hr2	seed_3163119785	0.2132748817254142	5.749469468328274	0.2127659574468085	
8hr2	seed_958682846	0.010178165348823402	14.049610813200621	0.0	
8idi	seed_1181241943	0.008419720703466216	15.539248467628733	0.0	
8idi	seed_1812140441	0.007626872784697571	17.503567934844586	0.0	
8idi	seed_2746317213	0.008228107832947053	16.119782475868305	0.0	
8idi	seed_3163119785	0.007993360303158633	16.258444012350147	0.0	
8idi	seed_958682846	0.04154041313102234	10.420203225773779	0.058823529411764705	
8ido	seed_1181241943	0.01238589017654057	15.501333650075379	0.0	
8ido	seed_1812140441	0.00673740318406429	21.20293059370012	0.0	
8ido	seed_2746317213	0.010273718688690802	20.2491265983948	0.0	
8ido	seed_3163119785	0.008373709483331949	19.07857496898079	0.0	
8ido	seed_958682846				
8im0	seed_1181241943	0.8979827020683299	0.5494590330298625	0.8571428571428571	
8im0	seed_1812140441	0.9167868865898566	0.43566892821102693	0.8392857142857143	
8im0	seed_2746317213	0.8887892633785457	0.569195199746053	0.8392857142857143	
8im0	seed_3163119785	0.8841298328014182	0.5909853942187546	0.8214285714285714	
8im0	seed_958682846	0.8991948762506814	0.5112729836717377	0.8392857142857143	
8im1	seed_1181241943				
8im1	seed_1812140441				
8im1	seed_2746317213				
8im1	seed_3163119785				
8im1	seed_958682846				
8ipc	seed_1181241943	0.8198272802252028	0.4088800005030211	0.9387755102040817	0.5564869565983246
8ipc	seed_1812140441	0.7654701300007091	0.7691148383249778	0.8775510204081632	0.5123967219795729
8ipc	seed_2746317213	0.6197852143684833	1.0177531867293252	0.9183673469387755	0.3810433873246075
8ipc	seed_3163119785	0.5832446883110194	1.1621687194887784	0.8775510204081632	0.3511430156242707
8ipc	seed_958682846	0.5893930603241975	1.0685433312488208	0.9183673469387755	0.3532559899437849
8jel	seed_1181241943				
8jel	seed_1812140441				
8jel	seed_2746317213	0.9025794922599296	0.6750021670923468	0.9117647058823529	0.9517885558239755
8jel	seed_3163119785				
8jel	seed_958682846				
8jeo	seed_1181241943				
8jeo	seed_1812140441				
8jeo	seed_2746317213				
8jeo	seed_3163119785				
8jeo	seed_958682846	0.748595127729771	1.194701509375581	0.7692307692307693	0.8082262111654671
8jyr	seed_1181241943	0.03242968030387329	9.415219316058604	0.0	0.03223459103149499
8jyr	seed_1812140441	0.03226257048908666	9.319259285449501	0.0	0.03225475748600091
8jyr	seed_2746317213	0.03309758323574048	9.40349186098906	0.0	0.03285506851963618
8jyr	seed_3163119785	0.04829531561710602	9.356366271559757	0.024390243902439025	0.038535551156680524
8jyr	seed_958682846	0.033323882681849805	9.333961748230934	0.0	0.03368504055874277
8k33	seed_1181241943				
8k33	seed_1812140441				
8k33	seed_2746317213				
8k33	seed_3163119785				
8k33	seed_958682846				
8k3k	seed_1181241943	0.011624519164320132	13.57104880494931	0.0	
8k3k	seed_1812140441	0.009479637074565077	14.525092595685447	0.0	
8k3k	seed_2746317213	0.009796410032985205	14.47118308934202	0.0	
8k3k	seed_3163119785	0.0158966587934795	16.421159519975095	0.0	
8k3k	seed_958682846	0.00763014018363239	15.222353645817368	0.0	
8k3l	seed_1181241943				
8k3l	seed_1812140441				
8k3l	seed_2746317213				
8k3l	seed_3163119785				
8k3l	seed_958682846	0.011381161549208596	13.677630369967295	0.0	
8opr	seed_1181241943	0.008634188879107767	26.850694811196014	0.0	
8opr	seed_1812140441	0.012575034897242819	20.751250192265157	0.0	
8opr	seed_2746317213	0.017537167587181917	20.18767835751806	0.0	
8opr	seed_3163119785	0.020506645527118714	12.793820020589123	0.0	
8opr	seed_958682846	0.0070032510048069286	20.02852589259786	0.0	
8oww	seed_1181241943	0.01101633540040165	17.452106976572676	0.0	
8oww	seed_1812140441	0.14387834011878822	6.583241254634702	0.10526315789473684	
8oww	seed_2746317213	0.010939281192406667	16.912719030035888	0.0	
8oww	seed_3163119785	0.011290604913838376	16.469109456875447	0.0	
8oww	seed_958682846	0.010487173464163986	17.152145355410838	0.0	
8oxv	seed_1181241943	0.011050084013161094	13.576078486005803	0.0	0.01232915324590369
8oxv	seed_1812140441	0.005333270486751009	16.80486402833346	0.0	0.003961627345402044
8oxv	seed_2746317213	0.005341712179405614	16.693070887001884	0.0	0.004249328091348876
8oxv	seed_3163119785	0.008402535209457263	13.21212594043896	0.0	0.005435786531389386
8oxv	seed_958682846	0.00506269793998308	17.48104602667648	0.0	0.004049784629724135
8oxw	seed_1181241943	0.021750484163501685	10.086818093863906	0.0	0.013210637918399723
8oxw	seed_1812140441	0.011134227303539515	15.495239511210068	0.0	0.011013633620520616
8oxw	seed_2746317213	0.005227954845732204	15.90183593200869	0.0	0.004045975618292963
8oxw	seed_3163119785	0.00506205604309596	18.50196471782779	0.0	0.005841561949942558
8oxw	seed_958682846	0.0033102830215881265	22.933616402016888	0.0	0.0032279001773723947
8oxx	seed_1181241943	0.004283772310412226	17.70517566384752	0.0	0.005816764609913501
8oxx	seed_1812140441	0.015106533647200812	12.379382560055424	0.0	0.09814326164646174
8oxx	seed_2746317213	0.011852936906212539	10.97703367591503	0.0	0.007815240446922373
8oxx	seed_3163119785	0.010502172102437304	21.73093870111453	0.0	0.02046762240750172
8oxx	seed_958682846	0.004249743629877925	17.874172141134334	0.0	0.005954678574632423
8oxy	seed_1181241943	0.00559321109755781	16.03242276661268	0.0	0.005032356384387461
8oxy	seed_1812140441	0.015646447523575188	15.303524227509172	0.0	0.09112792073059252
8oxy	seed_2746317213	0.01062913191854841	15.059246113242223	0.0	0.011665933251448239
8oxy	seed_3163119785	0.003756277855157136	21.42944501673205	0.0	0.0049602536563442615
8oxy	seed_958682846	0.01971412126226511	10.985936435568163	0.0	0.008938430314492
8ozb	seed_1181241943				
8ozb	seed_1812140441				
8ozb	seed_2746317213				
8ozb	seed_3163119785				
8ozb	seed_958682846				
8pe1	seed_1181241943				
8pe1	seed_1812140441				
8pe1	seed_2746317213				
8pe1	seed_3163119785				
8pe1	seed_958682846				
8pe2	seed_1181241943	0.7155448598215163	1.1970823863940996	0.7586206896551724	
8pe2	seed_1812140441	0.7536316625770206	1.1286237169867688	0.8160919540229885	
8pe2	seed_2746317213	0.7782899568702742	1.1533556731154455	0.8620689655172413	
8pe2	seed_3163119785	0.7413843193259146	1.243766726647644	0.8045977011494253	
8pe2	seed_958682846	0.7847672254849126	1.0780873156813122	0.8390804597701149	
8pih	seed_1181241943	0.5462653876791274	1.6609377122479752	0.5344827586206896	
8pih	seed_1812140441	0.8880869424577337	0.7965189026583485	0.9655172413793104	
8pih	seed_2746317213	0.9042825254416188	0.6258440632140202	0.9655172413793104	
8pih	seed_3163119785	0.9053089257908074	0.616220736935118	0.9482758620689655	
8pih	seed_958682846	0.21836925823712303	4.075517612910024	0.3103448275862069	
8pmz	seed_1181241943				
8pmz	seed_1812140441	0.008337493045690971	22.26706627701404	0.0	
8pmz	seed_2746317213	0.008314554163370791	22.068725325370412	0.0	
8pmz	seed_3163119785	0.007059260434074513	24.79728645096468	0.0	
8pmz	seed_958682846	0.016140085065457412	16.016047654418877	0.0	
8pwv	seed_1181241943				
8pwv	seed_1812140441				
8pwv	seed_2746317213				
8pwv	seed_3163119785				
8pwv	seed_958682846				
8pww	seed_1181241943				
8pww	seed_1812140441				
8pww	seed_2746317213	0.02289105652861087	20.050949387324575	0.023255813953488372	
8pww	seed_3163119785				
8pww	seed_958682846				
8pyr	seed_1181241943				
8pyr	seed_1812140441				
8pyr	seed_2746317213	0.9107981830093115	0.5792842117600187	0.8709677419354839	
8pyr	seed_3163119785	0.895516779361499	0.6445003147469825	0.8548387096774194	
8pyr	seed_958682846				
8q3j	seed_1181241943				
8q3j	seed_1812140441				
8q3j	seed_2746317213				
8q3j	seed_3163119785				
8q3j	seed_958682846				
8q6r	seed_1181241943				
8q6r	seed_1812140441				
8q6r	seed_2746317213				
8q6r	seed_3163119785				
8q6r	seed_958682846				
8q7o	seed_1181241943				
8q7o	seed_1812140441				
8q7o	seed_2746317213				
8q7o	seed_3163119785				
8q7o	seed_958682846				
8q94	seed_1181241943	0.6638007541771028	3.0550580129047957	0.8363636363636363	
8q94	seed_1812140441	0.01451000729109331	15.571247578799596	0.0	
8q94	seed_2746317213	0.5695811789244658	3.366279574462194	0.7090909090909091	
8q94	seed_3163119785	0.5585202597803972	3.3164970729751584	0.6909090909090909	
8q94	seed_958682846	0.6013697658386215	3.1097773766029055	0.7272727272727273	
8q95	seed_1181241943	0.013822712400555411	17.565299983143873	0.0	
8q95	seed_1812140441	0.01464513459860061	17.834404956563674	0.0	
8q95	seed_2746317213	0.013494184129471155	17.216141471025708	0.0	
8q95	seed_3163119785	0.710027775446895	1.581954015999164	0.7222222222222222	
8q95	seed_958682846	0.7382719521472013	1.6397561541974406	0.7962962962962963	
8qf4	seed_1181241943	0.8434208420837597	0.9582527019342677	0.8591549295774648	
8qf4	seed_1812140441	0.8561250959985598	0.8996637810622863	0.8591549295774648	
8qf4	seed_2746317213	0.8491502029522504	0.9656257133680676	0.8873239436619719	
8qf4	seed_3163119785	0.8376484546760207	0.9686513050626425	0.8732394366197183	
8qf4	seed_958682846	0.8527098706905331	0.8781037669273702	0.8450704225352113	
8qf5	seed_1181241943				
8qf5	seed_1812140441	0.8681619710278697	0.9032049267440132	0.896551724137931	
8qf5	seed_2746317213	0.8677918579805312	0.868500899326776	0.9080459770114943	
8qf5	seed_3163119785				
8qf5	seed_958682846	0.8197241955569657	1.0715353420070248	0.8505747126436781	
8qgx	seed_1181241943	0.08353782423776861	9.529622672970579	0.15	
8qgx	seed_1812140441	0.10484398109388893	8.664286671707522	0.2	
8qgx	seed_2746317213	0.019074126472704383	12.111963142635657	0.0	
8qgx	seed_3163119785	0.06818363788362691	7.380368298322409	0.03333333333333333	
8qgx	seed_958682846	0.10384593443303303	8.92739273145825	0.11666666666666667	
8qh0	seed_1181241943	0.043464199706244495	13.251188560101115	0.07936507936507936	0.016585748211459538
8qh0	seed_1812140441	0.042467356734699625	13.940553692841313	0.07936507936507936	0.015387957168743157
8qh0	seed_2746317213	0.04129683739379595	13.682179804317826	0.07936507936507936	0.013989204620591437
8qh0	seed_3163119785	0.034841876597638315	13.243918120688454	0.06349206349206349	0.012765626647262026
8qh0	seed_958682846	0.04283788895502153	13.972560953288234	0.07936507936507936	0.01642777229590461
8qrg	seed_1181241943	0.8164769267480313	0.8833917915488876	0.8387096774193549	
8qrg	seed_1812140441	0.8121967541313033	0.8839158549455991	0.8387096774193549	
8qrg	seed_2746317213	0.8373076775068715	0.8237090983291658	0.8387096774193549	
8qrg	seed_3163119785	0.8477669315150121	0.7628637882866445	0.8225806451612904	
8qrg	seed_958682846	0.8232981884106826	0.8556497474033803	0.8387096774193549	
8qz3	seed_1181241943				
8qz3	seed_1812140441				
8qz3	seed_2746317213				
8qz3	seed_3163119785				
8qz3	seed_958682846				
8r4n	seed_1181241943	0.06485398502277641	8.163896600615612	0.043478260869565216	0.13221039855412411
8r4n	seed_1812140441	0.04063970697716041	8.631305082784738	0.0	0.14236510979216613
8r4n	seed_2746317213	0.03813054810855899	9.343282275667539	0.0	0.13873927101382044
8r4n	seed_3163119785	0.06741558595288194	8.167225602636664	0.043478260869565216	0.15334186886006515
8r4n	seed_958682846	0.04476064120997098	10.335863685488503	0.0	0.16450215833256931
8r4u	seed_1181241943	0.004075885514360678	26.602206234644758	0.0	
8r4u	seed_1812140441				
8r4u	seed_2746317213				
8r4u	seed_3163119785				
8r4u	seed_958682846				
8rby	seed_1181241943	0.40554748127553	3.4035389008654153	0.3815789473684211	
8rby	seed_1812140441	0.3828585112168524	2.8514875059387137	0.34210526315789475	
8rby	seed_2746317213	0.4042394015159034	3.3734268478076954	0.3815789473684211	
8rby	seed_3163119785	0.4110231148744416	2.6982710760978543	0.3684210526315789	
8rby	seed_958682846	0.2991947366682815	4.592919123788861	0.35526315789473684	
8rj7	seed_1181241943	0.6940287066004509	1.4459017256970503	0.7162162162162162	
8rj7	seed_1812140441	0.7398757469602216	1.3236706428509386	0.7972972972972973	
8rj7	seed_2746317213	0.718988314787667	1.393077538146388	0.7702702702702703	
8rj7	seed_3163119785	0.7697938194952623	1.2625571829411577	0.7972972972972973	
8rj7	seed_958682846				
8rp8	seed_1181241943	0.63941866399335	1.4945831330590549	0.8888888888888888	0.6273169210788261
8rp8	seed_1812140441	0.0637415389147131	9.734499587700725	0.0	0.10254170050127309
8rp8	seed_2746317213	0.06522777563693413	9.92516261445413	0.0	0.10490844995489434
8rp8	seed_3163119785				
8rp8	seed_958682846	0.7086682658703726	1.1068548671758944	1.0	0.6327581020971317
8rw9	seed_1181241943				
8rw9	seed_1812140441				
8rw9	seed_2746317213				
8rw9	seed_3163119785				
8rw9	seed_958682846				
8rwb	seed_1181241943	0.04673122899183423	12.120749486000644	0.0392156862745098	0.07079586347810397
8rwb	seed_1812140441	0.03220889184795639	13.02783632950821	0.0	0.06044683205180312
8rwb	seed_2746317213	0.046573658568949204	12.366913434764575	0.0392156862745098	0.061407179046649406
8rwb	seed_3163119785	0.04672183417911387	12.120411036447328	0.0392156862745098	0.061486319040122715
8rwb	seed_958682846	0.0408454168308478	11.711397035285419	0.0196078431372549	0.07137030731987469
8rz0	seed_1181241943				
8rz0	seed_1812140441				
8rz0	seed_2746317213				
8rz0	seed_3163119785				
8rz0	seed_958682846				
8rz1	seed_1181241943	0.0160775442825351	24.762411324042905	0.0	
8rz1	seed_1812140441				
8rz1	seed_2746317213				
8rz1	seed_3163119785				
8rz1	seed_958682846				
8rz2	seed_1181241943	0.005394621123020272	19.12222363318742	0.0	0.004692998299184951
8rz2	seed_1812140441	0.005614617157900223	18.705700821286023	0.0	0.005019392830475843
8rz2	seed_2746317213	0.00462583190198895	19.593992643087535	0.0	0.0038458135479283104
8rz2	seed_3163119785	0.005173977798792723	19.639800978715456	0.0	0.0073497601777457065
8rz2	seed_958682846	0.008976301000369148	12.99784857982467	0.0	0.006142441323450449
8s0l	seed_1181241943	0.6262579471141222	2.305466125008412	0.6185567010309279	
8s0l	seed_1812140441	0.6920583986873892	2.1674812823804284	0.7938144329896907	
8s0l	seed_2746317213	0.6297739810365075	2.1072591501479017	0.6082474226804123	
8s0l	seed_3163119785	0.6347623948551872	2.1637938518725823	0.6185567010309279	
8s0l	seed_958682846	0.7295906455968987	2.0866055366320957	0.8762886597938144	
8s0n	seed_1181241943	0.6516649966532949	1.6690303724118394	0.5789473684210527	
8s0n	seed_1812140441	0.6697270794862952	1.6800491525634889	0.618421052631579	
8s0n	seed_2746317213	0.6412932480240767	1.6922617549930357	0.5526315789473685	
8s0n	seed_3163119785	0.7321432125654064	1.586973248095024	0.7763157894736842	
8s0n	seed_958682846	0.6581840215150151	1.6629354341703713	0.5921052631578947	
8s6m	seed_1181241943	0.02139122797615266	17.76251162139565	0.0	0.024693606281948114
8s6m	seed_1812140441	0.1444564028913676	3.934113447696021	0.1568627450980392	0.07421686016953676
8s6m	seed_2746317213	0.03475715656090226	13.536887384681648	0.0	0.029306243328142162
8s6m	seed_3163119785	0.043839689353877116	12.675655067458575	0.0784313725490196	0.020806019714325396
8s6m	seed_958682846	0.029961112911475202	12.631382884715363	0.0	0.026023076164470204
8s79	seed_1181241943	0.007475804006015277	22.773186566854086	0.0	
8s79	seed_1812140441	0.007755948470455732	22.463530579964967	0.0	
8s79	seed_2746317213	0.0072480728662826935	23.050250947297247	0.0	
8s79	seed_3163119785	0.007667991651663782	22.205860674520366	0.0	
8s79	seed_958682846	0.006884972784743913	23.38947662014185	0.0	
8sdf	seed_1181241943	0.030040608595139837	9.686460307671771	0.0	0.018558018549180415
8sdf	seed_1812140441	0.021918916961105633	13.255081040646157	0.0	0.02058568323500391
8sdf	seed_2746317213	0.023863292284603807	15.514161562404041	0.0	0.024596044451333916
8sdf	seed_3163119785	0.018428738598957103	16.82674895075505	0.0	0.01562518937026137
8sdf	seed_958682846	0.01861606406509404	16.24843275027711	0.0	0.017473328091504908
8sfs	seed_1181241943	0.03817640098606775	8.55706241929764	0.038461538461538464	
8sfs	seed_1812140441	0.06576081937679427	7.255293393554977	0.09615384615384616	
8sfs	seed_2746317213	0.0508366751159131	7.499206933911944	0.057692307692307696	
8sfs	seed_3163119785	0.04547065992846925	7.5308235231586576	0.038461538461538464	
8sfs	seed_958682846	0.06690708629344787	7.112998431822923	0.09615384615384616	
8sfx	seed_1181241943	0.830616214272875	0.6595882053810795	0.7142857142857143	
8sfx	seed_1812140441	0.9184436289956485	0.5509565407165574	0.9047619047619048	
8sfx	seed_2746317213				
8sfx	seed_3163119785				
8sfx	seed_958682846	0.9082622294602496	0.5724617174871128	0.9047619047619048	
8sfz	seed_1181241943				
8sfz	seed_1812140441	0.32671949231183417	2.793200668943453	0.5185185185185185	
8sfz	seed_2746317213	0.38721011286736534	2.561390432677531	0.5925925925925926	
8sfz	seed_3163119785				
8sfz	seed_958682846	0.024065258961709923	11.774081383160192	0.0	
8sgn	seed_1181241943	0.0550266984901722	10.63281548052154	0.0625	0.02721336453963009
8sgn	seed_1812140441	0.04250894650008143	10.824416918018455	0.041666666666666664	0.02539465791596504
8sgn	seed_2746317213	0.03740165895174379	12.211997547450347	0.041666666666666664	0.02608727274049402
8sgn	seed_3163119785	0.09426104058439728	5.355674792340723	0.10416666666666667	0.1865370910027948
8sgn	seed_958682846	0.04891753199837765	10.733580467950064	0.0625	0.026096654703114622
8siq	seed_1181241943	0.5594710161683917	1.654208649884782	0.8181818181818182	0.21875719585010509
8siq	seed_1812140441	0.4077584199566246	2.4322738457193522	0.6666666666666666	0.0787379054156346
8siq	seed_2746317213	0.4988693587836838	1.9175003127834584	0.7878787878787878	0.1766639281711209
8siq	seed_3163119785	0.42508696427721443	2.1365350706620765	0.696969696969697	0.06781735362868489
8siq	seed_958682846	0.028279055381716517	14.458886530719017	0.0	0.028149377737433635
8sk5	seed_1181241943	0.010995734194682125	17.950832356317864	0.0	
8sk5	seed_1812140441	0.010582433839374822	16.442886351793113	0.0	
8sk5	seed_2746317213	0.1453096070219808	5.495712471147527	0.2608695652173913	
8sk5	seed_3163119785	0.020823769365083154	13.337334797092113	0.0	
8sk5	seed_958682846	0.01043142997266383	17.530019699166147	0.0	
8slb	seed_1181241943	0.010983782788320129	16.566749352340093	0.0	0.009360927622766935
8slb	seed_1812140441	0.4442180160244618	2.601554186646203	0.37037037037037035	0.36608456849290766
8slb	seed_2746317213	0.009746579350721938	16.73460595129472	0.0	0.008857713973569362
8slb	seed_3163119785	0.1412427800978192	4.939660380164358	0.1111111111111111	0.2251084065023762
8slb	seed_958682846	0.011864310615258089	16.606437056104767	0.0	0.010044234571613719
8sos	seed_1181241943				
8sos	seed_1812140441	0.07305682127203751	13.684043127805285	0.09259259259259259	
8sos	seed_2746317213				
8sos	seed_3163119785				
8sos	seed_958682846	0.07203973466562351	13.70603931299722	0.09259259259259259	
8sow	seed_1181241943	0.7558022302440843	1.7070934705523102	0.9090909090909091	
8sow	seed_1812140441	0.8160848532097426	1.3929628675064882	0.9545454545454546	
8sow	seed_2746317213	0.19290412912597363	19.28189255999248	0.5227272727272727	
8sow	seed_3163119785	0.14331314967961345	22.273223642935772	0.4090909090909091	
8sow	seed_958682846	0.1902823207424884	20.058906623649637	0.5454545454545454	
8soz	seed_1181241943	0.1875847419115324	16.547831956761005	0.48936170212765956	
8soz	seed_1812140441	0.19240387475312395	16.833861196259754	0.5106382978723404	
8soz	seed_2746317213	0.19957784128091668	16.86849779020993	0.5106382978723404	
8soz	seed_3163119785	0.18339686283217851	16.490595771856068	0.48936170212765956	
8soz	seed_958682846	0.8835117682567745	0.8074560961878767	0.9361702127659575	
8szy	seed_1181241943	0.03862742770857796	9.41885456937826	0.0	0.0375155706356323
8szy	seed_1812140441	0.05158043675527913	8.601901843496824	0.0	0.05418539720408139
8szy	seed_2746317213	0.04543035861209497	10.385823045864434	0.0	0.042879337454023086
8szy	seed_3163119785	0.031107339786130447	12.45454688577435	0.0	0.03157793219168331
8szy	seed_958682846				
8tbb	seed_1181241943	0.5838276623673191	1.418533491936362	0.7045454545454546	0.755268270362885
8tbb	seed_1812140441	0.0545801954625145	10.425775896438747	0.0	0.04955467323041715
8tbb	seed_2746317213	0.040037650843229806	12.862362558246044	0.0	0.0435749091343961
8tbb	seed_3163119785	0.7780370797166195	0.8959267737575135	0.9318181818181818	0.7155124743078306
8tbb	seed_958682846	0.5549678770061088	1.53826738630534	0.7045454545454546	0.7265999180161175
8tft	seed_1181241943	0.617791277731924	0.8492935264171433	0.8285714285714286	0.5844431430180698
8tft	seed_1812140441				
8tft	seed_2746317213	0.8304248085169145	0.8137515685915252	0.7714285714285715	0.7738350413205781
8tft	seed_3163119785				
8tft	seed_958682846	0.6128319305906248	0.7650881072025868	0.8	0.5208564818640553
8trs	seed_1181241943	0.10981344526165383	5.293915678672133	0.0	0.11451016410120067
8trs	seed_1812140441	0.4873931721541651	1.85249808055644	0.6956521739130435	0.38245413966079306
8trs	seed_2746317213	0.5765052399822739	1.960201782667038	0.6521739130434783	0.4595280740340793
8trs	seed_3163119785	0.6733542558845129	1.6159817524654734	0.6956521739130435	0.6066514410697926
8trs	seed_958682846	0.6030828598127461	1.8991635539336373	0.6521739130434783	0.4792689648230615
8ts0	seed_1181241943	0.0493701147261415	11.716390113263737	0.0	0.04621099231838455
8ts0	seed_1812140441	0.0533902981532074	11.82543964054735	0.0	0.05670273283022573
8ts0	seed_2746317213	0.05365169093347194	11.761151360825046	0.0	0.05646384689963078
8ts0	seed_3163119785	0.05363129959929095	11.73095115925133	0.0	0.056645245609572785
8ts0	seed_958682846	0.05425541968995159	11.890747111898051	0.0	0.05747669156857055
8tuz	seed_1181241943	0.4361283081248796	2.0555208603329764	0.6944444444444444	0.31336486287420334
8tuz	seed_1812140441	0.43614602632545313	2.0127286977270176	0.6944444444444444	0.3080769737935513
8tuz	seed_2746317213	0.4141157800095814	2.185447228373253	0.6944444444444444	0.23050431315132866
8tuz	seed_3163119785	0.4230308998658907	1.9970139525646986	0.6666666666666666	0.24727377395775782
8tuz	seed_958682846	0.4426317440511774	2.062276166945025	0.75	0.3131646916618021
8tv3	seed_1181241943	0.792132854677709	0.9286988413835802	0.8484848484848485	0.5355760714773319
8tv3	seed_1812140441	0.7799364588598339	0.7257325984068804	0.9090909090909091	0.5448608675865986
8tv3	seed_2746317213	0.7277539719532972	0.9372186425564173	0.7878787878787878	0.4518398901450357
8tv3	seed_3163119785	0.6712545421491917	0.9549861970637683	0.9090909090909091	0.39687422978073134
8tv3	seed_958682846	0.8105883228770704	0.9361240312346063	0.9393939393939394	0.5045901310219518
8u08	seed_1181241943	0.6370572586687889	0.8851962724035947	0.8444444444444444	
8u08	seed_1812140441	0.7992770185063911	0.7892461615446174	0.8444444444444444	
8u08	seed_2746317213	0.7464575985904774	0.8637444773753704	0.8222222222222222	
8u08	seed_3163119785	0.6578063276602203	1.0756766858299716	0.8666666666666667	
8u08	seed_958682846	0.6922189545060676	0.8805438182969809	0.8222222222222222	
8u3s	seed_1181241943	0.010427923284675884	19.34319739334409	0.0	
8u3s	seed_1812140441	0.010420195662352727	19.47955840037403	0.0	
8u3s	seed_2746317213	0.010179843963133142	19.614060143368267	0.0	
8u3s	seed_3163119785	0.010309610070521476	19.57977053037725	0.0	
8u3s	seed_958682846	0.010384299585912686	19.38760489026742	0.0	
8udz	seed_1181241943				
8udz	seed_1812140441				
8udz	seed_2746317213				
8udz	seed_3163119785				
8udz	seed_958682846				
8uky	seed_1181241943				
8uky	seed_1812140441				
8uky	seed_2746317213				
8uky	seed_3163119785				
8uky	seed_958682846				
8up2	seed_1181241943				
8up2	seed_1812140441				
8up2	seed_2746317213				
8up2	seed_3163119785				
8up2	seed_958682846				
8urf	seed_1181241943	0.030656181567458238	12.439624958979502	0.0	0.031337531370747684
8urf	seed_1812140441	0.031356702575885124	12.118689581323665	0.0	0.03456779385725242
8urf	seed_2746317213	0.028906589829994018	12.336059695842403	0.0	0.03131254378674982
8urf	seed_3163119785	0.04035927664347789	12.557061052057962	0.023809523809523808	0.03911333042870344
8urf	seed_958682846	0.05281162305829579	12.613200674701073	0.047619047619047616	0.0429738079416945
8uvy	seed_1181241943	0.02822307110501159	11.460535698433375	0.03636363636363636	
8uvy	seed_1812140441	0.00625075226892436	19.02234631076929	0.0	
8uvy	seed_2746317213	0.02630816193396447	12.605189601632024	0.01818181818181818	
8uvy	seed_3163119785	0.006233486240714316	19.15418436713099	0.0	
8uvy	seed_958682846	0.005272170728360927	21.328263190582774	0.0	
8uw2	seed_1181241943	0.0057934271718125705	19.93905256884645	0.0	
8uw2	seed_1812140441	0.008541744011909005	15.397153146298098	0.0	
8uw2	seed_2746317213	0.009992460585209759	16.645034547726745	0.0	
8uw2	seed_3163119785	0.005434538766806471	20.705271354191858	0.0	
8uw2	seed_958682846	0.006068831034961299	18.994310463203202	0.0	
8uw7	seed_1181241943	0.009244334518677882	17.7620465477472	0.0	
8uw7	seed_1812140441	0.036923592988419636	9.88287596614125	0.01818181818181818	
8uw7	seed_2746317213	0.007577405822612575	17.374392644378375	0.0	
8uw7	seed_3163119785	0.004746367469183835	22.76010413647769	0.0	
8uw7	seed_958682846	0.009330637026863245	18.119819556322202	0.0	
8uw9	seed_1181241943	0.00789818952993089	17.340564788220686	0.0	
8uw9	seed_1812140441	0.007691359459537795	18.349834710952326	0.0	
8uw9	seed_2746317213	0.007495179234738821	18.278095970798173	0.0	
8uw9	seed_3163119785	0.007470602222337522	18.53691910193457	0.0	
8uw9	seed_958682846	0.0076429351256849755	17.182682705588714	0.0	
8v13	seed_1181241943	0.06729316586495171	9.724172648169418	0.0	0.07239032318476445
8v13	seed_1812140441				
8v13	seed_2746317213	0.06674987663629388	9.834242107734264	0.0	0.07206104768968787
8v13	seed_3163119785	0.06099710496595845	6.423237912178117	0.030303030303030304	0.0971446153642787
8v13	seed_958682846				
8v52	seed_1181241943				
8v52	seed_1812140441				
8v52	seed_2746317213	0.6821255289115792	1.0799693378758275	0.6666666666666666	0.6775193689168063
8v52	seed_3163119785				
8v52	seed_958682846				
8v5q	seed_1181241943	0.03554603394993057	13.82787554129715	0.0	0.03717494264207293
8v5q	seed_1812140441	0.02425372254825479	17.319910987811173	0.0	0.043926560230299484
8v5q	seed_2746317213	0.0430382864951759	13.744774647118454	0.0	0.04438566252325715
8v5q	seed_3163119785	0.03430757494539653	12.840312522688144	0.0	0.039749624026898654
8v5q	seed_958682846	0.025428042253444128	15.546272520227289	0.0	0.027621720163555196
8vrs	seed_1181241943	0.022476316845569912	21.68592393408683	0.03896103896103896	
8vrs	seed_1812140441				
8vrs	seed_2746317213				
8vrs	seed_3163119785				
8vrs	seed_958682846				
8vtd	seed_1181241943	0.17138817561095823	5.785870402878197	0.18421052631578946	0.24562239252445725
8vtd	seed_1812140441	0.06160325639469263	8.490757224087247	0.0	0.06379528108564982
8vtd	seed_2746317213	0.6055427993920371	0.9813218038519183	0.5789473684210527	0.5853187507875564
8vtd	seed_3163119785	0.049911422362554525	12.624276219132966	0.0	0.04986010393430368
8vtd	seed_958682846	0.05716220603343299	12.02630656355254	0.05263157894736842	0.03885914634483382
8vte	seed_1181241943				
8vte	seed_1812140441				
8vte	seed_2746317213	0.9354615929986653	0.5149293099865508	0.9302325581395349	0.9537471737885698
8vte	seed_3163119785				
8vte	seed_958682846				
8vui	seed_1181241943	0.04302658215887722	10.543885684471919	0.045454545454545456	0.028814253624813563
8vui	seed_1812140441	0.04271080159208546	10.495022699888985	0.045454545454545456	0.028390859843851885
8vui	seed_2746317213	0.03745240059219524	12.81498914192241	0.045454545454545456	0.02536620254827752
8vui	seed_3163119785	0.03532328934560082	13.022578522115003	0.0	0.03786350126279471
8vui	seed_958682846	0.0393836040484278	11.951570953536052	0.045454545454545456	0.02633183074422776
8vvl	seed_1181241943	0.5743012667323129	2.397633246555444	0.6190476190476191	0.8423634552030864
8vvl	seed_1812140441	0.6166354780233952	2.5120357482148696	0.6190476190476191	0.880019115153584
8vvl	seed_2746317213	0.5394201968015548	2.6343134876659886	0.6190476190476191	0.7848523031813942
8vvl	seed_3163119785	0.597431119049794	2.2876029734622003	0.6190476190476191	0.8319046146323633
8vvl	seed_958682846	0.6186582594573421	2.366270346098927	0.6190476190476191	0.8908654296218508
8w0w	seed_1181241943	0.6083377162882918	1.5650525500573995	0.6451612903225806	0.673792950161003
8w0w	seed_1812140441	0.8801615961980924	0.8519705365815727	0.9516129032258065	0.9222872468734452
8w0w	seed_2746317213	0.6440940232869723	1.4097101188890082	0.6774193548387096	0.6910522832762078
8w0w	seed_3163119785	0.549314779327666	1.0699920164075822	0.7419354838709677	0.7169499270253149
8w0w	seed_958682846	0.02150897365207095	15.356652479674672	0.0	0.0032844334950302805
8w90	seed_1181241943	0.011291132445912158	17.60223689853755	0.0	
8w90	seed_1812140441	0.012375961401204767	17.020385084635315	0.0	
8w90	seed_2746317213				
8w90	seed_3163119785	0.010642702403274576	16.316848205515736	0.0	
8w90	seed_958682846				
8weo	seed_1181241943				
8weo	seed_1812140441				
8weo	seed_2746317213				
8weo	seed_3163119785				
8weo	seed_958682846				
8x0t	seed_1181241943	0.09407817567481282	6.725386133882437	0.15384615384615385	0.07326254122838746
8x0t	seed_1812140441	0.050653482137046076	8.498521161606131	0.038461538461538464	0.0720265167152757
8x0t	seed_2746317213	0.05038000397192586	8.463988556117299	0.038461538461538464	0.08004308204267152
8x0t	seed_3163119785	0.04086739421414116	8.660907508136404	0.0	0.0757027396354631
8x0t	seed_958682846	0.30800645860807235	2.6897564480212095	0.5384615384615384	0.06835454529920282
8x0y	seed_1181241943				
8x0y	seed_1812140441				
8x0y	seed_2746317213				
8x0y	seed_3163119785				
8x0y	seed_958682846				
8xk6	seed_1181241943	0.7506708258984637	0.8836445161513046	0.7441860465116279	0.8794681804164074
8xk6	seed_1812140441	0.7587825879168747	0.8181218600987311	0.7209302325581395	0.8898270250239548
8xk6	seed_2746317213	0.5597294069913745	1.4276225501644497	0.4883720930232558	0.7824883467052913
8xk6	seed_3163119785	0.7801133675454315	0.7518563374619244	0.7441860465116279	0.9001894988571876
8xk6	seed_958682846	0.6550322623099566	1.1287342659156718	0.7209302325581395	0.8470851940251167
8y9t	seed_1181241943	0.855848488122449	0.7653104067321665	0.8214285714285714	
8y9t	seed_1812140441	0.8211150120030171	0.850678034973206	0.75	
8y9t	seed_2746317213	0.7903265073311694	0.8349224570181029	0.8392857142857143	
8y9t	seed_3163119785	0.7281571063745087	0.9970532854239293	0.75	
8y9t	seed_958682846	0.7684076548098085	0.8482053109906518	0.8214285714285714	
8ybl	seed_1181241943	0.6843646074025207	1.5372939498104827	0.6842105263157895	
8ybl	seed_1812140441	0.4149913543412966	2.9254405850014624	0.4473684210526316	
8ybl	seed_2746317213	0.5878070517575318	1.816528753709499	0.5789473684210527	
8ybl	seed_3163119785	0.6562963046355433	1.6891156284204007	0.631578947368421	
8ybl	seed_958682846	0.7102569102741629	1.403115085716876	0.6842105263157895	
8ybm	seed_1181241943	0.010852837472342627	13.517082217793195	0.0	
8ybm	seed_1812140441	0.09287185621182126	10.132195740139107	0.11290322580645161	
8ybm	seed_2746317213	0.006432968197959736	18.992467863330482	0.0	
8ybm	seed_3163119785	0.005731331876944586	22.105241687650565	0.0	
8ybm	seed_958682846	0.016530697984705307	12.795793682834566	0.0	
8ybn	seed_1181241943	0.13938547790507103	8.06955552757935	0.24390243902439024	
8ybn	seed_1812140441	0.19577072556465583	3.595195012337386	0.21951219512195122	
8ybn	seed_2746317213	0.4314614514800635	3.327605313972356	0.5365853658536586	
8ybn	seed_3163119785	0.1271283371077764	8.143624254598734	0.21951219512195122	
8ybn	seed_958682846	0.05738495029506491	9.465217982250962	0.04878048780487805	
8ybo	seed_1181241943				
8ybo	seed_1812140441				
8ybo	seed_2746317213				
8ybo	seed_3163119785				
8ybo	seed_958682846				
8ybp	seed_1181241943	0.6673987497167917	2.908093291029503	0.813953488372093	
8ybp	seed_1812140441	0.6539436245119813	2.710715992657456	0.7674418604651163	
8ybp	seed_2746317213	0.6674280642339546	2.8948142514565594	0.813953488372093	
8ybp	seed_3163119785	0.6828289094115011	2.5386483946255107	0.813953488372093	
8ybp	seed_958682846	0.6657116088762186	3.1506820202150068	0.8372093023255814	
8yj8	seed_1181241943	0.57510686598553	2.1612345011962244	0.673469387755102	
8yj8	seed_1812140441	0.5367670330994159	2.5926052723075923	0.6530612244897959	
8yj8	seed_2746317213	0.610242312327311	1.9137004005959934	0.6938775510204082	
8yj8	seed_3163119785	0.6040453977046708	2.394024744968152	0.7755102040816326	
8yj8	seed_958682846	0.6257810971731204	2.414713155831293	0.7959183673469388	
8ykt	seed_1181241943	0.034542068712837645	15.981282886516453	0.0	0.0057903313530839684
8ykt	seed_1812140441	0.029509347256161323	17.759281419218198	0.0	0.0041313893573936234
8ykt	seed_2746317213	0.03028115850096558	14.662454921993406	0.0	0.005810994075498173
8ykt	seed_3163119785	0.0686629341631839	11.358103651344598	0.0	0.012181035764927068
8ykt	seed_958682846	0.022180043100004737	15.655046962035046	0.0	0.0048834853344549055
8ysh	seed_1181241943	0.9235179984040799	0.5766546635572677	0.9152542372881356	
8ysh	seed_1812140441	0.011840574560726088	17.352181661638873	0.0	
8ysh	seed_2746317213	0.08993567235123068	10.072391202453653	0.1694915254237288	
8ysh	seed_3163119785	0.8020351053578018	1.0410998086090448	0.8135593220338984	
8ysh	seed_958682846	0.6870045032334587	1.5251557887908473	0.7627118644067796	
8yub	seed_1181241943	0.11619878243988073	7.072868306461694	0.2558139534883721	0.018701528342936983
8yub	seed_1812140441	0.04954068217434441	12.966587702864555	0.06976744186046512	0.027801051287915227
8yub	seed_2746317213	0.03399298895405888	16.1315204121312	0.0	0.04001883494579431
8yub	seed_3163119785	0.021231642629570984	16.51982729748933	0.0	0.022669687442277767
8yub	seed_958682846	0.01797761353713617	13.46725368798193	0.0	0.014478354846016122
8yvj	seed_1181241943	0.028075792148841594	13.115235393010012	0.018867924528301886	
8yvj	seed_1812140441	0.020447486445742676	13.044260187245726	0.0	
8yvj	seed_2746317213	0.0204997950615935	13.226340788092362	0.0	
8yvj	seed_3163119785	0.028227420712926655	13.05787590783554	0.018867924528301886	
8yvj	seed_958682846	0.02110277755526176	13.250161433340654	0.0	
8yvo	seed_1181241943	0.046780557588468864	12.426116029609414	0.0	
8yvo	seed_1812140441	0.03563468294884492	11.441123522883977	0.0	
8yvo	seed_2746317213				
8yvo	seed_3163119785	0.0648653860854571	10.529782217374418	0.0	
8yvo	seed_958682846				
8yxi	seed_1181241943	0.09477432871997189	4.5764095912933165	0.0	0.1857650217549123
8yxi	seed_1812140441	0.004874745885906056	17.632353477257638	0.0	0.00521848474923314
8yxi	seed_2746317213	0.00811173471442866	14.50146613481277	0.0	0.0071018044173641924
8yxi	seed_3163119785	0.009328246951583288	13.708790172670628	0.0	0.0049971474690121255
8yxi	seed_958682846	0.00722615445171938	14.524551524794507	0.0	0.008271100761521018
8yyz	seed_1181241943	0.06265781325316942	11.489777724647286	0.1	0.027127501967193112
8yyz	seed_1812140441	0.03184573005357403	12.992997851306775	0.03333333333333333	0.06927449714620436
8yyz	seed_2746317213	0.06151184774632958	11.607314641772334	0.1	0.025985261514149486
8yyz	seed_3163119785	0.09882372762357933	11.523091194060402	0.2	0.02985136744655321
8yyz	seed_958682846	0.5449288825649595	2.227120448094604	0.6333333333333333	0.4011636947242316
8z2e	seed_1181241943	0.7914215562734976	0.8401421587285619	0.9423076923076923	
8z2e	seed_1812140441	0.8365806791032749	0.7624440084653727	0.9230769230769231	
8z2e	seed_2746317213	0.7912321042014744	0.865927742334449	0.9038461538461539	
8z2e	seed_3163119785	0.8102232106825779	0.8288216510380961	0.9230769230769231	
8z2e	seed_958682846	0.7841216449356532	0.8778573817023159	0.9230769230769231	
8z2v	seed_1181241943	0.08628334371356962	6.3750762147550075	0.0	0.07387418897367312
8z2v	seed_1812140441	0.10683323028083769	6.047215319731973	0.1	0.08199163065610336
8z2v	seed_2746317213	0.5389489687084333	1.989475542002283	0.43333333333333335	0.5031121336177661
8z2v	seed_3163119785	0.078602701925254	11.386681545879005	0.13333333333333333	0.03170419904259154
8z2v	seed_958682846	0.09871245491739766	11.357095176844545	0.2	0.029955944613177705
8z39	seed_1181241943	0.7821103798206935	0.9579299593830934	0.8285714285714286	0.645236470164961
8z39	seed_1812140441	0.12507915784686433	10.853963535322883	0.2857142857142857	0.026149324268647762
8z39	seed_2746317213	0.14739228624492165	11.040622903365946	0.34285714285714286	0.030136560468383363
8z39	seed_3163119785	0.5487010181278427	1.7622308556140909	0.6571428571428571	0.3787106835150185
8z39	seed_958682846	0.11701799409319215	11.154956216910758	0.2571428571428571	0.02853875879502248
8z3a	seed_1181241943	0.7240364365033808	1.2299620119971457	0.7878787878787878	0.597355719332349
8z3a	seed_1812140441	0.14310905781965383	11.253148002417513	0.3333333333333333	0.029813195509595946
8z3a	seed_2746317213	0.119348314630309	11.330135052086302	0.2727272727272727	0.025466761665358273
8z3a	seed_3163119785	0.09359142372364589	10.991186582192475	0.18181818181818182	0.0317642957916799
8z3a	seed_958682846	0.5144272698840892	2.0095285676927443	0.6666666666666666	0.4173655061678489
8z8v	seed_1181241943	0.00688933380619378	18.60804624031987	0.0	
8z8v	seed_1812140441	0.0036002658371454103	28.121972596653574	0.0	
8z8v	seed_2746317213	0.003672156538665637	27.780822838894224	0.0	
8z8v	seed_3163119785	0.006559052060804022	19.44139105734	0.0	
8z8v	seed_958682846	0.0036009947371106097	28.011367825747246	0.0	
8zca	seed_1181241943				
8zca	seed_1812140441				
8zca	seed_2746317213	0.08040482338180636	9.389454443361315	0.0	0.08011723863234164
8zca	seed_3163119785				
8zca	seed_958682846				
8zu9	seed_1181241943	0.043742593378883664	12.193180147652017	0.034482758620689655	0.14631614588209851
8zu9	seed_1812140441	0.07417756704864543	11.968436738254052	0.10344827586206896	0.11602676592427243
8zu9	seed_2746317213	0.11365161795486305	6.086837446132526	0.10344827586206896	0.07540621457358083
8zu9	seed_3163119785	0.07657980395620455	10.47337817471636	0.10344827586206896	0.08215988323924302
8zu9	seed_958682846	0.10250579791195376	10.16850689352062	0.1724137931034483	0.08535441129641326
9atm	seed_1181241943	0.02951313894834015	12.866994297440222	0.02	0.023888662890126717
9atm	seed_1812140441	0.10264555386812525	5.878577430826959	0.14	0.04695634621292133
9atm	seed_2746317213	0.04586935491414548	9.272046269977139	0.02	0.028999949155883647
9atm	seed_3163119785	0.46348310605931803	2.930130953028338	0.5	0.2511982905119105
9atm	seed_958682846	0.31974460891108664	3.229526186042947	0.28	0.13353453719886535
9au1	seed_1181241943	0.02698911863354204	17.22032476021819	0.0	0.029632595505746886
9au1	seed_1812140441	0.025873048517293985	17.467372674464215	0.0	0.02834275066308543
9au1	seed_2746317213	0.10985155119886884	7.411928961432653	0.14285714285714285	0.0532890072973474
9au1	seed_3163119785	0.02609059520883888	17.400224613146122	0.0	0.028660129745354767
9au1	seed_958682846	0.026498392878421515	17.152641712942007	0.0	0.029646995664802247
9azr	seed_1181241943	0.03281646952823505	14.685473879885361	0.0	0.01206403246375482
9azr	seed_1812140441	0.058915767740112424	13.806691489526667	0.09090909090909091	0.010638853579062593
9azr	seed_2746317213	0.03264001614637801	14.630818792667858	0.0	0.013217651865287722
9azr	seed_3163119785	0.028966804227220044	14.101420725918423	0.0	0.012641972155698672
9azr	seed_958682846	0.03877170554967543	14.279496999323547	0.0	0.012039645325075073
9bdi	seed_1181241943				
9bdi	seed_1812140441	0.024177486346118753	14.003068661952259	0.0	0.024153652887211535
9bdi	seed_2746317213	0.02163076440527457	14.051381402593167	0.0	0.021584390899125852
9bdi	seed_3163119785	0.02070307063246646	14.421402982258032	0.0	0.020326909658599398
9bdi	seed_958682846	0.021708421663898064	14.11060139305795	0.0	0.021600735102987777
9bt5	seed_1181241943	0.0625766431821851	9.73581753038881	0.10526315789473684	0.017247611379313965
9bt5	seed_1812140441				
9bt5	seed_2746317213	0.05806833670302036	9.996041786105492	0.10526315789473684	0.012460031008717587
9bt5	seed_3163119785	0.05999879108687995	9.69452450296257	0.10526315789473684	0.014457567522441934
9bt5	seed_958682846	0.058382816383018794	10.073117422150066	0.10526315789473684	0.012470114261866033
9cds	seed_1181241943	0.002242424886890128	31.28938370550712	0.0	0.0019976089139288867
9cds	seed_1812140441				
9cds	seed_2746317213	0.024350613217655706	9.164321944227144	0.03333333333333333	0.01950142741092361
9cds	seed_3163119785	0.0019741620758812746	33.65262184219371	0.0	0.0018561890436711883
9cds	seed_958682846				
9d41	seed_1181241943	0.04466203553983724	11.371418141115859	0.05714285714285714	0.025286622274979065
9d41	seed_1812140441	0.0548065479954854	6.068465335176159	0.05714285714285714	0.034533517251891514
9d41	seed_2746317213	0.02249920426891176	9.079460338745314	0.0	0.05688933801534323
9d41	seed_3163119785	0.05664118898798181	7.76331074780215	0.08571428571428572	0.059384271944029544
9d41	seed_958682846	0.07045288894183624	6.358930602750332	0.08571428571428572	0.04148754500777999
9dbo	seed_1181241943	0.13330944133027878	10.085564951676382	0.23076923076923078	0.05520076295833859
9dbo	seed_1812140441	0.23465067857751642	5.364483218063024	0.1794871794871795	0.3275001804188549
9dbo	seed_2746317213	0.12936573371214902	9.427868547204305	0.20512820512820512	0.06149809534664449
9dbo	seed_3163119785	0.09789032186098846	11.408253288375242	0.1282051282051282	0.051543259531079307
9dbo	seed_958682846	0.2214822638602397	5.316868197205608	0.15384615384615385	0.3416168431725286
9dl0	seed_1181241943	0.8187409900587835	0.6890144626925745	0.8709677419354839	0.6746328018642457
9dl0	seed_1812140441				
9dl0	seed_2746317213	0.9165044954950888	0.6353981254654366	0.9354838709677419	0.9269663403732111
9dl0	seed_3163119785				
9dl0	seed_958682846				
9dq3	seed_1181241943	0.8386957058894865	0.5416762962463478	0.9142857142857143	0.7254789906739839
9dq3	seed_1812140441	0.809497913281608	0.4360542455512246	0.8571428571428571	0.5720958617613663
9dq3	seed_2746317213	0.6468532020414105	2.3245241211386145	0.8571428571428571	0.7891916649014853
9dq3	seed_3163119785	0.6097273873195652	2.4870184024824784	0.8	0.6985226255105598
9dq3	seed_958682846	0.6491045726017243	2.389523206141148	0.9428571428571428	0.6993199970349712
9dq4	seed_1181241943	0.08285692682744894	9.518572276092033	0.0	0.0905223273106327
9dq4	seed_1812140441	0.10540421448669973	8.19317368443021	0.0	0.11719899575084818
9dq4	seed_2746317213	0.06749820082925517	10.430706264246203	0.0	0.0685856079212944
9dq4	seed_3163119785	0.06895579044683182	10.89356399218091	0.03125	0.057733459001974706
9dq4	seed_958682846	0.0664437423788909	10.400005320517007	0.0	0.0665085736386241
9dx6	seed_1181241943	0.4330013598343491	9.821755779996586	0.6285714285714286	0.3986526702123767
9dx6	seed_1812140441	0.44999467068433413	2.8166525880776896	0.6428571428571429	0.35178553542070845
9dx6	seed_2746317213	0.6004624336590161	1.953442382065332	0.6857142857142857	0.5775038649304055
9dx6	seed_3163119785	0.19566062844862306	14.347070688229923	0.4857142857142857	0.030979785477821264
9dx6	seed_958682846	0.5610688355943508	2.2951035272601934	0.6285714285714286	0.5119535718981544
9e7n	seed_1181241943				
9e7n	seed_1812140441				
9e7n	seed_2746317213				
9e7n	seed_3163119785				
9e7n	seed_958682846				
9e7o	seed_1181241943	0.009262064396654324	17.652084657727347	0.0	
9e7o	seed_1812140441	0.012583256107190889	12.658249682248737	0.0	
9e7o	seed_2746317213	0.015807131102072856	13.814822326509907	0.0	
9e7o	seed_3163119785	0.015309322785760596	13.929501455239123	0.0	
9e7o	seed_958682846	0.007757578776696004	20.124280201931033	0.0	
9eht	seed_1181241943				
9eht	seed_1812140441				
9eht	seed_2746317213				
9eht	seed_3163119785				
9eht	seed_958682846				
9en2	seed_1181241943	0.02258720378630577	13.53323122769735	0.01639344262295082	
9en2	seed_1812140441	0.030025055199445205	14.317184338072405	0.03278688524590164	
9en2	seed_2746317213	0.018514785068430573	13.425086913613493	0.0	
9en2	seed_3163119785	0.03500119550042188	15.828259717506546	0.04918032786885246	
9en2	seed_958682846	0.07868784078554159	11.787476221039393	0.01639344262295082	
9ena	seed_1181241943	0.02287154138903597	13.516027864655307	0.014705882352941176	
9ena	seed_1812140441	0.006359176415570252	22.623021032437823	0.0	
9ena	seed_2746317213	0.007437776524784054	19.8802508571853	0.0	
9ena	seed_3163119785	0.009027208848203516	17.76227050780979	0.0	
9ena	seed_958682846	0.009416213994362148	17.227991195803355	0.0	
9erw	seed_1181241943	0.007398096625626641	16.660945632676437	0.0	
9erw	seed_1812140441	0.007534601529332767	16.289912628577575	0.0	
9erw	seed_2746317213	0.6005893980550461	2.241738324327258	0.7297297297297297	
9erw	seed_3163119785	0.011201847210596852	12.585182870948701	0.0	
9erw	seed_958682846	0.4728007423382657	2.9051000570021173	0.6486486486486487	
9etl	seed_1181241943	0.08477279819395855	13.466847645767844	0.15384615384615385	
9etl	seed_1812140441	0.07277573576366365	13.867158450673799	0.12307692307692308	
9etl	seed_2746317213	0.07486502110204922	13.579724378078161	0.12307692307692308	
9etl	seed_3163119785	0.44903693095117214	2.765930135959414	0.5076923076923077	
9etl	seed_958682846	0.09127267570245438	14.386016781623253	0.16923076923076924	
9eze	seed_1181241943	0.550223070452956	1.7426186195123674	0.75	0.63437209407145
9eze	seed_1812140441	0.6779177269364993	1.65671814422878	0.7727272727272727	0.7628859435951832
9eze	seed_2746317213	0.7003547173324377	1.6461442440040974	0.7727272727272727	0.8595531470024304
9eze	seed_3163119785	0.6845731955966444	1.6423330715036168	0.7727272727272727	0.8233772695663406
9eze	seed_958682846				
9ezh	seed_1181241943	0.7741350921898581	1.1314607639530472	0.8431372549019608	
9ezh	seed_1812140441	0.8066397865611167	1.07952826630948	0.8627450980392157	
9ezh	seed_2746317213	0.802987397911383	1.052731335840068	0.8431372549019608	
9ezh	seed_3163119785	0.4847671350684066	1.8993421787758051	0.5294117647058824	
9ezh	seed_958682846	0.5633295767563298	1.6096045074268324	0.6470588235294118	
9ezi	seed_1181241943	0.7860268703844152	1.1983931470579925	0.8541666666666666	
9ezi	seed_1812140441	0.7194479904519063	1.2590865220153908	0.7083333333333334	
9ezi	seed_2746317213	0.5640203757802947	1.7048105694608773	0.5833333333333334	
9ezi	seed_3163119785	0.6351961993883802	1.560174714450688	0.7083333333333334	
9ezi	seed_958682846	0.7353128149533559	1.140084025343823	0.7291666666666666	
9ezu	seed_1181241943	0.5320223207863854	1.8060285963067098	0.5192307692307693	
9ezu	seed_1812140441	0.49437136233546336	2.011526616505085	0.5	
9ezu	seed_2746317213	0.5037554152635931	1.8959551221115887	0.5576923076923077	
9ezu	seed_3163119785	0.5301839260955808	1.7795120918780385	0.5192307692307693	
9ezu	seed_958682846	0.5098815198010597	2.0069665410756947	0.5192307692307693	
9ezv	seed_1181241943	0.5178142284181271	1.856759039889873	0.5686274509803921	
9ezv	seed_1812140441	0.5008660594878377	1.9299763129478626	0.5686274509803921	
9ezv	seed_2746317213	0.5104470875944997	1.8462139467915166	0.5490196078431373	
9ezv	seed_3163119785	0.04564171783593366	8.495130466068776	0.0	
9ezv	seed_958682846	0.39182220085959757	2.2907416687041224	0.45098039215686275	
9ezw	seed_1181241943				
9ezw	seed_1812140441				
9ezw	seed_2746317213				
9ezw	seed_3163119785				
9ezw	seed_958682846				
9f91	seed_1181241943				
9f91	seed_1812140441				
9f91	seed_2746317213	0.18150581323561413	6.000623392463074	0.32	0.07845611087235933
9f91	seed_3163119785	0.17160349221563342	6.651574440341204	0.32	0.07579404604520922
9f91	seed_958682846	0.16132476639015683	5.618534738323098	0.28	0.07166677452530067
9fc2	seed_1181241943	0.01550118141935211	17.23255857213692	0.0	
9fc2	seed_1812140441	0.03374181171498777	11.789306807073919	0.012987012987012988	
9fc2	seed_2746317213	0.04981503043831367	9.819138379492623	0.0	
9fc2	seed_3163119785	0.04504512086699241	10.338751484716687	0.0	
9fc2	seed_958682846	0.008857766128856285	18.89817138772343	0.0	
9fik	seed_1181241943	0.12050692229302962	4.913635155932126	0.2	0.03783319019562726
9fik	seed_1812140441	0.021261253759780913	10.222882925870332	0.0	0.014516036035898855
9fik	seed_2746317213	0.018535871211019034	10.279945765144094	0.0	0.013199805478415474
9fik	seed_3163119785	0.020649698049396457	9.221635749463006	0.0	0.013391924661902872
9fik	seed_958682846	0.1570397609782632	4.697116378925073	0.2	0.05965755104629832
9fvb	seed_1181241943				
9fvb	seed_1812140441				
9fvb	seed_2746317213				
9fvb	seed_3163119785	0.022402431160575286	9.7426039532704	0.0	
9fvb	seed_958682846	0.26319713626189434	4.63159076425103	0.3157894736842105	
9fww	seed_1181241943	0.09570229078703936	7.336911557010363	0.0784313725490196	
9fww	seed_1812140441	0.05582531568889328	8.860084783435134	0.0	
9fww	seed_2746317213	0.05271965865491366	11.04118064346356	0.0	
9fww	seed_3163119785	0.10359492661804644	7.033602922638002	0.058823529411764705	
9fww	seed_958682846	0.13901288916595955	7.721096846657576	0.13725490196078433	
9fys	seed_1181241943	0.3835881524455005	4.338034319119634	0.6666666666666666	0.22773907860630174
9fys	seed_1812140441				
9fys	seed_2746317213				
9fys	seed_3163119785				
9fys	seed_958682846				
9fyt	seed_1181241943				
9fyt	seed_1812140441				
9fyt	seed_2746317213	0.43220676666749763	3.725137440831741	0.5846153846153846	0.3952166319765944
9fyt	seed_3163119785				
9fyt	seed_958682846	0.19929859246785112	5.7449823130575215	0.13846153846153847	0.38190129138825507
9fzc	seed_1181241943				
9fzc	seed_1812140441				
9fzc	seed_2746317213				
9fzc	seed_3163119785				
9fzc	seed_958682846				
9fzd	seed_1181241943	0.43702542521875093	2.948309356346436	0.4489795918367347	
9fzd	seed_1812140441	0.5718296298295918	2.3444464081071046	0.7551020408163265	
9fzd	seed_2746317213	0.5451033721256259	2.5516743056184934	0.6530612244897959	
9fzd	seed_3163119785	0.5222838860576386	2.3523602391258556	0.5102040816326531	
9fzd	seed_958682846	0.43469555539913585	2.5560642889128546	0.4489795918367347	
9g2a	seed_1181241943				
9g2a	seed_1812140441				
9g2a	seed_2746317213				
9g2a	seed_3163119785				
9g2a	seed_958682846	0.0817645176765112	11.547284219309303	0.09375	
9g2g	seed_1181241943				
9g2g	seed_1812140441				
9g2g	seed_2746317213				
9g2g	seed_3163119785				
9g2g	seed_958682846				
9g48	seed_1181241943				
9g48	seed_1812140441				
9g48	seed_2746317213	0.03088665981547645	11.418808427566185	0.0	
9g48	seed_3163119785	0.14972919574322235	8.2704297470929	0.2413793103448276	
9g48	seed_958682846				
9g5l	seed_1181241943	0.03222974335674176	11.759242389114474	0.0	
9g5l	seed_1812140441	0.09770052019131141	9.621181491190155	0.125	
9g5l	seed_2746317213	0.03392264866065408	12.430379057577069	0.0	
9g5l	seed_3163119785	0.0646663994552521	12.760530868086407	0.041666666666666664	
9g5l	seed_958682846	0.11043150579356935	9.148551113538256	0.20833333333333334	
9g7k	seed_1181241943				
9g7k	seed_1812140441				
9g7k	seed_2746317213				
9g7k	seed_3163119785				
9g7k	seed_958682846				
9g97	seed_1181241943	0.4703859778627764	1.4905024218545329	0.7321428571428571	
9g97	seed_1812140441	0.6758915826011035	0.47035441164348635	0.875	
9g97	seed_2746317213	0.6442447922845386	0.690756160332675	0.8035714285714286	
9g97	seed_3163119785	0.7047245430480773	0.41193784191265126	0.875	
9g97	seed_958682846	0.6747878298255028	0.49581920523824835	0.8571428571428571	
9ggp	seed_1181241943	0.005278593584379816	20.85978070340909	0.0	0.003799921053639897
9ggp	seed_1812140441	0.007112733155713231	18.169210872285866	0.0	0.004886517160424018
9ggp	seed_2746317213	0.004401048555605253	19.942643474830625	0.0	0.004302473239246051
9ggp	seed_3163119785	0.0036303785993129843	22.42726802025322	0.0	0.003596779537418418
9ggp	seed_958682846	0.007066620219915959	18.197937864383977	0.0	0.004736915694857653
9ghi	seed_1181241943	0.747564192788119	0.4629810580197389	0.9565217391304348	0.7709682305365425
9ghi	seed_1812140441	0.7658229090013683	0.4843836262697648	1.0	0.7768221862942216
9ghi	seed_2746317213	0.060692282515375694	7.347644194640675	0.043478260869565216	0.05195877318477247
9ghi	seed_3163119785	0.7698297857103816	0.47093107918657123	1.0	0.7741838711856893
9ghi	seed_958682846	0.726850541948151	0.487919821212907	1.0	0.698395198182134
9ghj	seed_1181241943	0.03277381706226065	14.362991757519131	0.0	0.05863293053509026
9ghj	seed_1812140441	0.12353176748489059	5.029485260272494	0.06451612903225806	0.10684329472011452
9ghj	seed_2746317213	0.1880908360778718	3.8310833625107024	0.22580645161290322	0.12104888517522923
9ghj	seed_3163119785	0.31861512945289333	3.0633190902140854	0.4838709677419355	0.18588668145591902
9ghj	seed_958682846	0.07537996211421676	9.666018018200415	0.0	0.07228265174668838
9glz	seed_1181241943				
9glz	seed_1812140441				
9glz	seed_2746317213	0.019150879815872966	10.182382101535557	0.0	
9glz	seed_3163119785				
9glz	seed_958682846	0.019337858871256206	10.163652741189383	0.0	
9gox	seed_1181241943	0.005063883752129748	18.041347745999836	0.0	0.008121157342758758
9gox	seed_1812140441	0.005016839161036623	17.93281692296928	0.0	0.008121253971029205
9gox	seed_2746317213	0.005092089366080234	17.82657823889528	0.0	0.008329285269210902
9gox	seed_3163119785	0.005056668142829616	18.000707364769294	0.0	0.008109079587873068
9gox	seed_958682846	0.005042259725707905	17.935189652229656	0.0	0.0082533749536147
9gv3	seed_1181241943				
9gv3	seed_1812140441				
9gv3	seed_2746317213				
9gv3	seed_3163119785				
9gv3	seed_958682846				
9gvl	seed_1181241943	0.1703223877673893	21.345353327901517	0.484375	
9gvl	seed_1812140441	0.1856551094286094	21.439349735378936	0.53125	
9gvl	seed_2746317213	0.1766932691407499	21.227141431623217	0.5	
9gvl	seed_3163119785	0.18666329464906373	21.343843595828854	0.53125	
9gvl	seed_958682846	0.18458635798181813	22.169338503718606	0.53125	
9gvn	seed_1181241943				
9gvn	seed_1812140441				
9gvn	seed_2746317213				
9gvn	seed_3163119785				
9gvn	seed_958682846				
9gvo	seed_1181241943	0.007337970649790044	25.1610547359632	0.0	
9gvo	seed_1812140441	0.03643338299663391	17.389928414538804	0.0	
9gvo	seed_2746317213	0.030585722125815427	13.087971220867926	0.0	
9gvo	seed_3163119785	0.031071056584316654	15.900493326707522	0.0	
9gvo	seed_958682846	0.013971654881048687	19.42739296203009	0.0	
9h1f	seed_1181241943	0.8676271931153203	0.8629977468219351	0.8809523809523809	
9h1f	seed_1812140441	0.11891511282937267	11.46119359735219	0.21428571428571427	
9h1f	seed_2746317213	0.7953629562262621	1.1215491478904704	0.7857142857142857	
9h1f	seed_3163119785	0.8556052082158225	0.9383646728630313	0.8809523809523809	
9h1f	seed_958682846	0.7156373343268978	1.3828220100540882	0.7619047619047619	
9h39	seed_1181241943				
9h39	seed_1812140441				
9h39	seed_2746317213	0.008752131760909783	18.026212467889643	0.0	
9h39	seed_3163119785	0.07024102480931595	8.258908608875705	0.11320754716981132	
9h39	seed_958682846	0.045191292965264813	9.412220705713493	0.05660377358490566	
9h4r	seed_1181241943				
9h4r	seed_1812140441				
9h4r	seed_2746317213				
9h4r	seed_3163119785				
9h4r	seed_958682846				
9h4s	seed_1181241943	0.1500738671373937	9.936091956009136	0.35	0.03931000327733732
9h4s	seed_1812140441	0.1162293286637814	9.89811080550512	0.25	0.04825474835905136
9h4s	seed_2746317213				
9h4s	seed_3163119785	0.09930117121670322	9.993139598395436	0.2	0.04916164836347869
9h4s	seed_958682846	0.17019157433065837	9.878684978744479	0.4	0.05242040013578634
9h6v	seed_1181241943				
9h6v	seed_1812140441	0.018778230819200378	11.419025829929856	0.0	
9h6v	seed_2746317213				
9h6v	seed_3163119785	0.03866873794892639	9.139931794452124	0.016129032258064516	
9h6v	seed_958682846				
9h77	seed_1181241943	0.15864956033217295	5.025872333742863	0.09615384615384616	
9h77	seed_1812140441				
9h77	seed_2746317213				
9h77	seed_3163119785				
9h77	seed_958682846				
9hi4	seed_1181241943	0.7225207119113675	0.6537795090405766	0.9428571428571428	0.600485338419293
9hi4	seed_1812140441	0.7540319642486989	0.6291846424500995	0.9142857142857143	0.6110979066694452
9hi4	seed_2746317213	0.7646663090671549	0.5273195672354626	0.9428571428571428	0.6025576559202168
9hi4	seed_3163119785				
9hi4	seed_958682846	0.7339823637941697	0.5824251301152663	0.9428571428571428	0.6048184074904712
9hi6	seed_1181241943	0.7295783321168013	1.4787075422649385	0.8421052631578947	0.6461329527919805
9hi6	seed_1812140441	0.8817673323505172	0.5272007626685088	0.8947368421052632	0.8072893127175519
9hi6	seed_2746317213	0.754405317404872	1.3524714790043133	0.8421052631578947	0.6662384258424147
9hi6	seed_3163119785	0.7501516207628033	1.403624280246264	0.868421052631579	0.6526327852515662
9hi6	seed_958682846	0.6532497647913634	1.4375522714592655	0.8421052631578947	0.5847525555029797
9hj9	seed_1181241943	0.051729969120407365	13.947679430194073	0.0	0.05351048158534813
9hj9	seed_1812140441	0.031733794035890675	13.501953162174907	0.0	0.03188568923616262
9hj9	seed_2746317213	0.032120544845005386	13.294241873878411	0.0	0.03236854742480576
9hj9	seed_3163119785	0.03754461717345827	13.11498996611383	0.0	0.03937262672383382
9hj9	seed_958682846	0.03548477915360929	13.173933930593702	0.0	0.03684722176825929
9hk1	seed_1181241943	0.06461613935520048	11.835356257568513	0.06060606060606061	0.04256793331982218
9hk1	seed_1812140441	0.04395340391447807	16.33654739855796	0.0	0.0436172119103426
9hk1	seed_2746317213	0.04493320251768396	14.241043245836291	0.0	0.0458913269618278
9hk1	seed_3163119785	0.059790542381652594	9.67736928781374	0.0	0.07415713427561683
9hk1	seed_958682846	0.05589695820341836	12.10804715798585	0.0	0.05615513143702416
9hll	seed_1181241943	0.01837741226951564	10.55408080746676	0.0	
9hll	seed_1812140441				
9hll	seed_2746317213				
9hll	seed_3163119785				
9hll	seed_958682846				
9hml	seed_1181241943	0.030740972512576587	9.310875361487536	0.016129032258064516	
9hml	seed_1812140441	0.020020051660656773	12.817052289644424	0.0	
9hml	seed_2746317213	0.05107181544412139	8.884005665482658	0.04838709677419355	
9hml	seed_3163119785	0.04816509567707151	8.769596465136347	0.03225806451612903	
9hml	seed_958682846	0.010984783225850649	16.69884431090312	0.0	
9ho4	seed_1181241943	0.048749413548881994	12.159499373580651	0.0	
9ho4	seed_1812140441	0.06824390263708642	8.982918241097844	0.0	
9ho4	seed_2746317213	0.06720405755066673	9.190057205079153	0.03333333333333333	
9ho4	seed_3163119785	0.04304058264882268	13.280876757187157	0.0	
9ho4	seed_958682846	0.05339131572509956	11.274793698252058	0.0	
9ho5	seed_1181241943	0.6283134753843957	2.3753577340484178	0.7758620689655172	
9ho5	seed_1812140441	0.6048147804012544	2.5277084334594004	0.7758620689655172	
9ho5	seed_2746317213	0.6095547461248549	2.5421013182882146	0.7758620689655172	
9ho5	seed_3163119785	0.6096599882827315	2.4201365091008373	0.7413793103448276	
9ho5	seed_958682846	0.6079866751170759	2.5198376290905578	0.7586206896551724	
9ho6	seed_1181241943				
9ho6	seed_1812140441				
9ho6	seed_2746317213				
9ho6	seed_3163119785				
9ho6	seed_958682846				
9hub	seed_1181241943	0.40750510000245743	4.147564097928877	0.6461538461538462	0.2794145752165804
9hub	seed_1812140441	0.4271262266231471	4.339165239046497	0.6615384615384615	0.3364105173441927
9hub	seed_2746317213				
9hub	seed_3163119785	0.36972293286055247	4.112127257866807	0.5846153846153846	0.2516018543310922
9hub	seed_958682846				
9huo	seed_1181241943	0.09776060096732475	8.175262863639945	0.140625	0.05729404749053588
9huo	seed_1812140441	0.10439407904099231	8.064907865396455	0.15625	0.062275293317660775
9huo	seed_2746317213	0.08889644919246953	7.583100501296538	0.0625	0.061639181691691504
9huo	seed_3163119785	0.09144155685834683	7.750805790933041	0.109375	0.06561579428035612
9huo	seed_958682846	0.0900180528017384	7.380805607031425	0.046875	0.06744562830882057
9hur	seed_1181241943	0.6383118241151066	1.9309477080545692	0.6379310344827587	
9hur	seed_1812140441	0.6125536051318072	2.074776776333642	0.5862068965517241	
9hur	seed_2746317213	0.5474318044692105	2.12513000827878	0.6206896551724138	
9hur	seed_3163119785	0.5331157618364442	2.6549654250706984	0.5517241379310345	
9hur	seed_958682846	0.6103424460997923	2.015995595664989	0.6551724137931034	
9hxo	seed_1181241943				
9hxo	seed_1812140441				
9hxo	seed_2746317213				
9hxo	seed_3163119785				
9hxo	seed_958682846				
9hzj	seed_1181241943	0.45166191046996923	2.8124492419801133	0.65	
9hzj	seed_1812140441	0.7548321495597964	1.2258980459533317	0.875	
9hzj	seed_2746317213	0.4813085306327243	2.596127303403264	0.65	
9hzj	seed_3163119785	0.7018795722403189	1.3508281493876402	0.8	
9hzj	seed_958682846	0.7247802150029748	1.24773809461658	0.825	
9hzk	seed_1181241943	0.6006442799402064	1.7624325255973396	0.6976744186046512	
9hzk	seed_1812140441	0.4779519717201235	2.0941606585678363	0.5813953488372093	
9hzk	seed_2746317213	0.4444310887388121	2.284031296905775	0.5116279069767442	
9hzk	seed_3163119785	0.5174451809450561	1.956560922553067	0.6511627906976745	
9hzk	seed_958682846	0.5467883226518394	1.8201807864702817	0.627906976744186	
9i59	seed_1181241943				
9i59	seed_1812140441				
9i59	seed_2746317213				
9i59	seed_3163119785				
9i59	seed_958682846				
9iqp	seed_1181241943	0.014406636884502657	16.507499934048987	0.0	
9iqp	seed_1812140441	0.014670860909815314	16.271775413089973	0.0	
9iqp	seed_2746317213	0.015209473514850677	16.06651805423791	0.0	
9iqp	seed_3163119785	0.020373333234141828	15.01417079350734	0.015873015873015872	
9iqp	seed_958682846	0.020304957188568937	16.517660466216125	0.015873015873015872	
9jbq	seed_1181241943	0.03584673324695546	13.819269373474112	0.0	0.03832029828081199
9jbq	seed_1812140441	0.04472006877564241	11.307762781598248	0.0	0.07607985922341524
9jbq	seed_2746317213	0.032512363214405114	14.79109026861146	0.0	0.03540167553311308
9jbq	seed_3163119785	0.03134615967163129	14.374326922589303	0.0	0.03396742966499294
9jbq	seed_958682846	0.03226940358925646	14.98346224604489	0.0	0.03512554472281839
9jcy	seed_1181241943	0.33862624419382265	2.461693781794785	0.5	0.36714650026900025
9jcy	seed_1812140441	0.022457217886504066	8.973643953672982	0.0	0.019751685965426386
9jcy	seed_2746317213	0.010902328556934545	14.91882690583241	0.0	0.009281201936752461
9jcy	seed_3163119785	0.10168143638495107	8.06873916631303	0.0	0.13783011733653108
9jcy	seed_958682846	0.04233887906809041	18.3735600256388	0.08928571428571429	0.01975672545935709
9jd0	seed_1181241943	0.19302636135966647	5.356764107692059	0.352112676056338	
9jd0	seed_1812140441	0.1589313649988746	5.8300205451511715	0.28169014084507044	
9jd0	seed_2746317213	0.08043348612721847	11.369482693541954	0.18309859154929578	
9jd0	seed_3163119785	0.13101413514958735	10.01998802632733	0.2676056338028169	
9jd0	seed_958682846	0.18462868163273213	5.74736060964406	0.352112676056338	
9jd1	seed_1181241943	0.11268473732703266	6.145489851342389	0.23684210526315788	0.026747647136555686
9jd1	seed_1812140441	0.13660718270347139	6.382629251138088	0.3157894736842105	0.024945540969130375
9jd1	seed_2746317213	0.09193942543276339	6.382139672551744	0.18421052631578946	0.024533470673457625
9jd1	seed_3163119785	0.09204024774466467	6.464042661350166	0.18421052631578946	0.025014977572452395
9jd1	seed_958682846	0.09271999987743756	6.426670708617205	0.18421052631578946	0.0251752053654007
9jeb	seed_1181241943				
9jeb	seed_1812140441	0.1611376780802407	15.320285807600408	0.41333333333333333	
9jeb	seed_2746317213				
9jeb	seed_3163119785				
9jeb	seed_958682846	0.15090843079283464	16.067760416582253	0.4	
9jno	seed_1181241943	0.008203438286607063	12.110652815216229	0.0	0.007838510481462557
9jno	seed_1812140441	0.00888658663167414	12.09333518603155	0.0	0.00823943317582849
9jno	seed_2746317213	0.004722679860338732	17.27967681774935	0.0	0.005644787305753362
9jno	seed_3163119785	0.8134383622225622	0.8972990178608983	0.7818181818181819	0.6144331683943629
9jno	seed_958682846	0.8309343925266893	0.8420586674895741	0.8181818181818182	0.76249931486571
9jqv	seed_1181241943	0.006069840853062179	17.256002220393004	0.0	0.010168781092653094
9jqv	seed_1812140441	0.0038994369162518526	20.01857996554215	0.0	0.003666164564131992
9jqv	seed_2746317213	0.003243117946146883	23.128961630441403	0.0	0.0037160661219023377
9jqv	seed_3163119785	0.003270907219034212	22.94979516858843	0.0	0.0037484951540611767
9jqv	seed_958682846	0.0032673356443401	22.744569682290148	0.0	0.0036352635074262487
9kur	seed_1181241943				
9kur	seed_1812140441	0.02654631085578681	13.148704483101184	0.0	0.02538258031793394
9kur	seed_2746317213				
9kur	seed_3163119785				
9kur	seed_958682846				
9l9y	seed_1181241943	0.04124807428702987	10.77802504173298	0.0	0.04336678013408177
9l9y	seed_1812140441	0.05880802164891611	11.124092998239549	0.0	0.06322119146683317
9l9y	seed_2746317213	0.071957275420943	11.409825913292972	0.0	0.07487259973754384
9l9y	seed_3163119785	0.08129472405791847	10.953019999624084	0.0	0.08641918838112572
9l9y	seed_958682846	0.06836466845797774	11.086652423338398	0.0	0.0739062357053341
9lad	seed_1181241943	0.8272756096176997	1.1656940088234702	0.9361702127659575	
9lad	seed_1812140441	0.8764410461347926	0.8324552707317953	0.9361702127659575	
9lad	seed_2746317213	0.9055821823604547	0.6602742604535776	0.9361702127659575	
9lad	seed_3163119785	0.8849195387860975	0.7992483793773945	0.9361702127659575	
9lad	seed_958682846	0.8953790902446275	0.7370433883550819	0.9361702127659575	
9lh2	seed_1181241943				
9lh2	seed_1812140441				
9lh2	seed_2746317213				
9lh2	seed_3163119785	0.18020429421115366	4.9054954040303285	0.11363636363636363	
9lh2	seed_958682846				
9lme	seed_1181241943				
9lme	seed_1812140441				
9lme	seed_2746317213				
9lme	seed_3163119785				
9lme	seed_958682846				
9lrf	seed_1181241943	0.024147632710395845	11.897599150066156	0.0	0.022360561455279575
9lrf	seed_1812140441	0.02198172569091987	11.895781066971509	0.0	0.022781295239703587
9lrf	seed_2746317213	0.02020677416381066	12.60140993010554	0.0	0.022576766674177903
9lrf	seed_3163119785	0.02067350020620744	13.320489202593484	0.0	0.02224884669353756
9lrf	seed_958682846	0.01973477414283535	12.675850210754781	0.0	0.022125665849319496
9m5b	seed_1181241943	0.8482232825293149	0.7532128751945472	0.9444444444444444	0.6818196901495764
9m5b	seed_1812140441	0.7805984083463944	1.1044366709697169	0.8888888888888888	0.7042044057486558
9m5b	seed_2746317213	0.8618557853379588	0.8499608709410762	0.9166666666666666	0.8075662536160211
9m5b	seed_3163119785	0.023414517959989233	19.418620631119126	0.0	0.025053308537480657
9m5b	seed_958682846	0.39676914114642464	2.7222370987069953	0.6944444444444444	0.5093176461090126
9m6j	seed_1181241943	0.017700299828312904	13.406894169655976	0.0	
9m6j	seed_1812140441	0.01727199734741563	13.71370869580961	0.0	
9m6j	seed_2746317213	0.017136109237027568	13.877671960311899	0.0	
9m6j	seed_3163119785	0.01703626396703946	13.820121718249405	0.0	
9m6j	seed_958682846	0.016684851220501395	14.031443911840633	0.0	
9m6o	seed_1181241943	0.018074020034020564	13.312473910276525	0.0	
9m6o	seed_1812140441	0.017504829216436753	13.56055402157389	0.0	
9m6o	seed_2746317213	0.018008036564793963	13.361140799828519	0.0	
9m6o	seed_3163119785	0.01748776742498528	13.540043830186189	0.0	
9m6o	seed_958682846	0.017824844003170914	13.439524565438127	0.0	
9mer	seed_1181241943	0.03787087015638091	10.657059426022773	0.0	0.03713475723680472
9mer	seed_1812140441	0.03413470445941075	12.739077131138846	0.0	0.03257913011300071
9mer	seed_2746317213	0.03360273653870351	9.594631794710805	0.0	0.03273502637729863
9mer	seed_3163119785	0.06951686114898857	10.410949015052564	0.0	0.06978461867046987
9mer	seed_958682846	0.09335327132713604	10.20620689916023	0.0	0.09576974269029838
9mev	seed_1181241943	0.034005823773552386	13.364481290106648	0.0	0.03505405707573608
9mev	seed_1812140441	0.10545303966569643	5.472021071674261	0.0	0.10569043941240237
9mev	seed_2746317213	0.03579375274990346	13.241440672952987	0.0	0.0371307581166703
9mev	seed_3163119785	0.0335477865397664	13.31285931339855	0.0	0.03451036497390178
9mev	seed_958682846	0.03517534109567281	13.350923787859452	0.0	0.03644204550949197
9mic	seed_1181241943	0.03399640354049352	14.14834508887275	0.0	0.14189622662620938
9mic	seed_1812140441	0.032942609353297604	14.36759070160804	0.0	0.1792533246882065
9mic	seed_2746317213	0.034319766601203	14.201750301524042	0.0	0.17872712065814203
9mic	seed_3163119785	0.03146289103877368	14.223049844085505	0.0	0.15784969489988657
9mic	seed_958682846	0.03165445495621866	14.433603502925278	0.0	0.1582044811077368
9mid	seed_1181241943	0.03935421189376736	14.146441252081896	0.02631578947368421	0.14866018314830046
9mid	seed_1812140441	0.03930009861430044	14.039601350442204	0.02631578947368421	0.029031281710811624
9mid	seed_2746317213	0.0346628930783961	14.041041644503517	0.013157894736842105	0.029002035133527528
9mid	seed_3163119785	0.03981594192428322	13.876282549181129	0.05263157894736842	0.015978775473830312
9mid	seed_958682846	0.034945910001715895	15.615725402758878	0.013157894736842105	0.03042181691814432
9mif	seed_1181241943	0.033675977351332174	15.380510650490102	0.0	0.12699763822861496
9mif	seed_1812140441	0.29623769374468134	3.012099501524346	0.2222222222222222	0.34269442059801114
9mif	seed_2746317213	0.03214507991875706	15.419312158080388	0.0	0.10886464093309456
9mif	seed_3163119785	0.029066203047110332	13.414175354215018	0.0	0.033330764325367045
9mif	seed_958682846	0.045867284168331766	10.55754143354343	0.0	0.047399916492316944
9mj3	seed_1181241943	0.03504465905335489	16.358755811528326	0.0	0.0331446171889772
9mj3	seed_1812140441	0.048951904169142406	12.797131092320535	0.03333333333333333	0.0366617416670056
9mj3	seed_2746317213	0.04553384909071701	12.983781455926033	0.03333333333333333	0.03459464828218576
9mj3	seed_3163119785	0.03367298284129413	13.259079916614583	0.0	0.03651021241498623
9mj3	seed_958682846	0.037991162295263954	13.87492045993243	0.0	0.1012385855806478
9ml8	seed_1181241943				
9ml8	seed_1812140441				
9ml8	seed_2746317213				
9ml8	seed_3163119785				
9ml8	seed_958682846				
9mqv	seed_1181241943	0.22548657141241815	2.7822981512013563	0.21818181818181817	0.5462229912211917
9mqv	seed_1812140441	0.3701747168239979	1.8351627354610818	0.38181818181818183	0.6562851518320482
9mqv	seed_2746317213	0.31412134098797256	1.8928718694453728	0.38181818181818183	0.5855794433652547
9mqv	seed_3163119785	0.49438379903108426	1.8293430020342814	0.34545454545454546	0.7567434389474453
9mqv	seed_958682846	0.3599713739688069	1.6931603077860287	0.4727272727272727	0.5747670357753806
9mxi	seed_1181241943	0.044027802366973824	13.345504678249807	0.0	0.04455773071418828
9mxi	seed_1812140441	0.048916568776302044	13.375760966962309	0.0	0.04713753363027685
9mxi	seed_2746317213	0.043558907530409925	13.204761363093617	0.0	0.042513930435202886
9mxi	seed_3163119785	0.04471443159610746	13.284447684904658	0.0	0.044921962513037095
9mxi	seed_958682846	0.03766131730275145	13.330511308208745	0.0	0.04069090480037146
9n8i	seed_1181241943	0.023157729774650693	13.479869838731405	0.0	0.021307398753655445
9n8i	seed_1812140441	0.05530037881250477	14.674023176237586	0.07142857142857142	0.03287794401673481
9n8i	seed_2746317213	0.03574531291481639	13.08778706611954	0.0	0.035692764819084136
9n8i	seed_3163119785	0.07317700942910736	9.736392184154862	0.10714285714285714	0.03621087569013207
9n8i	seed_958682846	0.6390772739995868	1.1440924731040076	0.8571428571428571	0.2890266848427115
9n8n	seed_1181241943	0.006607816866237158	13.343654127290245	0.0	0.004694714363729061
9n8n	seed_1812140441	0.004991153458596405	16.844984687276607	0.0	0.004333886447497481
9n8n	seed_2746317213	0.003230289776125395	22.581376063514707	0.0	0.0036130823418232378
9n8n	seed_3163119785	0.0048488728779759955	17.315213573437376	0.0	0.0030367404629581666
9n8n	seed_958682846	0.005506794022689272	16.554887794721935	0.0	0.003323142113415736
9ncd	seed_1181241943	0.05783099249438115	9.837904245774947	0.0	0.05438223833649042
9ncd	seed_1812140441	0.06553362771847453	8.609351368691101	0.0	0.053898369432205
9ncd	seed_2746317213	0.06455908369005188	9.417237867316466	0.0	0.05971189138210723
9ncd	seed_3163119785	0.04528888408547501	8.570891979666815	0.0	0.03766851627544395
9ncd	seed_958682846	0.061904336561313354	9.542030285630318	0.0	0.05862509817701181
9njy	seed_1181241943	0.8672599433268476	0.5681667732010077	0.9487179487179487	0.8222498676824305
9njy	seed_1812140441	0.8197973169327556	0.7168253031417258	0.8974358974358975	0.6847389835964165
9njy	seed_2746317213	0.8508195785464685	0.613439712034835	0.9230769230769231	0.7658177062653918
9njy	seed_3163119785	0.6450020202167405	0.7050199901970771	0.9230769230769231	0.5069835849693498
9njy	seed_958682846	0.7143568863151181	0.7172609934760158	0.8974358974358975	0.6792981824878418
9npi	seed_1181241943	0.21649293757793595	3.847332655659532	0.23809523809523808	0.21934321383469543
9npi	seed_1812140441	0.0432395127715002	13.434938623871933	0.0	0.03887404169856933
9npi	seed_2746317213	0.04200191047186965	13.470519771642019	0.0	0.037021708534452864
9npi	seed_3163119785	0.04282226009643034	13.309989396219729	0.0	0.0387849208501177
9npi	seed_958682846	0.2317704128345914	4.099988077548629	0.2857142857142857	0.16059999418848667
9oar	seed_1181241943	0.06112530766598745	9.633701399303412	0.0	0.09277526445053158
9oar	seed_1812140441				
9oar	seed_2746317213	0.03205540015415387	14.94780753458578	0.0	0.03170177462961849
9oar	seed_3163119785	0.04182112299346335	9.623053604390595	0.0	0.04403405013277473
9oar	seed_958682846	0.042431623850079515	9.978729915393185	0.0	0.06572879635422282
9obn	seed_1181241943				
9obn	seed_1812140441				
9obn	seed_2746317213				
9obn	seed_3163119785				
9obn	seed_958682846	0.7148329374072673	1.520935272030508	0.8076923076923077	
9pi9	seed_1181241943	0.023496437295110917	14.384027048243457	0.025	0.08099338845631053
9pi9	seed_1812140441				
9pi9	seed_2746317213				
9pi9	seed_3163119785				
9pi9	seed_958682846				
9pru	seed_1181241943				
9pru	seed_1812140441				
9pru	seed_2746317213				
9pru	seed_3163119785				
9pru	seed_958682846				
9pzi	seed_1181241943	0.044789586968847495	13.301254236267063	0.0	0.045415301209093706
9pzi	seed_1812140441	0.038578819907421034	13.261332675713158	0.0	0.040238927372408514
9pzi	seed_2746317213	0.04478645222867215	13.480045564387709	0.0	0.04535755092784561
9pzi	seed_3163119785	0.04477510597548345	14.512162026372483	0.0	0.04310148749216747
9pzi	seed_958682846	0.03794687195593903	13.363323064279802	0.0	0.039766414752984015
9q8l	seed_1181241943	0.03698291827021872	16.32964941079158	0.0	0.03703673370256396
9q8l	seed_1812140441	0.03474867616145378	12.370971938015883	0.0	0.03730405553987076
9q8l	seed_2746317213	0.04296643824368016	13.987600884913217	0.029411764705882353	0.034326871560944494
9q8l	seed_3163119785	0.06340849342890524	10.18089705891248	0.0	0.07057686674580237
9q8l	seed_958682846	0.7596578388354068	0.7408022700832685	0.6764705882352942	0.8729478943414639
9qrv	seed_1181241943	0.04184179284851534	7.593946017754473	0.0	0.04411681113936503
9qrv	seed_1812140441	0.017633213856589103	12.319163001285387	0.0	0.018862744011232346
9qrv	seed_2746317213	0.5509768311431235	1.807203075265585	0.5555555555555556	0.49436430893938327
9qrv	seed_3163119785	0.01722911653112385	12.241671475244404	0.0	0.018237765635066388
9qrv	seed_958682846	0.4677423833352851	1.9459499007024943	0.48148148148148145	0.4259662906896274
9rit	seed_1181241943	0.09172507461433028	8.00143574705704	0.0	
9rit	seed_1812140441	0.06799747398161547	7.772519722438365	0.0	
9rit	seed_2746317213	0.5422659107450475	2.2371834344529886	0.5476190476190477	
9rit	seed_3163119785	0.7187787003622187	1.3496282065550331	0.6428571428571429	
9rit	seed_958682846	0.09361066160803201	11.285916449062293	0.14285714285714285	
9riu	seed_1181241943	0.07918258434566144	8.579306713043344	0.018518518518518517	
9riu	seed_1812140441	0.056058333948397876	10.503064030683078	0.037037037037037035	
9riu	seed_2746317213				
9riu	seed_3163119785	0.053786932742271726	8.353838403232695	0.0	
9riu	seed_958682846				
9rm2	seed_1181241943				
9rm2	seed_1812140441				
9rm2	seed_2746317213				
9rm2	seed_3163119785				
9rm2	seed_958682846				
9rn6	seed_1181241943	0.045979469265587054	15.402619227251897	0.0784313725490196	
9rn6	seed_1812140441	0.03850927757896671	15.900565571421396	0.058823529411764705	
9rn6	seed_2746317213	0.04432782572803596	15.955782348617234	0.0784313725490196	
9rn6	seed_3163119785	0.006188474446152617	23.068454636805587	0.0	
9rn6	seed_958682846	0.003232378272634421	34.52432436003261	0.0	
9th6	seed_1181241943	0.005762646821458432	21.509892587504396	0.0	
9th6	seed_1812140441	0.005924634885888333	21.663193331374302	0.0	
9th6	seed_2746317213	0.005954414779680398	21.50919688266183	0.0	
9th6	seed_3163119785	0.006419037295000784	21.15384062397491	0.0	
9th6	seed_958682846	0.005775315203874529	21.537750458769334	0.0	
9u8g	seed_1181241943				
9u8g	seed_1812140441	0.7252182728177049	1.4386903961606459	0.7887323943661971	
9u8g	seed_2746317213	0.7235582839360104	1.4403043119030012	0.7746478873239436	
9u8g	seed_3163119785	0.6961696105804765	1.5479685706633248	0.7746478873239436	
9u8g	seed_958682846				
9uk5	seed_1181241943	0.07822124668500627	9.277125967653753	0.05172413793103448	0.07123172794264455
9uk5	seed_1812140441	0.048480921771128616	12.021442358110862	0.0	0.04995416243830084
9uk5	seed_2746317213	0.03324865466134072	13.047273739954067	0.0	0.039274626459659324
9uk5	seed_3163119785	0.034150522856614726	12.747556638437642	0.0	0.03804612878819293
9uk5	seed_958682846	0.03421158371616493	14.798738859480883	0.0	0.03894611302724766
9uvi	seed_1181241943	0.6690379950497086	1.2898557568436642	0.5217391304347826	0.8799112615335739
9uvi	seed_1812140441	0.6536463642965318	1.3484774541383278	0.4782608695652174	0.8788497650520597
9uvi	seed_2746317213	0.6805916658340116	1.2800209613069737	0.5217391304347826	0.8981180358467359
9uvi	seed_3163119785	0.6465776457582046	1.4684375935557843	0.5217391304347826	0.8799666755479362
9uvi	seed_958682846	0.6074898963941878	1.57047230835127	0.4782608695652174	0.8288573271531284
9uzb	seed_1181241943	0.015229710726452466	8.594917837005303	0.0	0.012689836253901994
9uzb	seed_1812140441	0.015927950078680465	8.106903188177236	0.0	0.013011251538402263
9uzb	seed_2746317213	0.24692093254704373	3.3712471975837546	0.47619047619047616	0.24418182227526608
9uzb	seed_3163119785	0.006658582360906787	14.172414255153289	0.0	0.0065537253741179136
9uzb	seed_958682846	0.013065922122121697	9.685573434323079	0.0	0.010882473732246609
9uzc	seed_1181241943	0.011838200059482573	9.194327954991017	0.0	0.019697029223361754
9uzc	seed_1812140441	0.017771767149354217	7.398459341481947	0.0	0.06043555755597243
9uzc	seed_2746317213	0.10903527846603718	5.647028557087182	0.23809523809523808	0.08329719067494058
9uzc	seed_3163119785	0.07968630241222878	8.133395208628988	0.19047619047619047	0.015370379769129965
9uzc	seed_958682846	0.05021185924544775	8.034661793449544	0.09523809523809523	0.07337297604990328
9uzd	seed_1181241943	0.0105328932255405	14.984797677545991	0.0	0.0061241372379727205
9uzd	seed_1812140441	0.010371638448999248	15.605569886274894	0.0	0.00597354079962614
9uzd	seed_2746317213	0.0882427033221959	8.579691427812422	0.0	0.03698562478894855
9uzd	seed_3163119785	0.019257416493927555	7.205735731582282	0.0	0.08501199873451176
9uzd	seed_958682846	0.06516170240247003	7.225233352790297	0.13636363636363635	0.07781099869088158
9uze	seed_1181241943	0.033278191220102	11.248270100784207	0.047619047619047616	0.0180984841491937
9uze	seed_1812140441	0.005463065584808249	17.935680928181153	0.0	0.004677609220650135
9uze	seed_2746317213	0.0067276525850643865	13.762801003882082	0.0	0.006959072577495035
9uze	seed_3163119785	0.015667561894566976	8.459661669031977	0.0	0.01335980099239662
9uze	seed_958682846	0.0144605977964358	9.27452024105834	0.0	0.013127702684800395
9uzf	seed_1181241943	0.005631160630858983	15.274552453426246	0.0	0.005441906437487809
9uzf	seed_1812140441	0.1135361831996861	6.046243196908821	0.2608695652173913	0.06966423380700755
9uzf	seed_2746317213	0.016200403232123486	11.865454036654802	0.0	0.009213064317081271
9uzf	seed_3163119785	0.061690542480508335	10.18772234769355	0.13043478260869565	0.03861747095737481
9uzf	seed_958682846	0.07526704242169285	9.323243865385594	0.17391304347826086	0.06257484368028705
9uzg	seed_1181241943	0.04933380269438242	9.775094384344754	0.09523809523809523	0.038703911308326074
9uzg	seed_1812140441	0.009684290137499036	12.588478327307074	0.0	0.007862754093078244
9uzg	seed_2746317213	0.006547543465846856	13.893471288400116	0.0	0.006303132111923955
9uzg	seed_3163119785	0.012947014486833233	11.888298744088177	0.0	0.008731083074773362
9uzg	seed_958682846	0.11682550015927028	4.983724401000656	0.23809523809523808	0.07263986801330348
9uzh	seed_1181241943	0.06094037754565781	9.014856727306247	0.13043478260869565	0.03681274212962759
9uzh	seed_1812140441	0.006420850987828148	14.202394626255986	0.0	0.0061168489743448585
9uzh	seed_2746317213	0.006938612796285573	13.80962893190759	0.0	0.006718174863116005
9uzh	seed_3163119785	0.08204138099162127	6.459209600624403	0.17391304347826086	0.08074108877598761
9uzh	seed_958682846	0.11557747995461898	4.755017410190871	0.21739130434782608	0.13435907141717712
9uzi	seed_1181241943	0.014849799663478222	8.776623519542545	0.0	0.012397356566491921
9uzi	seed_1812140441	0.028508399594803006	8.412132781604718	0.04	0.012770987679273475
9uzi	seed_2746317213	0.2604035535817111	3.4233456348800924	0.52	0.2625599756586664
9uzi	seed_3163119785	0.00685466662550389	13.793599816217146	0.0	0.006625634367751508
9uzi	seed_958682846	0.012739222757036492	9.905536248317635	0.0	0.01065175304299124
9vdy	seed_1181241943	0.9231218683835855	0.449298412980949	0.9130434782608695	0.938731194057202
9vdy	seed_1812140441	0.8774936805327164	0.5897296539731193	0.8913043478260869	0.8999359284915479
9vdy	seed_2746317213	0.9071020334670861	0.46849584400347066	0.8695652173913043	0.9240975886881158
9vdy	seed_3163119785	0.8670222756921322	0.5648643582519632	0.8478260869565217	0.8980489350108266
9vdy	seed_958682846	0.9316267716235146	0.4545579898435122	0.9347826086956522	0.9180714236063907
9vdz	seed_1181241943				
9vdz	seed_1812140441				
9vdz	seed_2746317213				
9vdz	seed_3163119785				
9vdz	seed_958682846				
9vjj	seed_1181241943				
9vjj	seed_1812140441				
9vjj	seed_2746317213				
9vjj	seed_3163119785				
9vjj	seed_958682846				
9vp0	seed_1181241943	0.043207655088952725	14.009071383660407	0.0	0.04244881377796265
9vp0	seed_1812140441	0.04664669462554472	12.199121471445025	0.0	0.048341126580756004
9vp0	seed_2746317213	0.0430077336662143	12.661870288639077	0.0	0.05211816012190812
9vp0	seed_3163119785	0.03777978430412665	12.333056419444334	0.0	0.04269097747579801
9vp0	seed_958682846	0.03553987469232968	14.43497535943466	0.0	0.04064973954931853
9y0a	seed_1181241943	0.03689602790575332	14.34316814910339	0.0	0.030214343709781766
9y0a	seed_1812140441	0.04919554069792632	12.910038990430138	0.0	0.0478856395630352
9y0a	seed_2746317213	0.03436595874956306	13.699128616295488	0.0	0.03376134995165309
9y0a	seed_3163119785	0.045348899168622565	12.804840031123241	0.0	0.04479050897509924
9y0a	seed_958682846	0.03726075508291345	12.799985489084149	0.0	0.03115759973951315
9yio	seed_1181241943	0.03265123113582828	14.771004441615572	0.0	0.030814892066342896
9yio	seed_1812140441	0.05032890651007902	11.54999095527884	0.046875	0.3781043846794361
9yio	seed_2746317213	0.04255382206622171	11.151913294474053	0.0	0.04903558430959085
9yio	seed_3163119785	0.0316885195699518	16.534892737395396	0.03125	0.022682649542160344
9yio	seed_958682846	0.02808711844957909	17.21649617497019	0.03125	0.35371173888749535
