pdb	seed_dir	DockQ_HA	iRMSD_HA	fnat_HA	DockQ_LA	iptm	ptm	avg_plddt	gpde	ha_iptm	ranking_score
7y3o	seed_1181241943	0.0258248236745471	17.42418115780891	0.0	0.0272976008791546	0.570141	0.683768	88.796875	0.556265	0.179846	0.592866
7y3o	seed_1812140441	0.0546962299631173	10.072356093818629	0.0	0.053460528134661	0.553413	0.675183	88.955505	0.578736	0.138069	0.577767
7y3o	seed_2746317213	0.0711726926321482	9.24648445423073	0.0294117647058823	0.0656131546883112	0.565481	0.679942	88.836296	0.555389	0.162653	0.588373
7y3o	seed_3163119785	0.0206884543552608	15.416458102966194	0.0	0.0205874376260912	0.558501	0.676639	88.901695	0.554118	0.150251	0.582129
7y3o	seed_958682846	0.0344711112309789	13.85997678109038	0.0	0.0382167523695253	0.546294	0.667554	88.823509	0.561616	0.126236	0.570546
7yds	seed_1181241943	0.0276703877133692	11.767137601972284	0.0	0.0586179189678071	0.6163	0.69759	88.762474	0.505917	0.196041	0.632558
7yds	seed_1812140441	0.0449739309533179	10.414713775271665	0.0	0.0745682110580396	0.644722	0.718187	89.363754	0.484709	0.265393	0.659415
7yds	seed_2746317213	0.03503753869555	10.793243178363566	0.0	0.0653741007703929	0.630793	0.702918	88.994438	0.48377	0.245173	0.645218
7yds	seed_3163119785	0.0485557468040785	10.086578495962264	0.0	0.0782500682909303	0.676439	0.735305	89.955368	0.436136	0.349163	0.688212
7yds	seed_958682846	0.2958677072300397	3.5947269109248903	0.2647058823529412	0.2757104271324535	0.680577	0.736549	90.10466	0.443065	0.385888	0.691772
7yv1	seed_1181241943	0.0387112989024143	9.993688351211434	0.0	0.0380061670580186	0.611295	0.71184	88.217018	0.552102	0.212185	0.631404
7yv1	seed_1812140441	0.0264663623664829	14.502108988077095	0.0	0.0249130650312237	0.590266	0.698758	87.738655	0.559303	0.152121	0.611964
7yv1	seed_2746317213	0.0331223576253134	14.354955330817758	0.0	0.0342697678195164	0.511594	0.59836	86.875053	0.572598	0.169804	0.528947
7yv1	seed_3163119785	0.0295446691033615	13.554274899014496	0.0	0.0270931559589824	0.5903	0.698346	87.662849	0.561141	0.161349	0.611909
7yv1	seed_958682846	0.0310557432547542	12.622414230618666	0.0	0.0287588622156982	0.596754	0.707239	87.822289	0.565676	0.159079	0.618851
7z1x	seed_1181241943	0.3969454568676018	1.6692415403563072	0.660377358490566		0.389059	0.699891	82.961746	0.710289	0.389059	0.459209
7z1x	seed_1812140441					0.463155	0.74584	82.132622	0.716599	0.463155	0.521688
7z1x	seed_2746317213					0.441011	0.742405	81.982147	0.728887	0.441011	0.50129
7z1x	seed_3163119785					0.118833	0.66852	81.519798	0.828353	0.118833	0.230767
7z1x	seed_958682846					0.472821	0.752286	82.067566	0.702401	0.472821	0.528714
7zau	seed_1181241943					0.108474	0.74122	86.828308	0.699506	0.108474	0.235023
7zau	seed_1812140441					0.248452	0.777167	87.952461	0.575425	0.248452	0.354195
7zau	seed_2746317213					0.182139	0.760982	87.339531	0.633673	0.182139	0.297907
7zau	seed_3163119785					0.450314	0.817191	88.778664	0.538343	0.450314	0.52369
7zau	seed_958682846					0.139255	0.739067	86.994423	0.650553	0.139255	0.259217
7zoz	seed_1181241943	0.0407686224148767	10.409373969348916	0.0	0.0414383495602996	0.59663	0.694068	88.534302	0.516647	0.151763	0.616117
7zoz	seed_1812140441	0.0527284760308639	9.629379289351128	0.0	0.0484202645977789	0.638862	0.716103	88.872475	0.519143	0.295552	0.65431
7zoz	seed_2746317213	0.1043824714143498	7.859194850825053	0.1212121212121212	0.1233924564858645	0.591834	0.671966	88.340881	0.487455	0.197571	0.60786
7zoz	seed_3163119785	0.0739262566141376	10.711843867674908	0.0606060606060606	0.1517533347310549	0.606155	0.691336	88.474701	0.495627	0.189261	0.623191
7zoz	seed_958682846	0.0550395128366613	10.455968916437827	0.0	0.070199220291351	0.553646	0.634433	87.907608	0.526803	0.151816	0.569803
8a44	seed_1181241943	0.0061549718998435	16.183540001184436	0.0	0.0039868702200407	0.475474	0.595825	88.374542	0.52506	0.154473	0.499544
8a44	seed_1812140441	0.0039395122823915	19.326488369330665	0.0	0.0032795706799712	0.587001	0.681222	89.194847	0.479848	0.347644	0.605845
8a44	seed_2746317213	0.0068041608033681	15.675524621738584	0.0	0.0043325072953911	0.479508	0.584217	87.877281	0.593963	0.189496	0.50045
8a44	seed_3163119785	0.0038702409497334	19.45654637634281	0.0	0.003276017437612	0.533884	0.635268	88.612503	0.501815	0.257954	0.554161
8a44	seed_958682846	0.0103305361288118	10.756680061313329	0.0	0.0091023461210212	0.440207	0.540398	87.477356	0.576692	0.144914	0.460245
8acf	seed_1181241943	0.690799033404061	0.988107593314308	0.7959183673469388	0.7618968801852853	0.761481	0.80797	91.376717	0.476325	0.536568	0.770778
8acf	seed_1812140441	0.8009790300642177	0.9080860349588068	0.8367346938775511	0.9082319974476712	0.776064	0.790029	91.665123	0.444538	0.664688	0.778857
8acf	seed_2746317213	0.6939298291585243	0.9843485187823652	0.8163265306122449	0.7504302048473775	0.807598	0.839046	91.930405	0.426919	0.655938	0.813888
8acf	seed_3163119785	0.6684808829529657	1.0146636433391625	0.7755102040816326	0.7476739740673882	0.830577	0.852684	92.383232	0.411459	0.720061	0.834999
8acf	seed_958682846	0.6509793758659138	1.0292200766520818	0.7346938775510204	0.7059711008760533	0.805231	0.838751	92.01918	0.435245	0.6397	0.811935
8aci	seed_1181241943	0.7555554053772465	0.6104565306507646	0.851063829787234	0.8030436071638066	0.815682	0.842846	92.251389	0.426965	0.673585	0.821115
8aci	seed_1812140441	0.7394877979289721	0.6688054411200282	0.851063829787234	0.8013469982212005	0.801296	0.832617	92.108307	0.435775	0.64022	0.80756
8aci	seed_2746317213	0.8398978058141089	0.6307882443424835	0.8297872340425532	0.9206633674662008	0.744915	0.772708	91.368111	0.467653	0.577688	0.750474
8aci	seed_3163119785	0.7642233837455672	0.6459429681147882	0.851063829787234	0.7960426366174796	0.810816	0.839586	92.146729	0.438916	0.65535	0.81657
8aci	seed_958682846	0.6988697307388271	0.7109470256106507	0.7872340425531915	0.7082633712642644	0.784046	0.820921	91.704865	0.440824	0.593687	0.791421
8aok	seed_1181241943	0.5034256401875847	2.161940616590826	0.4423076923076923		0.396413	0.679938	86.784149	0.566335	0.396413	0.453118
8aok	seed_1812140441	0.5126611623575631	2.5885277382509817	0.5769230769230769		0.561564	0.764167	88.248001	0.45507	0.561564	0.602084
8aok	seed_2746317213	0.5054803010988421	2.2146198892910673	0.5384615384615384		0.374028	0.663712	86.177841	0.57036	0.374028	0.431965
8aok	seed_3163119785	0.5023464489381179	2.310441690578305	0.4423076923076923		0.348644	0.650064	86.848106	0.564006	0.348644	0.408928
8aok	seed_958682846	0.5019397377681413	2.339530333691177	0.5961538461538461		0.456163	0.707699	87.4897	0.481766	0.456163	0.506471
8aom	seed_1181241943	0.8474233823991749	0.7226724992720397	0.9318181818181818		0.862049	0.809427	88.781624	0.389287	0.862049	0.863501
8aom	seed_1812140441	0.7923009939974911	0.9608013295503932	0.9090909090909092		0.86227	0.8148	89.159294	0.380772	0.86227	0.867746
8aom	seed_2746317213	0.9157793642702068	0.4770802533994122	0.9318181818181818		0.867013	0.813194	89.02475	0.387773	0.867013	0.871219
8aom	seed_3163119785	0.7948647191452386	1.0535401602368286	0.9318181818181818		0.877271	0.829478	89.511398	0.375008	0.877271	0.881186
8aom	seed_958682846	0.7703977005065107	1.0671699245427653	0.9318181818181818		0.86996	0.811739	89.160439	0.380209	0.86996	0.859813
8apy	seed_1181241943	0.8530997094356331	0.8748233914183204	0.8289473684210527		0.88555	0.899142	90.394463	0.373833	0.88555	0.888268
8apy	seed_1812140441	0.8546105811429708	0.8415780288875305	0.8157894736842105		0.890226	0.899979	90.605453	0.37056	0.890226	0.892177
8apy	seed_2746317213	0.8484913805494708	0.8478651637639991	0.8026315789473685		0.884781	0.890541	90.120995	0.380122	0.884781	0.885933
8apy	seed_3163119785	0.8536263594291221	0.8509251975359475	0.8157894736842105		0.887201	0.892027	90.241745	0.377144	0.887201	0.888166
8apy	seed_958682846	0.8693995069438752	0.829331476112642	0.8552631578947368		0.879754	0.897674	90.232903	0.376769	0.879754	0.883338
8b17	seed_1181241943	0.9176266596584264	0.5274404501011041	0.8987341772151899		0.873238	0.895816	85.09964	0.456204	0.873238	0.877753
8b17	seed_1812140441	0.680004816809129	1.1892378097131342	0.6835443037974683		0.509921	0.817539	83.343094	0.569857	0.509921	0.571445
8b17	seed_2746317213	0.9271404057470688	0.4524506393335892	0.9240506329113924		0.877048	0.898675	85.396439	0.449189	0.877048	0.881374
8b17	seed_3163119785	0.4299355384714884	2.007995156105899	0.4556962025316455		0.258301	0.757543	82.387917	0.639992	0.258301	0.35815
8b17	seed_958682846	0.890641765620498	0.6147800651007556	0.8987341772151899		0.847584	0.889813	85.034103	0.455281	0.847584	0.85603
8b18	seed_1181241943	0.9270349046660444	0.5116660690599978	0.922077922077922		0.873024	0.895658	85.089142	0.456516	0.873024	0.877551
8b18	seed_1812140441	0.6963896585879111	1.1697939654146	0.7142857142857143		0.510554	0.817613	83.347427	0.569335	0.510554	0.571966
8b18	seed_2746317213	0.9301756352058588	0.4411527599988281	0.935064935064935		0.876541	0.898492	85.389969	0.449425	0.876541	0.880931
8b18	seed_3163119785	0.4424283213994086	1.985053845645638	0.4805194805194805		0.257016	0.757229	82.376282	0.640736	0.257016	0.357058
8b18	seed_958682846	0.8958154130256966	0.6031409954764477	0.9090909090909092		0.847128	0.889448	85.008057	0.455731	0.847128	0.855592
8b19	seed_1181241943	0.928226602855248	0.4808686714129113	0.9102564102564102		0.873434	0.895873	85.104797	0.456108	0.873434	0.877922
8b19	seed_1812140441	0.6898507600362908	1.1740777779085982	0.6923076923076923		0.50982	0.817613	83.350204	0.569553	0.50982	0.571379
8b19	seed_2746317213	0.9331914695231855	0.4293464881782218	0.935897435897436		0.87675	0.89852	85.397255	0.44923	0.87675	0.881104
8b19	seed_3163119785	0.4400909561031831	2.0001609979648234	0.4743589743589743		0.25846	0.757594	82.374001	0.640258	0.25846	0.358287
8b19	seed_958682846	0.8959985382465995	0.5876502911860737	0.8974358974358975		0.847401	0.88968	85.026344	0.455392	0.847401	0.855857
8b1a	seed_1181241943	0.9166169644210784	0.515704539086776	0.8987341772151899		0.872922	0.895578	85.085136	0.456562	0.872922	0.877453
8b1a	seed_1812140441	0.6859846799539436	1.174679210789166	0.6835443037974683		0.509295	0.817386	83.339485	0.569943	0.509295	0.570913
8b1a	seed_2746317213	0.9210004356265212	0.4614732317815954	0.9240506329113924		0.876825	0.898582	85.39946	0.449153	0.876825	0.881177
8b1a	seed_3163119785	0.43865782010511	1.9992065057083976	0.4683544303797468		0.25849	0.757732	82.390518	0.639946	0.25849	0.358339
8b1a	seed_958682846	0.8849505543649633	0.6095666335672802	0.8860759493670886		0.847288	0.889461	85.02095	0.455535	0.847288	0.855722
8b1d	seed_1181241943	0.937874650449082	0.5035946693455416	0.9452054794520548		0.873059	0.895638	85.083626	0.456479	0.873059	0.877575
8b1d	seed_1812140441	0.7085393831812853	1.1593314684486709	0.7397260273972602		0.511422	0.817681	83.351257	0.569392	0.511422	0.572673
8b1d	seed_2746317213	0.9446152848462394	0.4415489038066384	0.9726027397260274		0.876855	0.898719	85.40638	0.449091	0.876855	0.881228
8b1d	seed_3163119785	0.4534194926254448	1.9734914078603336	0.5068493150684932		0.257981	0.757567	82.393097	0.639957	0.257981	0.357898
8b1d	seed_958682846	0.908150857436409	0.5890220035511201	0.9315068493150684		0.847032	0.889395	85.000626	0.455904	0.847032	0.855505
8b1e	seed_1181241943	0.9259939233206124	0.5058102886372948	0.92		0.873146	0.895617	85.085625	0.456472	0.873146	0.87764
8b1e	seed_1812140441	0.695356241731948	1.178962246389168	0.7066666666666667		0.509209	0.817333	83.346291	0.570053	0.509209	0.570834
8b1e	seed_2746317213	0.9304050958965284	0.4490245033183612	0.9466666666666668		0.876968	0.898727	85.406342	0.44909	0.876968	0.88132
8b1e	seed_3163119785	0.4439737646209027	2.001990493384304	0.48		0.258239	0.757591	82.380577	0.640174	0.258239	0.35811
8b1e	seed_958682846	0.8898337283867814	0.6040018730728008	0.8933333333333333		0.847547	0.889693	85.039207	0.455104	0.847547	0.855977
8b1f	seed_1181241943	0.9224842284968502	0.5346601544092197	0.9210526315789472		0.872964	0.895682	85.090523	0.45635	0.872964	0.877508
8b1f	seed_1812140441	0.6917949122251089	1.1804917839827522	0.6973684210526315		0.513143	0.818187	83.364357	0.568598	0.513143	0.574152
8b1f	seed_2746317213	0.9229008330767462	0.4742963296946503	0.9342105263157896		0.876667	0.898452	85.386627	0.449423	0.876667	0.881024
8b1f	seed_3163119785	0.4432020298706584	1.9862590404038285	0.4736842105263157		0.257983	0.757416	82.387726	0.640051	0.257983	0.35787
8b1f	seed_958682846	0.8914847760938135	0.6237734607878895	0.9078947368421052		0.847001	0.889361	85.014626	0.45564	0.847001	0.855473
8b1g	seed_1181241943	0.9201779347135252	0.5761154368544825	0.9342105263157896		0.873513	0.895824	85.096848	0.456209	0.873513	0.877975
8b1g	seed_1812140441	0.6998021620395641	1.1750869134452953	0.7236842105263158		0.509498	0.817392	83.342926	0.569851	0.509498	0.571077
8b1g	seed_2746317213	0.9219255932631518	0.5091025980313454	0.9473684210526316		0.876448	0.898362	85.383553	0.44952	0.876448	0.880831
8b1g	seed_3163119785	0.4575267847670503	1.9584273650407933	0.5131578947368421		0.257851	0.757563	82.382088	0.640187	0.257851	0.357793
8b1g	seed_958682846	0.8817585498696966	0.6510160867370558	0.8947368421052632		0.847051	0.889445	85.015732	0.455687	0.847051	0.85553
8b7h	seed_1181241943	0.6198107951710864	1.3674033215741648	0.7575757575757576	0.7021191178859546	0.705697	0.753663	88.075241	0.466987	0.395988	0.71529
8b7h	seed_1812140441	0.696337806072771	1.544229741102063	0.8484848484848485	0.7795017268353575	0.750694	0.783998	89.428719	0.43022	0.49718	0.757354
8b7h	seed_2746317213	0.726160930385365	1.1237359510636484	0.8181818181818182	0.7872814246673056	0.760118	0.786802	89.631973	0.414546	0.565975	0.765455
8b7h	seed_3163119785	0.6404214785070337	1.8530567749615416	0.7272727272727273	0.7481012206934423	0.745857	0.783602	88.691658	0.45525	0.490092	0.753406
8b7h	seed_958682846	0.720491751283464	1.164646032221418	0.7272727272727273	0.8064197244917594	0.769901	0.806414	89.128975	0.431932	0.492238	0.777204
8be2	seed_1181241943	0.4836413329270508	1.365812959982623	0.6981132075471698		0.872	0.740832	87.865692	0.495527	0.872	0.846651
8be2	seed_1812140441	0.4085023103876601	1.707406991535785	0.5849056603773585		0.237081	0.620749	85.35936	0.671074	0.237081	0.315585
8be2	seed_2746317213	0.7593511489228685	1.0756958505812708	0.7169811320754716		0.892226	0.758009	89.443359	0.434355	0.892226	0.866268
8be2	seed_3163119785	0.7237134108465808	1.3299734379690165	0.6981132075471698		0.895404	0.775542	89.843018	0.418836	0.895404	0.871432
8be2	seed_958682846	0.5111483973079213	1.172521631492724	0.7169811320754716		0.869734	0.738857	87.777588	0.488688	0.869734	0.843558
8bec	seed_1181241943	0.0103243691432013	26.877361041760572	0.0		0.105841	0.472988	84.418045	0.766244	0.105841	0.17927
8bec	seed_1812140441	0.0103234438852074	25.775035114871763	0.0		0.111309	0.479862	84.806839	0.787157	0.111309	0.185019
8bec	seed_2746317213					0.113293	0.477601	84.945007	0.72725	0.113293	0.186155
8bec	seed_3163119785	0.0070681576331708	31.286296629208664	0.0		0.120812	0.479247	85.183998	0.792029	0.120812	0.192499
8bec	seed_958682846	0.061715772970792	19.123689270867143	0.1444444444444444		0.073051	0.47563	85.093246	0.788742	0.073051	0.153566
8bg2	seed_1181241943					0.118382	0.489818	83.663338	0.825471	0.118382	0.192669
8bg2	seed_1812140441					0.111734	0.486492	83.641136	0.831152	0.111734	0.186686
8bg2	seed_2746317213	0.0124007360550728	24.064340251402367	0.0		0.116177	0.469925	83.456924	0.837947	0.116177	0.186927
8bg2	seed_3163119785					0.145273	0.504478	84.025307	0.869826	0.145273	0.217114
8bg2	seed_958682846					0.126701	0.4873	83.625	0.854062	0.126701	0.198821
8bg3	seed_1181241943					0.114755	0.475615	82.50621	0.791422	0.114755	0.186927
8bg3	seed_1812140441					0.122824	0.469806	82.269211	0.784855	0.122824	0.19222
8bg3	seed_2746317213					0.116983	0.476218	82.373871	0.773316	0.116983	0.18883
8bg3	seed_3163119785					0.130616	0.479523	82.360428	0.782805	0.130616	0.200398
8bg3	seed_958682846					0.128355	0.472538	82.328865	0.766231	0.128355	0.197192
8bg4	seed_1181241943	0.0270507681714464	21.6374996607462	0.0571428571428571		0.141437	0.502404	84.321602	0.729959	0.141437	0.213631
8bg4	seed_1812140441	0.0300688469541772	19.61667401224383	0.0666666666666666		0.13049	0.492739	84.332603	0.74989	0.13049	0.202939
8bg4	seed_2746317213					0.111674	0.480495	84.134476	0.765495	0.111674	0.185438
8bg4	seed_3163119785					0.087928	0.475252	83.729927	0.803845	0.087928	0.165393
8bg4	seed_958682846	0.0235368239312414	22.558523319586296	0.0476190476190476		0.149156	0.507488	84.722176	0.747513	0.149156	0.220823
8bg5	seed_1181241943					0.127795	0.480601	84.212936	0.844965	0.127795	0.198356
8bg5	seed_1812140441					0.119774	0.484468	83.638504	0.851171	0.119774	0.192713
8bg5	seed_2746317213					0.102713	0.475059	82.421455	0.907059	0.102713	0.177182
8bg5	seed_3163119785					0.080191	0.479534	84.063515	0.799409	0.080191	0.160059
8bg5	seed_958682846					0.113031	0.477268	84.408646	0.823483	0.113031	0.185879
8bk2	seed_1181241943	0.0207962961168078	17.365896939185255	0.0	0.0193469728291436	0.502964	0.602852	87.605148	0.614492	0.116545	0.522942
8bk2	seed_1812140441	0.041102107759056	10.251791643221864	0.0	0.0413322246522463	0.533916	0.628922	87.550613	0.606745	0.167502	0.552917
8bk2	seed_2746317213	0.8124183894864867	0.6504863820968921	0.8275862068965517	0.7583430580705657	0.531853	0.623717	87.516891	0.602553	0.168382	0.550226
8bk2	seed_3163119785					0.849388	0.849737	91.255051	0.391374	0.781579	0.849457
8bk2	seed_958682846	0.8412450180769105	0.4834463830510836	0.8275862068965517	0.7665625968990738	0.816401	0.807215	90.819412	0.40273	0.76422	0.814564
8byu	seed_1181241943	0.0052079021433806	16.027034453422274	0.0	0.0056440043981704	0.501613	0.62879	87.366051	0.645337	0.143785	0.529972
8byu	seed_1812140441	0.0064405748425994	13.9087098931597	0.0	0.0075817213180058	0.517551	0.636136	87.469994	0.624099	0.233891	0.541268
8byu	seed_2746317213	0.0062291274755422	14.757284408371232	0.0	0.0049755696624591	0.497058	0.621513	87.069939	0.664388	0.136251	0.524873
8byu	seed_3163119785	0.0040572921265855	20.99617031996584	0.0	0.0057485253679815	0.493617	0.623227	86.839996	0.678007	0.119957	0.519539
8byu	seed_958682846	0.0111168313831676	12.094878560406812	0.0	0.0143092852771602	0.504419	0.627445	86.532356	0.648467	0.152878	0.529756
8c3k	seed_1181241943	0.1158383991943309	8.24986678327054	0.0588235294117647		0.206515	0.674837	80.648903	0.72358	0.206515	0.30018
8c3k	seed_1812140441	0.1004428102096887	10.430431179101875	0.0980392156862745		0.160152	0.660061	81.142845	0.734507	0.160152	0.260134
8c3k	seed_2746317213	0.93423734249546	0.5709191899057618	0.9411764705882352		0.75935	0.8605	87.146095	0.455964	0.75935	0.77958
8c3k	seed_3163119785	0.2442298518799745	4.780835807156618	0.196078431372549		0.218148	0.682359	80.939552	0.710262	0.218148	0.310991
8c3k	seed_958682846	0.3059714728399716	3.9430327853271487	0.2941176470588235		0.288043	0.703947	81.568298	0.695197	0.288043	0.371224
8c5h	seed_1181241943	0.5562666338340577	2.155498807523226	0.7346938775510204		0.332029	0.617905	84.684036	0.676522	0.332029	0.389204
8c5h	seed_1812140441	0.163641574959825	6.367531742718147	0.2040816326530612		0.205178	0.557318	83.710144	0.754331	0.205178	0.275606
8c5h	seed_2746317213	0.5307446942616324	2.297239170249105	0.7142857142857143		0.33844	0.623948	84.461327	0.693854	0.33844	0.395542
8c5h	seed_3163119785	0.5578061416607228	2.0840337502695596	0.7346938775510204		0.247381	0.579938	83.836716	0.747395	0.247381	0.313893
8c5h	seed_958682846	0.1169908600876695	8.049872139770663	0.1428571428571428		0.20864	0.557613	83.674759	0.738406	0.20864	0.278435
8cbf	seed_1181241943	0.6922013210194925	1.4637753763258916	0.8409090909090909	0.5713359114318368	0.836762	0.848308	92.65081	0.359892	0.757115	0.839071
8cbf	seed_1812140441	0.0655166779211321	7.743585758833679	0.0454545454545454	0.1456757706436046	0.537446	0.649272	88.324242	0.621153	0.151014	0.559811
8cbf	seed_2746317213	0.3566883700331906	3.353306066855531	0.5681818181818182	0.2182317221225508	0.612377	0.705877	89.114502	0.582356	0.304034	0.631077
8cbf	seed_3163119785	0.6932954539183531	1.4419461771968327	0.8636363636363636	0.6230033434385934	0.831227	0.846635	92.640717	0.362538	0.754264	0.834309
8cbf	seed_958682846	0.6866532111398139	1.6356090300553627	0.8409090909090909	0.6198434474981572	0.852989	0.863369	92.940979	0.351219	0.784285	0.855065
8d9y	seed_1181241943					0.716681	0.756029	89.844345	0.4306	0.544977	0.724551
8d9y	seed_1812140441					0.657679	0.715428	87.417191	0.553881	0.18625	0.669228
8d9y	seed_2746317213					0.694006	0.73607	88.824936	0.465453	0.379889	0.702419
8d9y	seed_3163119785					0.654475	0.71299	87.43174	0.556423	0.173884	0.666178
8d9z	seed_1181241943	0.2864536041135303	4.698044886592263	0.5142857142857142	0.1329614089429721	0.718364	0.759184	90.230507	0.440463	0.486466	0.726528
8d9z	seed_1812140441	0.4150123671827758	3.691331268483418	0.5428571428571428	0.4100218064014256	0.695453	0.742202	89.464951	0.457601	0.491073	0.704803
8d9z	seed_2746317213	0.1718751055895083	7.343743528184278	0.4	0.0444930352674073	0.686347	0.748445	88.823708	0.478178	0.38459	0.698767
8d9z	seed_3163119785	0.197988400716627	7.3673527173858	0.2857142857142857	0.1490763164585505	0.732419	0.76685	89.398155	0.478848	0.489091	0.739305
8d9z	seed_958682846	0.7854303667557666	1.4727404870941725	0.9142857142857144	0.7249195994947005	0.813558	0.815192	92.765656	0.343752	0.888249	0.813885
8da0	seed_1181241943					0.756988	0.785001	91.549789	0.372702	0.848492	0.76259
8da0	seed_1812140441					0.68808	0.734185	88.652794	0.46973	0.445604	0.708022
8da0	seed_2746317213					0.652534	0.707633	88.080414	0.532092	0.19765	0.674275
8da0	seed_3163119785					0.779944	0.797406	91.843201	0.361732	0.857677	0.794158
8da0	seed_958682846					0.673853	0.716737	87.921432	0.54733	0.196782	0.68243
8ee2	seed_1181241943					0.663644	0.886728	92.167168	0.483248	0.663644	0.70826
8ee2	seed_1812140441					0.664075	0.885334	92.110077	0.503223	0.664075	0.708327
8ee2	seed_2746317213					0.651461	0.883649	92.002182	0.506006	0.651461	0.697899
8ee2	seed_3163119785					0.638629	0.880976	91.90963	0.509105	0.638629	0.687099
8ee2	seed_958682846					0.698423	0.897402	92.575127	0.453489	0.698423	0.738219
8eln	seed_1181241943					0.733913	0.903357	93.62973	0.400513	0.733913	0.767802
8eln	seed_1812140441					0.837855	0.930749	94.396065	0.33532	0.837855	0.856434
8eln	seed_2746317213					0.821805	0.927357	94.235725	0.350103	0.821805	0.842915
8eln	seed_3163119785					0.82323	0.924094	94.039497	0.346137	0.82323	0.843403
8eln	seed_958682846					0.809007	0.924203	94.206261	0.352562	0.809007	0.832046
8elq	seed_1181241943	0.0108864836091984	16.19824502663085	0.0		0.10872	0.604978	82.105133	0.966359	0.10872	0.207972
8elq	seed_1812140441	0.2740498631407266	3.5889334292176795	0.3513513513513513		0.106159	0.601879	81.571884	0.981816	0.106159	0.205303
8elq	seed_2746317213	0.0096958802352257	14.953242731435912	0.0		0.101381	0.605154	82.554268	0.965437	0.101381	0.202136
8elq	seed_3163119785	0.0111089596777027	15.159301138356891	0.0		0.111248	0.607888	82.09304	0.966174	0.111248	0.210576
8elq	seed_958682846	0.0121645875686219	14.87331551475176	0.0		0.09824	0.603213	81.913986	0.986305	0.09824	0.199235
8et0	seed_1181241943	0.6687618204244394	1.4728933958360964	0.5774647887323944		0.851851	0.939408	93.300484	0.344066	0.851851	0.869362
8et0	seed_1812140441					0.61991	0.896595	91.751404	0.42799	0.61991	0.675247
8et0	seed_2746317213	0.6734705305598555	1.519677488930135	0.6197183098591549		0.845755	0.939287	93.31971	0.344947	0.845755	0.864462
8et0	seed_3163119785	0.6985571054544454	1.40865014257741	0.6338028169014085		0.841956	0.93949	93.409691	0.346077	0.841956	0.861463
8et0	seed_958682846	0.7065828069195924	1.4711763461838143	0.704225352112676		0.868945	0.94457	93.662254	0.334963	0.868945	0.88407
8evd	seed_1181241943					0.539988	0.839949	91.100624	0.497758	0.539988	0.59998
8evd	seed_1812140441					0.684752	0.891464	93.186493	0.391787	0.684752	0.726094
8evd	seed_2746317213					0.340016	0.775255	89.398796	0.622486	0.340016	0.427064
8evd	seed_3163119785					0.139176	0.706572	86.972687	0.719128	0.139176	0.252655
8evd	seed_958682846					0.206255	0.735533	88.979904	0.676395	0.206255	0.312111
8ezk	seed_1181241943					0.089871	0.42666	83.446274	0.79251	0.089871	0.157229
8ezk	seed_1812140441	0.02022607336587	18.64638950038045	0.0		0.116174	0.442797	82.825729	0.91521	0.116174	0.18395
8ezk	seed_2746317213					0.111842	0.434287	83.374489	0.900372	0.111842	0.176331
8ezk	seed_3163119785					0.241135	0.513962	84.11451	0.887746	0.241135	0.296926
8ezk	seed_958682846					0.1509	0.467988	83.521835	0.929346	0.1509	0.216769
8ezl	seed_1181241943	0.0239098244022117	12.427636051355249	0.0		0.195769	0.474858	81.943001	1.055794	0.195769	0.251587
8ezl	seed_1812140441	0.0069800284094796	28.922869982897037	0.0		0.170943	0.43272	80.267593	1.016615	0.170943	0.223298
8ezl	seed_2746317213	0.0200525630835028	14.017201654962948	0.0		0.221634	0.464816	82.753365	0.991455	0.221634	0.27027
8ezl	seed_3163119785	0.0218668358288673	13.566212826792755	0.0		0.17025	0.447116	81.993279	1.062381	0.17025	0.225624
8ezl	seed_958682846	0.0207303044593996	13.680644785300336	0.0		0.15832	0.443709	80.788971	1.113477	0.15832	0.215398
8ezm	seed_1181241943	0.0211319725129203	20.89067858854016	0.0161290322580645		0.13212	0.47313	85.151581	0.798352	0.13212	0.200322
8ezm	seed_1812140441	0.0151738685949323	21.918539830958498	0.0		0.074472	0.446119	84.783867	0.83356	0.074472	0.148802
8ezm	seed_2746317213	0.0165782391159885	22.865224167469524	0.0		0.129728	0.450748	84.591621	0.831355	0.129728	0.193932
8ezm	seed_3163119785	0.0119742892592903	24.539729024875484	0.0		0.116732	0.46172	85.029686	0.813739	0.116732	0.18573
8ezm	seed_958682846	0.014316521153424	20.286503746122765	0.0		0.118492	0.472158	85.478981	0.74344	0.118492	0.189225
8f5i	seed_1181241943	0.8409486783664439	1.2332683731479532	0.9565217391304348	0.7580167485376216	0.857486	0.881385	92.177719	0.376887	0.662994	0.862266
8f5i	seed_1812140441	0.764060310295124	1.4928005125907968	0.9565217391304348	0.6246668698340321	0.871951	0.892244	92.540359	0.35408	0.720349	0.876009
8f5i	seed_2746317213	0.4853594771654326	2.562499048232093	0.6521739130434783	0.4309375287989019	0.75988	0.815453	90.381035	0.469405	0.384597	0.770995
8f5i	seed_3163119785	0.7542935251017863	1.3977291361423	0.9565217391304348	0.6010846019661696	0.797722	0.842937	90.870163	0.427892	0.499909	0.806765
8f5i	seed_958682846	0.223207659588378	6.518598811642658	0.391304347826087	0.1283779904585381	0.788685	0.843731	91.159531	0.41854	0.411003	0.799694
8f6u	seed_1181241943					0.186541	0.731513	89.610725	0.664427	0.186541	0.295535
8f6u	seed_1812140441					0.121546	0.698468	88.866096	0.63475	0.121546	0.23693
8f6u	seed_2746317213					0.804441	0.922278	94.457466	0.326714	0.804441	0.828009
8f6u	seed_3163119785	0.0087325825424938	16.346201144095232	0.0		0.107569	0.695083	88.642136	0.629598	0.107569	0.225072
8f6u	seed_958682846					0.13488	0.709857	88.69268	0.686692	0.13488	0.249875
8f6v	seed_1181241943	0.0070062207715955	18.259011235700676	0.0		0.099314	0.706016	87.309029	0.609276	0.099314	0.220655
8f6v	seed_1812140441					0.257295	0.757785	88.042397	0.587628	0.257295	0.357393
8f6v	seed_2746317213					0.10583	0.707077	87.426704	0.610052	0.10583	0.226079
8f6v	seed_3163119785					0.107652	0.70827	87.798988	0.60892	0.107652	0.227775
8f6v	seed_958682846	0.0185910496938188	14.099271852683517	0.0		0.109981	0.706134	87.029213	0.606852	0.109981	0.229212
8fdo	seed_1181241943	0.9096953626041114	0.740116387300838	0.9464285714285714	0.8958377102023712	0.912635	0.919304	93.587608	0.329088	0.874492	0.913969
8fdo	seed_1812140441	0.8758852698303533	0.7290518575577577	0.875	0.826163127373984	0.917592	0.92391	93.9132	0.32453	0.891424	0.918856
8fdo	seed_2746317213	0.8384819179684966	1.0328547598582618	0.8928571428571429	0.8154556016353472	0.930298	0.935705	94.589981	0.313959	0.904869	0.931379
8fdo	seed_3163119785	0.8765845692622861	0.8208278070291	0.875	0.8110319940032551	0.930584	0.935185	94.548531	0.314112	0.903259	0.931504
8fdo	seed_958682846	0.8926599755318522	0.7652944728111705	0.9107142857142856	0.8481177966576839	0.928765	0.934693	94.378754	0.317268	0.90091	0.92995
8fxv	seed_1181241943	0.1171263794640124	6.606884771058006	0.1746031746031746		0.499208	0.514804	76.611977	1.107716	0.499208	0.502327
8fxv	seed_1812140441	0.0974107058379838	6.441035556624636	0.1746031746031746		0.194549	0.411821	73.930763	1.353275	0.194549	0.238004
8fxv	seed_2746317213	0.0143790927175235	14.148519224486346	0.0		0.116739	0.395361	66.589012	1.996179	0.116739	0.213938
8fxv	seed_3163119785	0.1656466783808711	5.65814680498361	0.2857142857142857		0.194076	0.449504	73.61335	1.405221	0.194076	0.245162
8fxv	seed_958682846	0.1936471814230565	6.616254043845328	0.4603174603174603		0.561779	0.47996	76.614532	1.110344	0.561779	0.545415
8g0i	seed_1181241943	0.0142711038525947	12.4470760515321	0.0		0.139068	0.651274	87.058609	0.674899	0.139068	0.241509
8g0i	seed_1812140441	0.0083824644806466	18.13436282770988	0.0		0.222305	0.683764	87.417809	0.654257	0.222305	0.314597
8g0i	seed_2746317213	0.0083494594003069	18.35756640027825	0.0		0.265506	0.701387	87.499634	0.633538	0.265506	0.352682
8g0i	seed_3163119785	0.0085629736491835	17.595385562987335	0.0		0.244848	0.690485	87.446434	0.648603	0.244848	0.333975
8g0i	seed_958682846	0.0084269684146951	17.669372602865085	0.0		0.238417	0.689241	87.13221	0.632472	0.238417	0.328582
8g4p	seed_1181241943	0.0456318486682162	14.104549524023405	0.0		0.656626	0.733551	87.173347	0.637485	0.146647	0.672011
8g4p	seed_1812140441	0.0819765770265525	9.57817605636832	0.0		0.683587	0.768628	87.367271	0.60256	0.16041	0.700595
8g4p	seed_2746317213	0.0447144868652651	11.798905242435398	0.0		0.656943	0.731168	87.051842	0.625843	0.168208	0.671788
8g4p	seed_3163119785	0.0845831780712226	9.968271227225284	0.0		0.668218	0.742162	87.252151	0.607725	0.174876	0.683007
8g4p	seed_958682846	0.1272139195532906	6.152527520968111	0.1666666666666666		0.683099	0.766473	87.187698	0.62307	0.166928	0.699774
8gjr	seed_1181241943	0.9182988285174408	0.4832812029031426	0.8870967741935484		0.869371	0.945393	95.32341	0.305336	0.869371	0.884575
8gjr	seed_1812140441	0.9238869974020422	0.4775266777916812	0.8870967741935484		0.834419	0.935631	94.909477	0.331342	0.834419	0.854662
8gjr	seed_2746317213	0.9133990277703806	0.5499850330499829	0.8870967741935484		0.856872	0.941068	95.10965	0.317112	0.856872	0.873711
8gjr	seed_3163119785	0.9060856822304544	0.4884286479997974	0.8709677419354839		0.8246	0.933762	94.96212	0.333421	0.8246	0.846432
8gjr	seed_958682846	0.8964629618959754	0.6157147361673316	0.8709677419354839		0.862357	0.942943	95.17067	0.311077	0.862357	0.878474
8gy5	seed_1181241943					0.753029	0.79151	89.653595	0.515487	0.481663	0.760725
8gy5	seed_1812140441					0.681068	0.746508	88.69297	0.585132	0.298591	0.694156
8gy5	seed_2746317213					0.609684	0.697964	87.677002	0.609383	0.165402	0.62734
8gy5	seed_3163119785					0.751253	0.790873	89.654091	0.517253	0.463472	0.759177
8gy5	seed_958682846	0.0397243695275873	14.976814185354678	0.0	0.0427654243550891	0.580611	0.650772	85.87159	0.74195	0.198758	0.594643
8gye	seed_1181241943	0.6587700376354354	1.0684722365226833	0.8571428571428571	0.5542176611183666	0.697002	0.77705	89.406006	0.520514	0.407516	0.713012
8gye	seed_1812140441	0.798379472102718	0.9563667325844276	0.8809523809523809	0.6807127372304108	0.738616	0.809238	90.323563	0.478451	0.492726	0.75274
8gye	seed_2746317213	0.7360469722855081	0.8871169895481142	0.8571428571428571	0.622156047216872	0.708381	0.787878	89.544235	0.525192	0.41384	0.724281
8gye	seed_3163119785	0.8106603261920126	0.9319403235732612	0.8809523809523809	0.694407844787953	0.720685	0.796385	89.821144	0.508561	0.439229	0.735825
8gye	seed_958682846	0.6674317064959677	1.1083748067709915	0.8333333333333334	0.6039928117649266	0.570608	0.637162	88.045158	0.594047	0.27837	0.583919
8h5t	seed_1181241943	0.0160819408202917	13.692948889884414	0.0		0.094401	0.599253	82.354836	0.799203	0.094401	0.195371
8h5t	seed_1812140441	0.0406773924576328	9.651182454995102	0.0		0.190434	0.628454	82.523682	0.772452	0.190434	0.278038
8h5t	seed_2746317213	0.0496917205077941	8.50966481726633	0.0163934426229508		0.102221	0.600131	81.966217	0.802614	0.102221	0.201803
8h5t	seed_3163119785	0.0496598129958298	10.081759468071011	0.0327868852459016		0.175696	0.621352	82.059723	0.786428	0.175696	0.264827
8h5t	seed_958682846	0.0135478580031522	15.732503040920278	0.0		0.136839	0.608519	82.168228	0.780637	0.136839	0.231175
8h5u	seed_1181241943	0.0099044314145908	19.600529670749733	0.0		0.203149	0.669034	85.001869	0.718705	0.203149	0.296326
8h5u	seed_1812140441	0.0095000733131717	19.38168731128199	0.0		0.190591	0.669325	85.253532	0.718947	0.190591	0.286338
8h5u	seed_2746317213	0.0096854424878325	19.387374311818704	0.0		0.205659	0.666944	84.883698	0.755025	0.205659	0.297916
8h5u	seed_3163119785					0.195059	0.667251	85.185844	0.727123	0.195059	0.289498
8h5u	seed_958682846					0.128048	0.644089	84.326248	0.764872	0.128048	0.231256
8h63	seed_1181241943	0.8082500308665831	1.044518272230753	0.7808219178082192		0.865571	0.911291	93.570343	0.350594	0.865571	0.874715
8h63	seed_1812140441	0.5992209762522355	1.6901213013199408	0.5616438356164384		0.700357	0.87171	92.49276	0.411035	0.700357	0.734627
8h63	seed_2746317213	0.6505889832595816	1.4436302055834438	0.5616438356164384		0.730189	0.882786	92.765358	0.397861	0.730189	0.760708
8h63	seed_3163119785	0.5391416541749456	1.962285246923834	0.5342465753424658		0.781112	0.887507	92.868736	0.368776	0.781112	0.802391
8h63	seed_958682846	0.7898799611648578	0.9668702645703188	0.6986301369863014		0.893958	0.916708	93.937241	0.336119	0.893958	0.898508
8h64	seed_1181241943					0.572949	0.839872	90.83091	0.461669	0.572949	0.626334
8h64	seed_1812140441					0.398306	0.799971	89.715721	0.513197	0.398306	0.478639
8h64	seed_2746317213					0.329268	0.786031	89.70356	0.528637	0.329268	0.420621
8h64	seed_3163119785					0.40406	0.808221	90.004425	0.503136	0.40406	0.484893
8h64	seed_958682846					0.149993	0.75249	89.255714	0.588839	0.149993	0.270492
8hes	seed_1181241943	0.02129223485746	20.45168007865791	0.0	0.022741920394609	0.47911	0.575311	86.345581	0.605956	0.159741	0.49835
8hes	seed_1812140441	0.0304585034861514	11.11983049900962	0.0327868852459016	0.0270357301348854	0.460061	0.568424	86.270699	0.671152	0.106232	0.481734
8hes	seed_2746317213	0.0165894986156554	20.089383229380932	0.0	0.0184437367133549	0.494229	0.591846	86.781303	0.60968	0.292617	0.513753
8hes	seed_3163119785	0.0215541450508424	20.17549050849874	0.0	0.0248602318181591	0.521781	0.614599	87.457634	0.528542	0.512479	0.540344
8hes	seed_958682846	0.0167925083055525	18.463763315013573	0.0	0.0162459951322417	0.534247	0.617827	88.193237	0.510136	0.548289	0.550963
8hr2	seed_1181241943	0.2117436761276437	3.568843773087623	0.2553191489361702		0.191359	0.619362	82.098213	0.765524	0.191359	0.276959
8hr2	seed_1812140441	0.1419825723125861	4.310953343162898	0.1702127659574468		0.202189	0.630153	82.845688	0.728451	0.202189	0.287781
8hr2	seed_2746317213	0.01016242222237	13.737103033897212	0.0		0.117873	0.580747	81.569557	0.781958	0.117873	0.210448
8hr2	seed_3163119785	0.2132748817254142	5.749469468328274	0.2127659574468085		0.228145	0.63769	83.550728	0.725011	0.228145	0.310054
8hr2	seed_958682846	0.0101781653488234	14.04961081320062	0.0		0.128728	0.589866	82.342178	0.742878	0.128728	0.220956
8idi	seed_1181241943	0.0084197207034662	15.539248467628733	0.0		0.133318	0.627221	81.493866	0.840441	0.133318	0.232099
8idi	seed_1812140441	0.0076268727846975	17.503567934844586	0.0		0.122321	0.623043	81.337685	0.820596	0.122321	0.222466
8idi	seed_2746317213	0.008228107832947	16.119782475868305	0.0		0.184889	0.644868	82.844322	0.767088	0.184889	0.276885
8idi	seed_3163119785	0.0079933603031586	16.258444012350147	0.0		0.134609	0.624881	81.359634	0.807022	0.134609	0.232664
8idi	seed_958682846	0.0415404131310223	10.42020322577378	0.0588235294117647		0.114227	0.616101	81.663879	0.836658	0.114227	0.214602
8ido	seed_1181241943	0.0123858901765405	15.50133365007538	0.0		0.094274	0.609205	83.985695	0.769822	0.094274	0.19726
8ido	seed_1812140441	0.0067374031840642	21.20293059370012	0.0		0.166369	0.638389	84.550209	0.70335	0.166369	0.260773
8ido	seed_2746317213	0.0102737186886908	20.2491265983948	0.0		0.109343	0.618609	84.132706	0.752501	0.109343	0.211196
8ido	seed_3163119785	0.0083737094833319	19.07857496898079	0.0		0.112965	0.61782	84.27681	0.730269	0.112965	0.213936
8ido	seed_958682846					0.116755	0.609152	84.040909	0.814172	0.116755	0.215235
8im0	seed_1812140441	0.9167868865898566	0.4356689282110269	0.8392857142857143		0.88603	0.925743	94.001877	0.314049	0.88603	0.893972
8im0	seed_2746317213	0.8887892633785457	0.569195199746053	0.8392857142857143		0.887546	0.925586	93.965904	0.31529	0.887546	0.895154
8im0	seed_3163119785	0.8841298328014182	0.5909853942187546	0.8214285714285714		0.849415	0.907013	93.297142	0.347538	0.849415	0.860934
8im0	seed_958682846	0.8991948762506814	0.5112729836717377	0.8392857142857143		0.875848	0.919266	93.663857	0.322375	0.875848	0.884532
8im1	seed_1181241943					0.593953	0.824767	90.482964	0.4576	0.593953	0.640116
8im1	seed_1812140441					0.234492	0.674944	88.102692	0.631042	0.234492	0.322582
8im1	seed_2746317213					0.217799	0.674254	87.787468	0.628598	0.217799	0.30909
8im1	seed_3163119785					0.194339	0.673042	88.274025	0.593173	0.194339	0.29008
8im1	seed_958682846					0.223812	0.66892	87.618668	0.644561	0.223812	0.312834
8ipc	seed_1181241943	0.8198272802252028	0.4088800005030211	0.9387755102040816	0.5564869565983246	0.696535	0.71274	88.7547	0.590989	0.669662	0.699776
8ipc	seed_1812140441	0.7654701300007091	0.7691148383249778	0.8775510204081632	0.5123967219795729	0.709799	0.718422	89.108406	0.551599	0.688383	0.711524
8ipc	seed_2746317213	0.6197852143684833	1.0177531867293252	0.9183673469387756	0.3810433873246075	0.705316	0.711411	88.975441	0.571849	0.683658	0.706535
8ipc	seed_3163119785	0.5832446883110194	1.1621687194887784	0.8775510204081632	0.3511430156242707	0.70439	0.716849	89.099503	0.542916	0.680721	0.706882
8ipc	seed_958682846	0.5893930603241975	1.0685433312488208	0.9183673469387756	0.3532559899437849	0.714569	0.706415	88.998451	0.564185	0.688317	0.712939
8jel	seed_1181241943					0.793743	0.817432	91.801064	0.39487	0.664106	0.798481
8jel	seed_1812140441					0.805471	0.812951	92.174835	0.363564	0.736818	0.806967
8jel	seed_2746317213	0.9025794922599296	0.6750021670923468	0.9117647058823528	0.9517885558239756	0.796263	0.809889	92.024261	0.3734	0.736299	0.798988
8jel	seed_3163119785					0.830336	0.844566	92.386909	0.362106	0.763263	0.833182
8jel	seed_958682846					0.804033	0.814928	92.095558	0.368819	0.723816	0.806212
8jeo	seed_1181241943					0.909562	0.919552	93.923569	0.335469	0.848277	0.91156
8jeo	seed_1812140441					0.915456	0.924846	94.153175	0.330949	0.865709	0.917334
8jeo	seed_2746317213					0.920347	0.926421	94.225914	0.323118	0.877823	0.921562
8jeo	seed_958682846	0.748595127729771	1.194701509375581	0.7692307692307693	0.8082262111654671	0.855431	0.877334	92.402283	0.389648	0.747533	0.859812
8jyr	seed_1181241943	0.0324296803038732	9.415219316058604	0.0	0.0322345910314949	0.816586	0.858709	91.311523	0.411764	0.663308	0.825011
8jyr	seed_1812140441	0.0322625704890866	9.3192592854495	0.0	0.0322547574860009	0.867072	0.891185	92.135368	0.375306	0.772099	0.871894
8jyr	seed_2746317213	0.0330975832357404	9.40349186098906	0.0	0.0328550685196361	0.866772	0.891437	92.157333	0.373773	0.771919	0.871705
8jyr	seed_3163119785	0.048295315617106	9.356366271559756	0.024390243902439	0.0385355511566805	0.791356	0.812442	91.099709	0.414526	0.699163	0.795574
8jyr	seed_958682846	0.0333238826818498	9.333961748230934	0.0	0.0336850405587427	0.85872	0.885899	91.97673	0.381045	0.751645	0.864156
8k33	seed_1181241943					0.343705	0.685296	86.691856	0.664628	0.343705	0.412023
8k33	seed_1812140441					0.168367	0.605957	84.708488	0.7838	0.168367	0.255885
8k33	seed_2746317213					0.127401	0.597406	84.700623	0.728684	0.127401	0.221402
8k33	seed_3163119785					0.118225	0.582368	84.628624	0.725973	0.118225	0.211054
8k33	seed_958682846					0.114407	0.592687	84.770126	0.744307	0.114407	0.210063
8k3k	seed_1181241943	0.0116245191643201	13.57104880494931	0.0		0.145679	0.597082	80.839928	0.817462	0.145679	0.256731
8k3k	seed_1812140441	0.009479637074565	14.525092595685448	0.0		0.141243	0.597638	79.875717	0.847948	0.141243	0.253294
8k3k	seed_2746317213	0.0097964100329852	14.47118308934202	0.0		0.148274	0.603169	79.915001	0.817088	0.148274	0.260024
8k3k	seed_3163119785	0.0158966587934795	16.421159519975095	0.0		0.135527	0.585372	80.778015	0.80156	0.135527	0.246267
8k3k	seed_958682846	0.0076301401836323	15.222353645817368	0.0		0.126698	0.577361	80.401474	0.796625	0.126698	0.237602
8k3l	seed_1181241943					0.131874	0.574931	84.363342	0.694717	0.131874	0.220485
8k3l	seed_1812140441					0.142488	0.579392	85.402756	0.650348	0.142488	0.229869
8k3l	seed_2746317213					0.164079	0.586339	85.499191	0.658582	0.164079	0.248531
8k3l	seed_3163119785					0.110489	0.565943	85.082405	0.665797	0.110489	0.20158
8k3l	seed_958682846	0.0113811615492085	13.677630369967297	0.0		0.117619	0.570417	85.059433	0.675679	0.117619	0.208178
8opr	seed_1181241943	0.0086341888791077	26.850694811196018	0.0		0.104347	0.3869	77.772224	1.055162	0.104347	0.160858
8opr	seed_1812140441	0.0125750348972428	20.751250192265157	0.0		0.13828	0.382292	79.02906	1.033579	0.13828	0.187082
8opr	seed_2746317213	0.0175371675871819	20.18767835751806	0.0		0.126679	0.371234	80.9701	0.884095	0.126679	0.17559
8opr	seed_3163119785	0.0205066455271187	12.793820020589123	0.0		0.111541	0.325169	76.127289	1.119438	0.111541	0.154267
8opr	seed_958682846	0.0070032510048069	20.02852589259786	0.0		0.111173	0.39773	79.710709	0.966496	0.111173	0.168484
8oww	seed_1812140441	0.1438783401187882	6.583241254634702	0.1052631578947368		0.093041	0.60666	84.076271	0.785307	0.093041	0.195765
8oww	seed_2746317213	0.0109392811924066	16.912719030035888	0.0		0.246601	0.674829	85.159882	0.644063	0.246601	0.332246
8oww	seed_3163119785	0.0112906049138383	16.469109456875447	0.0		0.157433	0.640877	84.945793	0.691201	0.157433	0.254122
8oww	seed_958682846	0.0104871734641639	17.152145355410838	0.0		0.233603	0.67186	85.84333	0.638177	0.233603	0.321254
8oxv	seed_1181241943	0.011050084013161	13.576078486005803	0.0	0.0123291532459036	0.316111	0.60599	88.242561	0.559348	0.123951	0.374087
8oxv	seed_1812140441	0.005333270486751	16.80486402833346	0.0	0.003961627345402	0.33714	0.619668	88.463928	0.587855	0.156353	0.393646
8oxv	seed_2746317213	0.0053417121794056	16.693070887001884	0.0	0.0042493280913488	0.328932	0.614634	88.139626	0.583593	0.14993	0.386073
8oxv	seed_3163119785	0.0084025352094572	13.21212594043896	0.0	0.0054357865313893	0.314813	0.607182	88.01873	0.576227	0.130165	0.373287
8oxv	seed_958682846	0.005062697939983	17.48104602667648	0.0	0.0040497846297241	0.32736	0.618336	88.439911	0.56699	0.148323	0.385555
8oxw	seed_1181241943	0.0217504841635016	10.086818093863906	0.0	0.0132106379183997	0.319707	0.598062	87.861572	0.576966	0.127497	0.375378
8oxw	seed_1812140441	0.0111342273035395	15.495239511210068	0.0	0.0110136336205206	0.323577	0.601023	88.051636	0.584412	0.134984	0.379066
8oxw	seed_2746317213	0.0052279548457322	15.90183593200869	0.0	0.0040459756182929	0.317299	0.595567	87.585564	0.610496	0.13641	0.372953
8oxw	seed_3163119785	0.0050620560430959	18.50196471782779	0.0	0.0058415619499425	0.301133	0.605174	87.667336	0.588142	0.127628	0.361941
8oxw	seed_958682846	0.0033102830215881	22.933616402016888	0.0	0.0032279001773723	0.309996	0.58808	87.448708	0.611043	0.126754	0.365613
8oxx	seed_1181241943	0.0042837723104122	17.70517566384752	0.0	0.0058167646099135	0.376703	0.551224	89.508011	0.519883	0.142456	0.411608
8oxx	seed_1812140441	0.0151065336472008	12.379382560055424	0.0	0.0981432616464617	0.359102	0.552813	88.630417	0.573347	0.148705	0.397844
8oxx	seed_2746317213	0.0118529369062125	10.97703367591503	0.0	0.0078152404469223	0.362595	0.546748	88.818512	0.550196	0.135394	0.399426
8oxx	seed_3163119785	0.0105021721024373	21.73093870111453	0.0	0.0204676224075017	0.369017	0.564292	89.136124	0.578039	0.13285	0.408072
8oxx	seed_958682846	0.0042497436298779	17.874172141134334	0.0	0.0059546785746324	0.37541	0.552808	89.092628	0.567902	0.139208	0.41089
8oxy	seed_1181241943	0.0055932110975578	16.03242276661268	0.0	0.0050323563843874	0.320693	0.602752	88.187927	0.592743	0.131333	0.377105
8oxy	seed_1812140441	0.0156464475235751	15.303524227509172	0.0	0.0911279207305925	0.307998	0.609703	87.806892	0.587666	0.134908	0.368339
8oxy	seed_2746317213	0.0106291319185484	15.059246113242224	0.0	0.0116659332514482	0.306135	0.606188	87.86322	0.586705	0.126066	0.366146
8oxy	seed_3163119785	0.0037562778551571	21.42944501673205	0.0	0.0049602536563442	0.312601	0.59416	87.683167	0.623698	0.130118	0.368913
8oxy	seed_958682846	0.0197141212622651	10.985936435568163	0.0	0.008938430314492	0.373758	0.631779	88.724014	0.546002	0.205809	0.425363
8ozb	seed_1181241943					0.886338	0.914485	90.833778	0.379776	0.886338	0.891968
8ozb	seed_1812140441					0.910381	0.92661	92.21759	0.346735	0.910381	0.913626
8ozb	seed_2746317213					0.890435	0.909223	90.758499	0.382266	0.890435	0.894192
8ozb	seed_3163119785					0.862189	0.903324	89.456787	0.406111	0.862189	0.870416
8ozb	seed_958682846					0.885752	0.908962	90.473404	0.389843	0.885752	0.890394
8pe1	seed_1181241943					0.954175	0.917226	92.850471	0.379216	0.954175	0.946786
8pe1	seed_2746317213					0.951593	0.910651	92.661392	0.430748	0.951593	0.943405
8pe1	seed_3163119785					0.950749	0.915716	92.683777	0.393766	0.950749	0.943742
8pe1	seed_958682846					0.958438	0.919123	92.79641	0.378204	0.958438	0.950575
8pe2	seed_1181241943	0.7155448598215163	1.1970823863940996	0.7586206896551724		0.909624	0.93213	92.225571	0.366284	0.909624	0.914125
8pe2	seed_1812140441	0.7536316625770206	1.1286237169867688	0.8160919540229885		0.931598	0.932916	92.804222	0.354515	0.931598	0.931861
8pe2	seed_2746317213	0.7782899568702742	1.1533556731154455	0.8620689655172413		0.931788	0.934216	92.727562	0.358323	0.931788	0.932273
8pe2	seed_3163119785	0.7413843193259146	1.243766726647644	0.8045977011494253		0.933319	0.934858	92.673775	0.35383	0.933319	0.933627
8pe2	seed_958682846	0.7847672254849126	1.0780873156813122	0.8390804597701149		0.933801	0.935498	92.720741	0.353756	0.933801	0.934141
8pih	seed_1181241943	0.5462653876791274	1.6609377122479752	0.5344827586206896		0.476406	0.716234	83.810745	0.711856	0.476406	0.524371
8pih	seed_1812140441	0.8880869424577337	0.7965189026583485	0.9655172413793104		0.756247	0.836157	87.476273	0.480083	0.756247	0.772229
8pih	seed_2746317213	0.9042825254416188	0.6258440632140202	0.9655172413793104		0.851284	0.873533	88.673187	0.455611	0.851284	0.855734
8pih	seed_3163119785	0.9053089257908074	0.616220736935118	0.9482758620689656		0.818428	0.862639	88.363998	0.462829	0.818428	0.82727
8pih	seed_958682846	0.218369258237123	4.075517612910024	0.3103448275862069		0.27951	0.605011	81.932709	0.789709	0.27951	0.34461
8pmz	seed_1181241943					0.082669	0.40847	82.468956	0.918465	0.082669	0.147829
8pmz	seed_1812140441	0.0083374930456909	22.26706627701404	0.0		0.123618	0.443433	84.075081	0.849282	0.123618	0.187581
8pmz	seed_2746317213	0.0083145541633707	22.068725325370412	0.0		0.111557	0.431778	82.967949	0.873448	0.111557	0.175601
8pmz	seed_3163119785	0.0070592604340745	24.79728645096468	0.0		0.099097	0.4375	83.955643	0.873627	0.099097	0.166778
8pmz	seed_958682846	0.0161400850654574	16.016047654418877	0.0		0.064441	0.42065	83.872559	0.855037	0.064441	0.135683
8pwv	seed_1181241943					0.099599	0.5164	83.235245	0.936404	0.099599	0.182959
8pwv	seed_1812140441					0.133469	0.554414	82.778839	0.887783	0.133469	0.217658
8pwv	seed_2746317213					0.144569	0.546979	84.436035	0.802371	0.144569	0.225051
8pwv	seed_3163119785					0.128922	0.548492	82.604759	0.932044	0.128922	0.212836
8pwv	seed_958682846					0.134475	0.553795	82.750099	0.898664	0.134475	0.218339
8pww	seed_1181241943					0.206508	0.596507	84.866096	0.671778	0.206508	0.284508
8pww	seed_1812140441					0.259895	0.64343	85.962547	0.662836	0.259895	0.336602
8pww	seed_2746317213	0.0228910565286108	20.050949387324575	0.0232558139534883		0.112396	0.574887	84.606018	0.727573	0.112396	0.204894
8pww	seed_3163119785					0.078771	0.558741	84.552139	0.718071	0.078771	0.174765
8pww	seed_958682846					0.106538	0.573773	83.954834	0.773046	0.106538	0.199985
8pyr	seed_1181241943					0.13317	0.649012	81.062126	0.845637	0.13317	0.237661
8pyr	seed_1812140441					0.097562	0.63638	80.748398	0.927148	0.097562	0.219876
8pyr	seed_2746317213	0.9107981830093116	0.5792842117600187	0.8709677419354839		0.90353	0.894623	86.953186	0.53604	0.90353	0.912331
8pyr	seed_3163119785	0.895516779361499	0.6445003147469825	0.8548387096774194		0.886748	0.896149	87.292999	0.526394	0.886748	0.897888
8pyr	seed_958682846					0.135447	0.65666	80.915787	0.895841	0.135447	0.25424
8q3j	seed_1181241943					0.571423	0.64599	84.855354	0.628959	0.215753	0.586336
8q3j	seed_1812140441					0.566048	0.640304	85.080177	0.640868	0.188495	0.5809
8q3j	seed_2746317213					0.560064	0.636247	84.830124	0.652895	0.180244	0.5753
8q3j	seed_3163119785					0.606147	0.695845	85.68486	0.618845	0.193486	0.624086
8q3j	seed_958682846					0.556535	0.627247	84.934273	0.634199	0.199426	0.570677
8q6r	seed_1181241943					0.878825	0.759593	89.324562	0.419364	0.878825	0.87619
8q6r	seed_1812140441					0.686302	0.688113	87.185425	0.5588	0.686302	0.707877
8q6r	seed_2746317213					0.480469	0.603638	83.669334	0.753306	0.480469	0.526315
8q6r	seed_3163119785					0.395134	0.580654	82.507317	0.821434	0.395134	0.45345
8q6r	seed_958682846					0.842312	0.745781	88.734802	0.441972	0.842312	0.844218
8q7o	seed_1181241943					0.789525	0.826425	88.940956	0.408883	0.789525	0.796905
8q7o	seed_1812140441					0.821845	0.845842	89.527649	0.399699	0.821845	0.826645
8q7o	seed_2746317213					0.828163	0.835349	88.320946	0.423109	0.828163	0.8296
8q7o	seed_3163119785					0.904348	0.881809	91.042297	0.367236	0.904348	0.89984
8q7o	seed_958682846					0.817978	0.842015	88.904198	0.407881	0.817978	0.822786
8q94	seed_1181241943	0.6638007541771028	3.0550580129047957	0.8363636363636363		0.732641	0.830756	88.280197	0.491623	0.732641	0.752264
8q94	seed_1812140441	0.0145100072910933	15.571247578799596	0.0		0.119645	0.571797	81.49453	0.814853	0.119645	0.210076
8q94	seed_2746317213	0.5695811789244658	3.366279574462194	0.7090909090909091		0.783083	0.854512	88.038353	0.458109	0.783083	0.797368
8q94	seed_3163119785	0.5585202597803972	3.3164970729751584	0.6909090909090909		0.832446	0.877948	88.948715	0.435302	0.832446	0.841547
8q94	seed_958682846	0.6013697658386215	3.1097773766029055	0.7272727272727273		0.809557	0.864996	88.385094	0.459831	0.809557	0.820645
8q95	seed_1181241943	0.0138227124005554	17.565299983143873	0.0		0.173645	0.615868	82.780151	0.755771	0.173645	0.26209
8q95	seed_1812140441	0.0146451345986006	17.834404956563674	0.0		0.196519	0.628643	83.33741	0.742592	0.196519	0.282944
8q95	seed_2746317213	0.0134941841294711	17.216141471025708	0.0		0.167931	0.616873	82.928314	0.776195	0.167931	0.25772
8q95	seed_3163119785	0.710027775446895	1.581954015999164	0.7222222222222222		0.517305	0.75047	85.702568	0.60535	0.517305	0.563938
8q95	seed_958682846	0.7382719521472013	1.6397561541974406	0.7962962962962963		0.742984	0.850157	88.232407	0.496706	0.742984	0.764419
8qf4	seed_1181241943	0.8434208420837597	0.9582527019342676	0.8591549295774648		0.904615	0.920316	92.318779	0.33543	0.904615	0.907755
8qf4	seed_1812140441	0.8561250959985598	0.8996637810622863	0.8591549295774648		0.903002	0.919622	92.326836	0.33565	0.903002	0.906326
8qf4	seed_2746317213	0.8491502029522504	0.9656257133680676	0.8873239436619719		0.907317	0.923274	92.44191	0.331553	0.907317	0.910509
8qf4	seed_3163119785	0.8376484546760207	0.9686513050626424	0.8732394366197183		0.907247	0.923612	92.365982	0.33658	0.907247	0.91052
8qf4	seed_958682846	0.8527098706905331	0.8781037669273702	0.8450704225352113		0.906928	0.923807	92.479721	0.33112	0.906928	0.910304
8qf5	seed_1181241943					0.884818	0.87441	90.748589	0.395409	0.884818	0.901255
8qf5	seed_1812140441	0.8681619710278697	0.9032049267440132	0.896551724137931		0.871526	0.872978	90.967087	0.395712	0.871526	0.895626
8qf5	seed_2746317213	0.8677918579805312	0.868500899326776	0.9080459770114944		0.887377	0.878989	91.023422	0.383746	0.887377	0.912154
8qf5	seed_3163119785					0.891739	0.878265	91.069221	0.391558	0.891739	0.910208
8qf5	seed_958682846	0.8197241955569657	1.0715353420070248	0.8505747126436781		0.593776	0.808023	88.148811	0.450735	0.593776	0.660435
8qgx	seed_1181241943	0.0835378242377686	9.52962267297058	0.15		0.184346	0.682322	86.749565	0.654358	0.184346	0.283941
8qgx	seed_1812140441	0.1048439810938889	8.664286671707522	0.2		0.262594	0.687168	86.260353	0.837824	0.262594	0.347509
8qgx	seed_2746317213	0.0190741264727043	12.111963142635656	0.0		0.107346	0.656635	86.353325	0.709061	0.107346	0.217204
8qgx	seed_3163119785	0.0681836378836269	7.380368298322409	0.0333333333333333		0.421085	0.68243	87.21489	0.569303	0.421085	0.473354
8qgx	seed_958682846	0.103845934433033	8.92739273145825	0.1166666666666666		0.179527	0.684633	86.43219	0.666207	0.179527	0.280548
8qh0	seed_1181241943	0.0434641997062444	13.251188560101117	0.0793650793650793	0.0165857482114595	0.541244	0.649283	88.237976	0.603191	0.185776	0.562852
8qh0	seed_1812140441	0.0424673567346996	13.940553692841313	0.0793650793650793	0.0153879571687431	0.553188	0.670518	88.23764	0.598965	0.188308	0.576654
8qh0	seed_2746317213	0.0412968373937959	13.682179804317826	0.0793650793650793	0.0139892046205914	0.67606	0.744862	89.772583	0.496213	0.425597	0.68982
8qh0	seed_3163119785	0.0348418765976383	13.243918120688454	0.0634920634920634	0.012765626647262	0.61514	0.6749	89.075508	0.541964	0.364649	0.627092
8qh0	seed_958682846	0.0428378889550215	13.972560953288234	0.0793650793650793	0.0164277722959046	0.578427	0.686732	88.646446	0.568406	0.242714	0.600088
8qrg	seed_1181241943	0.8164769267480313	0.8833917915488876	0.8387096774193549		0.916123	0.932439	92.662804	0.340259	0.916123	0.919386
8qrg	seed_1812140441	0.8121967541313033	0.8839158549455991	0.8387096774193549		0.918043	0.93414	92.782143	0.336747	0.918043	0.921263
8qrg	seed_2746317213	0.8373076775068715	0.8237090983291658	0.8387096774193549		0.911101	0.929512	92.363007	0.34516	0.911101	0.914783
8qrg	seed_3163119785	0.8477669315150121	0.7628637882866445	0.8225806451612904		0.90147	0.924018	92.227928	0.352127	0.90147	0.90598
8qrg	seed_958682846	0.8232981884106826	0.8556497474033803	0.8387096774193549		0.909941	0.928294	92.319176	0.348226	0.909941	0.913611
8qz3	seed_1181241943					0.202328	0.610106	79.810242	0.924525	0.202328	0.318234
8qz3	seed_1812140441					0.228405	0.61693	80.543533	0.862983	0.228405	0.340461
8qz3	seed_2746317213					0.206103	0.616714	80.66362	0.913043	0.206103	0.322576
8qz3	seed_3163119785					0.208398	0.613111	80.440514	0.852444	0.208398	0.323692
8qz3	seed_958682846					0.252139	0.631264	80.73732	0.8408	0.252139	0.362315
8r4n	seed_1181241943	0.0648539850227764	8.163896600615612	0.0434782608695652	0.1322103985541241	0.72189	0.766246	85.295593	0.620921	0.317676	0.730761
8r4n	seed_1812140441	0.0406397069771604	8.631305082784738	0.0	0.1423651097921661	0.682166	0.733227	83.991859	0.696897	0.163296	0.692378
8r4n	seed_2746317213	0.0381305481085589	9.34328227566754	0.0	0.1387392710138204	0.669698	0.719583	83.264305	0.716594	0.150091	0.679675
8r4n	seed_3163119785	0.0674155859528819	8.167225602636664	0.0434782608695652	0.1533418688600651	0.680586	0.736158	84.588493	0.627864	0.176371	0.691701
8r4n	seed_958682846	0.0447606412099709	10.335863685488505	0.0	0.1645021583325693	0.691438	0.743193	84.808784	0.602668	0.204968	0.701789
8r4u	seed_1181241943	0.0040758855143606	26.60220623464476	0.0		0.094622	0.545544	78.507317	1.077774	0.094622	0.184806
8r4u	seed_1812140441					0.136589	0.550997	76.247589	1.177336	0.136589	0.219471
8r4u	seed_2746317213					0.176906	0.578544	78.472115	1.005462	0.176906	0.257233
8r4u	seed_3163119785					0.122918	0.53952	76.794128	1.11816	0.122918	0.206239
8r4u	seed_958682846					0.110131	0.54421	77.143066	1.071384	0.110131	0.196947
8rby	seed_1181241943	0.40554748127553	3.4035389008654153	0.3815789473684211		0.755541	0.824587	87.757484	0.442349	0.755541	0.76935
8rby	seed_1812140441	0.3828585112168524	2.8514875059387137	0.3421052631578947		0.692914	0.811094	86.835884	0.486666	0.692914	0.71655
8rby	seed_2746317213	0.4042394015159034	3.3734268478076954	0.3815789473684211		0.761726	0.82845	87.825523	0.441486	0.761726	0.775071
8rby	seed_3163119785	0.4110231148744416	2.6982710760978543	0.3684210526315789		0.759211	0.832366	87.856628	0.442853	0.759211	0.773842
8rby	seed_958682846	0.2991947366682815	4.592919123788861	0.3552631578947368		0.699658	0.794823	87.229149	0.474118	0.699658	0.718691
8rj7	seed_1181241943	0.6940287066004509	1.4459017256970503	0.7162162162162162		0.746163	0.8652	89.927315	0.45548	0.746163	0.76997
8rj7	seed_1812140441	0.7398757469602216	1.3236706428509386	0.7972972972972973		0.854521	0.913154	91.325623	0.389365	0.854521	0.866247
8rj7	seed_2746317213	0.718988314787667	1.393077538146388	0.7702702702702703		0.807033	0.890486	90.468887	0.420382	0.807033	0.823723
8rj7	seed_3163119785	0.7697938194952623	1.2625571829411577	0.7972972972972973		0.852706	0.911475	91.191139	0.397506	0.852706	0.86446
8rj7	seed_958682846					0.800898	0.892496	90.639084	0.424676	0.800898	0.819217
8rp8	seed_1181241943	0.63941866399335	1.4945831330590549	0.8888888888888888	0.6273169210788261	0.620537	0.675621	89.686974	0.560402	0.304061	0.631554
8rp8	seed_1812140441	0.0637415389147131	9.734499587700723	0.0	0.102541700501273	0.676304	0.739806	90.522919	0.508859	0.344589	0.689004
8rp8	seed_2746317213	0.0652277756369341	9.92516261445413	0.0	0.1049084499548943	0.647604	0.711284	90.231316	0.522754	0.289241	0.66034
8rp8	seed_3163119785					0.622216	0.69618	89.882935	0.554173	0.221833	0.637009
8rp8	seed_958682846	0.7086682658703726	1.1068548671758944	1.0	0.6327581020971317	0.669607	0.726722	90.493431	0.513185	0.352299	0.68103
8rw9	seed_1181241943					0.097089	0.515292	84.413422	0.782557	0.097089	0.18073
8rw9	seed_1812140441					0.100217	0.498612	84.037689	0.771253	0.100217	0.179896
8rw9	seed_2746317213					0.099785	0.534806	84.908867	0.771231	0.099785	0.186789
8rw9	seed_3163119785					0.102614	0.527161	84.949539	0.70338	0.102614	0.187524
8rw9	seed_958682846					0.084511	0.516914	84.6521	0.768875	0.084511	0.170991
8rwb	seed_1181241943	0.0467312289918342	12.120749486000644	0.0392156862745098	0.0707958634781039	0.795923	0.83722	90.986275	0.419497	0.627425	0.804182
8rwb	seed_1812140441	0.0322088918479563	13.02783632950821	0.0	0.0604468320518031	0.653532	0.740624	89.273849	0.516269	0.320128	0.670951
8rwb	seed_2746317213	0.0465736585689492	12.366913434764577	0.0392156862745098	0.0614071790466494	0.686897	0.767872	89.767647	0.519243	0.378141	0.703092
8rwb	seed_3163119785	0.0467218341791138	12.120411036447328	0.0392156862745098	0.0614863190401227	0.748923	0.807064	88.981926	0.487401	0.512126	0.760551
8rwb	seed_958682846	0.0408454168308478	11.71139703528542	0.0196078431372549	0.0713703073198746	0.719434	0.784495	89.758141	0.481794	0.463748	0.732447
8rz0	seed_1181241943					0.1718	0.669211	79.669365	0.768148	0.1718	0.271282
8rz0	seed_1812140441					0.137611	0.653104	78.648964	0.848099	0.137611	0.24071
8rz0	seed_2746317213					0.228753	0.681129	80.162872	0.769218	0.228753	0.319228
8rz0	seed_3163119785					0.232911	0.676229	79.688736	0.779984	0.232911	0.321575
8rz0	seed_958682846					0.264026	0.694059	79.738869	0.800264	0.264026	0.350033
8rz1	seed_1181241943	0.0160775442825351	24.762411324042905	0.0		0.151228	0.472158	79.29528	0.942085	0.151228	0.215414
8rz1	seed_1812140441					0.178246	0.468719	79.010086	1.062038	0.178246	0.236341
8rz1	seed_2746317213					0.365707	0.52847	79.794144	0.939095	0.365707	0.39826
8rz1	seed_3163119785					0.192442	0.471016	78.462158	0.980948	0.192442	0.248157
8rz1	seed_958682846					0.333261	0.498828	77.434319	1.281914	0.333261	0.388696
8rz2	seed_1181241943	0.0053946211230202	19.12222363318742	0.0	0.0046929982991849	0.425872	0.54801	86.831673	0.73575	0.104596	0.450299
8rz2	seed_1812140441	0.0056146171579002	18.705700821286023	0.0	0.0050193928304758	0.418846	0.525048	86.337448	0.723888	0.12117	0.440087
8rz2	seed_2746317213	0.0046258319019889	19.593992643087535	0.0	0.0038458135479283	0.403523	0.509405	86.728615	0.723673	0.108692	0.424699
8rz2	seed_3163119785	0.0051739777987927	19.639800978715456	0.0	0.0073497601777457	0.421813	0.540176	87.344238	0.682919	0.108579	0.445485
8rz2	seed_958682846	0.0089763010003691	12.99784857982467	0.0	0.0061424413234504	0.421649	0.545458	86.956085	0.723337	0.099654	0.446411
8s0l	seed_1181241943	0.6262579471141222	2.305466125008412	0.6185567010309279		0.846509	0.906589	88.685226	0.48321	0.846509	0.858525
8s0l	seed_1812140441	0.6920583986873892	2.1674812823804284	0.7938144329896907		0.900564	0.923356	89.645775	0.44633	0.900564	0.905122
8s0l	seed_2746317213	0.6297739810365075	2.1072591501479017	0.6082474226804123		0.851859	0.912137	89.071625	0.470987	0.851859	0.863915
8s0l	seed_3163119785	0.6347623948551872	2.1637938518725823	0.6185567010309279		0.840008	0.906449	88.684677	0.48514	0.840008	0.853296
8s0l	seed_958682846	0.7295906455968987	2.0866055366320957	0.8762886597938144		0.911603	0.923702	89.608521	0.445477	0.911603	0.914023
8s0n	seed_1181241943	0.6516649966532949	1.6690303724118394	0.5789473684210527		0.834238	0.917809	90.3834	0.429735	0.834238	0.850953
8s0n	seed_1812140441	0.6697270794862952	1.6800491525634889	0.618421052631579		0.851115	0.92596	90.830574	0.408453	0.851115	0.866084
8s0n	seed_2746317213	0.6412932480240767	1.6922617549930357	0.5526315789473685		0.845622	0.924365	90.852577	0.407556	0.845622	0.861371
8s0n	seed_3163119785	0.7321432125654064	1.586973248095024	0.7763157894736842		0.914985	0.943373	92.123314	0.363059	0.914985	0.920663
8s0n	seed_958682846	0.6581840215150151	1.6629354341703713	0.5921052631578947		0.83197	0.919989	90.599663	0.419	0.83197	0.849573
8s6m	seed_1181241943	0.0213912279761526	17.76251162139565	0.0	0.0246936062819481	0.487988	0.576995	87.097351	0.555325	0.148784	0.505789
8s6m	seed_1812140441	0.1444564028913676	3.934113447696021	0.1568627450980392	0.0742168601695367	0.464489	0.548503	87.326317	0.576235	0.135528	0.481292
8s6m	seed_2746317213	0.0347571565609022	13.536887384681648	0.0	0.0293062433281421	0.490912	0.58857	87.403137	0.555243	0.153919	0.510443
8s6m	seed_3163119785	0.0438396893538771	12.675655067458576	0.0784313725490196	0.0208060197143253	0.45981	0.574213	87.677338	0.585056	0.099025	0.48269
8s6m	seed_958682846	0.0299611129114752	12.631382884715364	0.0	0.0260230761644702	0.532447	0.613065	88.052925	0.52571	0.272801	0.54857
8s79	seed_1181241943	0.0074758040060152	22.773186566854086	0.0		0.17845	0.645684	81.569412	0.963194	0.17845	0.271897
8s79	seed_1812140441	0.0077559484704557	22.463530579964967	0.0		0.112154	0.633182	81.951469	0.97107	0.112154	0.216359
8s79	seed_3163119785	0.0076679916516637	22.20586067452037	0.0		0.134391	0.634129	81.76432	0.96959	0.134391	0.234339
8s79	seed_958682846	0.0068849727847439	23.38947662014185	0.0		0.119785	0.647996	82.319595	0.969323	0.119785	0.225428
8sdf	seed_1181241943	0.0300406085951398	9.686460307671773	0.0	0.0185580185491804	0.509585	0.610566	86.490776	0.603629	0.153821	0.529781
8sdf	seed_1812140441	0.0219189169611056	13.255081040646155	0.0	0.0205856832350039	0.474724	0.575346	85.293961	0.645851	0.137064	0.494848
8sdf	seed_2746317213	0.0238632922846038	15.51416156240404	0.0	0.0245960444513339	0.486107	0.584427	85.466499	0.639533	0.139546	0.505771
8sdf	seed_3163119785	0.0184287385989571	16.82674895075505	0.0	0.0156251893702613	0.49653	0.598423	86.1017	0.626727	0.134955	0.516908
8sdf	seed_958682846	0.018616064065094	16.24843275027711	0.0	0.0174733280915049	0.492562	0.59626	86.352951	0.613065	0.125329	0.513302
8sfs	seed_1181241943	0.0381764009860677	8.55706241929764	0.0384615384615384		0.47609	0.776885	88.394997	0.532355	0.47609	0.536249
8sfs	seed_1812140441	0.0657608193767942	7.255293393554977	0.0961538461538461		0.515227	0.788795	88.881683	0.526998	0.515227	0.569941
8sfs	seed_2746317213	0.0508366751159131	7.499206933911944	0.0576923076923076		0.456643	0.766452	88.487549	0.536538	0.456643	0.518605
8sfs	seed_3163119785	0.0454706599284692	7.5308235231586576	0.0384615384615384		0.442	0.756748	88.770226	0.531641	0.442	0.504949
8sfs	seed_958682846	0.0669070862934478	7.112998431822923	0.0961538461538461		0.354601	0.730016	87.663132	0.572375	0.354601	0.429684
8sfx	seed_1181241943	0.830616214272875	0.6595882053810795	0.7142857142857143		0.469357	0.773332	89.736481	0.494455	0.469357	0.530152
8sfx	seed_1812140441	0.9184436289956484	0.5509565407165574	0.9047619047619048		0.847359	0.907421	92.096764	0.378702	0.847359	0.859371
8sfx	seed_2746317213					0.849659	0.910408	92.440437	0.372855	0.849659	0.861809
8sfx	seed_3163119785					0.866257	0.914913	92.195091	0.369504	0.866257	0.875988
8sfx	seed_958682846	0.9082622294602496	0.5724617174871128	0.9047619047619048		0.875308	0.919511	92.687744	0.361739	0.875308	0.884148
8sfz	seed_1181241943					0.13251	0.643137	84.558983	0.696426	0.13251	0.234635
8sfz	seed_1812140441	0.3267194923118341	2.793200668943453	0.5185185185185185		0.130212	0.645936	84.089928	0.755073	0.130212	0.233357
8sfz	seed_2746317213	0.3872101128673653	2.561390432677531	0.5925925925925926		0.122906	0.64712	83.899086	0.763385	0.122906	0.227749
8sfz	seed_3163119785					0.200547	0.677685	85.493484	0.67447	0.200547	0.295975
8sfz	seed_958682846	0.0240652589617099	11.774081383160192	0.0		0.128796	0.642566	83.898232	0.706529	0.128796	0.23155
8sgn	seed_1181241943	0.0550266984901722	10.63281548052154	0.0625	0.02721336453963	0.395092	0.549885	85.894333	0.621961	0.192165	0.426051
8sgn	seed_1812140441	0.0425089465000814	10.824416918018455	0.0416666666666666	0.025394657915965	0.406728	0.549375	85.924797	0.613871	0.20355	0.435258
8sgn	seed_2746317213	0.0374016589517437	12.211997547450348	0.0416666666666666	0.026087272740494	0.476222	0.58416	86.44046	0.584035	0.313089	0.497809
8sgn	seed_3163119785	0.0942610405843972	5.355674792340723	0.1041666666666666	0.1865370910027948	0.383676	0.532984	85.525055	0.676597	0.161866	0.413538
8sgn	seed_958682846	0.0489175319983776	10.733580467950064	0.0625	0.0260966547031146	0.4062	0.548178	85.846382	0.621807	0.207208	0.434596
8siq	seed_1181241943	0.5594710161683917	1.654208649884782	0.8181818181818182	0.218757195850105	0.632143	0.693287	88.895508	0.477177	0.650737	0.644372
8siq	seed_1812140441	0.4077584199566246	2.432273845719352	0.6666666666666666	0.0787379054156346	0.575825	0.633456	87.841942	0.513067	0.582883	0.587351
8siq	seed_2746317213	0.4988693587836838	1.9175003127834584	0.7878787878787878	0.1766639281711209	0.628276	0.671756	88.268394	0.489412	0.625309	0.636972
8siq	seed_3163119785	0.4250869642772144	2.1365350706620765	0.696969696969697	0.0678173536286848	0.556682	0.61432	87.364891	0.538348	0.57395	0.56821
8siq	seed_958682846	0.0282790553817165	14.458886530719017	0.0	0.0281493777374336	0.506246	0.618864	87.172066	0.681178	0.137038	0.52877
8sk5	seed_1181241943	0.0109957341946821	17.950832356317864	0.0		0.092143	0.599732	83.485069	0.753393	0.092143	0.193661
8sk5	seed_1812140441	0.0105824338393748	16.442886351793113	0.0		0.146908	0.622119	83.540085	0.763604	0.146908	0.24195
8sk5	seed_2746317213	0.1453096070219808	5.495712471147527	0.2608695652173913		0.137795	0.600994	82.91494	0.81404	0.137795	0.230435
8sk5	seed_3163119785	0.0208237693650831	13.337334797092112	0.0		0.177398	0.632835	84.228172	0.740273	0.177398	0.268486
8sk5	seed_958682846	0.0104314299726638	17.530019699166147	0.0		0.141483	0.620108	82.629631	0.79373	0.141483	0.237208
8slb	seed_1181241943	0.0109837827883201	16.566749352340093	0.0	0.0093609276227669	0.498924	0.603267	85.648247	0.587807	0.179651	0.519793
8slb	seed_1812140441	0.4442180160244618	2.601554186646203	0.3703703703703703	0.3660845684929076	0.497527	0.603086	85.95118	0.575586	0.169012	0.518639
8slb	seed_2746317213	0.0097465793507219	16.73460595129472	0.0	0.0088577139735693	0.491543	0.59087	85.687416	0.594747	0.190682	0.511408
8slb	seed_3163119785	0.1412427800978192	4.939660380164358	0.1111111111111111	0.2251084065023762	0.486237	0.595518	85.96843	0.581795	0.14813	0.508093
8slb	seed_958682846	0.011864310615258	16.606437056104767	0.0	0.0100442345716137	0.504849	0.608537	86.092072	0.579051	0.193338	0.525587
8sos	seed_1181241943					0.53322	0.66622	87.602554	0.4929	0.53322	0.55982
8sos	seed_1812140441	0.0730568212720375	13.684043127805284	0.0925925925925925		0.17612	0.54379	85.849937	0.562556	0.17612	0.249654
8sos	seed_2746317213					0.307745	0.58194	86.721329	0.538749	0.307745	0.362584
8sos	seed_3163119785					0.346714	0.599249	86.901894	0.526093	0.346714	0.397221
8sos	seed_958682846	0.0720397346656235	13.70603931299722	0.0925925925925925		0.163882	0.561268	85.761772	0.572597	0.163882	0.243359
8sow	seed_1181241943	0.7558022302440843	1.7070934705523102	0.9090909090909092		0.533806	0.547361	82.39814	0.876024	0.533806	0.536517
8sow	seed_1812140441	0.8160848532097426	1.3929628675064882	0.9545454545454546		0.498121	0.529158	81.857941	0.922995	0.498121	0.504328
8sow	seed_2746317213	0.1929041291259736	19.28189255999248	0.5227272727272727		0.379324	0.486136	82.934143	0.782227	0.379324	0.400686
8sow	seed_3163119785	0.1433131496796134	22.273223642935772	0.4090909090909091		0.222097	0.450642	82.727547	0.86219	0.222097	0.267806
8sow	seed_958682846	0.1902823207424884	20.058906623649637	0.5454545454545454		0.425591	0.541006	84.564125	0.689612	0.425591	0.448674
8soz	seed_1181241943	0.1875847419115324	16.547831956761005	0.4893617021276595		0.474361	0.606903	85.72805	0.79308	0.474361	0.50087
8soz	seed_1812140441	0.1924038747531239	16.833861196259754	0.5106382978723404		0.46341	0.624772	86.238106	0.816772	0.46341	0.495682
8soz	seed_2746317213	0.1995778412809166	16.86849779020993	0.5106382978723404		0.420036	0.583956	85.504967	0.851516	0.420036	0.45282
8soz	seed_3163119785	0.1833968628321785	16.490595771856068	0.4893617021276595		0.469548	0.640221	86.084419	0.814313	0.469548	0.503682
8soz	seed_958682846	0.8835117682567745	0.8074560961878767	0.9361702127659576		0.628335	0.676598	87.248947	0.779475	0.628335	0.637988
8szy	seed_1181241943	0.0386274277085779	9.41885456937826	0.0	0.0375155706356323	0.64145	0.728947	89.567741	0.509427	0.182234	0.65895
8szy	seed_1812140441	0.0515804367552791	8.601901843496824	0.0	0.0541853972040813	0.644198	0.729203	89.449379	0.503952	0.210809	0.661199
8szy	seed_2746317213	0.0454303586120949	10.385823045864434	0.0	0.042879337454023	0.651917	0.739757	89.707954	0.501712	0.196645	0.669485
8szy	seed_3163119785	0.0311073397861304	12.45454688577435	0.0	0.0315779321916833	0.630936	0.720558	89.374031	0.513313	0.159762	0.64886
8szy	seed_958682846					0.634388	0.719717	89.219925	0.526024	0.189325	0.651454
8tbb	seed_1181241943	0.5838276623673191	1.418533491936362	0.7045454545454546	0.755268270362885	0.67695	0.724708	89.091034	0.523636	0.39712	0.686501
8tbb	seed_1812140441	0.0545801954625145	10.425775896438749	0.0	0.0495546732304171	0.600339	0.672648	88.407448	0.523089	0.162222	0.614801
8tbb	seed_2746317213	0.0400376508432298	12.862362558246044	0.0	0.0435749091343961	0.590847	0.66663	88.439316	0.537025	0.117155	0.606003
8tbb	seed_3163119785	0.7780370797166195	0.8959267737575135	0.9318181818181818	0.7155124743078306	0.779514	0.781085	91.233383	0.40851	0.689713	0.779828
8tbb	seed_958682846	0.5549678770061088	1.53826738630534	0.7045454545454546	0.7265999180161175	0.693438	0.73103	89.484901	0.493165	0.454923	0.700957
8tft	seed_1181241943	0.617791277731924	0.8492935264171433	0.8285714285714286	0.5844431430180698	0.801556	0.810836	91.504738	0.376668	0.758523	0.803412
8tft	seed_1812140441					0.772367	0.758031	91.164673	0.374444	0.801626	0.7695
8tft	seed_2746317213	0.8304248085169145	0.8137515685915252	0.7714285714285715	0.7738350413205781	0.78032	0.76182	91.34433	0.372127	0.820451	0.77662
8tft	seed_3163119785					0.761828	0.751278	90.735764	0.390467	0.75539	0.759718
8trs	seed_1181241943	0.1098134452616538	5.293915678672133	0.0	0.1145101641012006	0.570112	0.656684	87.778122	0.632168	0.18262	0.587426
8trs	seed_1812140441	0.4873931721541651	1.85249808055644	0.6956521739130435	0.382454139660793	0.619777	0.682149	88.358681	0.546155	0.302118	0.632252
8trs	seed_2746317213	0.5765052399822739	1.960201782667038	0.6521739130434783	0.4595280740340793	0.603418	0.681675	88.253395	0.560338	0.219729	0.61907
8trs	seed_3163119785	0.6733542558845129	1.6159817524654734	0.6956521739130435	0.6066514410697926	0.621026	0.698727	88.526726	0.553593	0.255187	0.636566
8trs	seed_958682846	0.6030828598127461	1.8991635539336371	0.6521739130434783	0.4792689648230615	0.660975	0.716996	89.08683	0.519036	0.36626	0.672179
8ts0	seed_1181241943	0.0493701147261415	11.716390113263737	0.0	0.0462109923183845	0.799417	0.796596	91.234329	0.401151	0.727575	0.798853
8ts0	seed_1812140441	0.0533902981532074	11.82543964054735	0.0	0.0567027328302257	0.872899	0.884597	92.073776	0.381028	0.756641	0.875239
8ts0	seed_2746317213	0.0536516909334719	11.761151360825046	0.0	0.0564638468996307	0.856261	0.869804	91.647179	0.399142	0.725142	0.858969
8ts0	seed_3163119785	0.0536312995992909	11.73095115925133	0.0	0.0566452456095727	0.85574	0.871542	91.8311	0.401294	0.710798	0.8589
8ts0	seed_958682846	0.0542554196899515	11.890747111898053	0.0	0.0574766915685705	0.850366	0.867198	91.517426	0.407749	0.684485	0.853733
8tuz	seed_1181241943	0.4361283081248796	2.0555208603329764	0.6944444444444444	0.3133648628742033	0.867429	0.885427	93.013771	0.338595	0.793264	0.871028
8tuz	seed_1812140441	0.4361460263254531	2.0127286977270176	0.6944444444444444	0.3080769737935513	0.86556	0.876088	92.975052	0.336797	0.800569	0.867666
8tuz	seed_2746317213	0.4141157800095814	2.185447228373253	0.6944444444444444	0.2305043131513286	0.81359	0.815712	92.455498	0.345922	0.774328	0.814014
8tuz	seed_3163119785	0.4230308998658907	1.9970139525646984	0.6666666666666666	0.2472737739577578	0.80126	0.806723	92.207954	0.350817	0.757259	0.802353
8tuz	seed_958682846	0.4426317440511774	2.062276166945025	0.75	0.3131646916618021	0.817059	0.816387	92.398453	0.346304	0.785526	0.816925
8tv3	seed_1181241943	0.792132854677709	0.9286988413835802	0.8484848484848485	0.5355760714773319	0.775866	0.823324	88.589066	0.496153	0.594879	0.78696
8tv3	seed_1812140441	0.7799364588598339	0.7257325984068804	0.9090909090909092	0.5448608675865986	0.761421	0.811997	88.680832	0.519715	0.558941	0.783555
8tv3	seed_2746317213	0.7277539719532972	0.9372186425564172	0.7878787878787878	0.4518398901450357	0.762669	0.815863	88.223724	0.505892	0.575227	0.784526
8tv3	seed_958682846	0.8105883228770704	0.9361240312346064	0.9393939393939394	0.5045901310219518	0.805226	0.842852	88.691544	0.490102	0.652413	0.812751
8u08	seed_1181241943	0.6370572586687889	0.8851962724035947	0.8444444444444444		0.799914	0.807933	91.430664	0.362089	0.811	0.801518
8u08	seed_1812140441	0.7992770185063911	0.7892461615446174	0.8444444444444444		0.768172	0.754506	90.912613	0.379623	0.817718	0.765439
8u08	seed_2746317213	0.7464575985904774	0.8637444773753704	0.8222222222222222		0.768752	0.760272	90.649376	0.38268	0.804563	0.767056
8u08	seed_3163119785	0.6578063276602203	1.0756766858299716	0.8666666666666667		0.777198	0.785001	90.802849	0.383027	0.751901	0.778759
8u08	seed_958682846	0.6922189545060676	0.8805438182969809	0.8222222222222222		0.801114	0.803063	91.222984	0.363887	0.815655	0.801504
8u3s	seed_1181241943	0.0104279232846758	19.34319739334409	0.0		0.739137	0.866616	89.47113	0.445911	0.739137	0.764633
8u3s	seed_1812140441	0.0104201956623527	19.47955840037403	0.0		0.714133	0.85517	88.705978	0.448471	0.714133	0.742341
8u3s	seed_2746317213	0.0101798439631331	19.614060143368267	0.0		0.760977	0.874382	90.007294	0.414046	0.760977	0.783658
8u3s	seed_3163119785	0.0103096100705214	19.57977053037725	0.0		0.747619	0.868167	88.95266	0.435996	0.747619	0.771729
8u3s	seed_958682846	0.0103842995859126	19.38760489026742	0.0		0.667802	0.833511	87.830109	0.498692	0.667802	0.700944
8udz	seed_1181241943					0.395725	0.491888	78.596771	1.13095	0.130794	0.430067
8udz	seed_1812140441					0.388392	0.489205	80.788147	0.924888	0.109718	0.408555
8udz	seed_2746317213					0.391186	0.497504	80.903908	0.952533	0.115463	0.41245
8udz	seed_3163119785					0.403367	0.502058	80.795174	0.965728	0.130571	0.423105
8udz	seed_958682846					0.406291	0.499778	79.066475	1.039646	0.147578	0.437351
8uky	seed_1181241943					0.608929	0.66428	86.964333	0.596336	0.34264	0.619999
8uky	seed_1812140441					0.645606	0.710705	87.575943	0.591384	0.342982	0.658626
8uky	seed_2746317213					0.60855	0.660899	86.552887	0.653961	0.33524	0.61902
8uky	seed_958682846					0.640224	0.708394	87.363213	0.603348	0.319589	0.653858
8up2	seed_1181241943					0.494197	0.621927	89.187889	0.539331	0.13141	0.519743
8up2	seed_1812140441					0.499494	0.626878	88.761108	0.542179	0.13192	0.524971
8up2	seed_2746317213					0.500661	0.622853	89.154587	0.545428	0.152322	0.525099
8up2	seed_3163119785					0.566506	0.673807	89.608131	0.537752	0.254156	0.587966
8up2	seed_958682846					0.504353	0.621167	88.954773	0.566245	0.177836	0.527716
8urf	seed_1181241943	0.0306561815674582	12.439624958979502	0.0	0.0313375313707476	0.652394	0.753026	89.17498	0.521707	0.211999	0.67252
8urf	seed_1812140441	0.0313567025758851	12.118689581323665	0.0	0.0345677938572524	0.642504	0.746501	88.973061	0.519413	0.187788	0.663303
8urf	seed_2746317213	0.028906589829994	12.336059695842405	0.0	0.0313125437867498	0.654933	0.756375	89.021355	0.496588	0.220134	0.675222
8urf	seed_3163119785	0.0403592766434778	12.557061052057962	0.0238095238095238	0.0391133304287034	0.643375	0.74623	88.570801	0.518381	0.188965	0.663946
8urf	seed_958682846	0.0528116230582957	12.613200674701073	0.0476190476190476	0.0429738079416945	0.563315	0.639133	87.00209	0.571017	0.220508	0.578478
8uvy	seed_1181241943	0.0282230711050115	11.460535698433375	0.0363636363636363		0.102417	0.612824	79.179054	1.000203	0.102417	0.214264
8uvy	seed_1812140441	0.0062507522689243	19.02234631076929	0.0		0.147933	0.571005	78.152184	1.137854	0.147933	0.245242
8uvy	seed_2746317213	0.0263081619339644	12.605189601632024	0.0181818181818181		0.089844	0.578072	78.010117	1.064771	0.089844	0.199208
8uvy	seed_3163119785	0.0062334862407143	19.15418436713099	0.0		0.133662	0.591509	78.341881	1.059313	0.133662	0.238903
8uvy	seed_958682846	0.0052721707283609	21.328263190582778	0.0		0.102992	0.598236	78.836754	1.054631	0.102992	0.21083
8uw2	seed_1181241943	0.0057934271718125	19.93905256884645	0.0		0.439872	0.718394	81.002449	0.950175	0.439872	0.503481
8uw2	seed_1812140441	0.008541744011909	15.397153146298098	0.0		0.157643	0.599635	77.357697	1.161227	0.157643	0.259876
8uw2	seed_2746317213	0.0099924605852097	16.645034547726745	0.0		0.163442	0.587318	77.226929	1.337074	0.163442	0.256123
8uw2	seed_958682846	0.0060688310349612	18.9943104632032	0.0		0.130752	0.604989	78.196404	1.106551	0.130752	0.232516
8uw7	seed_1181241943	0.0092443345186778	17.7620465477472	0.0		0.162517	0.638417	79.886574	0.894747	0.162517	0.267462
8uw7	seed_1812140441	0.0369235929884196	9.88287596614125	0.0181818181818181		0.094764	0.614623	78.784653	0.919867	0.094764	0.204595
8uw7	seed_2746317213	0.0075774058226125	17.374392644378375	0.0		0.12459	0.612683	78.703873	0.954712	0.12459	0.222208
8uw7	seed_3163119785	0.0047463674691838	22.76010413647769	0.0		0.155488	0.660541	80.236954	0.836778	0.155488	0.270171
8uw7	seed_958682846	0.0093306370268632	18.1198195563222	0.0		0.167235	0.627974	79.539558	0.913458	0.167235	0.273054
8uw9	seed_1181241943	0.0078981895299308	17.340564788220686	0.0		0.186055	0.616379	78.557983	1.010259	0.186055	0.286092
8uw9	seed_1812140441	0.0076913594595377	18.34983471095233	0.0		0.484594	0.720649	81.046944	0.846557	0.484594	0.546775
8uw9	seed_2746317213	0.0074951792347388	18.278095970798173	0.0		0.372835	0.690053	79.947685	0.899349	0.372835	0.450251
8uw9	seed_3163119785	0.0074706022223375	18.53691910193457	0.0		0.787252	0.750944	81.468727	0.760636	0.787252	0.793962
8uw9	seed_958682846	0.0076429351256849	17.182682705588714	0.0		0.126249	0.594436	77.982468	1.084004	0.126249	0.235854
8v13	seed_1181241943	0.0672931658649517	9.724172648169418	0.0	0.0723903231847644	0.626478	0.667888	87.177338	0.536568	0.248485	0.64976
8v13	seed_1812140441					0.63497	0.678689	87.611549	0.551881	0.219302	0.658714
8v13	seed_2746317213	0.0667498766362938	9.834242107734264	0.0	0.0720610476896878	0.624046	0.668848	87.106941	0.534783	0.251027	0.646006
8v13	seed_3163119785	0.0609971049659584	6.423237912178117	0.0303030303030303	0.0971446153642787	0.610203	0.65708	86.933624	0.564294	0.212747	0.633578
8v13	seed_958682846					0.656947	0.691974	87.725906	0.537232	0.328261	0.678953
8v52	seed_1181241943					0.792687	0.805061	91.818329	0.375293	0.655482	0.795162
8v52	seed_1812140441					0.779478	0.793633	92.00132	0.37674	0.632467	0.782309
8v52	seed_2746317213	0.6821255289115792	1.0799693378758275	0.6666666666666666	0.6775193689168063	0.795277	0.810362	92.149574	0.368766	0.669148	0.798294
8v52	seed_3163119785					0.774247	0.792657	91.739273	0.389642	0.612892	0.777929
8v52	seed_958682846					0.795723	0.807168	92.410828	0.366703	0.664916	0.798012
8v5q	seed_1181241943	0.0355460339499305	13.82787554129715	0.0	0.0371749426420729	0.570804	0.643736	80.366158	0.865927	0.146116	0.58539
8v5q	seed_1812140441	0.0242537225482547	17.319910987811173	0.0	0.0439265602302994	0.586881	0.678887	80.576675	0.846017	0.145553	0.605282
8v5q	seed_2746317213	0.0430382864951759	13.744774647118454	0.0	0.0443856625232571	0.573286	0.648907	80.305038	0.823212	0.144772	0.58841
8v5q	seed_3163119785	0.0343075749453965	12.840312522688144	0.0	0.0397496240268986	0.573053	0.647284	80.446121	0.825243	0.148047	0.587899
8v5q	seed_958682846	0.0254280422534441	15.546272520227287	0.0	0.0276217201635551	0.564509	0.643653	80.017899	0.825628	0.124809	0.580338
8vrs	seed_1181241943	0.0224763168455699	21.68592393408683	0.0389610389610389		0.12129	0.536808	85.218918	0.787657	0.12129	0.217173
8vrs	seed_1812140441					0.143825	0.529114	85.106018	0.770443	0.143825	0.232065
8vrs	seed_2746317213					0.146564	0.546898	84.900169	0.742526	0.146564	0.238611
8vrs	seed_3163119785					0.127237	0.543567	85.445808	0.756269	0.127237	0.221685
8vrs	seed_958682846					0.130594	0.558635	84.657684	0.749972	0.130594	0.22978
8vtd	seed_1181241943	0.1713881756109582	5.785870402878197	0.1842105263157894	0.2456223925244572	0.63027	0.716615	89.120117	0.572361	0.173986	0.647539
8vtd	seed_1812140441	0.0616032563946926	8.490757224087247	0.0	0.0637952810856498	0.615806	0.685786	88.401215	0.577828	0.210849	0.629802
8vtd	seed_2746317213	0.6055427993920371	0.9813218038519184	0.5789473684210527	0.5853187507875564	0.630108	0.692499	89.067619	0.531933	0.267484	0.642586
8vtd	seed_3163119785	0.0499114223625545	12.624276219132966	0.0	0.0498601039343036	0.622917	0.708176	88.780777	0.584359	0.171199	0.639969
8vtd	seed_958682846	0.0571622060334329	12.02630656355254	0.0526315789473684	0.0388591463448338	0.622454	0.707355	88.775482	0.555534	0.17483	0.639434
8vte	seed_1181241943					0.897958	0.910649	93.155907	0.398811	0.805435	0.900496
8vte	seed_1812140441					0.882458	0.898323	92.560318	0.422293	0.772251	0.885631
8vte	seed_2746317213	0.9354615929986652	0.5149293099865508	0.9302325581395348	0.9537471737885698	0.883748	0.89967	92.604935	0.427517	0.774577	0.886932
8vte	seed_3163119785					0.8987	0.911518	92.892349	0.393283	0.814826	0.901263
8vte	seed_958682846					0.886799	0.904046	92.699371	0.412288	0.770709	0.890249
8vui	seed_1181241943	0.0430265821588772	10.54388568447192	0.0454545454545454	0.0288142536248135	0.541637	0.63342	87.109222	0.653243	0.202311	0.559994
8vui	seed_1812140441	0.0427108015920854	10.495022699888985	0.0454545454545454	0.0283908598438518	0.608508	0.685681	88.673721	0.554099	0.307218	0.623943
8vui	seed_2746317213	0.0374524005921952	12.81498914192241	0.0454545454545454	0.0253662025482775	0.715979	0.751522	89.918335	0.456824	0.549949	0.723088
8vui	seed_3163119785	0.0353232893456008	13.022578522115005	0.0	0.0378635012627947	0.525707	0.624762	87.092262	0.670326	0.166309	0.545518
8vui	seed_958682846	0.0393836040484278	11.951570953536052	0.0454545454545454	0.0263318307442277	0.636974	0.70279	88.904839	0.538466	0.381308	0.650137
8vvl	seed_1181241943	0.5743012667323129	2.397633246555444	0.6190476190476191	0.8423634552030864	0.751092	0.801435	89.66468	0.437575	0.602	0.761161
8vvl	seed_1812140441	0.6166354780233952	2.5120357482148696	0.6190476190476191	0.880019115153584	0.772352	0.816361	89.997803	0.426612	0.640003	0.781154
8vvl	seed_2746317213	0.5394201968015548	2.6343134876659886	0.6190476190476191	0.7848523031813942	0.743892	0.791758	89.55722	0.437375	0.605317	0.753465
8vvl	seed_3163119785	0.597431119049794	2.2876029734622003	0.6190476190476191	0.8319046146323633	0.73743	0.785561	89.360321	0.446874	0.595212	0.747056
8w0w	seed_1181241943	0.6083377162882918	1.5650525500573995	0.6451612903225806	0.673792950161003	0.676201	0.749402	88.093346	0.591772	0.508592	0.690841
8w0w	seed_1812140441	0.8801615961980924	0.8519705365815727	0.9516129032258064	0.9222872468734452	0.623802	0.714153	87.366478	0.647608	0.41244	0.641872
8w0w	seed_2746317213	0.6440940232869723	1.4097101188890082	0.6774193548387096	0.6910522832762078	0.629778	0.721873	87.986	0.615276	0.420765	0.648197
8w0w	seed_3163119785	0.549314779327666	1.0699920164075822	0.7419354838709677	0.7169499270253149	0.633376	0.681356	87.544724	0.617205	0.498793	0.642972
8w90	seed_1181241943	0.0112911324459121	17.60223689853755	0.0		0.11306	0.587925	84.195465	0.76356	0.11306	0.208033
8w90	seed_1812140441	0.0123759614012047	17.020385084635315	0.0		0.105881	0.58354	84.343018	0.815538	0.105881	0.201413
8w90	seed_2746317213					0.097762	0.586193	84.045189	0.806161	0.097762	0.195448
8w90	seed_3163119785	0.0106427024032745	16.316848205515736	0.0		0.120466	0.593359	84.379547	0.767703	0.120466	0.215045
8weo	seed_1181241943					0.864737	0.888394	92.015312	0.339507	0.864737	0.869468
8weo	seed_1812140441					0.92744	0.899984	92.289452	0.327251	0.92744	0.921949
8weo	seed_3163119785					0.924794	0.907726	92.56282	0.324144	0.924794	0.921381
8weo	seed_958682846					0.91448	0.901002	92.458946	0.32675	0.91448	0.911785
8x0t	seed_1181241943	0.0940781756748128	6.725386133882437	0.1538461538461538	0.0732625412283874	0.578835	0.655426	86.103477	0.566418	0.200002	0.594154
8x0t	seed_1812140441	0.050653482137046	8.498521161606131	0.0384615384615384	0.0720265167152757	0.717831	0.749321	87.927971	0.466802	0.438203	0.724129
8x0t	seed_3163119785	0.0408673942141411	8.660907508136404	0.0	0.0757027396354631	0.7119	0.740955	87.565979	0.475841	0.42616	0.717711
8x0t	seed_958682846	0.3080064586080723	2.6897564480212095	0.5384615384615384	0.0683545452992028	0.65535	0.672761	87.495804	0.490353	0.49132	0.658832
8x0y	seed_1181241943					0.627666	0.692149	89.720795	0.562724	0.356939	0.640562
8x0y	seed_1812140441					0.783053	0.805139	91.465248	0.456274	0.638363	0.78747
8x0y	seed_2746317213					0.785389	0.800971	91.537041	0.447314	0.6566	0.788505
8x0y	seed_3163119785					0.805915	0.815904	91.656662	0.42563	0.702427	0.807913
8x0y	seed_958682846					0.666546	0.720102	90.096123	0.543191	0.414925	0.677257
8xk6	seed_1181241943	0.7506708258984637	0.8836445161513046	0.7441860465116279	0.8794681804164074	0.590234	0.7281	89.332314	0.546254	0.428474	0.617807
8xk6	seed_2746317213	0.5597294069913745	1.4276225501644495	0.4883720930232558	0.7824883467052913	0.566123	0.705169	86.997498	0.673119	0.412678	0.593932
8xk6	seed_3163119785	0.7801133675454315	0.7518563374619244	0.7441860465116279	0.9001894988571876	0.438872	0.636322	87.482391	0.682078	0.23037	0.478362
8xk6	seed_958682846	0.6550322623099566	1.1287342659156718	0.7209302325581395	0.8470851940251167	0.432582	0.620547	86.765625	0.7122	0.219722	0.470175
8y9t	seed_1181241943	0.855848488122449	0.7653104067321665	0.8214285714285714		0.931473	0.845426	83.451393	0.681004	0.931473	0.914264
8y9t	seed_2746317213	0.7903265073311694	0.8349224570181029	0.8392857142857143		0.936692	0.842379	82.973137	0.668668	0.936692	0.91783
8y9t	seed_3163119785	0.7281571063745087	0.9970532854239292	0.75		0.922852	0.84472	83.04142	0.669887	0.922852	0.907226
8y9t	seed_958682846	0.7684076548098085	0.8482053109906518	0.8214285714285714		0.933338	0.839513	82.793228	0.694007	0.933338	0.914573
8ybl	seed_1181241943	0.6843646074025207	1.5372939498104827	0.6842105263157895		0.588539	0.826523	89.78302	0.475714	0.588539	0.636136
8ybl	seed_1812140441	0.4149913543412966	2.9254405850014624	0.4473684210526316		0.240742	0.702845	86.497406	0.662223	0.240742	0.333162
8ybl	seed_2746317213	0.5878070517575318	1.816528753709499	0.5789473684210527		0.290477	0.721739	86.986649	0.637635	0.290477	0.376729
8ybl	seed_3163119785	0.6562963046355433	1.6891156284204007	0.631578947368421		0.444257	0.774037	88.668213	0.573806	0.444257	0.510213
8ybl	seed_958682846	0.7102569102741629	1.403115085716876	0.6842105263157895		0.480985	0.790201	88.261917	0.532215	0.480985	0.542828
8ybm	seed_1812140441	0.0928718562118212	10.132195740139109	0.1129032258064516		0.107173	0.644256	85.233704	0.725048	0.107173	0.21459
8ybm	seed_2746317213	0.0064329681979597	18.99246786333048	0.0		0.09032	0.639136	85.140495	0.710001	0.09032	0.200083
8ybm	seed_3163119785	0.0057313318769445	22.105241687650565	0.0		0.089655	0.640189	85.353943	0.698419	0.089655	0.199762
8ybm	seed_958682846	0.0165306979847053	12.795793682834566	0.0		0.095701	0.636426	84.81678	0.725216	0.095701	0.203846
8ybn	seed_1812140441	0.1957707255646558	3.595195012337386	0.2195121951219512		0.113332	0.653461	86.302696	0.616364	0.113332	0.221358
8ybn	seed_2746317213	0.4314614514800635	3.327605313972356	0.5365853658536586		0.114949	0.656227	85.113586	0.703841	0.114949	0.223205
8ybn	seed_3163119785	0.1271283371077764	8.143624254598734	0.2195121951219512		0.313861	0.728453	87.589287	0.599471	0.313861	0.396779
8ybn	seed_958682846	0.0573849502950649	9.465217982250962	0.048780487804878		0.156124	0.670074	86.906883	0.630243	0.156124	0.258914
8ybo	seed_1812140441					0.75717	0.873515	92.552345	0.434541	0.75717	0.780439
8ybo	seed_2746317213					0.728205	0.861471	92.156242	0.458043	0.728205	0.754858
8ybo	seed_3163119785					0.704636	0.854852	92.037743	0.480637	0.704636	0.734679
8ybo	seed_958682846					0.710122	0.85822	92.154762	0.46945	0.710122	0.739742
8ybp	seed_1812140441	0.6539436245119813	2.710715992657456	0.7674418604651163		0.893671	0.929173	92.837463	0.340277	0.893671	0.900771
8ybp	seed_2746317213	0.6674280642339546	2.8948142514565594	0.813953488372093		0.88447	0.924004	92.538086	0.347737	0.88447	0.892377
8ybp	seed_3163119785	0.6828289094115011	2.5386483946255107	0.813953488372093		0.871588	0.919521	92.416733	0.351778	0.871588	0.881175
8ybp	seed_958682846	0.6657116088762186	3.1506820202150068	0.8372093023255814		0.877075	0.921148	92.52626	0.352683	0.877075	0.88589
8yj8	seed_1812140441	0.5367670330994159	2.5926052723075923	0.6530612244897959		0.856756	0.922203	92.367455	0.35975	0.856756	0.869845
8yj8	seed_2746317213	0.610242312327311	1.9137004005959937	0.6938775510204082		0.786778	0.896456	90.280098	0.408199	0.786778	0.808714
8yj8	seed_3163119785	0.6040453977046708	2.394024744968152	0.7755102040816326		0.869113	0.926428	92.249367	0.362642	0.869113	0.880576
8ykt	seed_1181241943	0.0345420687128376	15.981282886516452	0.0	0.0057903313530839	0.464766	0.549642	87.222488	0.571447	0.179584	0.481741
8ykt	seed_1812140441	0.0295093472561613	17.759281419218198	0.0	0.0041313893573936	0.461314	0.547579	87.266327	0.570978	0.174535	0.478567
8ykt	seed_2746317213	0.0302811585009655	14.662454921993406	0.0	0.0058109940754981	0.534111	0.605417	88.167168	0.564493	0.314055	0.548372
8ykt	seed_3163119785	0.0686629341631839	11.358103651344598	0.0	0.012181035764927	0.427293	0.517658	86.470474	0.605186	0.127014	0.445366
8ysh	seed_1181241943	0.92351799840408	0.5766546635572677	0.9152542372881356		0.885686	0.922913	91.040245	0.38638	0.885686	0.893131
8ysh	seed_1812140441	0.011840574560726	17.352181661638873	0.0		0.088787	0.632639	84.420609	0.788474	0.088787	0.197557
8ysh	seed_2746317213	0.0899356723512306	10.072391202453652	0.1694915254237288		0.151194	0.660112	85.368309	0.756847	0.151194	0.252978
8ysh	seed_3163119785	0.8020351053578018	1.0410998086090448	0.8135593220338984		0.377696	0.737564	85.832123	0.659549	0.377696	0.44967
8yub	seed_1181241943	0.1161987824398807	7.072868306461694	0.2558139534883721	0.0187015283429369	0.479574	0.57758	86.397423	0.652894	0.137143	0.499175
8yub	seed_1812140441	0.0495406821743444	12.966587702864556	0.0697674418604651	0.0278010512879152	0.456506	0.540985	84.687195	0.708523	0.167959	0.473401
8yub	seed_2746317213	0.0339929889540588	16.1315204121312	0.0	0.0400188349457943	0.455409	0.539988	85.647987	0.65413	0.144133	0.472324
8yub	seed_3163119785	0.0212316426295709	16.51982729748933	0.0	0.0226696874422777	0.446621	0.525372	85.303123	0.684915	0.128114	0.462371
8yvj	seed_1181241943	0.0280757921488415	13.115235393010012	0.0188679245283018		0.705149	0.779632	89.001312	0.531015	0.705149	0.724094
8yvj	seed_1812140441	0.0204474864457426	13.044260187245726	0.0		0.730191	0.790045	88.926353	0.500407	0.730191	0.742162
8yvj	seed_2746317213	0.0204997950615935	13.226340788092362	0.0		0.730353	0.792839	88.914787	0.500861	0.730353	0.74285
8yvj	seed_3163119785	0.0282274207129266	13.05787590783554	0.0188679245283018		0.729987	0.795422	89.139328	0.509314	0.729987	0.743074
8yvo	seed_1181241943	0.0467805575884688	12.426116029609414	0.0		0.293278	0.716565	86.018707	0.5874	0.293278	0.380487
8yvo	seed_1812140441	0.0356346829488449	11.441123522883975	0.0		0.120176	0.659969	85.282799	0.621778	0.120176	0.233236
8yvo	seed_2746317213					0.176784	0.674603	85.136543	0.637246	0.176784	0.28145
8yvo	seed_3163119785	0.0648653860854571	10.529782217374418	0.0		0.211119	0.686415	85.063705	0.637565	0.211119	0.31128
8yvo	seed_958682846					0.12629	0.660093	84.142807	0.665356	0.12629	0.233051
8yxi	seed_1812140441	0.004874745885906	17.632353477257638	0.0	0.0052184847492331	0.449539	0.575776	88.667503	0.55776	0.131688	0.474787
8yxi	seed_2746317213	0.0081117347144286	14.50146613481277	0.0	0.0071018044173641	0.4512	0.575434	88.510094	0.578114	0.130465	0.476047
8yxi	seed_3163119785	0.0093282469515832	13.708790172670628	0.0	0.0049971474690121	0.445503	0.568418	88.633018	0.568716	0.127223	0.470086
8yxi	seed_958682846	0.0072261544517193	14.524551524794507	0.0	0.008271100761521	0.450463	0.575199	88.474808	0.559462	0.131007	0.47541
8yyz	seed_1812140441	0.031845730053574	12.992997851306775	0.0333333333333333	0.0692744971462043	0.631911	0.738111	90.399323	0.485871	0.190342	0.653151
8yyz	seed_2746317213	0.0615118477463295	11.607314641772334	0.1	0.0259852615141494	0.648357	0.746694	90.510902	0.471576	0.241577	0.668025
8yyz	seed_3163119785	0.0988237276235793	11.523091194060402	0.2	0.0298513674465532	0.654786	0.752909	90.434303	0.476377	0.252284	0.674411
8yyz	seed_958682846	0.5449288825649595	2.227120448094604	0.6333333333333333	0.4011636947242316	0.637563	0.742943	90.34613	0.482536	0.222203	0.658639
8z2e	seed_1812140441	0.8365806791032749	0.7624440084653727	0.9230769230769232		0.884773	0.905893	92.871674	0.350902	0.884773	0.888997
8z2e	seed_2746317213	0.7912321042014744	0.865927742334449	0.903846153846154		0.890583	0.908196	92.819504	0.35198	0.890583	0.894105
8z2e	seed_3163119785	0.8102232106825779	0.8288216510380961	0.9230769230769232		0.898481	0.915148	93.236641	0.339817	0.898481	0.901814
8z2e	seed_958682846	0.7841216449356532	0.8778573817023159	0.9230769230769232		0.885467	0.904175	92.644142	0.357334	0.885467	0.889209
8z2v	seed_1812140441	0.1068332302808376	6.047215319731973	0.1	0.0819916306561033	0.656531	0.751525	90.36689	0.472079	0.25386	0.67553
8z2v	seed_2746317213	0.5389489687084333	1.989475542002283	0.4333333333333333	0.5031121336177661	0.627038	0.73204	90.101349	0.483281	0.199113	0.648039
8z2v	seed_3163119785	0.078602701925254	11.386681545879004	0.1333333333333333	0.0317041990425915	0.645796	0.745179	90.144646	0.47936	0.233941	0.665673
8z2v	seed_958682846	0.0987124549173976	11.357095176844544	0.2	0.0299559446131777	0.647325	0.745392	90.159454	0.475426	0.249245	0.666938
8z39	seed_1812140441	0.1250791578468643	10.853963535322883	0.2857142857142857	0.0261493242686477	0.636711	0.73287	89.925301	0.496914	0.250717	0.655943
8z39	seed_2746317213	0.1473922862449216	11.040622903365946	0.3428571428571428	0.0301365604683833	0.661107	0.7505	89.976303	0.474036	0.299772	0.678985
8z39	seed_3163119785	0.5487010181278427	1.7622308556140909	0.6571428571428571	0.3787106835150185	0.628239	0.728029	89.920082	0.479165	0.227111	0.648197
8z39	seed_958682846	0.1170179940931921	11.154956216910758	0.2571428571428571	0.0285387587950224	0.644379	0.740476	90.052055	0.469965	0.257387	0.663598
8z3a	seed_1181241943	0.7240364365033808	1.2299620119971455	0.7878787878787878	0.597355719332349	0.625887	0.734871	89.91993	0.486576	0.184928	0.647684
8z3a	seed_1812140441	0.1431090578196538	11.253148002417513	0.3333333333333333	0.0298131955095959	0.68321	0.769793	90.43232	0.462904	0.317114	0.700527
8z3a	seed_2746317213	0.119348314630309	11.330135052086302	0.2727272727272727	0.0254667616653582	0.583862	0.646352	88.945763	0.497412	0.288497	0.59636
8z3a	seed_3163119785	0.0935914237236458	10.991186582192476	0.1818181818181818	0.0317642957916799	0.683795	0.764341	90.352936	0.461393	0.331457	0.699904
8z3a	seed_958682846	0.5144272698840892	2.0095285676927443	0.6666666666666666	0.4173655061678489	0.620144	0.718039	89.606743	0.49103	0.205872	0.639723
8z8v	seed_1181241943	0.0068893338061937	18.60804624031987	0.0		0.129638	0.739629	85.869026	0.706112	0.129638	0.251636
8z8v	seed_2746317213	0.0036721565386656	27.780822838894224	0.0		0.163093	0.741964	85.451126	0.749572	0.163093	0.278867
8z8v	seed_3163119785	0.006559052060804	19.44139105734	0.0		0.133226	0.733242	85.208084	0.757739	0.133226	0.25323
8z8v	seed_958682846	0.0036009947371106	28.011367825747246	0.0		0.155059	0.752545	85.901497	0.747699	0.155059	0.274556
8zca	seed_1181241943					0.588001	0.666295	88.326622	0.534856	0.205069	0.60366
8zca	seed_2746317213	0.0804048233818063	9.389454443361316	0.0	0.0801172386323416	0.592172	0.672387	88.090355	0.524817	0.190132	0.608215
8zca	seed_3163119785					0.59741	0.683129	88.25338	0.532298	0.17551	0.614554
8zca	seed_958682846					0.589264	0.66931	87.78009	0.530553	0.15832	0.605273
8zu9	seed_1181241943	0.0437425933788836	12.193180147652017	0.0344827586206896	0.1463161458820985	0.596733	0.703482	88.593575	0.574206	0.179072	0.618083
8zu9	seed_2746317213	0.113651617954863	6.086837446132526	0.1034482758620689	0.0754062145735808	0.592558	0.702357	88.831352	0.559987	0.173167	0.614518
8zu9	seed_3163119785	0.0765798039562045	10.47337817471636	0.1034482758620689	0.082159883239243	0.688055	0.769464	89.505936	0.512098	0.403367	0.704337
8zu9	seed_958682846	0.1025057979119537	10.16850689352062	0.1724137931034483	0.0853544112964132	0.642195	0.738755	88.996384	0.540108	0.303372	0.661507
9atm	seed_1181241943	0.0295131389483401	12.866994297440222	0.02	0.0238886628901267	0.463688	0.547778	87.025871	0.587191	0.13868	0.480506
9atm	seed_2746317213	0.0458693549141454	9.27204626997714	0.02	0.0289999491558836	0.486508	0.59205	87.6082	0.546481	0.142692	0.507616
9atm	seed_3163119785	0.463483106059318	2.930130953028338	0.5	0.2511982905119105	0.479676	0.578243	87.219627	0.578621	0.140569	0.499389
9atm	seed_958682846	0.3197446089110866	3.229526186042947	0.28	0.1335345371988653	0.480582	0.585779	87.206566	0.567799	0.142515	0.501621
9au1	seed_1181241943	0.026989118633542	17.22032476021819	0.0	0.0296325955057468	0.512793	0.603608	87.802231	0.535749	0.187953	0.530956
9au1	seed_2746317213	0.1098515511988688	7.411928961432653	0.1428571428571428	0.0532890072973474	0.514223	0.617995	88.020126	0.517728	0.141894	0.534977
9au1	seed_3163119785	0.0260905952088388	17.400224613146122	0.0	0.0286601297453547	0.538392	0.621386	88.284966	0.527351	0.242686	0.554991
9au1	seed_958682846	0.0264983928784215	17.152641712942007	0.0	0.0296469956648022	0.518775	0.615589	88.112724	0.550644	0.188142	0.538137
9azr	seed_1181241943	0.032816469528235	14.68547387988536	0.0	0.0120640324637548	0.522522	0.613505	87.766075	0.576358	0.218878	0.540719
9azr	seed_2746317213	0.032640016146378	14.630818792667858	0.0	0.0132176518652877	0.47929	0.561224	86.807655	0.614005	0.225549	0.495677
9azr	seed_3163119785	0.02896680422722	14.101420725918423	0.0	0.0126419721556986	0.495639	0.577317	87.02079	0.607452	0.244857	0.511974
9azr	seed_958682846	0.0387717055496754	14.279496999323548	0.0	0.012039645325075	0.500937	0.598862	87.020027	0.598668	0.201173	0.520522
9bdi	seed_1812140441	0.0241774863461187	14.00306866195226	0.0	0.0241536528872115	0.741828	0.80925	91.796425	0.371406	0.830418	0.755313
9bdi	seed_2746317213	0.0216307644052745	14.051381402593169	0.0	0.0215843908991258	0.748147	0.813718	91.814552	0.371658	0.829408	0.761261
9bdi	seed_3163119785	0.0207030706324664	14.421402982258032	0.0	0.0203269096585993	0.758053	0.8184	91.937462	0.367155	0.837979	0.770122
9bdi	seed_958682846	0.021708421663898	14.11060139305795	0.0	0.0216007351029877	0.761724	0.822794	91.961449	0.367939	0.834464	0.773938
9bt5	seed_1812140441					0.478793	0.587244	86.933136	0.665905	0.120086	0.500483
9bt5	seed_2746317213	0.0580683367030203	9.996041786105492	0.1052631578947368	0.0124600310087175	0.508989	0.607563	88.44886	0.594097	0.20204	0.528704
9bt5	seed_3163119785	0.0599987910868799	9.69452450296257	0.1052631578947368	0.0144575675224419	0.541582	0.643966	88.321968	0.589392	0.230449	0.562059
9bt5	seed_958682846	0.0583828163830187	10.073117422150066	0.1052631578947368	0.012470114261866	0.501997	0.599491	88.011681	0.60623	0.206492	0.521495
9cds	seed_1812140441					0.423183	0.537901	88.390762	0.594666	0.104939	0.446127
9cds	seed_2746317213	0.0243506132176557	9.164321944227144	0.0333333333333333	0.0195014274109236	0.51336	0.602089	88.855217	0.539596	0.251702	0.531106
9cds	seed_3163119785	0.0019741620758812	33.65262184219371	0.0	0.0018561890436711	0.505186	0.628483	89.334061	0.531022	0.159362	0.529845
9cds	seed_958682846					0.433583	0.541097	88.249878	0.548709	0.129214	0.455086
9d41	seed_1812140441	0.0548065479954854	6.068465335176159	0.0571428571428571	0.0345335172518915	0.683911	0.734483	85.909706	0.618514	0.156466	0.707264
9d41	seed_2746317213	0.0224992042689117	9.079460338745314	0.0	0.0568893380153432	0.685844	0.725045	85.349373	0.626503	0.215764	0.693684
9d41	seed_3163119785	0.0566411889879818	7.76331074780215	0.0857142857142857	0.0593842719440295	0.683202	0.727709	85.28933	0.615528	0.162684	0.692104
9d41	seed_958682846	0.0704528889418362	6.358930602750332	0.0857142857142857	0.0414875450077799	0.709221	0.757819	85.88102	0.617293	0.187613	0.724032
9dbo	seed_1181241943	0.1333094413302787	10.085564951676382	0.2307692307692307	0.0552007629583385	0.752125	0.788406	90.99247	0.415902	0.432699	0.759381
9dbo	seed_2746317213	0.129365733712149	9.427868547204303	0.2051282051282051	0.0614980953466444	0.687033	0.755014	90.136925	0.444362	0.218223	0.700629
9dbo	seed_3163119785	0.0978903218609884	11.408253288375242	0.1282051282051282	0.0515432595310793	0.623982	0.68395	89.098076	0.469305	0.227677	0.635976
9dbo	seed_958682846	0.2214822638602397	5.316868197205608	0.1538461538461538	0.3416168431725286	0.627016	0.689387	89.558853	0.450877	0.294207	0.63949
9dl0	seed_1181241943	0.8187409900587835	0.6890144626925745	0.8709677419354839	0.6746328018642457	0.69225	0.723754	89.814423	0.455963	0.414674	0.698551
9dl0	seed_2746317213	0.9165044954950888	0.6353981254654366	0.935483870967742	0.9269663403732112	0.748119	0.807088	90.379723	0.463841	0.334691	0.759913
9dl0	seed_3163119785					0.758158	0.753944	91.475273	0.387097	0.679038	0.757315
9dl0	seed_958682846					0.654945	0.695866	89.287727	0.48658	0.337924	0.663129
9dq3	seed_1812140441	0.809497913281608	0.4360542455512246	0.8571428571428571	0.5720958617613663	0.886705	0.902079	91.36338	0.431061	0.805938	0.88978
9dq3	seed_2746317213	0.6468532020414105	2.3245241211386145	0.8571428571428571	0.7891916649014853	0.876568	0.893391	90.80825	0.468819	0.781612	0.879932
9dq3	seed_3163119785	0.6097273873195652	2.4870184024824784	0.8	0.6985226255105598	0.876674	0.895079	90.988853	0.475787	0.783773	0.880355
9dq3	seed_958682846	0.6491045726017243	2.389523206141148	0.9428571428571428	0.6993199970349712	0.872767	0.890617	90.813263	0.481712	0.778467	0.876337
9dq4	seed_1181241943	0.0828569268274489	9.518572276092032	0.0	0.0905223273106327	0.674282	0.762677	88.373566	0.560135	0.217284	0.691961
9dq4	seed_2746317213	0.0674982008292551	10.430706264246204	0.0	0.0685856079212944	0.679809	0.765603	88.534592	0.534952	0.225667	0.696968
9dq4	seed_3163119785	0.0689557904468318	10.89356399218091	0.03125	0.0577334590019747	0.675885	0.762246	88.72879	0.537765	0.217268	0.693157
9dq4	seed_958682846	0.0664437423788909	10.400005320517009	0.0	0.0665085736386241	0.689294	0.772561	88.63295	0.542727	0.24624	0.705947
9dx6	seed_1181241943	0.4330013598343491	9.821755779996586	0.6285714285714286	0.3986526702123767	0.79008	0.818634	88.803841	0.512527	0.722845	0.79579
9dx6	seed_2746317213	0.6004624336590161	1.953442382065332	0.6857142857142857	0.5775038649304055	0.783105	0.81368	88.646698	0.542364	0.714831	0.78922
9dx6	seed_3163119785	0.195660628448623	14.347070688229923	0.4857142857142857	0.0309797854778212	0.488827	0.581963	86.034836	0.673384	0.492413	0.507455
9dx6	seed_958682846	0.5610688355943508	2.2951035272601934	0.6285714285714286	0.5119535718981544	0.77895	0.814874	89.035103	0.507706	0.735704	0.786135
9e7n	seed_1812140441					0.134059	0.655272	81.906837	0.825364	0.134059	0.238302
9e7n	seed_2746317213					0.155736	0.677504	83.17897	0.7663	0.155736	0.268668
9e7n	seed_3163119785					0.160553	0.661476	81.135452	0.803162	0.160553	0.260737
9e7n	seed_958682846					0.12735	0.665153	82.744171	0.809771	0.12735	0.234911
9e7o	seed_1181241943	0.0092620643966543	17.652084657727347	0.0		0.096921	0.670091	82.960548	0.833352	0.096921	0.214062
9e7o	seed_2746317213	0.0158071311020728	13.814822326509908	0.0		0.13131	0.665581	82.364326	0.843206	0.13131	0.238164
9e7o	seed_3163119785	0.0153093227857605	13.929501455239125	0.0		0.13884	0.678398	83.50753	0.856265	0.13884	0.250511
9e7o	seed_958682846	0.007757578776696	20.124280201931033	0.0		0.124673	0.670688	82.848434	0.834215	0.124673	0.233876
9eht	seed_1181241943					0.71156	0.780802	89.087738	0.529747	0.352828	0.725409
9eht	seed_2746317213					0.653282	0.743451	88.365479	0.572739	0.21916	0.671316
9eht	seed_3163119785					0.686404	0.763251	88.718903	0.54983	0.294077	0.701773
9eht	seed_958682846					0.698048	0.765376	88.71286	0.540789	0.338649	0.711514
9en2	seed_1181241943	0.0225872037863057	13.53323122769735	0.0163934426229508		0.181274	0.425171	82.024704	0.84025	0.181274	0.230053
9en2	seed_2746317213	0.0185147850684305	13.425086913613493	0.0		0.155944	0.433199	81.709198	0.879154	0.155944	0.211395
9en2	seed_3163119785	0.0350011955004218	15.828259717506546	0.0491803278688524		0.10733	0.436372	82.096382	0.845135	0.10733	0.173138
9en2	seed_958682846	0.0786878407855415	11.787476221039393	0.0163934426229508		0.159793	0.432604	81.400459	0.908561	0.159793	0.214355
9ena	seed_1812140441	0.0063591764155702	22.623021032437823	0.0		0.106224	0.788892	88.912994	0.647757	0.106224	0.242757
9ena	seed_2746317213	0.007437776524784	19.8802508571853	0.0		0.203108	0.810153	89.034729	0.636669	0.203108	0.324517
9ena	seed_3163119785	0.0090272088482035	17.76227050780979	0.0		0.131489	0.79129	88.695023	0.612663	0.131489	0.263449
9ena	seed_958682846	0.0094162139943621	17.227991195803355	0.0		0.127913	0.790834	88.909523	0.597042	0.127913	0.260497
9erw	seed_1181241943	0.0073980966256266	16.660945632676437	0.0		0.099069	0.603157	81.019333	0.847033	0.099069	0.199887
9erw	seed_1812140441	0.0075346015293327	16.289912628577575	0.0		0.109256	0.605411	80.953568	0.890194	0.109256	0.208487
9erw	seed_2746317213	0.6005893980550461	2.241738324327258	0.7297297297297297		0.232202	0.657755	81.848305	0.784181	0.232202	0.317313
9erw	seed_3163119785	0.0112018472105968	12.5851828709487	0.0		0.139706	0.619906	80.860893	0.88181	0.139706	0.235746
9erw	seed_958682846	0.4728007423382657	2.9051000570021173	0.6486486486486487		0.151972	0.632149	81.532623	0.807719	0.151972	0.248007
9etl	seed_1181241943	0.0847727981939585	13.466847645767844	0.1538461538461538		0.294832	0.696984	84.022682	0.729687	0.294832	0.375262
9etl	seed_1812140441	0.0727757357636636	13.8671584506738	0.123076923076923		0.332047	0.709284	84.645538	0.688357	0.332047	0.407494
9etl	seed_3163119785	0.4490369309511721	2.765930135959414	0.5076923076923077		0.165504	0.644875	82.834465	0.804063	0.165504	0.261378
9etl	seed_958682846	0.0912726757024543	14.386016781623251	0.1692307692307692		0.173619	0.647716	82.96817	0.813227	0.173619	0.268439
9eze	seed_1181241943	0.550223070452956	1.7426186195123674	0.75	0.63437209407145	0.764083	0.796943	91.415565	0.464455	0.601634	0.770655
9eze	seed_1812140441	0.6779177269364993	1.65671814422878	0.7727272727272727	0.7628859435951832	0.750311	0.785513	91.397064	0.471935	0.612309	0.757351
9eze	seed_3163119785	0.6845731955966444	1.6423330715036168	0.7727272727272727	0.8233772695663406	0.763364	0.789122	91.495758	0.453929	0.655733	0.768516
9eze	seed_958682846					0.775084	0.793968	91.634689	0.427702	0.697322	0.778861
9ezh	seed_1181241943	0.7741350921898581	1.1314607639530472	0.8431372549019608		0.735269	0.808545	85.82048	0.686285	0.735269	0.749924
9ezh	seed_1812140441	0.8066397865611167	1.07952826630948	0.8627450980392157		0.741004	0.82664	86.085045	0.629349	0.741004	0.758131
9ezh	seed_3163119785	0.4847671350684066	1.8993421787758051	0.5294117647058824		0.324631	0.621959	81.205849	0.925469	0.324631	0.384096
9ezh	seed_958682846	0.5633295767563298	1.6096045074268324	0.6470588235294118		0.46633	0.698363	83.367172	0.779036	0.46633	0.512737
9ezi	seed_1181241943	0.7860268703844152	1.1983931470579925	0.8541666666666666		0.444657	0.692202	83.422806	0.8083	0.444657	0.494166
9ezi	seed_1812140441	0.7194479904519063	1.2590865220153908	0.7083333333333334		0.528751	0.733067	84.040253	0.789422	0.528751	0.569615
9ezi	seed_2746317213	0.5640203757802947	1.7048105694608773	0.5833333333333334		0.357892	0.638739	81.426651	0.906954	0.357892	0.414062
9ezi	seed_3163119785	0.6351961993883802	1.560174714450688	0.7083333333333334		0.449278	0.693726	82.586426	0.778741	0.449278	0.498168
9ezi	seed_958682846	0.7353128149533559	1.140084025343823	0.7291666666666666		0.540832	0.741284	83.992638	0.733103	0.540832	0.580922
9ezu	seed_1181241943	0.5320223207863854	1.8060285963067095	0.5192307692307693		0.668861	0.806257	89.16964	0.434482	0.668861	0.69634
9ezu	seed_1812140441	0.4943713623354633	2.011526616505085	0.5		0.685896	0.81662	89.353195	0.430912	0.685896	0.712041
9ezu	seed_3163119785	0.5301839260955808	1.7795120918780385	0.5192307692307693		0.477508	0.716203	87.716003	0.517734	0.477508	0.525247
9ezu	seed_958682846	0.5098815198010597	2.0069665410756947	0.5192307692307693		0.696592	0.822027	89.783852	0.4142	0.696592	0.721679
9ezv	seed_1181241943	0.5178142284181271	1.856759039889873	0.5686274509803921		0.336557	0.64806	86.981247	0.594497	0.336557	0.398857
9ezv	seed_1812140441	0.5008660594878377	1.9299763129478624	0.5686274509803921		0.34232	0.649658	86.873138	0.594548	0.34232	0.403787
9ezv	seed_3163119785	0.0456417178359336	8.495130466068776	0.0		0.139823	0.547628	84.310432	0.660587	0.139823	0.221384
9ezv	seed_958682846	0.3918222008595975	2.2907416687041224	0.4509803921568627		0.328585	0.646661	86.951157	0.587909	0.328585	0.3922
9ezw	seed_1181241943					0.886385	0.90507	92.191399	0.34486	0.886385	0.890122
9ezw	seed_1812140441					0.882724	0.90123	92.057915	0.350064	0.882724	0.886425
9ezw	seed_2746317213					0.881429	0.902792	92.258705	0.345669	0.881429	0.885701
9ezw	seed_3163119785					0.852007	0.888625	91.863876	0.359387	0.852007	0.859331
9ezw	seed_958682846					0.868262	0.896302	92.006714	0.349223	0.868262	0.87387
9f91	seed_1181241943					0.69952	0.740514	88.637711	0.497854	0.400838	0.707719
9f91	seed_1812140441					0.803347	0.809271	92.078979	0.35305	0.781736	0.804532
9f91	seed_3163119785	0.1716034922156334	6.651574440341204	0.32	0.0757940460452092	0.744479	0.774364	89.347351	0.473134	0.47901	0.750456
9f91	seed_958682846	0.1613247663901568	5.618534738323098	0.28	0.0716667745253006	0.726439	0.762196	89.097969	0.477619	0.44278	0.73359
9fc2	seed_1181241943	0.0155011814193521	17.23255857213692	0.0		0.089731	0.612817	83.34951	0.826298	0.089731	0.194348
9fc2	seed_1812140441	0.0337418117149877	11.78930680707392	0.0129870129870129		0.099079	0.617219	83.61998	0.85421	0.099079	0.202707
9fc2	seed_3163119785	0.0450451208669924	10.338751484716688	0.0		0.209553	0.659184	84.085899	0.834114	0.209553	0.299479
9fc2	seed_958682846	0.0088577661288562	18.89817138772343	0.0		0.15392	0.6372	83.56839	0.888567	0.15392	0.250576
9fik	seed_1181241943	0.1205069222930296	4.913635155932126	0.2	0.0378331901956272	0.581011	0.650063	87.525742	0.591244	0.179889	0.594822
9fik	seed_1812140441	0.0212612537597809	10.222882925870332	0.0	0.0145160360358988	0.590929	0.649798	87.721519	0.586625	0.261479	0.602703
9fik	seed_3163119785	0.0206496980493964	9.221635749463006	0.0	0.0133919246619028	0.604058	0.663527	87.531296	0.584921	0.250433	0.615952
9fik	seed_958682846	0.1570397609782632	4.697116378925073	0.2	0.0596575510462983	0.561548	0.632728	87.147575	0.606555	0.169219	0.575784
9fvb	seed_1181241943					0.123764	0.680322	88.305161	0.613583	0.123764	0.235076
9fvb	seed_1812140441					0.179384	0.696503	88.864326	0.573761	0.179384	0.282808
9fvb	seed_2746317213					0.116273	0.679858	88.442139	0.605701	0.116273	0.22899
9fvb	seed_958682846	0.2631971362618943	4.63159076425103	0.3157894736842105		0.13619	0.68407	88.404877	0.576847	0.13619	0.245766
9fww	seed_1181241943	0.0957022907870393	7.336911557010363	0.0784313725490196		0.171002	0.56331	82.387863	0.739677	0.171002	0.249464
9fww	seed_1812140441	0.0558253156888932	8.860084783435134	0.0		0.148326	0.557057	82.212395	0.757098	0.148326	0.230072
9fww	seed_3163119785	0.1035949266180464	7.033602922638002	0.0588235294117647		0.186022	0.571249	82.782471	0.735909	0.186022	0.263067
9fww	seed_958682846	0.1390128891659595	7.721096846657576	0.1372549019607843		0.158794	0.557665	81.893303	0.731529	0.158794	0.238568
9fys	seed_1181241943	0.3835881524455005	4.338034319119634	0.6666666666666666	0.2277390786063017	0.766259	0.838255	88.341957	0.453172	0.798872	0.780658
9fys	seed_1812140441					0.667865	0.772963	84.767426	0.609025	0.411698	0.688885
9fys	seed_2746317213					0.643417	0.75504	82.412453	0.752617	0.162656	0.665742
9fys	seed_958682846					0.697071	0.788564	83.465393	0.715537	0.288708	0.71537
9fyt	seed_1181241943					0.686448	0.779833	81.927734	0.71768	0.278627	0.711454
9fyt	seed_1812140441					0.67238	0.773952	81.896767	0.729474	0.248553	0.699023
9fyt	seed_2746317213	0.4322067666674976	3.725137440831741	0.5846153846153846	0.3952166319765944	0.671902	0.773972	85.910797	0.526526	0.804755	0.692316
9fyt	seed_958682846	0.1992985924678511	5.7449823130575215	0.1384615384615384	0.381901291388255	0.638427	0.748118	80.657921	0.759746	0.179495	0.660366
9fzc	seed_1181241943					0.311118	0.627225	82.68145	0.880292	0.311118	0.37434
9fzc	seed_1812140441					0.315309	0.63419	82.760094	0.821192	0.315309	0.379085
9fzc	seed_2746317213					0.308603	0.627323	83.065292	0.828797	0.308603	0.372347
9fzc	seed_958682846					0.246066	0.607118	82.398026	0.843564	0.246066	0.318276
9fzd	seed_1181241943	0.4370254252187509	2.948309356346436	0.4489795918367347		0.294274	0.648932	85.17598	0.629652	0.294274	0.365206
9fzd	seed_1812140441	0.5718296298295918	2.3444464081071046	0.7551020408163265		0.42867	0.70775	86.38414	0.586204	0.42867	0.484486
9fzd	seed_3163119785	0.5222838860576386	2.3523602391258556	0.5102040816326531		0.218255	0.607273	84.824509	0.710301	0.218255	0.296058
9fzd	seed_958682846	0.4346955553991358	2.556064288912854	0.4489795918367347		0.334444	0.652902	84.715218	0.65518	0.334444	0.398136
9g2a	seed_1181241943					0.198211	0.57983	83.885765	0.779498	0.198211	0.274535
9g2a	seed_2746317213					0.252485	0.601423	84.634071	0.691373	0.252485	0.322273
9g2a	seed_3163119785					0.249174	0.60205	84.195045	0.713822	0.249174	0.319749
9g2a	seed_958682846	0.0817645176765112	11.547284219309304	0.09375		0.242714	0.593366	84.046303	0.703181	0.242714	0.312844
9g2g	seed_1181241943					0.178816	0.558426	82.408371	0.771937	0.178816	0.254738
9g2g	seed_1812140441					0.253454	0.590306	83.771873	0.704998	0.253454	0.320825
9g2g	seed_3163119785					0.206256	0.56929	83.382942	0.736825	0.206256	0.278862
9g2g	seed_958682846					0.226347	0.577734	83.162125	0.759248	0.226347	0.296624
9g48	seed_1181241943					0.132246	0.534474	81.100578	0.828937	0.132246	0.212691
9g48	seed_1812140441					0.124974	0.529628	81.018311	0.846593	0.124974	0.205905
9g48	seed_3163119785	0.1497291957432223	8.2704297470929	0.2413793103448276		0.114035	0.521979	80.091049	0.855277	0.114035	0.195623
9g48	seed_958682846					0.132826	0.528456	80.534233	0.834808	0.132826	0.211952
9g5l	seed_1181241943	0.0322297433567417	11.759242389114474	0.0		0.094526	0.508987	78.658417	0.887719	0.094526	0.177418
9g5l	seed_1812140441	0.0977005201913114	9.621181491190155	0.125		0.128974	0.52439	78.789177	0.84899	0.128974	0.208057
9g5l	seed_3163119785	0.0646663994552521	12.760530868086407	0.0416666666666666		0.108649	0.516392	78.434044	0.884509	0.108649	0.190197
9g5l	seed_958682846	0.1104315057935693	9.148551113538256	0.2083333333333333		0.087592	0.503487	78.544228	0.891712	0.087592	0.170771
9g7k	seed_1181241943					0.219854	0.592258	84.217186	0.684887	0.219854	0.294335
9g7k	seed_1812140441					0.162859	0.568221	83.432632	0.699675	0.162859	0.243931
9g7k	seed_3163119785					0.187634	0.577825	83.693092	0.721224	0.187634	0.265672
9g7k	seed_958682846					0.24258	0.603593	84.564034	0.672548	0.24258	0.314783
9g97	seed_1181241943	0.4703859778627764	1.4905024218545329	0.7321428571428571		0.628076	0.777255	81.998909	0.591211	0.628076	0.657911
9g97	seed_1812140441	0.6758915826011035	0.4703544116434863	0.875		0.723942	0.807552	83.003418	0.549167	0.723942	0.740664
9g97	seed_3163119785	0.7047245430480773	0.4119378419126512	0.875		0.738615	0.799032	82.373581	0.574162	0.738615	0.750698
9g97	seed_958682846	0.6747878298255028	0.4958192052382483	0.8571428571428571		0.743872	0.809999	82.86692	0.548963	0.743872	0.757098
9ggp	seed_1181241943	0.0052785935843798	20.85978070340909	0.0	0.0037999210536398	0.562836	0.659785	88.508804	0.524933	0.354945	0.582226
9ggp	seed_1812140441	0.0071127331557132	18.169210872285863	0.0	0.004886517160424	0.583495	0.674753	88.589149	0.535219	0.331714	0.601747
9ggp	seed_3163119785	0.0036303785993129	22.42726802025322	0.0	0.0035967795374184	0.468438	0.588537	87.581688	0.613847	0.158719	0.492458
9ggp	seed_958682846	0.0070666202199159	18.197937864383977	0.0	0.0047369156948576	0.544834	0.645569	87.891647	0.551386	0.281162	0.564981
9ghi	seed_1181241943	0.747564192788119	0.4629810580197389	0.9565217391304348	0.7709682305365425	0.753459	0.801899	88.288719	0.489031	0.565322	0.777478
9ghi	seed_1812140441	0.7658229090013683	0.4843836262697648	1.0	0.7768221862942216	0.745439	0.794127	88.081566	0.504375	0.554227	0.764731
9ghi	seed_3163119785	0.7698297857103816	0.4709310791865712	1.0	0.7741838711856893	0.760839	0.806147	88.396278	0.483502	0.585646	0.783436
9ghi	seed_958682846	0.726850541948151	0.487919821212907	1.0	0.698395198182134	0.764645	0.809016	88.3284	0.483949	0.593663	0.783073
9ghj	seed_1181241943	0.0327738170622606	14.362991757519133	0.0	0.0586329305350902	0.533849	0.630889	84.296043	0.764313	0.171348	0.569491
9ghj	seed_1812140441	0.1235317674848905	5.029485260272494	0.064516129032258	0.1068432947201145	0.558268	0.662217	85.192688	0.703303	0.172564	0.59448
9ghj	seed_2746317213	0.1880908360778718	3.8310833625107024	0.2258064516129032	0.1210488851752292	0.556142	0.65985	85.103745	0.71954	0.178822	0.592306
9ghj	seed_958682846	0.0753799621142167	9.666018018200417	0.0	0.0722826517466883	0.557443	0.660563	85.213921	0.761944	0.172931	0.593489
9glz	seed_1181241943					0.137835	0.582755	80.172813	0.789886	0.137835	0.226819
9glz	seed_1812140441					0.09779	0.566943	79.833466	0.804058	0.09779	0.191621
9glz	seed_3163119785					0.138021	0.565775	79.836609	0.864195	0.138021	0.223572
9glz	seed_958682846	0.0193378588712562	10.163652741189384	0.0		0.446095	0.711983	83.152565	0.749072	0.446095	0.499273
9gox	seed_1181241943	0.0050638837521297	18.041347745999836	0.0	0.0081211573427587	0.691966	0.758104	90.326241	0.468867	0.49964	0.705193
9gox	seed_1812140441	0.0050168391610366	17.93281692296928	0.0	0.0081212539710292	0.745859	0.796564	90.802193	0.441596	0.591364	0.756
9gox	seed_2746317213	0.0050920893660802	17.82657823889528	0.0	0.0083292852692109	0.723422	0.781913	90.605125	0.455072	0.548731	0.735121
9gox	seed_958682846	0.0050422597257079	17.935189652229656	0.0	0.0082533749536147	0.745361	0.793475	90.818222	0.436907	0.594966	0.754984
9gv3	seed_1181241943					0.185593	0.725215	87.915543	0.591804	0.185593	0.306518
9gv3	seed_1812140441					0.182587	0.72662	87.990822	0.551319	0.182587	0.303394
9gv3	seed_2746317213					0.186864	0.725489	87.469017	0.558885	0.186864	0.306589
9gv3	seed_3163119785					0.449331	0.799797	89.240738	0.549198	0.449331	0.532424
9gv3	seed_958682846					0.242384	0.741439	87.913841	0.593734	0.242384	0.349195
9gvl	seed_1181241943	0.1703223877673893	21.345353327901517	0.484375		0.324005	0.531746	82.281036	0.966929	0.324005	0.365553
9gvl	seed_1812140441	0.1856551094286094	21.439349735378936	0.53125		0.339013	0.531506	81.86618	1.161904	0.339013	0.377512
9gvl	seed_2746317213	0.1766932691407499	21.227141431623217	0.5		0.318246	0.539463	81.41227	0.966949	0.318246	0.36249
9gvl	seed_3163119785	0.1866632946490637	21.343843595828854	0.53125		0.420576	0.567599	83.414803	0.878997	0.420576	0.44998
9gvl	seed_958682846	0.1845863579818181	22.16933850371861	0.53125		0.335613	0.52942	82.259544	1.05652	0.335613	0.374375
9gvn	seed_1181241943					0.871136	0.890636	92.602623	0.395734	0.737235	0.88781
9gvn	seed_1812140441					0.67063	0.768937	89.046425	0.565299	0.159609	0.708539
9gvn	seed_3163119785					0.8826	0.898273	92.923203	0.371392	0.771804	0.898508
9gvn	seed_958682846					0.661626	0.761579	89.164726	0.522234	0.133723	0.695303
9gvo	seed_1181241943	0.00733797064979	25.1610547359632	0.0		0.096768	0.400373	80.163101	1.089179	0.096768	0.157489
9gvo	seed_1812140441	0.0364333829966339	17.389928414538804	0.0		0.126388	0.404662	80.248245	1.036652	0.126388	0.182043
9gvo	seed_3163119785	0.0310710565843166	15.900493326707522	0.0		0.09776	0.448803	81.592613	1.110363	0.09776	0.167969
9gvo	seed_958682846	0.0139716548810486	19.42739296203009	0.0		0.135323	0.418367	80.465698	1.083823	0.135323	0.191932
9h1f	seed_1181241943	0.8676271931153203	0.8629977468219351	0.8809523809523809		0.285434	0.659591	83.729607	0.724024	0.285434	0.360265
9h1f	seed_1812140441	0.1189151128293726	11.46119359735219	0.2142857142857142		0.144037	0.607234	83.085464	0.718032	0.144037	0.236676
9h1f	seed_2746317213	0.7953629562262621	1.1215491478904704	0.7857142857142857		0.218878	0.636384	83.731827	0.745403	0.218878	0.302379
9h1f	seed_958682846	0.7156373343268978	1.3828220100540882	0.7619047619047619		0.259076	0.652594	84.093735	0.735915	0.259076	0.33778
9h39	seed_1181241943					0.098856	0.622632	83.97081	0.739345	0.098856	0.203611
9h39	seed_1812140441					0.087933	0.628792	83.16906	0.781883	0.087933	0.196105
9h39	seed_2746317213	0.0087521317609097	18.026212467889643	0.0		0.112065	0.627703	82.651932	0.7959	0.112065	0.215193
9h39	seed_3163119785	0.0702410248093159	8.258908608875705	0.1132075471698113		0.091412	0.627746	83.886139	0.744793	0.091412	0.198679
9h39	seed_958682846	0.0451912929652648	9.412220705713493	0.0566037735849056		0.107226	0.627374	83.820045	0.738705	0.107226	0.211255
9h4r	seed_1181241943					0.603586	0.731351	86.045334	0.634219	0.147619	0.629139
9h4r	seed_1812140441					0.625065	0.745288	86.04248	0.586914	0.199214	0.649109
9h4r	seed_2746317213					0.636487	0.752712	86.59697	0.569119	0.225678	0.659732
9h4r	seed_958682846					0.615785	0.739418	85.770958	0.587241	0.17295	0.640511
9h4s	seed_1181241943	0.1500738671373937	9.936091956009136	0.35	0.0393100032773373	0.636532	0.751886	85.619492	0.581972	0.234609	0.661082
9h4s	seed_1812140441	0.1162293286637814	9.89811080550512	0.25	0.0482547483590513	0.723224	0.810161	88.363251	0.445885	0.496378	0.740612
9h4s	seed_2746317213					0.608529	0.735489	84.644623	0.702145	0.21344	0.63688
9h4s	seed_3163119785	0.0993011712167032	9.993139598395436	0.2	0.0491616483634786	0.651603	0.761905	86.652	0.547019	0.269046	0.673663
9h4s	seed_958682846	0.1701915743306583	9.87868497874448	0.4	0.0524204001357863	0.631537	0.748726	85.459152	0.591411	0.235071	0.656455
9h6v	seed_1181241943					0.10495	0.618631	87.043594	0.673593	0.10495	0.207686
9h6v	seed_1812140441	0.0187782308192003	11.419025829929856	0.0		0.109128	0.617491	86.814056	0.736332	0.109128	0.2108
9h6v	seed_2746317213					0.165844	0.64292	87.041466	0.736694	0.165844	0.261259
9h6v	seed_958682846					0.123871	0.619065	86.741653	0.678458	0.123871	0.22291
9h77	seed_1181241943	0.1586495603321729	5.025872333742863	0.0961538461538461		0.525084	0.795101	86.503006	0.534899	0.525084	0.579087
9h77	seed_1812140441					0.359323	0.740465	84.562386	0.586041	0.359323	0.435552
9h77	seed_2746317213					0.410131	0.759354	84.906563	0.570469	0.410131	0.479976
9h77	seed_3163119785					0.198501	0.680627	81.409622	0.711927	0.198501	0.294926
9hi4	seed_1181241943	0.7225207119113675	0.6537795090405766	0.9428571428571428	0.600485338419293	0.847702	0.842223	93.023994	0.348892	0.85401	0.846607
9hi4	seed_1812140441	0.7540319642486989	0.6291846424500995	0.9142857142857144	0.6110979066694452	0.868717	0.863259	93.313728	0.336397	0.8736	0.867625
9hi4	seed_2746317213	0.7646663090671549	0.5273195672354626	0.9428571428571428	0.6025576559202168	0.85753	0.851638	93.279335	0.3387	0.870414	0.856352
9hi4	seed_958682846	0.7339823637941697	0.5824251301152663	0.9428571428571428	0.6048184074904712	0.858752	0.850222	93.250839	0.338282	0.871123	0.857046
9hi6	seed_1181241943	0.7295783321168013	1.4787075422649385	0.8421052631578947	0.6461329527919805	0.863353	0.861219	92.106941	0.365803	0.852185	0.862926
9hi6	seed_1812140441	0.8817673323505172	0.5272007626685088	0.8947368421052632	0.8072893127175519	0.862805	0.862978	91.844284	0.371214	0.847423	0.86284
9hi6	seed_2746317213	0.754405317404872	1.3524714790043133	0.8421052631578947	0.6662384258424147	0.860911	0.861451	92.04937	0.368562	0.847744	0.861019
9hi6	seed_958682846	0.6532497647913634	1.4375522714592657	0.8421052631578947	0.5847525555029797	0.836943	0.821526	91.693367	0.377905	0.849972	0.83386
9hj9	seed_1181241943	0.0517299691204073	13.947679430194071	0.0	0.0535104815853481	0.548173	0.671618	90.441772	0.521786	0.148491	0.572862
9hj9	seed_1812140441	0.0317337940358906	13.501953162174908	0.0	0.0318856892361626	0.611656	0.716863	90.629868	0.528319	0.287586	0.632698
9hj9	seed_3163119785	0.0375446171734582	13.11498996611383	0.0	0.0393726267238338	0.585311	0.697975	90.37574	0.524792	0.232981	0.607844
9hj9	seed_958682846	0.0354847791536092	13.173933930593702	0.0	0.0368472217682592	0.600764	0.711725	90.506004	0.523369	0.276339	0.622956
9hk1	seed_1181241943	0.0646161393552004	11.835356257568511	0.0606060606060606	0.0425679333198221	0.589771	0.662178	85.977745	0.737896	0.17222	0.604252
9hk1	seed_1812140441	0.043953403914478	16.33654739855796	0.0	0.0436172119103426	0.649489	0.739791	86.55732	0.623799	0.159762	0.685507
9hk1	seed_3163119785	0.0597905423816525	9.67736928781374	0.0	0.0741571342756168	0.607739	0.676124	86.412941	0.698787	0.203923	0.621416
9hk1	seed_958682846	0.0558969582034183	12.10804715798585	0.0	0.0561551314370241	0.649795	0.740866	86.697914	0.698468	0.166825	0.668009
9hll	seed_1181241943	0.0183774122695156	10.55408080746676	0.0		0.117149	0.599336	84.788719	0.700909	0.117149	0.213586
9hll	seed_1812140441					0.210514	0.639132	84.873497	0.77614	0.210514	0.296237
9hll	seed_3163119785					0.147811	0.608495	84.258553	0.655777	0.147811	0.239948
9hll	seed_958682846					0.140409	0.600743	84.096085	0.652821	0.140409	0.232476
9hml	seed_1181241943	0.0307409725125765	9.310875361487536	0.0161290322580645		0.161412	0.574644	79.744934	0.937548	0.161412	0.244058
9hml	seed_1812140441	0.0200200516606567	12.817052289644424	0.0		0.232466	0.599667	79.882156	0.829504	0.232466	0.305906
9hml	seed_2746317213	0.0510718154441213	8.884005665482658	0.0483870967741935		0.123172	0.558944	79.997353	0.873683	0.123172	0.210326
9hml	seed_3163119785	0.0481650956770715	8.769596465136347	0.032258064516129		0.110933	0.558018	79.911797	0.890468	0.110933	0.20035
9hml	seed_958682846	0.0109847832258506	16.69884431090312	0.0		0.109309	0.562886	80.366425	0.848813	0.109309	0.200024
9ho4	seed_1181241943	0.0487494135488819	12.159499373580651	0.0		0.149816	0.532707	81.087257	0.814393	0.149816	0.226394
9ho4	seed_1812140441	0.0682439026370864	8.982918241097844	0.0		0.168898	0.547939	81.782768	0.769837	0.168898	0.244706
9ho4	seed_2746317213	0.0672040575506667	9.190057205079151	0.0333333333333333		0.222381	0.568857	81.784882	0.822902	0.222381	0.291676
9ho4	seed_3163119785	0.0430405826488226	13.280876757187157	0.0		0.145897	0.529021	80.391174	0.850222	0.145897	0.222522
9ho4	seed_958682846	0.0533913157250995	11.274793698252058	0.0		0.143881	0.530225	81.107132	0.831195	0.143881	0.22115
9ho5	seed_1181241943	0.6283134753843957	2.3753577340484178	0.7758620689655172		0.644147	0.779162	84.645927	0.72245	0.644147	0.67115
9ho5	seed_1812140441	0.6048147804012544	2.5277084334594004	0.7758620689655172		0.703819	0.803387	85.853783	0.639733	0.703819	0.723733
9ho5	seed_2746317213	0.6095547461248549	2.5421013182882146	0.7758620689655172		0.68883	0.7949	85.609238	0.660199	0.68883	0.710044
9ho5	seed_958682846	0.6079866751170759	2.5198376290905578	0.7586206896551724		0.691271	0.793727	85.691635	0.652736	0.691271	0.711762
9ho6	seed_1181241943					0.756526	0.8214	89.853729	0.446202	0.756526	0.769501
9ho6	seed_1812140441					0.715333	0.796299	89.287079	0.470507	0.715333	0.731526
9ho6	seed_3163119785					0.740747	0.809207	89.410568	0.438605	0.740747	0.754439
9ho6	seed_958682846					0.713973	0.781256	88.704384	0.462726	0.713973	0.727429
9hub	seed_1181241943	0.4075051000024574	4.147564097928877	0.6461538461538462	0.2794145752165804	0.726644	0.811307	86.956009	0.513129	0.758695	0.743577
9hub	seed_1812140441	0.4271262266231471	4.339165239046497	0.6615384615384615	0.3364105173441927	0.769578	0.838328	87.407478	0.489043	0.761255	0.783328
9hub	seed_3163119785	0.3697229328605524	4.112127257866807	0.5846153846153846	0.2516018543310922	0.761462	0.834646	88.328392	0.448163	0.774517	0.776099
9hub	seed_958682846					0.645634	0.760403	83.193886	0.75298	0.167325	0.668587
9huo	seed_1181241943	0.0977606009673247	8.175262863639945	0.140625	0.0572940474905358	0.706657	0.79468	82.531837	0.676043	0.330139	0.730571
9huo	seed_1812140441	0.1043940790409923	8.064907865396455	0.15625	0.0622752933176607	0.675961	0.775959	81.926079	0.722551	0.264244	0.70227
9huo	seed_2746317213	0.0888964491924695	7.583100501296538	0.0625	0.0616391816916915	0.672036	0.766535	81.282745	0.760497	0.258792	0.700399
9huo	seed_3163119785	0.0914415568583468	7.750805790933041	0.109375	0.0656157942803561	0.660743	0.764178	81.403351	0.736897	0.222806	0.690894
9huo	seed_958682846	0.0900180528017384	7.380805607031425	0.046875	0.0674456283088205	0.671971	0.766824	81.39196	0.768086	0.256177	0.692519
9hur	seed_1181241943	0.6383118241151066	1.9309477080545692	0.6379310344827587		0.6317	0.800816	86.672165	0.461056	0.6317	0.665523
9hur	seed_1812140441	0.6125536051318072	2.074776776333642	0.5862068965517241		0.760497	0.848898	88.143456	0.415349	0.760497	0.778178
9hur	seed_3163119785	0.5331157618364442	2.6549654250706984	0.5517241379310345		0.685592	0.825558	87.239601	0.433646	0.685592	0.713585
9hur	seed_958682846	0.6103424460997923	2.015995595664989	0.6551724137931034		0.68846	0.827382	86.804482	0.440095	0.68846	0.716244
9hxo	seed_1181241943					0.705925	0.794172	82.497398	0.678468	0.32857	0.729883
9hxo	seed_1812140441					0.675402	0.775667	81.926971	0.722354	0.263621	0.701764
9hxo	seed_3163119785					0.661057	0.764326	81.408241	0.736628	0.223528	0.691174
9hxo	seed_958682846					0.671512	0.766541	81.383781	0.768023	0.254797	0.692095
9hzj	seed_1181241943	0.4516619104699692	2.8124492419801133	0.65		0.730442	0.873673	91.121162	0.360857	0.730442	0.759088
9hzj	seed_1812140441	0.7548321495597964	1.2258980459533315	0.875		0.865812	0.910401	92.805214	0.32996	0.865812	0.87473
9hzj	seed_3163119785	0.7018795722403189	1.3508281493876402	0.8		0.671559	0.855774	90.718323	0.392534	0.671559	0.708402
9hzj	seed_958682846	0.7247802150029748	1.24773809461658	0.825		0.875205	0.917761	93.653343	0.315477	0.875205	0.883716
9hzk	seed_1181241943	0.6006442799402064	1.7624325255973396	0.6976744186046512		0.744588	0.861304	89.472771	0.398053	0.744588	0.767931
9hzk	seed_1812140441	0.4779519717201235	2.0941606585678363	0.5813953488372093		0.740067	0.861268	89.421539	0.400328	0.740067	0.764307
9hzk	seed_3163119785	0.5174451809450561	1.956560922553067	0.6511627906976745		0.748382	0.871857	90.248978	0.36823	0.748382	0.773077
9hzk	seed_958682846	0.5467883226518394	1.8201807864702817	0.627906976744186		0.738681	0.859863	89.226501	0.408715	0.738681	0.762918
9i59	seed_1181241943					0.715718	0.742458	88.944008	0.519852	0.563037	0.721066
9i59	seed_1812140441					0.458235	0.561891	86.636322	0.647074	0.168617	0.478966
9i59	seed_3163119785					0.456722	0.56717	87.157135	0.61554	0.160672	0.478811
9i59	seed_958682846					0.722346	0.748938	88.851227	0.517524	0.571735	0.727664
9iqp	seed_1181241943	0.0144066368845026	16.507499934048987	0.0		0.747592	0.860473	88.236481	0.476059	0.747592	0.770168
9iqp	seed_1812140441	0.0146708609098153	16.271775413089973	0.0		0.617694	0.811722	86.47496	0.557137	0.617694	0.656499
9iqp	seed_3163119785	0.0203733332341418	15.01417079350734	0.0158730158730158		0.179863	0.635647	84.801094	0.691744	0.179863	0.27102
9iqp	seed_958682846	0.0203049571885689	16.517660466216125	0.0158730158730158		0.405441	0.731923	85.755554	0.659077	0.405441	0.470737
9jbq	seed_1181241943	0.0358467332469554	13.819269373474112	0.0	0.0383202982808119	0.683969	0.765786	89.504547	0.51376	0.320551	0.700332
9jbq	seed_1812140441	0.0447200687756424	11.307762781598248	0.0	0.0760798592234152	0.610625	0.721378	88.621361	0.545591	0.148316	0.632775
9jbq	seed_3163119785	0.0313461596716312	14.374326922589304	0.0	0.0339674296649929	0.721166	0.786599	89.929024	0.474224	0.410828	0.734253
9jbq	seed_958682846	0.0322694035892564	14.98346224604489	0.0	0.0351255447228183	0.691417	0.769982	90.051651	0.484694	0.340357	0.70713
9jcy	seed_1181241943	0.3386262441938226	2.461693781794785	0.5	0.3671465002690002	0.453109	0.56549	89.416336	0.572873	0.136072	0.475585
9jcy	seed_1812140441	0.022457217886504	8.973643953672982	0.0	0.0197516859654263	0.436324	0.563415	89.650955	0.600634	0.093372	0.461742
9jcy	seed_3163119785	0.101681436384951	8.06873916631303	0.0	0.137830117336531	0.430041	0.540291	89.473724	0.577837	0.129428	0.452091
9jcy	seed_958682846	0.0423388790680904	18.3735600256388	0.0892857142857142	0.019756725459357	0.451526	0.572233	89.514587	0.581556	0.114296	0.475667
9jd0	seed_1181241943	0.1930263613596664	5.356764107692059	0.352112676056338		0.166266	0.695539	85.820747	0.734152	0.166266	0.27212
9jd0	seed_1812140441	0.1589313649988746	5.8300205451511715	0.2816901408450704		0.169306	0.699593	85.49398	0.738053	0.169306	0.275363
9jd0	seed_3163119785	0.1310141351495873	10.01998802632733	0.2676056338028169		0.195884	0.693501	85.676842	0.686289	0.195884	0.295407
9jd0	seed_958682846	0.1846286816327321	5.74736060964406	0.352112676056338		0.164463	0.697448	85.8787	0.728658	0.164463	0.27106
9jd1	seed_1181241943	0.1126847373270326	6.145489851342389	0.2368421052631578	0.0267476471365556	0.554667	0.662981	89.594238	0.518214	0.218662	0.57633
9jd1	seed_1812140441	0.1366071827034713	6.382629251138088	0.3157894736842105	0.0249455409691303	0.567096	0.674016	89.661163	0.537882	0.222493	0.58848
9jd1	seed_3163119785	0.0920402477446646	6.464042661350166	0.1842105263157894	0.0250149775724523	0.553101	0.655686	89.355995	0.554397	0.231987	0.573618
9jd1	seed_958682846	0.0927199998774375	6.426670708617205	0.1842105263157894	0.0251752053654007	0.549902	0.662748	89.356583	0.537856	0.207941	0.572471
9jeb	seed_1181241943					0.107714	0.476998	84.55629	0.837122	0.107714	0.181571
9jeb	seed_1812140441	0.1611376780802407	15.320285807600408	0.4133333333333333		0.119567	0.479844	85.13813	0.797938	0.119567	0.191623
9jeb	seed_3163119785					0.101044	0.470733	85.196625	0.808865	0.101044	0.174982
9jeb	seed_958682846	0.1509084307928346	16.067760416582253	0.4		0.214764	0.51724	85.879601	0.742114	0.214764	0.275259
9jno	seed_1181241943	0.008203438286607	12.110652815216229	0.0	0.0078385104814625	0.511673	0.629281	89.062706	0.540074	0.161672	0.535194
9jno	seed_1812140441	0.0088865866316741	12.09333518603155	0.0	0.0082394331758284	0.461761	0.559285	87.977348	0.595286	0.155544	0.481266
9jno	seed_3163119785	0.8134383622225622	0.8972990178608983	0.7818181818181819	0.6144331683943629	0.748495	0.798554	91.633347	0.404999	0.687342	0.758507
9jno	seed_958682846	0.8309343925266893	0.8420586674895741	0.8181818181818182	0.76249931486571	0.788877	0.828025	92.037529	0.382021	0.742846	0.796707
9jqv	seed_1181241943	0.0060698408530621	17.256002220393004	0.0	0.010168781092653	0.422939	0.533783	87.524124	0.618203	0.132226	0.445108
9jqv	seed_1812140441	0.0038994369162518	20.01857996554215	0.0	0.0036661645641319	0.472459	0.597956	87.755928	0.613554	0.148295	0.497558
9jqv	seed_3163119785	0.0032709072190342	22.94979516858843	0.0	0.0037484951540611	0.454035	0.576271	87.931267	0.647677	0.135996	0.478482
9jqv	seed_958682846	0.0032673356443401	22.744569682290148	0.0	0.0036352635074262	0.464449	0.590124	87.966499	0.658326	0.139761	0.489584
9kur	seed_1181241943					0.567794	0.663555	87.954384	0.570171	0.121554	0.596054
9kur	seed_1812140441	0.0265463108557868	13.148704483101184	0.0	0.0253825803179339	0.579903	0.676955	88.042564	0.535784	0.125658	0.604778
9kur	seed_3163119785					0.588498	0.684253	88.758598	0.536974	0.139455	0.619489
9kur	seed_958682846					0.57886	0.673883	88.024147	0.543104	0.139815	0.608793
9l9y	seed_1181241943	0.0412480742870298	10.77802504173298	0.0	0.0433667801340817	0.635083	0.731711	88.847	0.554587	0.258363	0.654408
9l9y	seed_1812140441	0.0588080216489161	11.124092998239547	0.0	0.0632211914668331	0.683709	0.762216	89.640015	0.554429	0.359102	0.699411
9l9y	seed_3163119785	0.0812947240579184	10.953019999624084	0.0	0.0864191883811257	0.62616	0.692384	89.25798	0.56458	0.335515	0.639405
9l9y	seed_958682846	0.0683646684579777	11.086652423338398	0.0	0.0739062357053341	0.63381	0.722561	88.974846	0.595414	0.28476	0.65156
9lad	seed_1181241943	0.8272756096176997	1.1656940088234702	0.9361702127659576		0.858134	0.908806	90.361702	0.400981	0.858134	0.868269
9lad	seed_1812140441	0.8764410461347926	0.8324552707317953	0.9361702127659576		0.855773	0.907457	90.555794	0.405371	0.855773	0.86611
9lad	seed_3163119785	0.8849195387860975	0.7992483793773945	0.9361702127659576		0.857144	0.907133	90.613113	0.404488	0.857144	0.867141
9lad	seed_958682846	0.8953790902446275	0.7370433883550819	0.9361702127659576		0.857821	0.911369	90.630623	0.39403	0.857821	0.86853
9lh2	seed_1181241943					0.087588	0.601702	82.567963	0.919831	0.087588	0.190411
9lh2	seed_1812140441					0.103515	0.599951	83.075157	0.820952	0.103515	0.202802
9lh2	seed_3163119785	0.1802042942111536	4.9054954040303285	0.1136363636363636		0.119342	0.602362	83.750465	0.743778	0.119342	0.215946
9lh2	seed_958682846					0.099974	0.598329	84.186111	0.73375	0.099974	0.199645
9lme	seed_1181241943					0.211211	0.630856	84.353836	0.874764	0.211211	0.307045
9lme	seed_1812140441					0.231988	0.644341	85.101616	0.779266	0.231988	0.32934
9lme	seed_3163119785					0.22806	0.636486	84.460007	0.803516	0.22806	0.323138
9lme	seed_958682846					0.283934	0.651146	85.030632	0.748814	0.283934	0.372257
9lrf	seed_1181241943	0.0241476327103958	11.897599150066156	0.0	0.0223605614552795	0.554555	0.64004	86.936363	0.669473	0.265339	0.571652
9lrf	seed_1812140441	0.0219817256909198	11.895781066971509	0.0	0.0227812952397035	0.54201	0.636527	86.719376	0.672335	0.270457	0.560914
9lrf	seed_2746317213	0.0202067741638106	12.60140993010554	0.0	0.0225767666741779	0.547876	0.64268	86.959991	0.672259	0.244723	0.566837
9lrf	seed_3163119785	0.0206735002062074	13.320489202593484	0.0	0.0222488466935375	0.562162	0.649617	86.989128	0.680821	0.264433	0.579653
9lrf	seed_958682846	0.0197347741428353	12.67585021075478	0.0	0.0221256658493194	0.611019	0.689035	87.360435	0.639342	0.381003	0.626622
9m5b	seed_1181241943	0.8482232825293149	0.7532128751945472	0.9444444444444444	0.6818196901495764	0.673711	0.76245	91.695099	0.443962	0.341472	0.691459
9m5b	seed_1812140441	0.7805984083463944	1.1044366709697169	0.8888888888888888	0.7042044057486558	0.647641	0.747402	91.455307	0.456336	0.30312	0.667593
9m5b	seed_2746317213	0.8618557853379588	0.8499608709410762	0.9166666666666666	0.8075662536160211	0.777385	0.827552	92.512886	0.392528	0.54502	0.787418
9m5b	seed_958682846	0.3967691411464246	2.7222370987069953	0.6944444444444444	0.5093176461090126	0.59861	0.713546	90.801979	0.514672	0.193931	0.621597
9m6j	seed_1181241943	0.0177002998283129	13.406894169655976	0.0		0.64986	0.857917	88.812294	0.452571	0.64986	0.691472
9m6j	seed_1812140441	0.0172719973474156	13.71370869580961	0.0		0.627287	0.853796	88.310463	0.465901	0.627287	0.672589
9m6j	seed_3163119785	0.0170362639670394	13.820121718249403	0.0		0.623627	0.850388	87.912926	0.479855	0.623627	0.66898
9m6j	seed_958682846	0.0166848512205013	14.031443911840633	0.0		0.524468	0.825263	87.542625	0.533819	0.524468	0.584627
9m6o	seed_1181241943	0.0180740200340205	13.312473910276523	0.0		0.691275	0.87198	88.793793	0.430576	0.691275	0.727416
9m6o	seed_1812140441	0.0175048292164367	13.56055402157389	0.0		0.630317	0.856728	88.899208	0.468015	0.630317	0.675599
9m6o	seed_3163119785	0.0174877674249852	13.540043830186187	0.0		0.668953	0.866437	88.74128	0.443727	0.668953	0.70845
9m6o	seed_958682846	0.0178248440031709	13.439524565438129	0.0		0.628635	0.852137	88.027519	0.468192	0.628635	0.673336
9mer	seed_1181241943	0.0378708701563809	10.657059426022771	0.0	0.0371347572368047	0.549445	0.670754	89.597977	0.515512	0.162624	0.573707
9mer	seed_1812140441	0.0341347044594107	12.739077131138846	0.0	0.0325791301130007	0.62012	0.719968	90.343529	0.509393	0.28338	0.64009
9mer	seed_3163119785	0.0695168611489885	10.410949015052564	0.0	0.0697846186704698	0.544904	0.666363	89.625755	0.518712	0.149284	0.569196
9mer	seed_958682846	0.093353271327136	10.20620689916023	0.0	0.0957697426902983	0.555507	0.676556	89.523354	0.522973	0.164954	0.579717
9mev	seed_1181241943	0.0340058237735523	13.364481290106648	0.0	0.035054057075736	0.601535	0.708132	90.258972	0.482737	0.285655	0.622854
9mev	seed_1812140441	0.1054530396656964	5.472021071674261	0.0	0.1056904394124023	0.546416	0.670648	90.402252	0.508685	0.140119	0.571262
9mev	seed_3163119785	0.0335477865397664	13.31285931339855	0.0	0.0345103649739017	0.609824	0.716975	90.581635	0.5113	0.287247	0.631254
9mev	seed_958682846	0.0351753410956728	13.350923787859452	0.0	0.0364420455094919	0.617627	0.724178	90.666161	0.512978	0.302965	0.638937
9mic	seed_1181241943	0.0339964035404935	14.14834508887275	0.0	0.1418962266262093	0.616493	0.705385	89.675064	0.546302	0.268093	0.634271
9mic	seed_1812140441	0.0329426093532976	14.36759070160804	0.0	0.1792533246882065	0.62029	0.707379	89.792488	0.53317	0.278793	0.637708
9mic	seed_2746317213	0.034319766601203	14.201750301524042	0.0	0.178727120658142	0.574494	0.666371	89.028954	0.557155	0.213479	0.592869
9mic	seed_958682846	0.0316544549562186	14.433603502925278	0.0	0.1582044811077368	0.628675	0.716518	89.708878	0.547715	0.284784	0.646244
9mid	seed_1181241943	0.0393542118937673	14.146441252081896	0.0263157894736842	0.1486601831483004	0.561285	0.654248	88.593323	0.614121	0.202503	0.579878
9mid	seed_1812140441	0.0393000986143004	14.039601350442204	0.0263157894736842	0.0290312817108116	0.567575	0.658434	88.267067	0.603355	0.219555	0.585747
9mid	seed_2746317213	0.0346628930783961	14.041041644503515	0.0131578947368421	0.0290020351335275	0.551548	0.639041	87.782112	0.602418	0.205642	0.569047
9mid	seed_3163119785	0.0398159419242832	13.876282549181129	0.0526315789473684	0.0159787754738303	0.513331	0.585242	87.031189	0.655695	0.207404	0.527713
9mid	seed_958682846	0.0349459100017158	15.615725402758878	0.0131578947368421	0.0304218169181443	0.544038	0.637211	87.625961	0.58722	0.171286	0.562673
9mif	seed_1181241943	0.0336759773513321	15.380510650490102	0.0	0.1269976382286149	0.611059	0.706456	89.753693	0.586968	0.230063	0.630139
9mif	seed_1812140441	0.2962376937446813	3.012099501524346	0.2222222222222222	0.3426944205980111	0.602678	0.702114	89.664436	0.558847	0.204149	0.622566
9mif	seed_3163119785	0.0290662030471103	13.414175354215018	0.0	0.033330764325367	0.558904	0.641773	89.011787	0.585087	0.201731	0.575478
9mif	seed_958682846	0.0458672841683317	10.55754143354343	0.0	0.0473999164923169	0.57509	0.683169	89.438698	0.585367	0.137611	0.596705
9mj3	seed_1181241943	0.0350446590533548	16.358755811528326	0.0	0.0331446171889772	0.517176	0.600836	88.494789	0.564681	0.147919	0.533908
9mj3	seed_1812140441	0.0489519041691424	12.797131092320535	0.0333333333333333	0.0366617416670056	0.577276	0.686923	89.353088	0.529643	0.146853	0.599206
9mj3	seed_3163119785	0.0336729828412941	13.259079916614583	0.0	0.0365102124149862	0.581368	0.689587	89.404747	0.529823	0.15264	0.603012
9mj3	seed_958682846	0.0379911622952639	13.87492045993243	0.0	0.1012385855806478	0.528858	0.608071	88.570251	0.545697	0.184898	0.544701
9ml8	seed_1181241943					0.566593	0.688784	88.335632	0.568042	0.142677	0.591031
9ml8	seed_1812140441					0.599551	0.707154	88.601486	0.54092	0.221124	0.621071
9ml8	seed_3163119785					0.565573	0.686401	88.244019	0.557318	0.142364	0.589739
9ml8	seed_958682846					0.624674	0.725183	89.092522	0.535332	0.262343	0.644776
9mqv	seed_1181241943	0.2254865714124181	2.7822981512013563	0.2181818181818181	0.5462229912211917	0.44687	0.56528	88.970673	0.542837	0.230248	0.470552
9mqv	seed_1812140441	0.3701747168239979	1.8351627354610816	0.3818181818181818	0.6562851518320482	0.475179	0.591178	89.326981	0.518387	0.272968	0.498379
9mqv	seed_2746317213	0.3141213409879725	1.8928718694453728	0.3818181818181818	0.5855794433652547	0.456522	0.580888	88.840927	0.551148	0.247454	0.481395
9mqv	seed_958682846	0.3599713739688069	1.6931603077860289	0.4727272727272727	0.5747670357753806	0.455135	0.57371	88.802994	0.550472	0.230532	0.47885
9mxi	seed_1181241943	0.0440278023669738	13.345504678249808	0.0	0.0445577307141882	0.62793	0.693601	85.808357	0.769987	0.228483	0.641065
9mxi	seed_1812140441	0.048916568776302	13.375760966962307	0.0	0.0471375336302768	0.614344	0.683804	85.226906	0.724193	0.20355	0.628236
9mxi	seed_3163119785	0.0447144315961074	13.284447684904658	0.0	0.044921962513037	0.64954	0.708225	85.820251	0.72248	0.28814	0.661277
9mxi	seed_958682846	0.0376613173027514	13.330511308208743	0.0	0.0406909048003714	0.647669	0.705696	86.419876	0.719987	0.281081	0.659275
9n8i	seed_1181241943	0.0231577297746506	13.479869838731403	0.0	0.0213073987536554	0.515069	0.623649	89.464119	0.499678	0.11873	0.536785
9n8i	seed_1812140441	0.0553003788125047	14.674023176237586	0.0714285714285714	0.0328779440167348	0.541525	0.649734	89.733124	0.47054	0.146969	0.563166
9n8i	seed_3163119785	0.0731770094291073	9.736392184154862	0.1071428571428571	0.036210875690132	0.549413	0.656173	89.806366	0.458843	0.168241	0.570765
9n8i	seed_958682846	0.6390772739995868	1.1440924731040076	0.8571428571428571	0.2890266848427115	0.558552	0.660029	89.605118	0.469225	0.160641	0.578847
9n8n	seed_1181241943	0.0066078168662371	13.343654127290243	0.0	0.004694714363729	0.428755	0.552803	86.633682	0.587063	0.111343	0.453565
9n8n	seed_1812140441	0.0049911534585964	16.844984687276607	0.0	0.0043338864474974	0.436807	0.562877	87.050995	0.589798	0.120281	0.462021
9n8n	seed_3163119785	0.0048488728779759	17.315213573437376	0.0	0.0030367404629581	0.428095	0.554751	83.7659	0.72551	0.108586	0.453426
9n8n	seed_958682846	0.0055067940226892	16.554887794721935	0.0	0.0033231421134157	0.422007	0.534017	85.87178	0.618428	0.117333	0.444409
9ncd	seed_1181241943	0.0578309924943811	9.837904245774949	0.0	0.0543822383364904	0.665296	0.714794	89.817322	0.523186	0.313414	0.675195
9ncd	seed_1812140441	0.0655336277184745	8.609351368691101	0.0	0.053898369432205	0.651776	0.716427	89.627716	0.543127	0.199291	0.664706
9ncd	seed_2746317213	0.0645590836900518	9.417237867316466	0.0	0.0597118913821072	0.64669	0.697749	89.626045	0.528167	0.289022	0.656902
9ncd	seed_3163119785	0.045288884085475	8.570891979666815	0.0	0.0376685162754439	0.637345	0.707451	89.808029	0.529039	0.167839	0.651366
9ncd	seed_958682846	0.0619043365613133	9.542030285630318	0.0	0.0586250981770118	0.670816	0.716174	89.723648	0.518109	0.324026	0.679888
9njy	seed_1181241943	0.8672599433268476	0.5681667732010077	0.9487179487179488	0.8222498676824305	0.808256	0.83244	91.320877	0.379851	0.74061	0.813093
9njy	seed_1812140441	0.8197973169327556	0.7168253031417258	0.8974358974358975	0.6847389835964165	0.791833	0.827047	92.061508	0.37604	0.692143	0.798876
9njy	seed_2746317213	0.8508195785464685	0.613439712034835	0.9230769230769232	0.7658177062653918	0.790947	0.824738	92.102364	0.37133	0.691807	0.797705
9njy	seed_958682846	0.7143568863151181	0.7172609934760158	0.8974358974358975	0.6792981824878418	0.741194	0.779179	90.634377	0.400229	0.616282	0.748791
9npi	seed_1181241943	0.2164929375779359	3.847332655659532	0.238095238095238	0.2193432138346954	0.623923	0.706873	86.710854	0.647025	0.298002	0.640513
9npi	seed_1812140441	0.0432395127715002	13.434938623871933	0.0	0.0388740416985693	0.675805	0.738538	87.850533	0.533781	0.375182	0.688351
9npi	seed_2746317213	0.0420019104718696	13.47051977164202	0.0	0.0370217085344528	0.73166	0.780574	88.636467	0.487255	0.507546	0.741443
9npi	seed_958682846	0.2317704128345914	4.099988077548629	0.2857142857142857	0.1605999941884866	0.604595	0.698941	86.075119	0.686394	0.226329	0.623464
9oar	seed_1181241943	0.0611253076659874	9.633701399303412	0.0	0.0927752644505315	0.56183	0.650887	88.626678	0.571676	0.196251	0.579641
9oar	seed_1812140441					0.563443	0.653073	88.779991	0.573605	0.18145	0.581369
9oar	seed_2746317213	0.0320554001541538	14.94780753458578	0.0	0.0317017746296184	0.555406	0.649806	88.575462	0.584872	0.166604	0.574286
9oar	seed_3163119785	0.0418211229934633	9.623053604390597	0.0	0.0440340501327747	0.556928	0.643093	88.525795	0.592856	0.185724	0.574161
9obn	seed_1181241943					0.757923	0.815987	85.4823	0.59461	0.757923	0.769536
9obn	seed_1812140441					0.776222	0.842521	87.205109	0.50787	0.776222	0.789482
9obn	seed_2746317213					0.66139	0.771561	84.906052	0.66533	0.66139	0.683424
9obn	seed_3163119785					0.661518	0.764358	84.76046	0.663063	0.661518	0.682086
9pi9	seed_1181241943	0.0234964372951109	14.384027048243455	0.025	0.0809933884563105	0.491117	0.598942	86.584648	0.682894	0.145071	0.522515
9pi9	seed_1812140441					0.48433	0.59188	86.532188	0.699178	0.141475	0.51643
9pi9	seed_2746317213					0.479093	0.588217	86.208145	0.708669	0.133922	0.510751
9pi9	seed_3163119785					0.479743	0.585884	86.546486	0.711486	0.134183	0.511562
9pru	seed_1181241943					0.727629	0.765845	91.110184	0.409352	0.552822	0.735272
9pru	seed_1812140441					0.589551	0.679072	89.480843	0.504035	0.240274	0.607455
9pru	seed_2746317213					0.673312	0.740577	90.332413	0.440338	0.393815	0.686765
9pru	seed_3163119785					0.682113	0.752736	90.533043	0.440942	0.395327	0.696237
9pzi	seed_1181241943	0.0447895869688474	13.301254236267065	0.0	0.0454153012090937	0.683571	0.738655	89.824364	0.579229	0.412309	0.694588
9pzi	seed_1812140441	0.038578819907421	13.261332675713158	0.0	0.0402389273724085	0.655518	0.721739	89.126274	0.575676	0.346252	0.668762
9pzi	seed_2746317213	0.0447864522286721	13.480045564387709	0.0	0.0453575509278456	0.716589	0.765052	90.3713	0.549619	0.472336	0.726282
9pzi	seed_3163119785	0.0447751059754834	14.512162026372485	0.0	0.0431014874921674	0.604407	0.689158	88.260216	0.58	0.166483	0.621357
9q8l	seed_1181241943	0.0369829182702187	16.32964941079158	0.0	0.0370367337025639	0.639147	0.706858	86.392693	0.628341	0.246353	0.652689
9q8l	seed_1812140441	0.0347486761614537	12.370971938015884	0.0	0.0373040555398707	0.609658	0.680142	86.256538	0.61903	0.214107	0.623755
9q8l	seed_2746317213	0.0429664382436801	13.987600884913215	0.0294117647058823	0.0343268715609444	0.580461	0.649271	85.402397	0.631562	0.185414	0.594223
9q8l	seed_3163119785	0.0634084934289052	10.18089705891248	0.0	0.0705768667458023	0.609625	0.683606	86.155609	0.637467	0.207709	0.624421
9q8l	seed_958682846	0.7596578388354068	0.7408022700832685	0.6764705882352942	0.8729478943414639	0.649882	0.70399	86.664749	0.614981	0.31907	0.660704
9qrv	seed_1812140441	0.0176332138565891	12.319163001285387	0.0	0.0188627440112323	0.657534	0.743032	87.25235	0.545198	0.140776	0.674634
9qrv	seed_2746317213	0.5509768311431235	1.807203075265585	0.5555555555555556	0.4943643089393832	0.71082	0.787211	88.703712	0.486777	0.273043	0.726098
9qrv	seed_3163119785	0.0172291165311238	12.241671475244404	0.0	0.0182377656350663	0.670135	0.759376	87.736443	0.571404	0.136445	0.687983
9rit	seed_1181241943	0.0917250746143302	8.00143574705704	0.0		0.292403	0.702397	81.174934	0.814239	0.292403	0.374402
9rit	seed_1812140441	0.0679974739816154	7.772519722438365	0.0		0.135123	0.647374	79.733696	0.893391	0.135123	0.237573
9rit	seed_2746317213	0.5422659107450475	2.2371834344529886	0.5476190476190477		0.417661	0.732528	81.116493	0.733728	0.417661	0.480635
9rit	seed_3163119785	0.7187787003622187	1.3496282065550331	0.6428571428571429		0.480732	0.760041	82.415176	0.642021	0.480732	0.536594
9rit	seed_958682846	0.093610661608032	11.285916449062292	0.1428571428571428		0.170061	0.653463	79.400055	0.829095	0.170061	0.266741
9riu	seed_1812140441	0.0560583339483978	10.503064030683078	0.037037037037037		0.144833	0.671634	83.607491	0.663969	0.144833	0.250193
9riu	seed_2746317213					0.168436	0.67138	83.196579	0.728627	0.168436	0.269025
9riu	seed_3163119785	0.0537869327422717	8.353838403232695	0.0		0.133816	0.667729	83.107086	0.662141	0.133816	0.240599
9riu	seed_958682846					0.153837	0.66947	82.293861	0.696811	0.153837	0.256964
9rm2	seed_1812140441					0.471363	0.594453	87.966736	0.604059	0.128782	0.495981
9rm2	seed_2746317213					0.493075	0.609721	87.891609	0.599031	0.176983	0.516405
9rm2	seed_3163119785					0.484991	0.60325	88.041878	0.610909	0.156792	0.508643
9rm2	seed_958682846					0.465721	0.590451	87.531624	0.59063	0.115386	0.490667
9rn6	seed_1812140441	0.0385092775789667	15.900565571421396	0.0588235294117647		0.210241	0.560497	79.166771	1.066294	0.210241	0.280292
9rn6	seed_2746317213	0.0443278257280359	15.955782348617234	0.0784313725490196		0.410918	0.627164	80.400246	0.894906	0.410918	0.454168
9rn6	seed_3163119785	0.0061884744461526	23.068454636805587	0.0		0.297676	0.60056	79.415794	1.048254	0.297676	0.358253
9rn6	seed_958682846	0.0032323782726344	34.52432436003261	0.0		0.101651	0.515002	78.311905	1.371923	0.101651	0.184321
9th6	seed_1812140441	0.0059246348858883	21.663193331374305	0.0		0.370232	0.803548	87.913361	0.553214	0.370232	0.456895
9th6	seed_2746317213	0.0059544147796803	21.50919688266183	0.0		0.306488	0.788126	87.528572	0.573576	0.306488	0.402815
9th6	seed_3163119785	0.0064190372950007	21.15384062397491	0.0		0.192267	0.757354	86.89994	0.5752	0.192267	0.305285
9th6	seed_958682846	0.0057753152038745	21.537750458769334	0.0		0.289887	0.778422	87.133118	0.592396	0.289887	0.387594
9u8g	seed_1812140441	0.7252182728177049	1.438690396160646	0.7887323943661971		0.818363	0.918914	90.594543	0.369939	0.818363	0.838473
9u8g	seed_2746317213	0.7235582839360104	1.4403043119030012	0.7746478873239436		0.78475	0.906402	89.822502	0.385171	0.78475	0.80908
9u8g	seed_3163119785	0.6961696105804765	1.5479685706633248	0.7746478873239436		0.769335	0.902096	90.169975	0.380875	0.769335	0.795887
9u8g	seed_958682846					0.672361	0.868162	89.31105	0.406418	0.672361	0.711521
9uk5	seed_1812140441	0.0484809217711286	12.021442358110862	0.0	0.0499541624383008	0.591203	0.662842	87.013557	0.602704	0.199968	0.605531
9uk5	seed_2746317213	0.0332486546613407	13.047273739954068	0.0	0.0392746264596593	0.628826	0.71086	87.117111	0.597138	0.17513	0.645233
9uk5	seed_3163119785	0.0341505228566147	12.747556638437642	0.0	0.0380461287881929	0.585404	0.663106	87.048302	0.60088	0.146188	0.600945
9uk5	seed_958682846	0.0342115837161649	14.798738859480885	0.0	0.0389461130272476	0.635389	0.717662	88.011887	0.551242	0.179898	0.651844
9uvi	seed_1181241943	0.6690379950497086	1.2898557568436642	0.5217391304347826	0.8799112615335739	0.918617	0.93965	92.839417	0.336504	0.817219	0.922824
9uvi	seed_2746317213	0.6805916658340116	1.2800209613069735	0.5217391304347826	0.8981180358467359	0.915548	0.937645	92.541374	0.34265	0.810532	0.919967
9uvi	seed_3163119785	0.6465776457582046	1.4684375935557843	0.5217391304347826	0.8799666755479362	0.921706	0.941951	92.960419	0.332553	0.824635	0.925755
9uvi	seed_958682846	0.6074898963941878	1.57047230835127	0.4782608695652174	0.8288573271531284	0.92022	0.940553	92.773026	0.335651	0.825776	0.924287
9uzb	seed_1181241943	0.0152297107264524	8.594917837005303	0.0	0.0126898362539019	0.50984	0.627973	87.582497	0.633185	0.150119	0.533466
9uzb	seed_2746317213	0.2469209325470437	3.3712471975837546	0.4761904761904761	0.244181822275266	0.521577	0.635778	88.224068	0.567531	0.189061	0.544417
9uzb	seed_3163119785	0.0066585823609067	14.172414255153289	0.0	0.0065537253741179	0.476301	0.590725	83.794312	0.798436	0.132593	0.499186
9uzb	seed_958682846	0.0130659221221216	9.68557343432308	0.0	0.0108824737322466	0.49429	0.612171	86.933174	0.620277	0.139528	0.517866
9uzc	seed_1181241943	0.0118382000594825	9.194327954991016	0.0	0.0196970292233617	0.46309	0.564106	87.069023	0.632313	0.132436	0.483293
9uzc	seed_1812140441	0.0177717671493542	7.398459341481947	0.0	0.0604355575559724	0.472762	0.573088	87.274742	0.617365	0.159208	0.492827
9uzc	seed_2746317213	0.1090352784660371	5.647028557087182	0.238095238095238	0.0832971906749405	0.50065	0.615996	87.650299	0.602611	0.154976	0.523719
9uzc	seed_3163119785	0.0796863024122287	8.133395208628988	0.1904761904761904	0.0153703797691299	0.52642	0.63395	86.84594	0.566594	0.202253	0.547926
9uzc	seed_958682846	0.0502118592454477	8.034661793449544	0.0952380952380952	0.0733729760499032	0.49188	0.611371	87.751106	0.594816	0.134237	0.515779
9uzd	seed_1181241943	0.0105328932255405	14.984797677545991	0.0	0.0061241372379727	0.490148	0.618542	87.681915	0.645792	0.110261	0.515827
9uzd	seed_2746317213	0.0882427033221959	8.579691427812422	0.0	0.0369856247889485	0.466867	0.562574	87.219284	0.611773	0.146708	0.486009
9uzd	seed_3163119785	0.0192574164939275	7.205735731582282	0.0	0.0850119987345117	0.505349	0.616061	88.233002	0.554788	0.167327	0.527491
9uzd	seed_958682846	0.06516170240247	7.225233352790297	0.1363636363636363	0.0778109986908815	0.510233	0.600771	86.385612	0.590105	0.212887	0.528341
9uze	seed_1181241943	0.033278191220102	11.248270100784207	0.0476190476190476	0.0180984841491937	0.521662	0.638151	87.752647	0.596027	0.171577	0.54496
9uze	seed_1812140441	0.0054630655848082	17.935680928181153	0.0	0.0046776092206501	0.482589	0.60931	86.431068	0.748537	0.100608	0.507934
9uze	seed_3163119785	0.0156675618945669	8.459661669031977	0.0	0.0133598009923966	0.505388	0.619251	87.179955	0.634542	0.152803	0.528161
9uze	seed_958682846	0.0144605977964358	9.27452024105834	0.0	0.0131277026848003	0.468297	0.573299	87.01091	0.615942	0.141673	0.489297
9uzf	seed_1181241943	0.0056311606308589	15.274552453426246	0.0	0.0054419064374878	0.496236	0.619198	82.650154	0.834258	0.121982	0.526763
9uzf	seed_1812140441	0.1135361831996861	6.046243196908821	0.2608695652173913	0.0696642338070075	0.467757	0.56725	86.219978	0.6469	0.138797	0.487656
9uzf	seed_3163119785	0.0616905424805083	10.18772234769355	0.1304347826086956	0.0386174709573748	0.477936	0.583119	87.342339	0.591464	0.144746	0.498973
9uzf	seed_958682846	0.0752670424216928	9.323243865385594	0.1739130434782608	0.062574843680287	0.491743	0.612121	86.659592	0.662993	0.127298	0.515819
9uzg	seed_1181241943	0.0493338026943824	9.775094384344754	0.0952380952380952	0.038703911308326	0.469627	0.578133	86.025871	0.666523	0.144619	0.491329
9uzg	seed_1812140441	0.009684290137499	12.588478327307074	0.0	0.0078627540930782	0.478621	0.588727	86.580559	0.654678	0.143329	0.500642
9uzg	seed_3163119785	0.0129470144868332	11.888298744088177	0.0	0.0087310830747733	0.465457	0.579221	86.057693	0.73695	0.134929	0.48821
9uzg	seed_958682846	0.1168255001592702	4.983724401000656	0.238095238095238	0.0726398680133034	0.4834	0.600845	87.83712	0.599674	0.131906	0.506889
9uzh	seed_1181241943	0.0609403775456578	9.014856727306247	0.1304347826086956	0.0368127421296275	0.476191	0.583752	87.3601	0.597361	0.153308	0.497703
9uzh	seed_1812140441	0.0064208509878281	14.202394626255986	0.0	0.0061168489743448	0.467068	0.576469	87.108276	0.658744	0.142351	0.488948
9uzh	seed_2746317213	0.0069386127962855	13.80962893190759	0.0	0.006718174863116	0.47273	0.583272	87.291351	0.656228	0.155459	0.494839
9uzh	seed_3163119785	0.0820413809916212	6.459209600624403	0.1739130434782608	0.0807410887759876	0.490608	0.601816	87.283302	0.617435	0.160854	0.512849
9uzh	seed_958682846	0.1155774799546189	4.755017410190871	0.217391304347826	0.1343590714171771	0.48678	0.60013	87.72039	0.577369	0.140806	0.50945
9uzi	seed_1181241943	0.0148497996634782	8.776623519542545	0.0	0.0123973565664919	0.509651	0.627748	87.571175	0.633393	0.149962	0.53327
9uzi	seed_2746317213	0.2604035535817111	3.4233456348800924	0.52	0.2625599756586664	0.521285	0.635017	88.212593	0.567995	0.18941	0.544031
9uzi	seed_3163119785	0.0068546666255038	13.793599816217146	0.0	0.0066256343677515	0.47604	0.590307	83.790436	0.798753	0.132549	0.498894
9uzi	seed_958682846	0.0127392227570364	9.905536248317636	0.0	0.0106517530429912	0.494279	0.612271	86.933777	0.620234	0.139453	0.517877
9vdy	seed_1181241943	0.9231218683835856	0.449298412980949	0.9130434782608696	0.938731194057202	0.631719	0.717281	89.893021	0.559323	0.405078	0.648831
9vdy	seed_2746317213	0.907102033467086	0.4684958440034706	0.8695652173913043	0.9240975886881158	0.70729	0.772347	90.485535	0.503249	0.532628	0.720302
9vdy	seed_3163119785	0.8670222756921322	0.5648643582519632	0.8478260869565217	0.8980489350108266	0.610376	0.702875	89.26696	0.592934	0.368442	0.628876
9vdy	seed_958682846	0.9316267716235146	0.4545579898435122	0.9347826086956522	0.9180714236063908	0.814065	0.849942	91.014488	0.453463	0.714009	0.821241
9vdz	seed_1812140441					0.517382	0.60059	88.908615	0.594541	0.287115	0.534023
9vdz	seed_2746317213					0.50486	0.626159	89.041626	0.625593	0.19717	0.52912
9vdz	seed_3163119785					0.553276	0.660576	89.803513	0.566123	0.270023	0.574736
9vdz	seed_958682846					0.531918	0.645704	89.260864	0.616595	0.239078	0.554675
9vjj	seed_1812140441					0.353548	0.473947	75.656723	1.1776	0.118921	0.399606
9vjj	seed_2746317213					0.344602	0.469179	77.057648	1.381315	0.131896	0.38417
9vjj	seed_3163119785					0.351474	0.472806	76.4925	1.184285	0.120111	0.389477
9vjj	seed_958682846					0.414644	0.528968	77.654152	1.043673	0.285134	0.45033
9vp0	seed_1812140441	0.0466466946255447	12.199121471445023	0.0	0.048341126580756	0.594768	0.664215	86.635033	0.596723	0.213969	0.608657
9vp0	seed_2746317213	0.0430077336662143	12.661870288639076	0.0	0.0521181601219081	0.637356	0.720333	86.844978	0.639523	0.174653	0.653951
9vp0	seed_3163119785	0.0377797843041266	12.333056419444334	0.0	0.042690977475798	0.595329	0.673791	87.056229	0.582732	0.145065	0.611021
9vp0	seed_958682846	0.0355398746923296	14.43497535943466	0.0	0.0406497395493185	0.636912	0.718282	87.54377	0.586447	0.172867	0.653186
9y0a	seed_1181241943	0.0368960279057533	14.34316814910339	0.0	0.0302143437097817	0.50171	0.592508	86.924194	0.632906	0.164249	0.51987
9y0a	seed_1812140441	0.0491955406979263	12.910038990430138	0.0	0.0478856395630352	0.546069	0.625939	87.386726	0.603504	0.195565	0.562043
9y0a	seed_2746317213	0.034365958749563	13.699128616295488	0.0	0.033761349951653	0.536613	0.621439	87.411163	0.604663	0.172694	0.553578
9y0a	seed_3163119785	0.0453488991686225	12.80484003112324	0.0	0.0447905089750992	0.515154	0.598761	87.14344	0.589133	0.143741	0.531876
9y0a	seed_958682846	0.0372607550829134	12.799985489084149	0.0	0.0311575997395131	0.520114	0.599142	86.808464	0.630375	0.220567	0.53592
9yio	seed_1181241943	0.0326512311358282	14.771004441615572	0.0	0.0308148920663428	0.67493	0.762327	87.313957	0.597542	0.101691	0.695328
9yio	seed_2746317213	0.0425538220662217	11.151913294474053	0.0	0.0490355843095908	0.682437	0.763782	86.835808	0.558838	0.149367	0.71038
9yio	seed_3163119785	0.0316885195699518	16.534892737395396	0.03125	0.0226826495421603	0.672614	0.753625	86.923264	0.551734	0.127446	0.697571
9yio	seed_958682846	0.028087118449579	17.21649617497019	0.03125	0.3537117388874953	0.677229	0.761825	87.016411	0.5695	0.115632	0.707767
8d9y	seed_958682846					0.642605	0.709522	86.935608	0.5831	0.147902	0.655988
8im0	seed_1181241943	0.8979827020683299	0.5494590330298625	0.8571428571428571		0.887512	0.924599	93.984322	0.316211	0.887512	0.894929
8jeo	seed_3163119785					0.913373	0.922548	94.029137	0.331582	0.86135	0.915208
8oww	seed_1181241943	0.0110163354004016	17.452106976572676	0.0		0.216973	0.661967	85.322975	0.663289	0.216973	0.305972
8pe1	seed_1812140441					0.949451	0.896052	92.257141	0.498401	0.949451	0.938771
8s79	seed_2746317213	0.0072480728662826	23.050250947297247	0.0		0.128605	0.645914	81.787758	1.000088	0.128605	0.232067
8tft	seed_958682846	0.6128319305906248	0.7650881072025868	0.8	0.5208564818640553	0.825772	0.829853	91.990829	0.359537	0.805241	0.826588
8tv3	seed_3163119785	0.6712545421491917	0.9549861970637684	0.9090909090909092	0.3968742297807313	0.792382	0.834406	89.07666	0.523034	0.630331	0.81521
8uky	seed_3163119785					0.654537	0.715667	87.426422	0.589342	0.357268	0.666763
8uw2	seed_3163119785	0.0054345387668064	20.705271354191854	0.0		0.132765	0.584502	77.24456	1.2008	0.132765	0.236946
8vvl	seed_958682846	0.6186582594573421	2.366270346098927	0.6190476190476191	0.8908654296218508	0.764414	0.81374	89.792191	0.446609	0.623585	0.774279
8w0w	seed_958682846	0.0215089736520709	15.356652479674672	0.0	0.0032844334950302	0.522838	0.640552	86.219894	0.725502	0.21958	0.546381
8w90	seed_958682846					0.099884	0.582173	83.982018	0.737268	0.099884	0.196342
8weo	seed_2746317213					0.931287	0.902484	92.466888	0.324254	0.931287	0.925526
8x0t	seed_2746317213	0.0503800039719258	8.463988556117299	0.0384615384615384	0.0800430820426715	0.674268	0.704062	87.396912	0.495378	0.401257	0.680227
8xk6	seed_1812140441	0.7587825879168747	0.8181218600987311	0.7209302325581395	0.8898270250239548	0.414814	0.627691	87.550507	0.695101	0.194593	0.45739
8y9t	seed_1812140441	0.8211150120030171	0.850678034973206	0.75		0.922889	0.839155	82.803192	0.695163	0.922889	0.915858
8ybm	seed_1181241943	0.0108528374723426	13.517082217793195	0.0		0.118842	0.644717	84.618446	0.669479	0.118842	0.224017
8ybn	seed_1181241943	0.139385477905071	8.06955552757935	0.2439024390243902		0.477775	0.786792	87.823265	0.552168	0.477775	0.539578
8ybo	seed_1181241943					0.745294	0.86739	92.467598	0.449135	0.745294	0.769713
8ybp	seed_1181241943	0.6673987497167917	2.908093291029503	0.813953488372093		0.878994	0.92241	92.491478	0.350547	0.878994	0.887677
8yj8	seed_1181241943	0.57510686598553	2.1612345011962244	0.673469387755102		0.838244	0.916556	91.90255	0.370326	0.838244	0.853907
8yj8	seed_958682846	0.6257810971731204	2.414713155831293	0.7959183673469388		0.839819	0.916277	92.091286	0.368079	0.839819	0.855111
8ykt	seed_958682846	0.0221800431000047	15.655046962035046	0.0	0.0048834853344549	0.457832	0.558063	87.050179	0.590454	0.162176	0.477878
8ysh	seed_958682846	0.6870045032334587	1.5251557887908471	0.7627118644067796		0.353744	0.727989	86.262238	0.70614	0.353744	0.428593
8yub	seed_958682846	0.0179776135371361	13.46725368798193	0.0	0.0144783548460161	0.474722	0.572526	86.219154	0.657012	0.141079	0.494282
8yvj	seed_958682846	0.0211027775552617	13.250161433340654	0.0		0.767373	0.818474	90.058563	0.453042	0.767373	0.777593
8yxi	seed_1181241943	0.0947743287199718	4.5764095912933165	0.0	0.1857650217549123	0.441631	0.565658	88.440544	0.579868	0.123557	0.466436
8yyz	seed_1181241943	0.0626578132531694	11.489777724647286	0.1	0.0271275019671931	0.651289	0.74709	90.193985	0.4916	0.254485	0.670449
8z2e	seed_1181241943	0.7914215562734976	0.8401421587285619	0.9423076923076924		0.893709	0.915321	93.094849	0.341014	0.893709	0.898032
8z2v	seed_1181241943	0.0862833437135696	6.3750762147550075	0.0	0.0738741889736731	0.649431	0.745841	90.194008	0.481658	0.247758	0.668713
8z39	seed_1181241943	0.7821103798206935	0.9579299593830934	0.8285714285714286	0.645236470164961	0.621234	0.722877	89.749153	0.485452	0.195188	0.641563
8z8v	seed_1812140441	0.0036002658371454	28.121972596653578	0.0		0.161435	0.742715	85.611473	0.692958	0.161435	0.277691
8zca	seed_1812140441					0.58101	0.668147	88.067039	0.53838	0.139154	0.598437
8zu9	seed_1812140441	0.0741775670486454	11.968436738254052	0.1034482758620689	0.1160267659242724	0.60461	0.711558	88.65287	0.56509	0.195938	0.625999
9atm	seed_1812140441	0.1026455538681252	5.878577430826959	0.14	0.0469563462129213	0.486136	0.581055	87.721481	0.582826	0.134706	0.50512
9au1	seed_1812140441	0.0258730485172939	17.467372674464215	0.0	0.0283427506630854	0.562203	0.647053	88.591682	0.517479	0.254819	0.579173
9azr	seed_1812140441	0.0589157677401124	13.806691489526669	0.0909090909090909	0.0106388535790625	0.499997	0.571199	87.143379	0.603163	0.220878	0.514238
9bdi	seed_1181241943					0.757613	0.820933	91.926193	0.368281	0.852009	0.770277
9bt5	seed_1181241943	0.0625766431821851	9.73581753038881	0.1052631578947368	0.0172476113793139	0.599233	0.701621	89.213783	0.581996	0.280864	0.619711
9cds	seed_1181241943	0.0022424248868901	31.28938370550712	0.0	0.0019976089139288	0.498805	0.626061	89.236389	0.531528	0.145357	0.524256
9d41	seed_1181241943	0.0446620355398372	11.37141814111586	0.0571428571428571	0.025286622274979	0.661481	0.707997	84.98201	0.616539	0.149819	0.684022
9dbo	seed_1812140441	0.2346506785775164	5.364483218063024	0.1794871794871795	0.3275001804188549	0.636738	0.698428	89.577538	0.458408	0.218037	0.649076
9dl0	seed_1812140441					0.666801	0.703102	89.606796	0.472313	0.384219	0.674061
9dq3	seed_1181241943	0.8386957058894865	0.5416762962463478	0.9142857142857144	0.7254789906739839	0.871879	0.889909	91.174385	0.45736	0.778315	0.879309
9dq4	seed_1812140441	0.1054042144866997	8.19317368443021	0.0	0.1171989957508481	0.709111	0.784475	89.277679	0.509232	0.317361	0.724184
9dx6	seed_1812140441	0.4499946706843341	2.8166525880776896	0.6428571428571429	0.3517855354207084	0.636215	0.709941	87.845665	0.550981	0.661151	0.650961
9e7n	seed_1181241943					0.146224	0.676243	83.587646	0.730581	0.146224	0.252227
9e7o	seed_1812140441	0.0125832561071908	12.658249682248735	0.0		0.119232	0.665903	81.354141	0.904007	0.119232	0.231073
9eht	seed_1812140441					0.700203	0.771748	88.843147	0.523614	0.331064	0.714512
9en2	seed_1812140441	0.0300250551994452	14.317184338072405	0.0327868852459016		0.119543	0.426667	82.017113	0.860726	0.119543	0.180968
9ena	seed_1181241943	0.0228715413890359	13.516027864655308	0.0147058823529411		0.130062	0.789221	88.734169	0.592575	0.130062	0.261894
9etl	seed_2746317213	0.0748650211020492	13.57972437807816	0.123076923076923		0.359436	0.702698	84.573982	0.676613	0.359436	0.428089
9eze	seed_2746317213	0.7003547173324377	1.6461442440040974	0.7727272727272727	0.8595531470024304	0.755837	0.782992	91.261665	0.463602	0.634238	0.761268
9ezh	seed_2746317213	0.802987397911383	1.052731335840068	0.8431372549019608		0.736427	0.81102	85.883339	0.679773	0.736427	0.751346
9ezu	seed_2746317213	0.5037554152635931	1.895955122111589	0.5576923076923077		0.657166	0.799532	88.786095	0.451584	0.657166	0.685639
9ezv	seed_2746317213	0.5104470875944997	1.8462139467915168	0.5490196078431373		0.352467	0.656428	87.107796	0.579346	0.352467	0.413259
9f91	seed_2746317213	0.1815058132356141	6.000623392463074	0.32	0.0784561108723593	0.726731	0.763069	88.776535	0.505009	0.429947	0.733999
9fc2	seed_2746317213	0.0498150304383136	9.819138379492625	0.0		0.146566	0.637516	83.90815	0.801004	0.146566	0.244756
9fik	seed_2746317213	0.018535871211019	10.279945765144094	0.0	0.0131998054784154	0.662934	0.707385	88.345009	0.536508	0.400107	0.671824
9fvb	seed_3163119785	0.0224024311605752	9.7426039532704	0.0		0.128138	0.680428	88.612343	0.599586	0.128138	0.238596
9fww	seed_2746317213	0.0527196586549136	11.04118064346356	0.0		0.205568	0.582536	83.173225	0.714676	0.205568	0.280961
9fys	seed_3163119785					0.65302	0.76392	83.237274	0.767827	0.184302	0.6752
9fyt	seed_3163119785					0.678769	0.776064	81.920601	0.736856	0.260543	0.702975
9fzc	seed_3163119785					0.196378	0.578112	81.138657	0.943416	0.196378	0.272725
9fzd	seed_2746317213	0.5451033721256259	2.5516743056184934	0.6530612244897959		0.355384	0.659835	84.311142	0.713128	0.355384	0.416274
9g2a	seed_1812140441					0.263591	0.603434	84.522697	0.738295	0.263591	0.33156
9g2g	seed_2746317213					0.225077	0.580225	83.781082	0.713145	0.225077	0.296107
9g48	seed_2746317213	0.0308866598154764	11.418808427566184	0.0		0.139428	0.538453	81.587349	0.801494	0.139428	0.219233
9g5l	seed_2746317213	0.033922648660654	12.430379057577069	0.0		0.169483	0.535646	78.970566	0.84711	0.169483	0.242716
9g7k	seed_2746317213					0.233971	0.595988	84.28257	0.683561	0.233971	0.306375
9g97	seed_2746317213	0.6442447922845386	0.690756160332675	0.8035714285714286		0.704541	0.785379	81.837708	0.589561	0.704541	0.720709
9ggp	seed_2746317213	0.0044010485556052	19.942643474830625	0.0	0.004302473239246	0.474399	0.594703	87.538551	0.621074	0.160208	0.49846
9ghi	seed_2746317213	0.0606922825153756	7.347644194640675	0.0434782608695652	0.0519587731847724	0.564215	0.671792	86.396744	0.577357	0.18116	0.599266
9ghj	seed_3163119785	0.3186151294528933	3.0633190902140854	0.4838709677419355	0.185886681455919	0.554121	0.652182	84.701538	0.674958	0.178292	0.589156
9glz	seed_2746317213	0.0191508798158729	10.182382101535556	0.0		0.466054	0.721462	83.668022	0.69787	0.466054	0.517136
9gox	seed_3163119785	0.0050566681428296	18.000707364769294	0.0	0.008109079587873	0.731773	0.787444	90.919426	0.44719	0.5629	0.742907
9gvn	seed_2746317213					0.671722	0.770205	89.247353	0.546205	0.163145	0.705105
9gvo	seed_2746317213	0.0305857221258154	13.087971220867926	0.0		0.137744	0.405177	80.584473	1.139832	0.137744	0.191231
9h1f	seed_3163119785	0.8556052082158225	0.9383646728630312	0.8809523809523809		0.840111	0.884626	88.992027	0.40577	0.840111	0.849014
9h4r	seed_3163119785					0.629417	0.752124	85.247803	0.578399	0.220963	0.653958
9h6v	seed_3163119785	0.0386687379489263	9.139931794452124	0.0161290322580645		0.125247	0.615959	86.994629	0.665733	0.125247	0.223389
9h77	seed_958682846					0.41181	0.768689	86.09066	0.527234	0.41181	0.483186
9hi4	seed_3163119785					0.865246	0.869562	93.359276	0.339025	0.856333	0.866109
9hi6	seed_3163119785	0.7501516207628033	1.403624280246264	0.868421052631579	0.6526327852515662	0.856784	0.860118	91.894753	0.372307	0.845091	0.85745
9hj9	seed_2746317213	0.0321205448450053	13.294241873878413	0.0	0.0323685474248057	0.622971	0.724505	90.674347	0.495245	0.323803	0.643278
9hk1	seed_2746317213	0.0449332025176839	14.241043245836291	0.0	0.0458913269618278	0.648772	0.737497	86.64312	0.68975	0.170428	0.666517
9hll	seed_2746317213					0.172847	0.61134	83.420288	0.663955	0.172847	0.260546
9ho5	seed_3163119785	0.6096599882827315	2.4201365091008373	0.7413793103448276		0.718774	0.811526	86.175949	0.661978	0.718774	0.737324
9ho6	seed_2746317213					0.785015	0.823934	89.735077	0.444359	0.785015	0.792799
9hub	seed_2746317213					0.629915	0.748705	82.370766	0.807445	0.138849	0.653673
9hur	seed_2746317213	0.5474318044692105	2.12513000827878	0.6206896551724138		0.845908	0.89209	89.677513	0.377276	0.845908	0.855144
9hxo	seed_2746317213					0.6719	0.766354	81.265152	0.760817	0.258558	0.700255
9hzj	seed_2746317213	0.4813085306327243	2.596127303403264	0.65		0.688148	0.860254	90.986748	0.367705	0.688148	0.722569
9hzk	seed_2746317213	0.4444310887388121	2.284031296905775	0.5116279069767442		0.777212	0.875928	90.75872	0.374183	0.777212	0.796955
9i59	seed_2746317213					0.50082	0.594942	87.504692	0.625395	0.232344	0.519644
9iqp	seed_2746317213	0.0152094735148506	16.06651805423791	0.0		0.710075	0.845773	87.749748	0.507296	0.710075	0.737215
9jbq	seed_2746317213	0.0325123632144051	14.79109026861146	0.0	0.035401675533113	0.674626	0.76215	89.810738	0.506828	0.303024	0.692131
9jcy	seed_2746317213	0.0109023285569345	14.91882690583241	0.0	0.0092812019367524	0.424029	0.530102	89.13858	0.596327	0.126074	0.445244
9jd0	seed_2746317213	0.0804334861272184	11.369482693541954	0.1830985915492957		0.143406	0.684787	85.635094	0.6933	0.143406	0.251682
9jd1	seed_2746317213	0.0919394254327633	6.382139672551744	0.1842105263157894	0.0245334706734576	0.534504	0.639431	89.335304	0.533229	0.207951	0.55549
9jeb	seed_2746317213					0.102729	0.48761	84.726158	0.81004	0.102729	0.179706
9jno	seed_2746317213	0.0047226798603387	17.27967681774935	0.0	0.0056447873057533	0.50861	0.628419	88.420731	0.593317	0.167496	0.532572
9jqv	seed_2746317213	0.0032431179461468	23.128961630441403	0.0	0.0037160661219023	0.465051	0.5934	88.790146	0.622337	0.137148	0.490721
9kur	seed_2746317213					0.57097	0.670962	87.507431	0.593098	0.105539	0.599165
9l9y	seed_2746317213	0.071957275420943	11.409825913292972	0.0	0.0748725997375438	0.591448	0.673957	88.624184	0.614653	0.254546	0.60795
9lad	seed_2746317213	0.9055821823604548	0.6602742604535776	0.9361702127659576		0.841308	0.901634	90.146782	0.419611	0.841308	0.853373
9lh2	seed_2746317213					0.104114	0.601641	83.696053	0.782747	0.104114	0.20362
9lme	seed_2746317213					0.220592	0.639408	84.764229	0.7811	0.220592	0.319236
9m5b	seed_3163119785	0.0234145179599892	19.41862063111913	0.0	0.0250533085374806	0.579807	0.702534	90.75161	0.511755	0.14728	0.604353
9m6j	seed_2746317213	0.0171361092370275	13.8776719603119	0.0		0.514656	0.816638	86.885872	0.55843	0.514656	0.575052
9m6o	seed_2746317213	0.0180080365647939	13.36114079982852	0.0		0.594405	0.842057	88.174301	0.502652	0.594405	0.643935
9mer	seed_2746317213	0.0336027365387035	9.594631794710804	0.0	0.0327350263772986	0.544251	0.668322	89.623703	0.52533	0.144729	0.569065
9mev	seed_2746317213	0.0357937527499034	13.241440672952988	0.0	0.0371307581166703	0.628456	0.730569	90.653564	0.519932	0.330708	0.648879
9mic	seed_3163119785	0.0314628910387736	14.223049844085503	0.0	0.1578496948998865	0.622367	0.712068	89.832565	0.541394	0.27624	0.640308
9mif	seed_2746317213	0.032145079918757	15.419312158080388	0.0	0.1088646409330945	0.642357	0.728284	90.210533	0.571283	0.286784	0.659543
9mj3	seed_2746317213	0.045533849090717	12.983781455926032	0.0333333333333333	0.0345946482821857	0.584628	0.690959	89.431564	0.519954	0.164118	0.605894
9ml8	seed_2746317213					0.586546	0.699311	88.72715	0.563666	0.186408	0.609099
9mqv	seed_3163119785	0.4943837990310842	1.8293430020342816	0.3454545454545454	0.7567434389474453	0.470022	0.587579	89.12516	0.54183	0.253234	0.493533
9mxi	seed_2746317213	0.0435589075304099	13.204761363093615	0.0	0.0425139304352028	0.663449	0.722293	85.930382	0.738197	0.270601	0.676134
9n8i	seed_2746317213	0.0357453129148163	13.08778706611954	0.0	0.0356927648190841	0.526428	0.638832	89.323654	0.478067	0.127595	0.548909
9n8n	seed_2746317213	0.0032302897761253	22.581376063514707	0.0	0.0036130823418232	0.441298	0.563995	87.184891	0.583723	0.130252	0.465838
9njy	seed_3163119785	0.6450020202167405	0.7050199901970771	0.9230769230769232	0.5069835849693498	0.753778	0.796509	91.018723	0.398131	0.641522	0.762324
9npi	seed_3163119785	0.0428222600964303	13.309989396219729	0.0	0.0387849208501177	0.617239	0.704644	86.77803	0.588713	0.269588	0.63472
9oar	seed_958682846	0.0424316238500795	9.978729915393185	0.0	0.0657287963542228	0.563585	0.648292	88.446724	0.570902	0.192242	0.580527
9obn	seed_958682846	0.7148329374072673	1.520935272030508	0.8076923076923077		0.795845	0.849912	87.004181	0.50008	0.795845	0.806658
9pi9	seed_958682846					0.476242	0.585967	86.471054	0.689483	0.140913	0.509533
9pru	seed_958682846					0.626558	0.69087	89.993645	0.475495	0.356683	0.639421
9pzi	seed_958682846	0.037946871955939	13.363323064279802	0.0	0.039766414752984	0.664832	0.725019	89.771057	0.570446	0.341228	0.676869
9qrv	seed_1181241943	0.0418417928485153	7.593946017754473	0.0	0.044116811139365	0.688446	0.777621	88.126648	0.514572	0.155062	0.706281
9qrv	seed_958682846	0.4677423833352851	1.9459499007024943	0.4814814814814814	0.4259662906896274	0.747926	0.806103	88.627701	0.486813	0.374375	0.759562
9riu	seed_1181241943	0.0791825843456614	8.579306713043344	0.0185185185185185		0.150565	0.679201	82.735649	0.693552	0.150565	0.256292
9rm2	seed_1181241943					0.473799	0.582874	87.869118	0.625699	0.176536	0.495614
9rn6	seed_1181241943	0.045979469265587	15.402619227251895	0.0784313725490196		0.201578	0.566009	79.610023	1.049326	0.201578	0.274465
9th6	seed_1181241943	0.0057626468214584	21.509892587504396	0.0		0.269415	0.771182	86.775642	0.614591	0.269415	0.369768
9u8g	seed_1181241943					0.752168	0.896091	89.594215	0.391576	0.752168	0.780953
9uk5	seed_1181241943	0.0782212466850062	9.277125967653753	0.0517241379310344	0.0712317279426445	0.625098	0.710035	87.694977	0.591811	0.168138	0.642086
9uvi	seed_1812140441	0.6536463642965318	1.3484774541383278	0.4782608695652174	0.8788497650520597	0.918238	0.93948	92.770073	0.336726	0.818132	0.922486
9uzb	seed_1812140441	0.0159279500786804	8.106903188177236	0.0	0.0130112515384022	0.477286	0.576366	87.255661	0.634377	0.174132	0.497102
9uzd	seed_1812140441	0.0103716384489992	15.605569886274894	0.0	0.0059735407996261	0.48736	0.613735	87.794411	0.648643	0.112054	0.512635
9uze	seed_2746317213	0.0067276525850643	13.762801003882082	0.0	0.006959072577495	0.469202	0.570613	86.875168	0.657371	0.164082	0.489484
9uzf	seed_2746317213	0.0162004032321234	11.865454036654802	0.0	0.0092130643170812	0.499379	0.615979	87.051933	0.642349	0.142279	0.522699
9uzg	seed_2746317213	0.0065475434658468	13.893471288400116	0.0	0.0063031321119239	0.466527	0.580162	86.346375	0.709591	0.135105	0.489254
9uzi	seed_1812140441	0.028508399594803	8.412132781604718	0.04	0.0127709876792734	0.477203	0.576357	87.261055	0.634216	0.173875	0.497034
9vdy	seed_1812140441	0.8774936805327164	0.5897296539731193	0.8913043478260869	0.8999359284915479	0.613654	0.705436	89.94593	0.56699	0.371332	0.632011
9vdz	seed_1181241943					0.532167	0.643833	89.238396	0.586239	0.22256	0.5545
9vjj	seed_1181241943					0.349849	0.471254	77.597092	1.24685	0.113536	0.38054
9vp0	seed_1181241943	0.0432076550889527	14.009071383660409	0.0	0.0424488137779626	0.632021	0.720812	87.618538	0.641198	0.156131	0.649779
9yio	seed_1812140441	0.050328906510079	11.54999095527884	0.046875	0.3781043846794361	0.676988	0.760729	87.009193	0.561402	0.124874	0.6986
