pdb	seed	DockQ_HA	iRMSD_HA	fnat_HA	iptm	ranking_score	ha_iptm	avg_plddt	gpde
7y3o	101	0.1009676699374901	7.5922857171483695	0.088235294117647	0.5921899080276489	0.6142281889915466	0.19806018471717834	88.59115600585938	0.5588890314102173
7y3o	102	0.0214440343116209	16.728630539441973	0.0	0.5872892141342163	0.6098244190216064	0.18824522197246552	87.82642364501953	0.5935567617416382
7y3o	103	0.1944789500089733	5.610707197254011	0.2058823529411764	0.7018884420394897	0.7181317210197449	0.5068556666374207	90.37026977539062	0.4523979127407074
7y3o	104	0.1714996927471709	6.12138538805464	0.2058823529411764	0.7132630944252014	0.7288857102394104	0.5241446495056152	90.70105743408203	0.4426431953907013
7y3o	105	0.0180596378193474	16.678701611442182	0.0	0.6510855555534363	0.6698490381240845	0.34723424911499023	90.46188354492188	0.4725953936576843
7yds	101	0.0424993200959265	11.545412768263564	0.0	0.7241660952568054	0.7394823431968689	0.3517360985279083	91.35890197753906	0.4556988775730133
7yds	102	0.3283379615077917	3.6302858316841338	0.2647058823529412	0.7784432172775269	0.7895565032958984	0.48849767446517944	91.90873718261719	0.4189574122428894
7yds	103	0.2958847875345031	4.074082846686683	0.2941176470588235	0.7622321248054504	0.7744362354278564	0.45163699984550476	91.55001068115234	0.4283257722854614
7yds	104	0.2860454945566348	3.929891893292836	0.2352941176470588	0.7861883044242859	0.7963010668754578	0.5152565240859985	91.81159973144531	0.4095616042613983
7yds	105	0.3093173805288456	3.992730847116172	0.2941176470588235	0.7679501175880432	0.7796914577484131	0.4617732763290405	91.4718017578125	0.42331185936927795
7yv1	101	0.0663318270840147	12.211287302406133	0.1	0.6521528959274292	0.6732374429702759	0.2623094618320465	89.35450744628906	0.5046085119247437
7yv1	102	0.0467709943896571	11.710513738728528	0.0333333333333333	0.6510754227638245	0.6717852354049683	0.2679120600223541	88.6142349243164	0.5217667818069458
7yv1	103	0.0209565053714343	13.224630855533208	0.0	0.6523358225822449	0.6729001402854919	0.26461777091026306	89.3274917602539	0.5047847032546997
7yv1	104	0.2901344692357701	4.038543292686061	0.3333333333333333	0.6545326709747314	0.6756371855735779	0.2796740233898163	89.66905212402344	0.49401429295539856
7yv1	105	0.0170812516851071	14.056448070507392	0.0	0.6588918566703796	0.6795313358306885	0.2831781804561615	89.71141052246094	0.49115726351737976
7z1x	101	0.0110464133560453	12.148004428727328	0.0	0.492780864238739	0.5501176118850708	0.492780864238739	82.92375183105469	0.6590008735656738
7z1x	102				0.7188961505889893	0.7336846590042114	0.7188961505889893	85.77529907226562	0.49557632207870483
7z1x	103				0.6990572810173035	0.7171515822410583	0.6990572810173035	86.4733657836914	0.4926864206790924
7z1x	104				0.6276302337646484	0.6511397361755371	0.6276302337646484	84.7259521484375	0.5640058517456055
7z1x	105				0.8490796089172363	0.8521146774291992	0.8490796089172363	87.47406005859375	0.4645810127258301
7zau	101				0.20181813836097717	0.3187456727027893	0.20181813836097717	88.77466583251953	0.5955728888511658
7zau	102				0.1921345442533493	0.3103310465812683	0.1921345442533493	88.57250213623047	0.5963650941848755
7zau	103				0.21551986038684845	0.3307309150695801	0.21551986038684845	88.7531967163086	0.5904343724250793
7zau	104				0.20244577527046204	0.3188267946243286	0.20244577527046204	88.8590316772461	0.5931095480918884
7zau	105				0.2116788923740387	0.3260256052017212	0.2116788923740387	88.47112274169922	0.5910682082176208
7zoz	101	0.0647011838859015	11.459686353108436	0.0606060606060606	0.7029750347137451	0.7196123003959656	0.3176578879356384	89.8602294921875	0.4649655520915985
7zoz	102	0.4380266985237942	3.1497340375962586	0.5757575757575758	0.6999984979629517	0.7170190215110779	0.3067796528339386	89.92410278320312	0.4736303687095642
7zoz	103	0.3774171535354196	3.4523770467583064	0.4848484848484848	0.7008825540542603	0.7179211974143982	0.30820539593696594	89.84980010986328	0.4743775427341461
7zoz	104	0.3570319973063078	3.5601930380798716	0.4848484848484848	0.7011508345603943	0.7181368470191956	0.3119233250617981	89.85665893554688	0.47515180706977844
7zoz	105	0.1191544892788437	9.238117393787766	0.1818181818181818	0.7102624177932739	0.7266933917999268	0.32740944623947144	89.98417663574219	0.4628649055957794
8a44	101	0.0045920497723295	17.922862086283097	0.0	0.5794739723205566	0.6009833216667175	0.3544088304042816	88.3517837524414	0.4984128475189209
8a44	102	0.0047206289442645	17.747221045165052	0.0	0.5803274512290955	0.6020129919052124	0.33074453473091125	87.98587799072266	0.5020191073417664
8a44	103	0.0043763484953956	18.399727150337934	0.0	0.5191039443016052	0.5449662208557129	0.22224369645118713	87.86553955078125	0.5378019213676453
8a44	104	0.0049815938052537	17.38165315345219	0.0	0.7207607626914978	0.733485221862793	0.5777311325073242	89.29349517822266	0.4283249080181122
8a44	105	0.0199678548723278	8.34020416681483	0.0	0.5247888565063477	0.5506266951560974	0.2696399390697479	87.64602661132812	0.5374793410301208
8acf	101	0.641006673030699	1.0154702902688149	0.7551020408163265	0.909033477306366	0.9109835028648376	0.8996803760528564	94.58006286621094	0.3383861780166626
8acf	102	0.660144130315971	0.9674730891747726	0.8367346938775511	0.7975835800170898	0.8073705434799194	0.6500996351242065	92.41432189941406	0.40877586603164673
8acf	103	0.6488586208333068	0.9360496205103512	0.7959183673469388	0.8055492639541626	0.8153213262557983	0.6504899263381958	92.48448944091797	0.40330204367637634
8acf	104	0.6279523542537019	1.0391474952712374	0.7755102040816326	0.9153264164924622	0.9166797399520874	0.9156118631362915	94.4898452758789	0.3364674150943756
8acf	105	0.621730488604508	1.073314717639883	0.7959183673469388	0.9117307066917419	0.913652241230011	0.9027926921844482	94.58551788330078	0.3383423089981079
8aci	101	0.7079502187978374	0.69524580581823	0.8297872340425532	0.9095198512077332	0.9110512137413025	0.9092934727668762	94.34529876708984	0.3384213447570801
8aci	102	0.6909649606655864	0.7828549681689612	0.851063829787234	0.9093241691589355	0.9110376238822937	0.9061282873153687	94.39373779296875	0.3390747904777527
8aci	103	0.7037440174311951	0.8061168647452159	0.8297872340425532	0.9106003642082214	0.9119278192520142	0.9048765301704407	94.30049133300781	0.3403295874595642
8aci	104	0.69297408068599	0.8716535546874712	0.8085106382978723	0.9130896329879761	0.9146037101745605	0.9112921357154846	94.3396987915039	0.3396987318992615
8aci	105	0.7025043295023102	0.7295008979689191	0.8297872340425532	0.904330313205719	0.9063302874565125	0.8977535963058472	94.42533111572266	0.3407013714313507
8aok	101	0.516397731344501	2.323753143603911	0.5769230769230769	0.4601761996746063	0.5110565423965454	0.4601761996746063	89.38011169433594	0.4853813052177429
8aok	102	0.0428787265057703	12.988993656057534	0.0	0.3520365357398987	0.4101078510284424	0.3520365357398987	88.78167724609375	0.5592906475067139
8aok	103	0.5697429607873813	2.2614171206389777	0.6346153846153846	0.4572570323944092	0.5090774297714233	0.4572570323944092	89.55310821533203	0.4990050196647644
8aok	104	0.584035731457239	2.194821104755392	0.6346153846153846	0.5008316040039062	0.5478737950325012	0.5008316040039062	89.56877899169922	0.49171632528305054
8aok	105	0.042226657085527	13.043553874953025	0.0	0.3394854664802551	0.39928776025772095	0.3394854664802551	88.77046203613281	0.5669919848442078
8aom	101	0.7377484467818954	1.2548679512244283	0.7954545454545454	0.8858180642127991	0.8849540948867798	0.8858180642127991	91.91105651855469	0.36030685901641846
8aom	102	0.3663835088363502	3.1340013384928964	0.5	0.8638122081756592	0.8650916814804077	0.8638122081756592	91.93683624267578	0.3638535737991333
8aom	103	0.7617388813924025	1.1387077226529532	0.8181818181818182	0.8900678157806396	0.8884496688842773	0.8900678157806396	91.94867706298828	0.3605882227420807
8aom	104	0.6851325254447659	1.6118556880694936	0.7727272727272727	0.866357684135437	0.8673396706581116	0.866357684135437	91.93557739257812	0.3644293248653412
8aom	105	0.8220436673904818	0.9588048849821352	0.8409090909090909	0.8658990263938904	0.8672443628311157	0.8658990263938904	92.09070587158203	0.36138805747032166
8apy	101	0.8975239484284563	0.645138714717912	0.868421052631579	0.9040825963020325	0.9073834419250488	0.9040825963020325	93.61880493164062	0.34506756067276
8apy	102	0.8981997728174017	0.6088059679965989	0.8552631578947368	0.9056254029273987	0.9087523818016052	0.9056254029273987	93.70919799804688	0.34404733777046204
8apy	103	0.9047611704685564	0.6046783747666654	0.868421052631579	0.904429018497467	0.9076632261276245	0.904429018497467	93.62274932861328	0.3449813723564148
8apy	104	0.8846127725941192	0.6881512691420545	0.8552631578947368	0.903803825378418	0.9072273969650269	0.903803825378418	93.66099548339844	0.3446025252342224
8apy	105	0.8989290486119305	0.6432367220722576	0.868421052631579	0.9030866026878357	0.9064435958862305	0.9030866026878357	93.58660125732422	0.34542232751846313
8b17	101	0.8981950680748533	0.5466425672063878	0.9113924050632912	0.929887592792511	0.9300260543823242	0.929887592792511	89.22000122070312	0.39650651812553406
8b17	102	0.913452558064262	0.4840135373175631	0.9113924050632912	0.9297808408737183	0.930077850818634	0.9297808408737183	89.32560729980469	0.395226389169693
8b17	103	0.9102413734305418	0.4404451968115583	0.8987341772151899	0.9298433065414429	0.9301016330718994	0.9298433065414429	89.31529235839844	0.39539846777915955
8b17	104	0.9130083376818856	0.5770110367174893	0.9113924050632912	0.9296769499778748	0.9298223257064819	0.9296769499778748	89.26019287109375	0.3959498107433319
8b17	105	0.898838965734105	0.4816034210250037	0.8987341772151899	0.9311153888702393	0.9311477541923523	0.9311153888702393	88.9531021118164	0.3997955322265625
8b18	101	0.907365443647928	0.52299156976902	0.922077922077922	0.9298606514930725	0.9299924373626709	0.9298606514930725	89.21849060058594	0.39641183614730835
8b18	102	0.9270348417965968	0.4734712789993864	0.948051948051948	0.929736316204071	0.9300359487533569	0.929736316204071	89.32550048828125	0.3952662944793701
8b18	103	0.9189796959443184	0.437677451236776	0.922077922077922	0.9298022389411926	0.9300907254219055	0.9298022389411926	89.33889770507812	0.3952193558216095
8b18	104	0.913084680160284	0.5750677967842928	0.9090909090909092	0.9297477006912231	0.9299075603485107	0.9297477006912231	89.27754211425781	0.3957364559173584
8b18	105	0.8981466973081744	0.4819257371801045	0.8961038961038961	0.9309520721435547	0.9309949278831482	0.9309520721435547	88.93449401855469	0.40012267231941223
8b19	101	0.9031122110796632	0.521711259877546	0.9102564102564102	0.9298709034919739	0.9300118684768677	0.9298709034919739	89.21957397460938	0.39636799693107605
8b19	102	0.9262723578484564	0.453615679809438	0.935897435897436	0.9297700524330139	0.9300622940063477	0.9297700524330139	89.33142852783203	0.39506661891937256
8b19	103	0.9166655845604268	0.4293000691586495	0.9102564102564102	0.9298713803291321	0.9301313161849976	0.9298713803291321	89.32485961914062	0.39544904232025146
8b19	104	0.92182083354468	0.5465369323590341	0.9230769230769232	0.9297098517417908	0.9298558235168457	0.9297098517417908	89.26908874511719	0.39581432938575745
8b19	105	0.9037015851370448	0.4523726692015013	0.8974358974358975	0.931059718132019	0.9310948252677917	0.931059718132019	88.93519592285156	0.40003782510757446
8b1a	101	0.9030004090527678	0.5424347193281407	0.9113924050632912	0.9297033548355103	0.929869532585144	0.9297033548355103	89.21624755859375	0.3963621258735657
8b1a	102	0.9152970241422024	0.4948056887871316	0.9240506329113924	0.9297683835029602	0.9300671815872192	0.9297683835029602	89.33728790283203	0.39518481492996216
8b1a	103	0.9079256943533554	0.4580313885578325	0.8987341772151899	0.9299931526184082	0.930237889289856	0.9299931526184082	89.32614135742188	0.395214319229126
8b1a	104	0.917205342792106	0.5765658646536196	0.9240506329113924	0.9294753074645996	0.9296497702598572	0.9294753074645996	89.26258850097656	0.39609846472740173
8b1a	105	0.8975288393498877	0.4886797094668186	0.8987341772151899	0.9309311509132385	0.9309650659561157	0.9309311509132385	88.9309310913086	0.4001308083534241
8b1d	101	0.9176281237494588	0.5339948125539307	0.958904109589041	0.929919958114624	0.930055558681488	0.929919958114624	89.2215347290039	0.39650124311447144
8b1d	102	0.9366016389541544	0.4724956641491243	0.9726027397260274	0.9300009608268738	0.9302853941917419	0.9300009608268738	89.33654022216797	0.39509260654449463
8b1d	103	0.927476031323708	0.438077078935557	0.9452054794520548	0.9298644065856934	0.9301269054412842	0.9298644065856934	89.328125	0.39523839950561523
8b1d	104	0.9251241540745396	0.5756661170693679	0.9452054794520548	0.9296739101409912	0.9298344850540161	0.9296739101409912	89.2669677734375	0.3960806429386139
8b1d	105	0.9134121744699384	0.4698574607741009	0.9315068493150684	0.9310691952705383	0.9310881495475769	0.9310691952705383	88.94364166259766	0.3999740481376648
8b1e	101	0.9020457535925448	0.5405881295659009	0.9066666666666666	0.9297821521759033	0.9299300909042358	0.9297821521759033	89.21234893798828	0.39665234088897705
8b1e	102	0.9199066486066896	0.4854942395448452	0.9333333333333332	0.9300243854522705	0.9303088188171387	0.9300243854522705	89.34262084960938	0.3950098752975464
8b1e	103	0.9124037584237707	0.4484416550702823	0.9066666666666666	0.9298362135887146	0.9300986528396606	0.9298362135887146	89.3315200805664	0.39519134163856506
8b1e	104	0.916679413669208	0.5740592627137353	0.92	0.9296700358390808	0.9298270344734192	0.9296700358390808	89.26468658447266	0.3959214389324188
8b1e	105	0.8976743593374148	0.4769262572852248	0.8933333333333333	0.9309467077255249	0.9309970736503601	0.9309467077255249	88.94558715820312	0.4001308083534241
8b1f	101	0.9118777039619456	0.5644820359161754	0.9473684210526316	0.9298025965690613	0.9299458265304565	0.9298025965690613	89.215087890625	0.39656615257263184
8b1f	102	0.9207889015795966	0.5117308487954256	0.9473684210526316	0.9300335049629211	0.9302911758422852	0.9300335049629211	89.34149932861328	0.39492785930633545
8b1f	103	0.9170014418329538	0.4804371059510893	0.9342105263157896	0.9297352433204651	0.930016040802002	0.9297352433204651	89.32921600341797	0.39529386162757874
8b1f	104	0.9211265237864288	0.6030087500296365	0.9473684210526316	0.9296517968177795	0.9298045039176941	0.9296517968177795	89.25749206542969	0.39607110619544983
8b1f	105	0.9073347101983316	0.50603486941366	0.9342105263157896	0.9311195611953735	0.9311416149139404	0.9311195611953735	88.93902587890625	0.40023764967918396
8b1g	101	0.9028665276030556	0.5661426380094204	0.9210526315789472	0.9297453165054321	0.929896354675293	0.9297453165054321	89.2153091430664	0.3964436948299408
8b1g	102	0.914098386009806	0.5237155132729729	0.9342105263157896	0.9299332499504089	0.9302218556404114	0.9299332499504089	89.32908630371094	0.39513102173805237
8b1g	103	0.9078184441105344	0.4801185048365907	0.9078947368421052	0.9298065304756165	0.9300781488418579	0.9298065304756165	89.3277587890625	0.39536258578300476
8b1g	104	0.9090917160587768	0.6245823800060826	0.9210526315789472	0.9296051263809204	0.9297652244567871	0.9296051263809204	89.27194213867188	0.39594006538391113
8b1g	105	0.891049737956128	0.5254370332663414	0.8947368421052632	0.93108731508255	0.9311308264732361	0.93108731508255	88.9507064819336	0.3998739719390869
8b7h	101	0.3783968953476475	3.3398227413417474	0.696969696969697	0.8101440072059631	0.8196711540222168	0.46685001254081726	89.99188995361328	0.4543858468532562
8b7h	102	0.4194305721199051	3.163800056473112	0.6060606060606061	0.8162107467651367	0.8253441452980042	0.490323930978775	89.51615142822266	0.4655914008617401
8b7h	103	0.3748867881057225	3.2177571391482864	0.6060606060606061	0.8232460021972656	0.8317128419876099	0.5242226123809814	89.77975463867188	0.44990575313568115
8b7h	104	0.315222100077158	3.489186325867504	0.4545454545454545	0.8087437748908997	0.8183859586715698	0.4597117006778717	89.67737579345703	0.461382657289505
8b7h	105	0.4153437560024076	2.950707507477103	0.7272727272727273	0.8080822229385376	0.8176361918449402	0.46570777893066406	88.95597839355469	0.4847623109817505
8be2	101	0.8150848147256845	0.6856016537479825	0.7735849056603774	0.9494202733039856	0.9214715957641602	0.9494202733039856	89.15270233154297	0.4521699845790863
8be2	102	0.719835864187103	0.9650330145529976	0.7547169811320755	0.9557863473892212	0.9276825189590454	0.9557863473892212	89.16738891601562	0.45241954922676086
8be2	103	0.7176869070488218	0.6788593728197214	0.8113207547169812	0.9493865966796875	0.9223674535751343	0.9493865966796875	89.27796173095703	0.44742026925086975
8be2	104	0.6167352005311676	0.5653436589831279	0.7547169811320755	0.9558396935462952	0.9288602471351624	0.9558396935462952	89.54289245605469	0.44725286960601807
8be2	105	0.8974371682807295	0.459254685473711	0.8113207547169812	0.9495740532875061	0.9213637113571167	0.9495740532875061	89.48612213134766	0.43805864453315735
8bec	101				0.22131229937076569	0.2837512195110321	0.22131229937076569	86.77178955078125	0.6353159546852112
8bec	102				0.219535231590271	0.28212860226631165	0.219535231590271	87.1446533203125	0.6237145066261292
8bec	103				0.5887989401817322	0.6092756390571594	0.5887989401817322	89.31520080566406	0.48007869720458984
8bec	104				0.36235684156417847	0.40327343344688416	0.36235684156417847	87.04275512695312	0.6168476343154907
8bec	105				0.2501220703125	0.31118494272232056	0.2501220703125	87.4996566772461	0.5905483365058899
8bg2	101				0.21310743689537048	0.2737300395965576	0.21310743689537048	84.68163299560547	0.6816689372062683
8bg2	102				0.20979763567447662	0.2713816165924072	0.20979763567447662	85.02745056152344	0.675858736038208
8bg2	103				0.21181859076023102	0.27383485436439514	0.21181859076023102	86.09530639648438	0.6566879153251648
8bg2	104				0.2373504936695099	0.2966141402721405	0.2373504936695099	85.11367797851562	0.6673038005828857
8bg2	105				0.20342399179935455	0.26795661449432373	0.20342399179935455	84.45689392089844	0.6843513250350952
8bg3	101				0.224544957280159	0.2834742069244385	0.224544957280159	84.05535888671875	0.6741665601730347
8bg3	102				0.22699904441833496	0.28675809502601624	0.22699904441833496	84.99131774902344	0.650954008102417
8bg3	103				0.260127991437912	0.3154372274875641	0.260127991437912	85.6628646850586	0.6494876742362976
8bg3	104				0.30452990531921387	0.35454753041267395	0.30452990531921387	85.86792755126953	0.598792314529419
8bg3	105				0.6106346845626831	0.6278246641159058	0.6106346845626831	87.738037109375	0.518604040145874
8bg4	101	0.0273277061480078	22.42684848407935	0.0571428571428571	0.25484076142311096	0.3116154968738556	0.25484076142311096	85.86138153076172	0.6101566553115845
8bg4	102	0.0260861556269069	21.46932057211964	0.0571428571428571	0.47147318720817566	0.49923041462898254	0.47147318720817566	86.8206787109375	0.5877542495727539
8bg4	103	0.0262301538182748	20.91755363751392	0.0380952380952381	0.21185298264026642	0.27542418241500854	0.21185298264026642	85.84300231933594	0.6226128935813904
8bg4	104	0.0228823722382777	22.559315167308448	0.0476190476190476	0.22147023677825928	0.28290855884552	0.22147023677825928	86.09107971191406	0.6209926009178162
8bg4	105	0.0264788991983154	20.528187595303844	0.0380952380952381	0.23864777386188507	0.29884031414985657	0.23864777386188507	85.71892547607422	0.6299962997436523
8bg5	101	0.0192367403999875	20.781296670562487	0.031578947368421	0.42488837242126465	0.4627065658569336	0.42488837242126465	86.91197967529297	0.5729575753211975
8bg5	102	0.0213785305225618	20.84671860599203	0.0421052631578947	0.21123838424682617	0.2744494080543518	0.21123838424682617	85.72575378417969	0.6499103903770447
8bg5	103	0.0347434914297634	20.218042609923184	0.0736842105263157	0.24329586327075958	0.30366700887680054	0.24329586327075958	86.17584228515625	0.6409925818443298
8bg5	104	0.0247896678629836	20.196954691485832	0.0421052631578947	0.23580066859722137	0.29310354590415955	0.23580066859722137	84.96463775634766	0.6726943850517273
8bg5	105	0.0276159631046263	20.08837062359184	0.0526315789473684	0.30744168162345886	0.35137733817100525	0.30744168162345886	82.93460083007812	0.7192424535751343
8bk2	101				0.9056854844093323	0.9077399969100952	0.8372693657875061	93.55680084228516	0.34670060873031616
8bk2	102	0.8370903960071451	0.4055076678822068	0.8275862068965517	0.9049932360649109	0.9071294665336609	0.8344711065292358	93.36724090576172	0.3506719768047333
8bk2	103	0.8429109862078871	0.3942116598539998	0.8620689655172413	0.9068658947944641	0.9088505506515503	0.8376213312149048	93.30216979980469	0.3495017886161804
8bk2	104				0.9045554399490356	0.9067812561988831	0.8348472118377686	93.42449951171875	0.3493295907974243
8bk2	105				0.9046544432640076	0.9069167971611023	0.8339495062828064	93.18279266357422	0.3531208336353302
8byu	101	0.0052271080604094	15.925579096809091	0.0	0.5626052618026733	0.5859882831573486	0.24587225914001465	88.15143585205078	0.5355653762817383
8byu	102	0.0065432451642909	15.29356309314278	0.0	0.5537202954292297	0.5777802467346191	0.2108909636735916	88.21844482421875	0.5315287709236145
8byu	103	0.0070738947218453	13.681703278012304	0.0	0.58777916431427	0.6092979907989502	0.2784896492958069	88.66508483886719	0.5163784027099609
8byu	104	0.0072481659910134	13.52255428384581	0.0	0.5693648457527161	0.5919174551963806	0.22648844122886658	88.77940368652344	0.5294622182846069
8byu	105	0.0068387428457458	14.072672001393755	0.0	0.5857946872711182	0.6073541641235352	0.2674221992492676	88.63184356689453	0.514890193939209
8c3k	101	0.0989845297187321	7.089612789608632	0.0	0.41422367095947266	0.48350030183792114	0.41422367095947266	86.88712310791016	0.6050269603729248
8c3k	102	0.0580792585121666	10.35255566021007	0.0	0.4601622521877289	0.5151541829109192	0.4601622521877289	86.49677276611328	0.6744236350059509
8c3k	103	0.7001590351344268	1.4323197026907302	0.6862745098039216	0.6155968904495239	0.6575385332107544	0.6155968904495239	88.0486068725586	0.5303808450698853
8c3k	104	0.6585623731462648	1.5158875044368654	0.6274509803921569	0.517673909664154	0.5735034942626953	0.517673909664154	87.48970794677734	0.5816661715507507
8c3k	105	0.1023614780631926	7.0212936249501645	0.0	0.41657885909080505	0.4853970408439636	0.41657885909080505	86.30172729492188	0.5986273884773254
8c5h	101	0.0158428163229094	14.19628425859973	0.0	0.7430574893951416	0.7597204446792603	0.7430574893951416	91.48628997802734	0.421368271112442
8c5h	102	0.0152322004906519	14.792466858135375	0.0	0.37780678272247314	0.42979374527931213	0.37780678272247314	87.28804779052734	0.6135894060134888
8c5h	103	0.0143978332228036	14.459155975611504	0.0	0.2858641445636749	0.35161879658699036	0.2858641445636749	85.91192626953125	0.6593841910362244
8c5h	104	0.0130879466954021	13.866534056950831	0.0	0.30223140120506287	0.3653884530067444	0.30223140120506287	86.64920043945312	0.6458922624588013
8c5h	105	0.0131345967993785	13.922276073312636	0.0	0.35004040598869324	0.4068562388420105	0.35004040598869324	87.1742172241211	0.6121074557304382
8cbf	101	0.0232526414124854	18.9187230974954	0.0	0.5592525601387024	0.5831568241119385	0.1779518872499466	87.1883316040039	0.6244028806686401
8cbf	102	0.6536904349417734	1.7832490802901917	0.7727272727272727	0.5830474495887756	0.6051876544952393	0.23678751289844513	87.6126480102539	0.6094440817832947
8cbf	103	0.6456205407186274	1.6652824996970048	0.7954545454545454	0.5738803744316101	0.5964540839195251	0.22644147276878357	87.56864929199219	0.6254803538322449
8cbf	104	0.0253184715363485	17.936116466422124	0.0	0.5793179273605347	0.6027247309684753	0.21115972101688385	85.16502380371094	0.7132634520530701
8cbf	105	0.5941226787717709	1.953109053243723	0.7727272727272727	0.588219940662384	0.6102806329727173	0.2581893503665924	87.74984741210938	0.6061082482337952
8d9y	101				0.8536208271980286	0.8575946092605591	0.6861245632171631	91.64781188964844	0.4256706237792969
8d9y	102				0.8491961359977722	0.8524793386459351	0.6398511528968811	91.2014389038086	0.4471922218799591
8d9y	103				0.8365923762321472	0.8427355289459229	0.6246115565299988	91.10558319091797	0.44296014308929443
8d9y	104				0.8103391528129578	0.816250741481781	0.49475160241127014	90.11743927001953	0.5016085505485535
8d9y	105				0.8430103659629822	0.8478832840919495	0.6256707310676575	91.09248352050781	0.44507932662963867
8d9z	101	0.6658780527208603	1.3009630357071946	0.8571428571428571	0.889397144317627	0.8930469155311584	0.9222962856292725	94.35047149658203	0.3475309908390045
8d9z	102	0.4068690581071132	3.7920170794280015	0.4571428571428571	0.8101356625556946	0.8193966746330261	0.4976266324520111	90.88438415527344	0.4348336160182953
8d9z	103	0.6706888923476629	1.3892732501830862	0.9142857142857144	0.8888133764266968	0.8922577500343323	0.9227041006088257	94.33560180664062	0.34745433926582336
8d9z	104	0.655871774652491	1.345469611757274	0.8857142857142857	0.8864682912826538	0.8896331191062927	0.9202036261558533	93.92549133300781	0.3488021194934845
8d9z	105	0.688144390319451	1.2781277898679797	0.8857142857142857	0.9023478031158447	0.9044831991195679	0.9391406774520874	94.79133605957031	0.3379096984863281
8da0	101				0.8259819149971008	0.8337582945823669	0.7554070353507996	91.19761657714844	0.4007602632045746
8da0	102				0.8232143521308899	0.8310255408287048	0.5505859851837158	89.73157501220703	0.46714073419570923
8da0	103				0.8590828776359558	0.8645261526107788	0.8657429218292236	92.65849304199219	0.37364038825035095
8da0	104				0.8062829971313477	0.81601482629776	0.4340977072715759	89.46305084228516	0.4733932912349701
8da0	105				0.8227100372314453	0.830804705619812	0.7607869505882263	91.239990234375	0.4009958803653717
8ee2	101				0.8759733438491821	0.8867723345756531	0.8759733438491821	95.34239959716797	0.33619463443756104
8ee2	102				0.8734874129295349	0.8849113583564758	0.8734874129295349	95.83999633789062	0.3327796459197998
8ee2	103				0.8626900315284729	0.8751194477081299	0.8626900315284729	95.71121215820312	0.3369865119457245
8ee2	104				0.8704921007156372	0.8822154998779297	0.8704921007156372	95.8126220703125	0.33331945538520813
8ee2	105				0.8617601990699768	0.8741742372512817	0.8617601990699768	95.07353973388672	0.34371063113212585
8eln	101				0.8372379541397095	0.8544381260871887	0.8372379541397095	95.58331298828125	0.3366139531135559
8eln	102				0.8416389226913452	0.8586215972900391	0.8416389226913452	95.38287353515625	0.3329504728317261
8eln	103				0.8416731357574463	0.8583959937095642	0.8416731357574463	95.62425231933594	0.3350609540939331
8eln	104				0.8650012612342834	0.8784338235855103	0.8650012612342834	95.48164367675781	0.33017978072166443
8eln	105				0.8452485799789429	0.861492395401001	0.8452485799789429	95.49781799316406	0.3324016034603119
8elq	101	0.0113267279635131	15.270808833241423	0.0	0.21809163689613342	0.3012697100639343	0.21809163689613342	82.716064453125	0.8773757815361023
8elq	102	0.0116736331244563	15.131597432069004	0.0	0.207151859998703	0.2943055331707001	0.207151859998703	83.38264465332031	0.8276647925376892
8elq	103	0.0121562905881836	14.699073300941055	0.0	0.24573127925395966	0.3258969187736511	0.24573127925395966	83.3624038696289	0.8196054100990295
8elq	104	0.0117985594244773	14.916755019555737	0.0	0.23598262667655945	0.3189954459667206	0.23598262667655945	83.91600799560547	0.7972654104232788
8elq	105	0.0117600935303156	15.11258868419224	0.0	0.20823293924331665	0.29567188024520874	0.20823293924331665	83.32928466796875	0.814575731754303
8et0	101	0.7430740837998413	1.289284685066865	0.7183098591549296	0.496465802192688	0.5714040994644165	0.496465802192688	92.10193634033203	0.43251141905784607
8et0	102	0.7217068616804184	1.338607414428726	0.6901408450704225	0.5821515321731567	0.6425736546516418	0.5821515321731567	92.41500854492188	0.40898555517196655
8et0	103	0.1053051372836008	7.841367153525154	0.1690140845070422	0.4006894826889038	0.4914643168449402	0.4006894826889038	91.22505950927734	0.4574316442012787
8et0	104	0.6503113865127621	1.5166368669270591	0.5211267605633803	0.5500442981719971	0.6153486371040344	0.5500442981719971	91.95975494384766	0.4214829206466675
8et0	105	0.6989083475252933	1.4030224474097055	0.6197183098591549	0.6472433805465698	0.6964529752731323	0.6472433805465698	92.79925537109375	0.3959505259990692
8evd	101				0.8575226068496704	0.8682477474212646	0.8575226068496704	94.97463989257812	0.33997705578804016
8evd	102				0.8775366544723511	0.885602593421936	0.8775366544723511	95.724365234375	0.33521556854248047
8evd	103				0.8651490807533264	0.8747607469558716	0.8651490807533264	95.59815979003906	0.3378233015537262
8evd	104	0.9264686847045512	0.5073848349536316	0.8939393939393939	0.8793942928314209	0.8885358572006226	0.8793942928314209	95.43995666503906	0.33193710446357727
8evd	105				0.8728615045547485	0.8817123770713806	0.8728615045547485	95.71339416503906	0.33562055230140686
8ezk	101				0.14925850927829742	0.2145480215549469	0.14925850927829742	82.9386978149414	0.7426232695579529
8ezk	102				0.14499488472938538	0.212493434548378	0.14499488472938538	83.18817138671875	0.7401350736618042
8ezk	103				0.1671515554189682	0.22564834356307983	0.1671515554189682	84.21770477294922	0.7247730493545532
8ezk	104				0.15669310092926025	0.22330433130264282	0.15669310092926025	82.58365631103516	0.772502064704895
8ezk	105	0.0305944147665452	18.18560128855716	0.025	0.1675431877374649	0.22565750777721405	0.1675431877374649	83.16036987304688	0.7266462445259094
8ezl	101	0.0144351978499007	26.051659043471915	0.0	0.39030659198760986	0.412515789270401	0.39030659198760986	84.59052276611328	0.6802812218666077
8ezl	102	0.0187376023133441	24.665982136918064	0.0	0.28322646021842957	0.3203519582748413	0.28322646021842957	84.02326965332031	0.7561669945716858
8ezl	103	0.5535773782922967	1.7921991608315364	0.7424242424242424	0.4703754782676697	0.4968820810317993	0.4703754782676697	85.7489013671875	0.6433230638504028
8ezl	104	0.022579703918376	25.424585227993138	0.0	0.3404633402824402	0.3679441213607788	0.3404633402824402	84.16047668457031	0.7445829510688782
8ezl	105	0.5563375775767236	1.508893858165931	0.7121212121212122	0.4584524929523468	0.4852071702480316	0.4584524929523468	85.54676055908203	0.6330318450927734
8ezm	101	0.0789436008074131	26.60987746293497	0.2258064516129032	0.37659117579460144	0.4074729382991791	0.37659117579460144	89.38910675048828	0.5322113633155823
8ezm	102	0.0735891138373238	26.62024588200949	0.2096774193548387	0.5111607313156128	0.5361484885215759	0.5111607313156128	90.47128295898438	0.45138734579086304
8ezm	103	0.0736452944443163	26.9705776596437	0.2096774193548387	0.5161686539649963	0.541326642036438	0.5161686539649963	90.54613494873047	0.4492919445037842
8ezm	104	0.0449480620002937	21.537933581615462	0.0967741935483871	0.24020950496196747	0.29386529326438904	0.24020950496196747	87.05709075927734	0.6488277316093445
8ezm	105	0.0789416220774135	26.82687175222168	0.2258064516129032	0.5233247876167297	0.5478028059005737	0.5233247876167297	90.57308197021484	0.4480574429035187
8f5i	101	0.8295189575076729	1.1065485198286604	0.9130434782608696	0.9080422520637512	0.9110040664672852	0.8276501297950745	94.08515930175781	0.34380969405174255
8f5i	102	0.696824460016663	1.4557186214966351	0.8695652173913043	0.9300816655158997	0.9312900304794312	0.9146438241004944	95.19523620605469	0.33095377683639526
8f5i	103	0.7523895885432391	1.3734511792559927	0.9130434782608696	0.929919421672821	0.9312101602554321	0.913686215877533	95.17345428466797	0.33108460903167725
8f5i	104	0.7463782084769472	1.3725810938968124	0.9130434782608696	0.928485095500946	0.9299219846725464	0.9104968309402466	95.10163879394531	0.3320886790752411
8f5i	105	0.7603840812418844	1.3043021253331877	0.9130434782608696	0.930134117603302	0.9313554167747498	0.9140847325325012	95.1773452758789	0.3308563530445099
8f6u	101	0.432446333920927	3.119606085442028	0.5076923076923077	0.2545122504234314	0.3535906970500946	0.2545122504234314	89.9755859375	0.532718300819397
8f6u	102	0.2020243465474478	6.153912124379651	0.4	0.1996634602546692	0.3074561357498169	0.1996634602546692	90.33399963378906	0.5354088544845581
8f6u	103	0.9537624932170304	0.3814840897057638	0.9692307692307692	0.8977758288383484	0.9035613536834717	0.8977758288383484	95.985595703125	0.3317296802997589
8f6u	104	0.952705039141252	0.3808682131912633	0.953846153846154	0.9115073680877686	0.9163971543312073	0.9115073680877686	95.9728012084961	0.3246634006500244
8f6u	105	0.932226177463186	0.4365142033268201	0.9384615384615383	0.8780074715614319	0.8855823278427124	0.8780074715614319	95.7468490600586	0.3379195034503937
8f6v	101				0.1757490038871765	0.2882387042045593	0.1757490038871765	89.35049438476562	0.5264235138893127
8f6v	102	0.0087972053325045	16.741189891733963	0.0	0.16744092106819153	0.2812534272670746	0.16744092106819153	89.60706329345703	0.5264462828636169
8f6v	103				0.18464232981204987	0.2962631583213806	0.18464232981204987	89.82488250732422	0.5219773650169373
8f6v	104				0.1754404455423355	0.2879560887813568	0.1754404455423355	89.50106811523438	0.5266991853713989
8f6v	105				0.1998215913772583	0.30913877487182617	0.1998215913772583	90.10751342773438	0.5185030698776245
8fdo	101	0.4100391280732825	4.251380982413419	0.5178571428571429	0.7148503065109253	0.7311449646949768	0.301217257976532	90.139892578125	0.46001681685447693
8fdo	102	0.5284365411648144	3.1065880357874684	0.5892857142857143	0.9088477492332458	0.9102703332901001	0.8643633723258972	92.60223388671875	0.3774987459182739
8fdo	103	0.5377440461894655	2.874323175661613	0.5714285714285714	0.9176976084709167	0.9183772206306458	0.88839191198349	92.5579833984375	0.3750484585762024
8fdo	104	0.4878054820869644	4.390113437460198	0.5178571428571429	0.9142242670059204	0.9149456024169922	0.877037763595581	92.44834899902344	0.37931767106056213
8fdo	105	0.569752952110527	2.918879132522658	0.6071428571428571	0.9188135862350464	0.9197362661361694	0.8872925639152527	92.45262908935547	0.37583300471305847
8fxv	101	0.0108113564264468	16.1938127002249	0.0	0.5907799005508423	0.5619913339614868	0.5907799005508423	77.06087493896484	1.0157572031021118
8fxv	102	0.0110585504313027	16.255908520067077	0.0	0.5243942737579346	0.5088397860527039	0.5243942737579346	77.35408782958984	1.0084105730056763
8fxv	103	0.0085126903746373	21.487229187515748	0.0	0.415557324886322	0.42233410477638245	0.415557324886322	76.4088134765625	1.121758222579956
8fxv	104	0.1176669671226726	7.998606030557741	0.1746031746031746	0.38308027386665344	0.40866759419441223	0.38308027386665344	79.30307006835938	0.8734943270683289
8fxv	105	0.0137065756469706	13.7078864357457	0.0	0.5450084209442139	0.5262688994407654	0.5450084209442139	78.13529205322266	0.9626139998435974
8g0i	101	0.0114596673875784	15.681661725590669	0.0	0.2294241040945053	0.3244107961654663	0.2294241040945053	88.54936218261719	0.5763850808143616
8g0i	102	0.0119015481026543	15.393259595852916	0.0	0.2346322387456894	0.3290848731994629	0.2346322387456894	88.8621597290039	0.5820661783218384
8g0i	103	0.9409493839451532	0.4442246633461321	0.918032786885246	0.952577531337738	0.9537692070007324	0.952577531337738	95.56090545654297	0.3277428448200226
8g0i	104	0.9437073507596456	0.4366250332274854	0.918032786885246	0.9540677070617676	0.9548600316047668	0.9540677070617676	95.3935775756836	0.3291761577129364
8g0i	105	0.9342089467844068	0.4549428510967737	0.9016393442622952	0.953140914440155	0.9542064666748047	0.953140914440155	95.59406280517578	0.32735756039619446
8g4p	101	0.0674087732618071	13.954184500613868	0.0833333333333333	0.8087930083274841	0.8208519816398621	0.50634765625	90.22635650634766	0.48561614751815796
8g4p	102	0.0648524612652324	14.04097162231675	0.0833333333333333	0.7716861963272095	0.7860597968101501	0.3752531409263611	89.37142181396484	0.5327596664428711
8g4p	103	0.0798324454530971	14.07189895927774	0.125	0.8204512000083923	0.8313789963722229	0.5458744764328003	91.11841583251953	0.42838048934936523
8g4p	104	0.0835018947437912	13.835278525523474	0.125	0.8168498277664185	0.8281228542327881	0.5315085649490356	90.67459869384766	0.45740899443626404
8g4p	105	0.0838509438528355	13.630107585541836	0.125	0.806162416934967	0.8183282613754272	0.49796822667121887	90.12454986572266	0.47987690567970276
8gjr	101	0.9524691159737616	0.4906784147328125	0.967741935483871	0.8933483362197876	0.9019573330879211	0.8933483362197876	96.0652847290039	0.3216116428375244
8gjr	102	0.9239237849614508	0.5549398374613328	0.9193548387096774	0.8906478881835938	0.8990011215209961	0.8906478881835938	96.23941040039062	0.324940025806427
8gjr	103	0.8932021851650848	0.5397880941390798	0.8387096774193549	0.8776788711547852	0.8866745233535767	0.8776788711547852	96.03137969970703	0.3300752639770508
8gjr	104	0.936085199632142	0.5932466258225312	0.967741935483871	0.8932411670684814	0.9016065001487732	0.8932411670684814	96.25963592529297	0.3240448236465454
8gjr	105	0.949133038914862	0.5113828126356537	0.967741935483871	0.8929929733276367	0.9012141823768616	0.8929929733276367	96.01895141601562	0.3225632905960083
8gy5	101	0.401114229946262	3.512740261919881	0.7142857142857143	0.7773723006248474	0.7874207496643066	0.5039346814155579	90.77835083007812	0.4264289438724518
8gy5	102	0.7098326495518036	1.4714976773707344	0.8214285714285714	0.7402984499931335	0.7528675198554993	0.4504176378250122	89.45177459716797	0.5012509226799011
8gy5	103				0.7242769002914429	0.7383785843849182	0.37312042713165283	88.61837768554688	0.5607226490974426
8gy5	104	0.572297385008211	2.331447413425169	0.7142857142857143	0.7234740257263184	0.7373578548431396	0.3731786012649536	89.05638122558594	0.5262594223022461
8gy5	105				0.7802157402038574	0.7899634838104248	0.5538029670715332	90.62422180175781	0.4806710183620453
8gye	101	0.7405613283509825	0.8193410783075216	0.8809523809523809	0.7600334882736206	0.7739589810371399	0.6477524638175964	91.3384017944336	0.4321579039096832
8gye	102	0.0080935169720165	14.583387808146556	0.0	0.7207888960838318	0.7379646897315979	0.49007365107536316	91.4193115234375	0.47788143157958984
8gye	103	0.00841637694515	14.414741805518211	0.0	0.7532050609588623	0.7679358720779419	0.5672181248664856	91.53569030761719	0.4355315566062927
8gye	104	0.008347507337517	14.571657608184074	0.0	0.7389323115348816	0.7548922300338745	0.5434470772743225	91.80970764160156	0.4494899809360504
8gye	105	0.7141827615383658	1.2181307811395297	0.7619047619047619	0.6683189868927002	0.688987135887146	0.38657164573669434	89.84776306152344	0.5758638381958008
8h5t	101	0.055185549130796	8.086831448486704	0.0327868852459016	0.2852138578891754	0.360341340303421	0.2852138578891754	84.40809631347656	0.7060548663139343
8h5t	102	0.0289426778449493	8.493649101935954	0.0	0.4102816581726074	0.47084635496139526	0.4102816581726074	85.7706527709961	0.6185819506645203
8h5t	103	0.032604670731365	8.177881506818006	0.0	0.30709126591682434	0.3792874813079834	0.30709126591682434	83.35443878173828	0.7258898615837097
8h5t	104	0.0875076331725632	9.284947982948134	0.1147540983606557	0.28692856431007385	0.3632347285747528	0.28692856431007385	83.6201171875	0.6780796647071838
8h5t	105	0.0291279823745502	8.55328684309795	0.0	0.3248790204524994	0.3957127034664154	0.3248790204524994	85.17435455322266	0.6752372980117798
8h5u	101	0.0100750880219009	19.060467697392756	0.0	0.2814282476902008	0.36200839281082153	0.2814282476902008	86.2152099609375	0.7210928201675415
8h5u	102	0.0101042565211643	19.241780115830068	0.0	0.2766669690608978	0.35851356387138367	0.2766669690608978	86.17329406738281	0.709564745426178
8h5u	103				0.3236443102359772	0.3967556357383728	0.3236443102359772	82.8360595703125	0.8165283203125
8h5u	104	0.0098038912200043	19.34979790743375	0.0	0.28322917222976685	0.3635101616382599	0.28322917222976685	86.02128601074219	0.7221800684928894
8h5u	105	0.0102588709632156	19.091608155237346	0.0	0.26577112078666687	0.34897303581237793	0.26577112078666687	85.38878631591797	0.7632268667221069
8h63	101	0.7991247109231502	1.0563682104386147	0.7808219178082192	0.9438686966896057	0.9438881278038025	0.9438686966896057	95.46833801269531	0.32910752296447754
8h63	102	0.8006270599934444	0.9977788392281356	0.7397260273972602	0.9452098608016968	0.9449844360351562	0.9452098608016968	95.52743530273438	0.3292807638645172
8h63	103	0.7869776311328334	1.0594101328792018	0.726027397260274	0.9453107118606567	0.9446748495101929	0.9453107118606567	95.22282409667969	0.3301668167114258
8h63	104	0.8127456245854138	0.9539055212384088	0.7534246575342466	0.9463925957679749	0.9459307789802551	0.9463925957679749	95.50859069824219	0.32839858531951904
8h63	105	0.7730182367863015	1.0426528462142437	0.6986301369863014	0.9462741613388062	0.9458479285240173	0.9462741613388062	95.30242919921875	0.32798853516578674
8h64	101				0.29160138964653015	0.3941148519515991	0.29160138964653015	90.54388427734375	0.5676085352897644
8h64	102				0.26170384883880615	0.36912381649017334	0.26170384883880615	90.43082427978516	0.5629572868347168
8h64	103				0.26029255986213684	0.3678520619869232	0.26029255986213684	91.24609375	0.5409148931503296
8h64	104				0.29838138818740845	0.39990684390068054	0.29838138818740845	90.70091247558594	0.5477617979049683
8h64	105				0.31394654512405396	0.41214650869369507	0.31394654512405396	90.13481140136719	0.5689807534217834
8hes	101	0.0178699938054292	21.72708575319535	0.0	0.6084986329078674	0.6226397156715393	0.5002405047416687	87.73058319091797	0.4886036217212677
8hes	102	0.0497802270598759	9.220142542166542	0.0655737704918032	0.5053906440734863	0.5272433161735535	0.1516834944486618	85.5735855102539	0.6655243039131165
8hes	103	0.018783638810064	21.94201676258076	0.0	0.5338805317878723	0.5538091659545898	0.23670613765716553	86.55986022949219	0.6128054857254028
8hes	104	0.0152131813693942	17.064999530746405	0.0	0.6511017084121704	0.6630913019180298	0.6075267195701599	88.02379608154297	0.4632456302642822
8hes	105	0.0189964023553345	16.72449017325783	0.0	0.5920134782791138	0.6076655387878418	0.4827207624912262	88.00312042236328	0.5028645992279053
8hr2	101	0.0100302417552321	14.831881280181868	0.0	0.18881192803382874	0.27508029341697693	0.18881192803382874	81.75750732421875	0.7621389031410217
8hr2	102	0.0098515437890228	15.001890260415127	0.0	0.20540258288383484	0.2868382930755615	0.20540258288383484	80.11214447021484	0.8019691109657288
8hr2	103	0.0100765959938162	14.488882390028843	0.0	0.25890806317329407	0.33497095108032227	0.25890806317329407	81.9708251953125	0.7477889657020569
8hr2	104	0.3562186779681751	3.0390017521789514	0.2978723404255319	0.198318213224411	0.2847031056880951	0.198318213224411	82.56580352783203	0.735077440738678
8hr2	105	0.0169401983620504	14.970802009475632	0.0212765957446808	0.21499767899513245	0.2957984507083893	0.21499767899513245	79.54503631591797	0.8082670569419861
8idi	101	0.008390339002325	15.384967574954516	0.0	0.24789196252822876	0.3343229293823242	0.24789196252822876	86.9980239868164	0.6204428672790527
8idi	102				0.44543883204460144	0.503534734249115	0.44543883204460144	86.13349151611328	0.6357719898223877
8idi	103				0.2327491044998169	0.3212772309780121	0.2327491044998169	86.16679382324219	0.6417664885520935
8idi	104	0.0085616838069305	15.52963687258111	0.0	0.23514112830162048	0.3227783739566803	0.23514112830162048	86.84600830078125	0.6274533867835999
8idi	105	0.008303077650878	15.537581024440248	0.0	0.24616645276546478	0.3329821228981018	0.24616645276546478	87.42655181884766	0.6045779585838318
8ido	101	0.0068809601720949	19.039284704391317	0.0	0.18848378956317902	0.28295910358428955	0.18848378956317902	86.62140655517578	0.6508163213729858
8ido	102	0.0082017333638762	18.163096256183128	0.0	0.4546602964401245	0.5120593309402466	0.4546602964401245	89.57588958740234	0.4878827631473541
8ido	103	0.0078715913455089	18.2222697102969	0.0	0.41706448793411255	0.47802919149398804	0.41706448793411255	89.30735778808594	0.5093545317649841
8ido	104	0.0070258891070035	18.153010789833967	0.0	0.19386893510818481	0.28703615069389343	0.19386893510818481	86.90003204345703	0.6490808129310608
8ido	105	0.0066240526770316	19.684835018848776	0.0	0.20648694038391113	0.2975417673587799	0.20648694038391113	87.66065979003906	0.6414873003959656
8im0	101	0.9154833302430312	0.4637047902601726	0.875	0.9412972927093506	0.9425424337387085	0.9412972927093506	95.67198944091797	0.32633325457572937
8im0	102	0.9050492016055516	0.4985536990238443	0.8571428571428571	0.9435413479804993	0.9447213411331177	0.9435413479804993	95.79405975341797	0.3248785734176636
8im0	103	0.8920840970956091	0.5747405246648966	0.875	0.9426853060722351	0.9438776969909668	0.9426853060722351	95.70393371582031	0.32579562067985535
8im0	104	0.8889470673442839	0.485976523411109	0.8392857142857143	0.940281093120575	0.9415844082832336	0.940281093120575	95.59962463378906	0.32717740535736084
8im0	105	0.9400826880121824	0.4148173345270673	0.9107142857142856	0.9418481588363647	0.9430890679359436	0.9418481588363647	95.720458984375	0.32568490505218506
8im1	101				0.2293698787689209	0.321550190448761	0.2293698787689209	88.7633056640625	0.548799991607666
8im1	102				0.3401557207107544	0.41574352979660034	0.3401557207107544	89.85990142822266	0.52967369556427
8im1	103				0.27294740080833435	0.3580203652381897	0.27294740080833435	89.50389862060547	0.5385448336601257
8im1	104				0.4366495609283447	0.4979557394981384	0.4366495609283447	91.19422149658203	0.4730534851551056
8im1	105				0.3350669741630554	0.4129112660884857	0.3350669741630554	89.7769546508789	0.5222878456115723
8ipc	101	0.4245405098402225	2.522205069936873	0.9183673469387756	0.7196345329284668	0.7258248925209045	0.6617271900177002	88.16716766357422	0.5571696162223816
8ipc	102	0.4103124100299619	2.7200062622671406	0.9183673469387756	0.724367082118988	0.7301857471466064	0.6669559478759766	88.28842163085938	0.5511696934700012
8ipc	103	0.3959404332647179	3.0147665063499103	0.9183673469387756	0.7444360256195068	0.7489835023880005	0.6749892830848694	88.70527648925781	0.5357763171195984
8ipc	104	0.4087159602533441	2.700993621159553	0.9183673469387756	0.7586545348167419	0.7619773745536804	0.6776832342147827	88.85256958007812	0.5103530287742615
8ipc	105	0.4192400107817433	2.596775138394691	0.9183673469387756	0.751422107219696	0.7549416422843933	0.6710069179534912	88.30815887451172	0.5351685285568237
8jel	101				0.915296196937561	0.9163051843643188	0.899343729019165	94.66727447509766	0.33370018005371094
8jel	102				0.9025033116340637	0.9045895338058472	0.8539813160896301	94.479248046875	0.3410300016403198
8jel	103				0.9084205031394958	0.9100975394248962	0.868903398513794	94.64484405517578	0.3377609848976135
8jel	104				0.9222007989883423	0.9228812456130981	0.9021540284156799	94.65857696533203	0.3330572545528412
8jel	105				0.9129734635353088	0.9142684936523438	0.8728993535041809	94.64723205566406	0.33702805638313293
8jeo	101				0.9093268513679504	0.9131989479064941	0.8675658106803894	94.17411804199219	0.34306514263153076
8jeo	102				0.9400181770324707	0.9418867826461792	0.9354227781295776	95.61182403564453	0.32521259784698486
8jeo	103				0.9406987428665161	0.9425587058067322	0.9358305335044861	95.677001953125	0.32458731532096863
8jeo	104	0.9338750430511928	0.5607928448726267	0.9487179487179488	0.9354819059371948	0.9373408555984497	0.92930006980896	95.25603485107422	0.3268600106239319
8jeo	105				0.9388071298599243	0.940538227558136	0.9367133378982544	95.4471664428711	0.32505524158477783
8jyr	101	0.0395877305653374	14.412686483928931	0.048780487804878	0.6169292330741882	0.6345586776733398	0.2433401644229889	89.03951263427734	0.5857951045036316
8jyr	102	0.0176533742369115	16.02359929262479	0.0	0.6141040921211243	0.6340352296829224	0.24377818405628204	89.33409118652344	0.5798431634902954
8jyr	103	0.0382331103228546	16.29044101473683	0.0	0.6158190369606018	0.6325969696044922	0.2418370544910431	89.19549560546875	0.5909186005592346
8jyr	104	0.0167905870457258	16.17117765166129	0.0	0.6270720958709717	0.6434416770935059	0.2822197377681732	89.3762435913086	0.5826651453971863
8jyr	105	0.0173838941023677	16.131723598837482	0.0	0.6188089847564697	0.6348452568054199	0.2559150755405426	89.14170837402344	0.6074140071868896
8k33	101				0.7378368377685547	0.761064887046814	0.7378368377685547	93.36524963378906	0.38092610239982605
8k33	102				0.7193233370780945	0.7439825534820557	0.7193233370780945	93.61300659179688	0.3836302161216736
8k33	103				0.6904945373535156	0.7193372249603271	0.6904945373535156	93.27906036376953	0.3960559070110321
8k33	104				0.7390748262405396	0.7610569596290588	0.7390748262405396	93.14501190185547	0.3813251256942749
8k33	105				0.6999366283416748	0.7281211018562317	0.6999366283416748	93.140625	0.39132529497146606
8k3k	101	0.0146590814951327	16.707883808180384	0.0	0.24621038138866425	0.32490596175193787	0.24621038138866425	80.82083129882812	0.7600048184394836
8k3k	102	0.0135353612161552	16.30256923933572	0.0	0.23898038268089294	0.31872129440307617	0.23898038268089294	80.98753356933594	0.752767026424408
8k3k	103	0.0140000664504585	16.544120931234747	0.0	0.24907198548316956	0.32678791880607605	0.24907198548316956	80.36973571777344	0.7703113555908203
8k3k	104	0.0121712215168267	17.26972886204209	0.0	0.2761615812778473	0.35163527727127075	0.2761615812778473	81.05387878417969	0.7319623827934265
8k3k	105	0.0146865192669287	16.312024447712872	0.0	0.2487560361623764	0.3274586796760559	0.2487560361623764	80.72412872314453	0.7620980739593506
8k3l	101	0.908768048437398	0.5231005148412802	0.8518518518518519	0.9549397826194763	0.9534292817115784	0.9549397826194763	95.65336608886719	0.3296281099319458
8k3l	102	0.9155219900236616	0.5748507339722407	0.8888888888888888	0.9554044604301453	0.9539291262626648	0.9554044604301453	95.67755126953125	0.3289860486984253
8k3l	103	0.0442103315580942	12.528031853883776	0.0555555555555555	0.20840556919574738	0.2916775643825531	0.20840556919574738	89.4551010131836	0.5602778196334839
8k3l	104	0.9542682514056348	0.4839682258550061	0.9629629629629628	0.9494291543960571	0.9481230974197388	0.9494291543960571	95.3135986328125	0.33049097657203674
8k3l	105	0.9225824146758894	0.5365026758132574	0.8888888888888888	0.9504732489585876	0.9490468502044678	0.9504732489585876	95.39576721191406	0.32872527837753296
8opr	101	0.0335499204598744	20.33867020103032	0.0	0.19957247376441956	0.2523532807826996	0.19957247376441956	85.5009765625	0.8189854621887207
8opr	102	0.0483417545943173	19.410609283155452	0.0	0.19318713247776031	0.24709737300872803	0.19318713247776031	85.39519500732422	0.8006890416145325
8opr	103	0.0372892758795	19.907835898575193	0.0	0.18104484677314758	0.2398831844329834	0.18104484677314758	84.89161682128906	0.8148158192634583
8opr	104	0.0228080734444712	19.154635927853757	0.0	0.19813257455825806	0.250426709651947	0.19813257455825806	84.96725463867188	0.8301652073860168
8opr	105	0.045731609548973	17.81871930480433	0.0140845070422535	0.18799778819084167	0.24270261824131012	0.18799778819084167	85.66737365722656	0.8136253952980042
8oww	101	0.0111650278833727	17.337623987871027	0.0	0.31446436047554016	0.38790518045425415	0.31446436047554016	85.85609436035156	0.6409677863121033
8oww	102	0.0110800357259321	17.507832722841385	0.0	0.3046683669090271	0.37869423627853394	0.3046683669090271	85.79806518554688	0.6478134989738464
8oww	103	0.0116246460140723	16.178663246002255	0.0	0.23034845292568207	0.31642380356788635	0.23034845292568207	85.34940338134766	0.6888136863708496
8oww	104	0.0107638561093238	18.05177337700528	0.0	0.38070496916770935	0.44398754835128784	0.38070496916770935	87.56150817871094	0.5633189678192139
8oww	105	0.0125816002223768	15.894821010932448	0.0	0.26492756605148315	0.34492066502571106	0.26492756605148315	85.57276916503906	0.6726322770118713
8oxv	101	0.0530190516160335	11.134916398549024	0.09375	0.33404314517974854	0.3803478479385376	0.16461458802223206	86.9273452758789	0.6402285099029541
8oxv	102	0.0174970970197525	14.75051804655966	0.0	0.3370822072029114	0.3830792307853699	0.1676139384508133	86.86351776123047	0.6450470089912415
8oxv	103	0.0119990614821317	14.047669782247276	0.0	0.34011781215667725	0.38645482063293457	0.1675342619419098	87.08391571044922	0.6393229961395264
8oxv	104	0.0231897980257187	16.462495949846332	0.0	0.3406383991241455	0.38611188530921936	0.1667628288269043	86.90545654296875	0.644517719745636
8oxv	105	0.0219440687998603	7.172990649270767	0.0	0.34426042437553406	0.3916839361190796	0.1768593043088913	86.68388366699219	0.6442024111747742
8oxw	101	0.0183540868957351	15.87063580150345	0.0	0.33233460783958435	0.37851405143737793	0.1640869528055191	87.00462341308594	0.6336782574653625
8oxw	102	0.0232471367780764	11.520929191809728	0.0	0.33816900849342346	0.38305506110191345	0.16466793417930603	86.94023132324219	0.6457118988037109
8oxw	103	0.0289116585987177	13.140737529582497	0.0	0.3380580246448517	0.3862951695919037	0.16394279897212982	86.50567626953125	0.6495766043663025
8oxw	104	0.0314835586707623	11.030601810546113	0.0	0.3370772898197174	0.38279736042022705	0.1665242463350296	86.78539276123047	0.6441973447799683
8oxw	105	0.2148177526242621	4.823644675368671	0.5	0.3366183340549469	0.38278353214263916	0.16547514498233795	86.92898559570312	0.6408484578132629
8oxx	101	0.0573488226633246	8.0172318657648	0.0625	0.400566041469574	0.439067006111145	0.19155214726924896	89.57835388183594	0.533463180065155
8oxx	102	0.0167626482071414	10.03673401714436	0.0	0.3945646286010742	0.43277496099472046	0.17665764689445496	88.62714385986328	0.5568856000900269
8oxx	103	0.0092991129812937	17.293232569480264	0.0	0.3946380317211151	0.43332675099372864	0.18036037683486938	89.21479034423828	0.5530405640602112
8oxx	104	0.0376363714784882	6.157557845805589	0.03125	0.39255595207214355	0.43090763688087463	0.17072530090808868	88.74622344970703	0.5684125423431396
8oxx	105	0.0315630125630285	8.515667435637676	0.0	0.39638277888298035	0.43477576971054077	0.17804603278636932	89.20714569091797	0.544139564037323
8oxy	101	0.0137853662453279	15.492600450646318	0.0	0.3519149124622345	0.3997735381126404	0.17973940074443817	86.63827514648438	0.6310809254646301
8oxy	102	0.3592848167369192	2.043990464708625	0.4411764705882353	0.33309206366539	0.3786426782608032	0.15988555550575256	86.9979019165039	0.6429672837257385
8oxy	103	0.0136864236727646	9.598624344721465	0.0	0.34342533349990845	0.3975430428981781	0.17808637022972107	86.99117279052734	0.6017005443572998
8oxy	104	0.032873213370201	10.544736423675284	0.0	0.34008562564849854	0.3862438201904297	0.16954341530799866	87.01615142822266	0.6395437717437744
8oxy	105	0.0201067082231284	11.30593818178204	0.0	0.33302462100982666	0.3800262212753296	0.16268883645534515	86.97441864013672	0.6428790092468262
8ozb	101				0.9504169821739197	0.9513825178146362	0.9504169821739197	95.18975830078125	0.33704695105552673
8ozb	102				0.9507786631584167	0.9516871571540833	0.9507786631584167	95.11383819580078	0.3390313684940338
8ozb	103				0.9531035423278809	0.9542186260223389	0.9531035423278809	95.4547119140625	0.3372451961040497
8ozb	104				0.9500367045402527	0.9511884450912476	0.9500367045402527	95.23776245117188	0.3375271260738373
8ozb	105				0.9500821828842163	0.9513406753540039	0.9500821828842163	95.20393371582031	0.33800747990608215
8pe1	101				0.9625120759010315	0.9590345621109009	0.9625120759010315	95.27922058105469	0.33390042185783386
8pe1	102				0.9624776244163513	0.9583385586738586	0.9624776244163513	94.98357391357422	0.3386029601097107
8pe1	103				0.9683011174201965	0.9639549851417542	0.9683011174201965	94.69613647460938	0.3449805676937103
8pe1	104				0.4161142408847809	0.49684464931488037	0.4161142408847809	89.41928100585938	0.572843611240387
8pe1	105				0.9682725667953491	0.9641649127006531	0.9682725667953491	94.87222290039062	0.3397163152694702
8pe2	101	0.8114229599298617	1.0486968128526075	0.8505747126436781	0.9515765309333801	0.9530109763145447	0.9515765309333801	95.35989379882812	0.3287767171859741
8pe2	102	0.8139783819085299	1.0019752792781174	0.8505747126436781	0.9581619501113892	0.9587618112564087	0.9581619501113892	95.84912109375	0.3259747326374054
8pe2	103	0.8194510722785021	0.9846710731608274	0.8620689655172413	0.9572843313217163	0.9579782485961914	0.9572843313217163	95.77411651611328	0.3271312415599823
8pe2	104	0.8329629154842836	0.934593691586234	0.8505747126436781	0.9566100835800171	0.9573109149932861	0.9566100835800171	95.71989440917969	0.3279729187488556
8pe2	105	0.8101007138822349	1.087296582963487	0.8735632183908046	0.9559319615364075	0.9566957950592041	0.9559319615364075	95.53791046142578	0.3309488594532013
8pih	101	0.9164025794657666	0.6516508415544169	0.9482758620689656	0.9043684601783752	0.9077948331832886	0.9043684601783752	93.28650665283203	0.3770800530910492
8pih	102	0.9225609144493796	0.641331186388	0.9655172413793104	0.9237305521965027	0.9252303838729858	0.9237305521965027	93.7861328125	0.37391695380210876
8pih	103	0.9235053850767692	0.6013793734910522	0.9482758620689656	0.9176698923110962	0.9194642901420593	0.9176698923110962	93.52388763427734	0.3786505460739136
8pih	104	0.8246596771695215	0.9303732956548928	0.8275862068965517	0.6936724781990051	0.7109375596046448	0.6936724781990051	89.08905029296875	0.4922913908958435
8pih	105	0.8893425668159191	0.7606427459207442	0.9310344827586208	0.7984132170677185	0.814315915107727	0.7984132170677185	92.03022003173828	0.4133617877960205
8pmz	101				0.21735496819019318	0.27944543957710266	0.21735496819019318	87.70857238769531	0.5900780558586121
8pmz	102				0.17893044650554657	0.24615399539470673	0.17893044650554657	87.93951416015625	0.589325487613678
8pmz	103				0.18901154398918152	0.25453388690948486	0.18901154398918152	87.9117431640625	0.5897910594940186
8pmz	104				0.17948152124881744	0.2469971776008606	0.17948152124881744	87.82745361328125	0.5908493399620056
8pmz	105				0.17428357899188995	0.24262389540672302	0.17428357899188995	87.83493041992188	0.5903392434120178
8pwv	101				0.2213488072156906	0.28890639543533325	0.2213488072156906	82.51919555664062	0.7248321175575256
8pwv	102				0.2020624577999115	0.2707160711288452	0.2020624577999115	80.83631896972656	0.7575017809867859
8pwv	103				0.2532036602497101	0.3158539831638336	0.2532036602497101	83.2780532836914	0.6884658932685852
8pwv	104				0.501600980758667	0.5336875319480896	0.501600980758667	85.49473571777344	0.5309080481529236
8pwv	105				0.2053128033876419	0.27192676067352295	0.2053128033876419	81.41819763183594	0.7386568784713745
8pww	101	0.0075219123890037	19.48454122029347	0.0	0.20416006445884705	0.28093451261520386	0.20416006445884705	82.45880889892578	0.6814865469932556
8pww	102	0.0065311052860054	23.422334808409943	0.0	0.14534585177898407	0.23010843992233276	0.14534585177898407	83.42931365966797	0.6678124070167542
8pww	103	0.007238157218611	20.85799044102509	0.0	0.15605556964874268	0.2380075454711914	0.15605556964874268	83.19950103759766	0.6882475018501282
8pww	104				0.15237592160701752	0.2369517683982849	0.15237592160701752	82.82130432128906	0.6655507683753967
8pww	105				0.16378526389598846	0.2436072677373886	0.16378526389598846	80.49576568603516	0.7210366129875183
8pyr	101				0.9492107033729553	0.945337176322937	0.9492107033729553	90.09420776367188	0.44123807549476624
8pyr	102	0.9436818835541118	0.4210696822562803	0.9193548387096774	0.9470212459564209	0.9437866806983948	0.9470212459564209	90.08390808105469	0.4427044093608856
8pyr	103	0.9376280257917732	0.4016524705864932	0.8870967741935484	0.9529969096183777	0.9489386081695557	0.9529969096183777	90.18828582763672	0.4468226730823517
8pyr	104	0.929145453042873	0.4451200470342535	0.8870967741935484	0.9524309635162354	0.9482823610305786	0.9524309635162354	90.25653839111328	0.44598132371902466
8pyr	105	0.9048062106987652	0.6217259596156226	0.9193548387096774	0.5851125121116638	0.6239145398139954	0.5851125121116638	84.8469467163086	0.7577884793281555
8q3j	101				0.7091233134269714	0.7249684929847717	0.38107830286026	88.12440490722656	0.5055609345436096
8q3j	102				0.7096652388572693	0.7247441411018372	0.42940497398376465	88.38472747802734	0.5413851737976074
8q3j	103				0.7044350504875183	0.720295250415802	0.3804216980934143	88.0710220336914	0.5423873066902161
8q3j	104				0.7127873301506042	0.7283315658569336	0.38705745339393616	87.87100219726562	0.5444627404212952
8q3j	105	0.0736379084010882	9.981759862449897	0.0	0.7117128968238831	0.7272451519966125	0.40967875719070435	88.02384948730469	0.5349584817886353
8q6r	101				0.926686704158783	0.9015700221061707	0.926686704158783	91.0809097290039	0.3745786249637604
8q6r	102				0.9227443933486938	0.8977372646331787	0.9227443933486938	90.85921478271484	0.37839189171791077
8q6r	103				0.9279269576072693	0.9017747044563293	0.9279269576072693	91.02726745605469	0.37945154309272766
8q6r	104				0.928495466709137	0.9026781916618347	0.928495466709137	90.92461395263672	0.3750790059566498
8q6r	105	0.8362149001278815	0.9173556541750948	0.9767441860465116	0.9301156401634216	0.9040015935897827	0.9301156401634216	91.11180114746094	0.37645047903060913
8q7o	101				0.9351152777671814	0.9323866963386536	0.9351152777671814	94.01956939697266	0.3555649220943451
8q7o	102				0.934337854385376	0.9319952726364136	0.934337854385376	94.05654907226562	0.353848934173584
8q7o	103				0.8977747559547424	0.8988007307052612	0.8977747559547424	92.26493072509766	0.38257887959480286
8q7o	104				0.9027576446533203	0.9027318358421326	0.9027576446533203	92.11237335205078	0.3810851275920868
8q7o	105				0.9343901872634888	0.9316532611846924	0.9343901872634888	93.89534759521484	0.3571925759315491
8q94	101	0.0124361766192447	15.15716846124914	0.0	0.21685871481895447	0.29941487312316895	0.21685871481895447	81.63079833984375	0.7779764533042908
8q94	102	0.0175721984117897	14.28447994786225	0.0	0.38275837898254395	0.44477593898773193	0.38275837898254395	85.36151885986328	0.639319896697998
8q94	103	0.7353237798660165	1.6566666695929626	0.8727272727272727	0.8978742361068726	0.9025517702102661	0.8978742361068726	91.39073181152344	0.4002843499183655
8q94	104	0.0149103433570003	15.270396532149118	0.0	0.45643872022628784	0.5079662799835205	0.45643872022628784	86.28556823730469	0.5776195526123047
8q94	105	0.745512724298762	1.7242263528246136	0.9090909090909092	0.748332679271698	0.7695697546005249	0.748332679271698	89.67210388183594	0.46130913496017456
8q95	101	0.795984655229682	1.5334272185391702	0.925925925925926	0.9387484192848206	0.9401447772979736	0.9387484192848206	92.52970123291016	0.37768325209617615
8q95	102	0.8578973841225702	0.9877052263118644	0.9074074074074074	0.9342588782310486	0.9357727766036987	0.9342588782310486	92.00377655029297	0.3862316906452179
8q95	103	0.7651952802785171	1.613627690799854	0.8703703703703703	0.824882447719574	0.8389010429382324	0.824882447719574	90.9233169555664	0.4251979887485504
8q95	104	0.7880822844006555	1.576949726857649	0.925925925925926	0.9435977339744568	0.9445956945419312	0.9435977339744568	92.74543762207031	0.3735242187976837
8qf4	101	0.8593696973197772	0.8927342282043378	0.8732394366197183	0.9423349499702454	0.9435423612594604	0.9423349499702454	95.34766387939453	0.33957165479660034
8qf4	102	0.8670893542810613	0.8831155567120139	0.8873239436619719	0.9414375424385071	0.9428362846374512	0.9414375424385071	95.33458709716797	0.339368999004364
8qf4	103	0.8517126457718333	0.9816496760745596	0.9014084507042254	0.9409288763999939	0.9422740936279297	0.9409288763999939	95.24769592285156	0.33609139919281006
8qf4	104	0.8787603213499784	0.8386345690524173	0.9014084507042254	0.9402166604995728	0.9417456388473511	0.9402166604995728	95.26951599121094	0.3407481014728546
8qf4	105	0.8602316456423651	0.8826749316615422	0.8732394366197183	0.9414677619934082	0.942795991897583	0.9414677619934082	95.32953643798828	0.34010741114616394
8qf5	101				0.36368006467819214	0.4336012899875641	0.36368006467819214	81.31963348388672	0.8189037442207336
8qf5	102				0.5629595518112183	0.6086267232894897	0.5629595518112183	87.99131774902344	0.5972188711166382
8qf5	103				0.5496324300765991	0.5967136025428772	0.5496324300765991	87.72628021240234	0.6059194803237915
8qf5	104				0.587844729423523	0.630581259727478	0.587844729423523	88.32711791992188	0.5764194130897522
8qf5	105				0.5511507987976074	0.5983495712280273	0.5511507987976074	87.75028228759766	0.60693359375
8qgx	101	0.3482448951576884	2.995471014202602	0.3	0.42919138073921204	0.4965447783470154	0.42919138073921204	89.65599060058594	0.5239410996437073
8qgx	102	0.3181278818124076	3.0605186193809693	0.25	0.41524848341941833	0.4842223823070526	0.41524848341941833	89.68806457519531	0.5215073227882385
8qgx	103	0.3230571519176793	3.033491783766396	0.2666666666666666	0.42254921793937683	0.4900623559951782	0.42254921793937683	89.94725799560547	0.5266219973564148
8qgx	104	0.3539347935763379	3.031150729593372	0.3333333333333333	0.4221729040145874	0.4895579218864441	0.4221729040145874	89.92359924316406	0.5255390405654907
8qgx	105	0.3366797627099561	2.9311875352968992	0.2833333333333333	0.40867772698402405	0.47785043716430664	0.40867772698402405	89.71755981445312	0.5332961082458496
8qh0	101	0.0469772140710503	13.908593996287472	0.0952380952380952	0.7037074565887451	0.717781662940979	0.508212149143219	90.57415008544922	0.438841313123703
8qh0	102	0.0451101896162143	13.866843073147868	0.0952380952380952	0.690313458442688	0.7053677439689636	0.4906013607978821	89.98307037353516	0.46862393617630005
8qh0	103	0.0474762783114276	13.834142782179594	0.0952380952380952	0.6984081268310547	0.7126855850219727	0.5009554028511047	90.31024169921875	0.4551021158695221
8qh0	104	0.0473020297482085	13.811830704080258	0.0952380952380952	0.6892139911651611	0.7039853930473328	0.49089619517326355	90.55616760253906	0.44908827543258667
8qh0	105	0.0474204532440966	13.874615755542193	0.0952380952380952	0.7220556139945984	0.7349981069564819	0.5500524044036865	90.7867660522461	0.43010586500167847
8qrg	101	0.0133941043434685	15.261525485882792	0.0	0.20483630895614624	0.2916853129863739	0.20483630895614624	82.8983154296875	0.7505322098731995
8qrg	102	0.8340334063108742	0.8939287421686075	0.8709677419354839	0.9046388864517212	0.9106605052947998	0.9046388864517212	91.9708251953125	0.3793705999851227
8qrg	103	0.0225864006056219	14.371134314593794	0.0161290322580645	0.19808587431907654	0.2862444818019867	0.19808587431907654	82.31188201904297	0.7699638605117798
8qrg	104	0.0333458838594429	14.076663915249483	0.0483870967741935	0.2118506282567978	0.29763877391815186	0.2118506282567978	82.53105926513672	0.7345097661018372
8qrg	105	0.8339305899932423	0.9593552757946766	0.8870967741935484	0.9064874053001404	0.9122951030731201	0.9064874053001404	92.06689453125	0.378313273191452
8qz3	101	0.742251038884825	0.7944969288872297	0.9	0.8073946833610535	0.7934149503707886	0.8073946833610535	86.9444580078125	0.4320739507675171
8qz3	102	0.7604439203195894	0.5729817671346532	0.8333333333333334	0.7795772552490234	0.7655937075614929	0.7795772552490234	86.8331527709961	0.4420534074306488
8qz3	103	0.7619500767620714	0.5400484252105582	0.9	0.7913534641265869	0.778315007686615	0.7913534641265869	86.6958999633789	0.43854188919067383
8qz3	104	0.7589708284302774	0.6752872165207044	0.9333333333333332	0.7634168267250061	0.7512783408164978	0.7634168267250061	86.59723663330078	0.44949403405189514
8qz3	105	0.8285963716893564	0.6269674499629513	1.0	0.7806623578071594	0.767098069190979	0.7806623578071594	86.98052215576172	0.4396436810493469
8r4n	101	0.379127456756869	2.9322023246633035	0.3478260869565217	0.7661520838737488	0.7765313982963562	0.3986089825630188	88.42704010009766	0.5410624742507935
8r4n	102	0.4352490314231877	2.695375210892703	0.5652173913043478	0.8614903688430786	0.8641601800918579	0.8646765947341919	91.3580093383789	0.42971205711364746
8r4n	103	0.4101625886248483	2.584958240782747	0.4782608695652174	0.8656836152076721	0.8679120540618896	0.8400882482528687	91.33739471435547	0.42535102367401123
8r4n	104	0.367298642047363	2.8335454631649113	0.4782608695652174	0.8691900968551636	0.8709898591041565	0.8566411137580872	91.48265838623047	0.4241246283054352
8r4n	105	0.1550115235426149	8.044210073630932	0.217391304347826	0.7820268273353577	0.7902446985244751	0.4502405822277069	87.79525756835938	0.5583526492118835
8r4u	101				0.2722816467285156	0.3335968554019928	0.2722816467285156	80.80889892578125	0.8025614619255066
8r4u	102				0.24944815039634705	0.3140164315700531	0.24944815039634705	80.30859375	0.8219425678253174
8r4u	103				0.25034525990486145	0.3139881193637848	0.25034525990486145	80.10114288330078	0.8368945717811584
8r4u	104				0.23450540006160736	0.3004262447357178	0.23450540006160736	79.61141204833984	0.8809861540794373
8r4u	105				0.23321600258350372	0.299527108669281	0.23321600258350372	80.03661346435547	0.8416576385498047
8rby	101	0.6793100516479645	1.4185316927630351	0.5657894736842105	0.8101469874382019	0.8199169635772705	0.8101469874382019	90.46724700927734	0.42146944999694824
8rby	102	0.5824239652572478	1.7321920965407598	0.5	0.7672838568687439	0.7818902730941772	0.7672838568687439	89.99317932128906	0.43176963925361633
8rby	103	0.5931196258765749	2.1005256475806275	0.5394736842105263	0.8516362905502319	0.8574620485305786	0.8516362905502319	89.68926239013672	0.4288558065891266
8rby	104	0.7239593642596173	1.29616605656187	0.6447368421052632	0.8410274982452393	0.8477982878684998	0.8410274982452393	90.7553482055664	0.4111105799674988
8rby	105	0.4957735537841543	2.35526196803245	0.5263157894736842	0.7008533477783203	0.7213384509086609	0.7008533477783203	85.49898529052734	0.5290563106536865
8rj7	101	0.7114911328250018	1.3984484971854578	0.7972972972972973	0.9401994943618774	0.9422296285629272	0.9401994943618774	93.5977783203125	0.3685818612575531
8rj7	102				0.23687340319156647	0.32348737120628357	0.23687340319156647	84.37639617919922	0.7323741912841797
8rj7	103				0.20643143355846405	0.2962702512741089	0.20643143355846405	83.5920639038086	0.7854946851730347
8rj7	104				0.23681479692459106	0.32183605432510376	0.23681479692459106	84.57528686523438	0.7502514123916626
8rj7	105				0.26116061210632324	0.3435010313987732	0.26116061210632324	83.9339828491211	0.7426865696907043
8rp8	101	0.0313411862073684	12.973981681253804	0.0	0.6772496700286865	0.6961140036582947	0.27580899000167847	90.26296997070312	0.5709393620491028
8rp8	102	0.034859890513025	12.889869331105515	0.0	0.693245530128479	0.7107193470001221	0.32497861981391907	90.45159149169922	0.5312539339065552
8rp8	103	0.712541382263525	1.844352015639552	1.0	0.685219943523407	0.7038488984107971	0.27073538303375244	89.17024993896484	0.6093038320541382
8rp8	104	0.0315525016472902	13.507941444209225	0.0	0.6791621446609497	0.6982557773590088	0.2606978714466095	90.50184631347656	0.5592471361160278
8rp8	105	0.0379176585342316	11.470448732239014	0.0	0.6884766817092896	0.7064731121063232	0.2729734480381012	89.28987121582031	0.5858479738235474
8rw9	101				0.1890341341495514	0.27427104115486145	0.1890341341495514	84.66959381103516	0.733599841594696
8rw9	102				0.1784972846508026	0.262606680393219	0.1784972846508026	84.60572052001953	0.7321141362190247
8rw9	103				0.22210432589054108	0.3034808933734894	0.22210432589054108	84.60262298583984	0.7296521663665771
8rw9	104				0.19660750031471252	0.28122225403785706	0.19660750031471252	84.36355590820312	0.7378751635551453
8rw9	105				0.2067539244890213	0.29086047410964966	0.2067539244890213	84.93670654296875	0.730775773525238
8rwb	101	0.039919082770043	12.955488919905063	0.0	0.7974655032157898	0.8065025210380554	0.5827926993370056	91.2850112915039	0.4149516820907593
8rwb	102	0.03686242945294	13.231244483876234	0.0	0.8096950650215149	0.8183160424232483	0.5968385934829712	91.74552917480469	0.4000588059425354
8rwb	103	0.7990831786943219	1.0414907699111575	0.8431372549019608	0.8596180081367493	0.865132212638855	0.7626035213470459	92.41852569580078	0.37241262197494507
8rwb	104	0.0369608384621568	13.172820640962978	0.0	0.8488554358482361	0.8547273278236389	0.6920296549797058	92.02233123779297	0.3832813799381256
8rwb	105	0.0371354095702924	13.191356577831062	0.0	0.7941547632217407	0.8037244081497192	0.5668014883995056	90.76045989990234	0.42207565903663635
8rz0	101				0.2662172019481659	0.3290456533432007	0.2662172019481659	78.05789184570312	0.8556236028671265
8rz0	102	0.0429793423365464	18.331283710690624	0.0704225352112676	0.4781128168106079	0.49781906604766846	0.4781128168106079	80.74151611328125	0.6890206336975098
8rz0	103				0.3117256164550781	0.3656501770019531	0.3117256164550781	79.69293975830078	0.7567084431648254
8rz0	104				0.49001532793045044	0.5060802102088928	0.49001532793045044	80.48579406738281	0.6982195377349854
8rz0	105	0.0992029211884684	7.562321721593696	0.0845070422535211	0.5596901178359985	0.5752564668655396	0.5596901178359985	80.9618148803711	0.6976585984230042
8rz1	101	0.0290170491664619	21.956835456160853	0.0256410256410256	0.2223447859287262	0.2865380644798279	0.2223447859287262	80.34229278564453	0.9675501585006714
8rz1	102				0.41300004720687866	0.4528496563434601	0.41300004720687866	81.62322998046875	0.8620957732200623
8rz1	103				0.39441463351249695	0.4352931082248688	0.39441463351249695	81.99451446533203	0.8817899227142334
8rz1	104				0.3542754650115967	0.40202099084854126	0.3542754650115967	81.18146514892578	0.9495466351509094
8rz1	105				0.3442871570587158	0.39143240451812744	0.3442871570587158	80.99494171142578	0.950776219367981
8rz2	101	0.0074718548810487	14.205862175907376	0.0	0.461708664894104	0.4823625087738037	0.1862337589263916	83.22090911865234	0.6389603018760681
8rz2	102	0.0083829243655254	12.055341166573236	0.0	0.46252501010894775	0.4832882881164551	0.17701826989650726	82.77537536621094	0.6506709456443787
8rz2	103	0.0064686576495335	14.885395073964888	0.0	0.541637659072876	0.557525098323822	0.35506564378738403	84.77015686035156	0.5598586201667786
8rz2	104	0.0111361792583091	15.628793536201185	0.0	0.474338173866272	0.4943605959415436	0.20246997475624084	85.57127380371094	0.5978783965110779
8rz2	105	0.0062885505220182	16.56067109905977	0.0	0.4664755165576935	0.4870264232158661	0.17521408200263977	83.145751953125	0.6482763886451721
8s0l	101	0.7377378858078835	2.031027741116453	0.8865979381443299	0.9343587160110474	0.9361377954483032	0.9343587160110474	91.9422836303711	0.3806329667568207
8s0l	102	0.7039908574665139	2.068939150966496	0.8969072164948454	0.9307601451873779	0.9337654113769531	0.9307601451873779	92.21772766113281	0.3728437125682831
8s0l	103	0.7396192751078066	1.9865465703323997	0.8762886597938144	0.9339510202407837	0.9358737468719482	0.9339510202407837	92.02896118164062	0.3783142566680908
8s0l	104	0.7568237789017176	2.008066976036466	0.9381443298969072	0.9305965304374695	0.9340416193008423	0.9305965304374695	92.93254852294922	0.3666168451309204
8s0l	105	0.7259505825365773	2.099486487167071	0.9175257731958762	0.9342034459114075	0.9371058940887451	0.9342034459114075	92.8327407836914	0.3667433261871338
8s0n	101	0.7795592072688277	1.39125405474652	0.8552631578947368	0.9313191771507263	0.9349853992462158	0.9313191771507263	92.85136413574219	0.3685522675514221
8s0n	102	0.8030522828040999	1.3501023712903653	0.8947368421052632	0.9248603582382202	0.9292259216308594	0.9248603582382202	92.75464630126953	0.37524092197418213
8s0n	103	0.8085220601162919	1.329313882709054	0.9078947368421052	0.9314820766448975	0.9352190494537354	0.9314820766448975	92.91044616699219	0.3617602288722992
8s0n	104	0.8054473614313785	1.3521518088440203	0.8947368421052632	0.9347240924835205	0.9381033778190613	0.9347240924835205	93.0567398071289	0.3602633774280548
8s0n	105	0.7893731146413371	1.365462974870497	0.868421052631579	0.9335823655128479	0.9366941452026367	0.9335823655128479	92.70742797851562	0.3687141537666321
8s6m	101	0.0420734812406568	14.016014923810134	0.0	0.5491701364517212	0.567954421043396	0.23619776964187622	87.08751678466797	0.5696828365325928
8s6m	102	0.0424590740189722	13.415835060311426	0.0	0.5585424304008484	0.5779878497123718	0.24946866929531097	87.20794677734375	0.5509588122367859
8s6m	103	0.0513831963146708	11.253980191209116	0.0196078431372549	0.528472363948822	0.5490831136703491	0.17199110984802246	86.8309326171875	0.5918092727661133
8s6m	104	0.0276231612175702	14.53516991529837	0.0	0.5322995781898499	0.5524195432662964	0.17576058208942413	86.78514862060547	0.5917596817016602
8s6m	105	0.0209071119810431	19.03489144474479	0.0	0.5262510180473328	0.5472469329833984	0.19534364342689514	86.05967712402344	0.6161789298057556
8s79	101	0.0176732939289321	13.611849328194806	0.0	0.2179618626832962	0.31543058156967163	0.2179618626832962	83.85588836669922	0.7489617466926575
8s79	102	0.0161026603868727	13.798572708552795	0.0	0.20755167305469513	0.306387722492218	0.20755167305469513	83.51142120361328	0.7425386309623718
8s79	103	0.0168466424134735	13.757377017993877	0.0	0.24169205129146576	0.33609193563461304	0.24169205129146576	84.25467681884766	0.7230099439620972
8s79	104	0.0156555023786955	13.71684416740596	0.0	0.22368374466896057	0.3203766345977783	0.22368374466896057	83.84274291992188	0.7395190000534058
8s79	105	0.0172693095840245	13.825279187874392	0.0	0.22593775391578674	0.32301950454711914	0.22593775391578674	84.10308074951172	0.7266160249710083
8sdf	101	0.0167088559672965	16.83930243989716	0.0	0.5125442147254944	0.5309047698974609	0.16996966302394867	86.0555648803711	0.6215810179710388
8sdf	102	0.0165222675143285	16.928918490263932	0.0	0.5344521999359131	0.5516670942306519	0.20067517459392548	86.57547760009766	0.5926620364189148
8sdf	103	0.0264232037932159	16.685292895943945	0.0	0.5230263471603394	0.5416092872619629	0.18223486840724945	86.09091186523438	0.5995593070983887
8sdf	104	0.0327504769877098	9.963591626246936	0.0	0.5538538098335266	0.5706879496574402	0.23262640833854675	82.95899963378906	0.7292483448982239
8sdf	105	0.0177413332683526	16.37279674665546	0.0	0.5132141709327698	0.5319545269012451	0.17496809363365173	86.11140441894531	0.6056231260299683
8sfs	101	0.0301300445934754	9.259031671899963	0.0	0.49886807799339294	0.5537136197090149	0.49886807799339294	91.52477264404297	0.4774166941642761
8sfs	102	0.031749095164736	8.933274543756934	0.0	0.47508811950683594	0.5344679355621338	0.47508811950683594	90.909423828125	0.4754590392112732
8sfs	103	0.0306697304598648	9.333877632634112	0.0	0.5154221057891846	0.5686154365539551	0.5154221057891846	91.42669677734375	0.45879122614860535
8sfs	104	0.0380827484592454	9.262181531456772	0.0192307692307692	0.6327031850814819	0.6709551811218262	0.6327031850814819	91.48877716064453	0.43463391065597534
8sfs	105	0.0307101923956552	9.51026872425869	0.0	0.5916103720664978	0.6338069438934326	0.5916103720664978	91.4560546875	0.44101759791374207
8sfx	101				0.9157291650772095	0.9203310012817383	0.9157291650772095	94.78480529785156	0.3422560393810272
8sfx	102	0.929508157714228	0.418317510493831	0.8809523809523809	0.9158506989479065	0.920213520526886	0.9158506989479065	94.55315399169922	0.3402568995952606
8sfx	103	0.914438311069846	0.6784661606882438	0.9285714285714286	0.9141525030136108	0.9184026718139648	0.9141525030136108	94.8560562133789	0.33854955434799194
8sfx	104	0.961592877589596	0.4205289393445017	0.9761904761904762	0.9225668907165527	0.9264963865280151	0.9225668907165527	94.61690521240234	0.34099581837654114
8sfx	105	0.9187994201957276	0.4997381317520045	0.8809523809523809	0.9187299013137817	0.9223106503486633	0.9187299013137817	94.42977905273438	0.33968645334243774
8sfz	101				0.2528093159198761	0.34240230917930603	0.2528093159198761	88.0604248046875	0.5685527324676514
8sfz	102				0.23178666830062866	0.3246631622314453	0.23178666830062866	87.66773223876953	0.583701491355896
8sfz	103				0.23434177041053772	0.3267037272453308	0.23434177041053772	87.89844512939453	0.5766268372535706
8sfz	104	0.1718666462391149	9.401177597285642	0.3333333333333333	0.24504296481609344	0.3360533118247986	0.24504296481609344	88.64881134033203	0.5536132454872131
8sfz	105	0.086025663383097	9.338986482571688	0.1111111111111111	0.27028152346611023	0.35811901092529297	0.27028152346611023	88.32771301269531	0.5488132238388062
8sgn	101	0.4023467173770263	2.5233266487675223	0.5625	0.6682119369506836	0.6780592799186707	0.5707866549491882	87.47254943847656	0.464010089635849
8sgn	102	0.3579838542482728	2.9699381439162	0.5625	0.5005912184715271	0.5175790190696716	0.31900885701179504	84.93869018554688	0.5863873362541199
8sgn	103	0.3506146800046497	3.8757022571556687	0.5625	0.7615541219711304	0.7671430706977844	0.7252453565597534	86.38227081298828	0.48204100131988525
8sgn	104	0.3876065941713798	3.0029880608186694	0.5	0.690902829170227	0.6988707780838013	0.6000001430511475	87.93464660644531	0.4473615884780884
8sgn	105	0.3460863958007749	3.301220162770454	0.4791666666666667	0.4250016212463379	0.44640812277793884	0.18662305176258087	82.18363189697266	0.7793842554092407
8siq	101	0.6766013838583379	0.5410713398407	0.8787878787878788	0.9003077745437622	0.8958674669265747	0.9059900045394897	91.70045471191406	0.38654574751853943
8siq	102	0.6137863115337484	1.1409220883885425	0.8787878787878788	0.6462657451629639	0.6602895855903625	0.548266589641571	88.88282775878906	0.4836586117744446
8siq	103	0.7209137103841282	0.4744963455784954	0.9393939393939394	0.8922544717788696	0.888001561164856	0.8822365403175354	91.56511688232422	0.3875040113925934
8siq	104	0.0292210767647547	15.58028994802272	0.0	0.5458598136901855	0.5659924149513245	0.1887717992067337	86.40258026123047	0.6250519156455994
8siq	105	0.0237175079960159	14.506974638389824	0.0	0.5266096591949463	0.5479499101638794	0.1558893322944641	85.77815246582031	0.6472688913345337
8sk5	101	0.0090769328121445	17.150994580816732	0.0	0.17628614604473114	0.2559909224510193	0.17628614604473114	77.34380340576172	0.9992933869361877
8sk5	102	0.0105871391259641	16.412849112539572	0.0	0.25240039825439453	0.33483168482780457	0.25240039825439453	85.16004943847656	0.7090916037559509
8sk5	103	0.0110393135161136	16.18348387299394	0.0	0.3158244788646698	0.3881497383117676	0.3158244788646698	85.77737426757812	0.6400768756866455
8sk5	104	0.0110627690127609	16.40387504260162	0.0	0.33272191882133484	0.40055540204048157	0.33272191882133484	85.75082397460938	0.6674755811691284
8sk5	105	0.010966246654111	16.535084291534567	0.0	0.28388598561286926	0.36083292961120605	0.28388598561286926	84.06221008300781	0.7363151907920837
8slb	101	0.011329587565302	15.968965103205385	0.0	0.5726342797279358	0.5925027132034302	0.26884979009628296	87.1889877319336	0.5533508062362671
8slb	102	0.0195398231211858	15.151909676599386	0.0185185185185185	0.6377419829368591	0.6539106965065002	0.3949715793132782	87.95098876953125	0.5004457235336304
8slb	103	0.0199770172420329	15.627460268263084	0.0185185185185185	0.6059238910675049	0.6241642832756042	0.3235519230365753	87.17952728271484	0.5304405689239502
8slb	104	0.0192876398248135	15.203083596730789	0.0185185185185185	0.5935168266296387	0.6120166778564453	0.3084603250026703	87.5527114868164	0.5305415987968445
8slb	105	0.0209685643840375	15.143480165013331	0.0185185185185185	0.5872912406921387	0.6060180068016052	0.29464349150657654	87.34149932861328	0.5383856296539307
8sos	101				0.4895898401737213	0.5405609607696533	0.4895898401737213	90.1354751586914	0.4577370882034302
8sos	102				0.5615749955177307	0.6020336747169495	0.5615749955177307	90.64674377441406	0.4466914236545563
8sos	103	0.8738979040165894	0.8968940008991536	0.9629629629629628	0.9212148785591125	0.9201172590255737	0.9212148785591125	94.43811798095703	0.3371293544769287
8sos	104				0.4929148852825165	0.5424184799194336	0.4929148852825165	90.07923889160156	0.4726393520832062
8sos	105				0.3340539336204529	0.40769630670547485	0.3340539336204529	89.03779602050781	0.5240676403045654
8sow	101	0.1284701953941484	19.60093689461328	0.3636363636363636	0.5570785403251648	0.5758650302886963	0.5570785403251648	88.33626556396484	0.5101355314254761
8sow	102	0.1361350446490829	19.54366340336071	0.3863636363636363	0.5402805209159851	0.563274621963501	0.5402805209159851	86.93892669677734	0.5321565270423889
8sow	103	0.136017580553533	19.651281284584886	0.3863636363636363	0.5454665422439575	0.5666964054107666	0.5454665422439575	87.3671875	0.5296573042869568
8sow	104	0.1283949091057696	19.72141029054981	0.3636363636363636	0.5673337578773499	0.5876009464263916	0.5673337578773499	87.0071029663086	0.563596785068512
8sow	105	0.1210417677362725	19.522544204613457	0.3409090909090909	0.5548093318939209	0.5735130310058594	0.5548093318939209	88.4305419921875	0.5042493939399719
8soz	101	0.1231550415628777	17.476339387910798	0.3191489361702128	0.5267120003700256	0.5504095554351807	0.5267120003700256	87.55714416503906	0.5429951548576355
8soz	102	0.1992422220185873	16.119724272750673	0.5319148936170213	0.6768113374710083	0.6846780180931091	0.6768113374710083	89.58489227294922	0.4725710153579712
8soz	103	0.1969770121316885	16.447865674614146	0.5319148936170213	0.7061572074890137	0.7123005390167236	0.7061572074890137	89.77486419677734	0.4539338946342468
8soz	104	0.1953745937514007	16.124912796285148	0.5319148936170213	0.6797327399253845	0.6871324181556702	0.6797327399253845	89.71224975585938	0.47110897302627563
8soz	105	0.1841179710198917	17.086418234988912	0.4893617021276595	0.6510992050170898	0.658298134803772	0.6510992050170898	88.6518783569336	0.5288063287734985
8szy	101				0.7629724144935608	0.775696873664856	0.4456324279308319	91.87106323242188	0.4303852915763855
8szy	102				0.732210636138916	0.7462964057922363	0.3343810439109802	91.16522979736328	0.4907708764076233
8szy	103	0.0299978693391103	14.040899484106715	0.0	0.7327302098274231	0.7468035817146301	0.3442351818084717	91.35299682617188	0.4788763225078583
8szy	104				0.7336602210998535	0.747701108455658	0.3387734889984131	91.18987274169922	0.48823675513267517
8szy	105				0.7482634782791138	0.7611668109893799	0.3869912326335907	91.35792541503906	0.4593062996864319
8tbb	101	0.652145230433138	2.1060239852612512	0.6818181818181818	0.9205736517906189	0.9207726120948792	0.9063981175422668	94.67242431640625	0.3334575295448303
8tbb	102	0.662438625030144	1.9433557797176475	0.6590909090909091	0.8502824306488037	0.8555408120155334	0.682668924331665	92.4521713256836	0.3784147799015045
8tbb	103	0.9062445318411472	0.476549629254853	0.9090909090909092	0.9134088158607483	0.9139510989189148	0.8730191588401794	94.25334167480469	0.33698269724845886
8tbb	104	0.6484797585224334	2.0793469476424127	0.6590909090909091	0.9178748726844788	0.9182325601577759	0.8961870670318604	94.53227233886719	0.3360289931297302
8tbb	105	0.6242117873973086	2.1347831839607476	0.6363636363636364	0.8985142111778259	0.900017261505127	0.829112708568573	93.73129272460938	0.3512122631072998
8tft	101				0.8013750910758972	0.8032435178756714	0.680640697479248	91.99955749511719	0.38274484872817993
8tft	102				0.8015623092651367	0.8036767244338989	0.6802507638931274	91.98702239990234	0.3834463655948639
8tft	103				0.8044776320457458	0.8063340187072754	0.6867197751998901	92.04940032958984	0.38129010796546936
8tft	104				0.813298225402832	0.8154534697532654	0.7108375430107117	91.95691680908203	0.37876829504966736
8tft	105				0.8017628788948059	0.8037695288658142	0.681545078754425	91.99846649169922	0.3833174705505371
8trs	101	0.4812383789928042	1.8766035685916305	0.7391304347826086	0.8633853793144226	0.8656397461891174	0.8325992226600647	92.54939270019531	0.36215054988861084
8trs	102	0.5102108344739292	1.849499491598288	0.5652173913043478	0.8601092100143433	0.8623309135437012	0.824873149394989	92.50221252441406	0.3633539080619812
8trs	103	0.4041282668035026	2.114980157986982	0.5652173913043478	0.8674703240394592	0.8699126839637756	0.8193172812461853	93.42218017578125	0.353794127702713
8trs	104	0.7125976834743876	1.511427577833489	0.8260869565217391	0.862945020198822	0.8656411170959473	0.8161463141441345	92.5717544555664	0.36275574564933777
8trs	105	0.4877430213514772	1.9810525900880191	0.5217391304347826	0.8662593364715576	0.8686751127243042	0.8246550559997559	93.36022186279297	0.35557273030281067
8ts0	101	0.0545071285028308	11.543496076486791	0.0	0.8653153777122498	0.8699772357940674	0.7178913950920105	93.20746612548828	0.37629398703575134
8ts0	102	0.0493068129614047	11.659269621860298	0.0	0.8558802008628845	0.8610154390335083	0.6863393783569336	93.33927154541016	0.382331907749176
8ts0	103	0.0541246461047714	11.735873454503997	0.0	0.8729932904243469	0.8772598505020142	0.7276707887649536	93.41484069824219	0.3722507953643799
8ts0	104	0.9391918403580998	0.4504864436526059	0.9210526315789472	0.9233418703079224	0.9243958592414856	0.8924094438552856	94.8088150024414	0.3426790237426758
8ts0	105	0.786046387828108	0.4417644978287374	0.9473684210526316	0.92561936378479	0.926474928855896	0.8999884724617004	94.84261322021484	0.341765433549881
8tuz	101	0.4793327519284611	1.8573950915362216	0.75	0.882504940032959	0.8852502703666687	0.825111985206604	93.73715209960938	0.3419717252254486
8tuz	102	0.4224682840335914	2.022162096972827	0.6944444444444444	0.8836678266525269	0.886314332485199	0.8269705176353455	93.82543182373047	0.34079602360725403
8tuz	103	0.4423204769803626	1.8948052427847035	0.6944444444444444	0.8769475817680359	0.8797637224197388	0.8176233172416687	93.16873168945312	0.3457484543323517
8tuz	104	0.4411453592035951	1.986911377647936	0.6944444444444444	0.8829277157783508	0.8856479525566101	0.8260390758514404	93.73278045654297	0.3421028256416321
8tuz	105	0.4545411511606219	1.9618754909085447	0.7222222222222222	0.8832815885543823	0.8857461214065552	0.8303282260894775	93.338134765625	0.3437735140323639
8tv3	101	0.0141940528607855	13.94144413876438	0.0	0.598880410194397	0.6224879026412964	0.22863641381263733	86.8594741821289	0.6298142075538635
8tv3	102	0.013624189795524	14.624763958667408	0.0	0.6201304197311401	0.6423159837722778	0.28872808814048767	87.36421203613281	0.6071908473968506
8tv3	103	0.0134750196016555	15.43650782340906	0.0	0.5824257731437683	0.6065455675125122	0.2052583247423172	86.94259643554688	0.6248214244842529
8tv3	104	0.0138680257646356	16.002453335434456	0.0	0.7695217132568359	0.7810813188552856	0.6131307482719421	90.10340881347656	0.45650702714920044
8tv3	105	0.7569659876647195	0.7454774906102672	0.9090909090909092	0.8426148295402527	0.8494218587875366	0.7299519181251526	90.2450180053711	0.45388489961624146
8u08	101	0.7579581392004818	0.9463820782780796	0.9333333333333332	0.8607573509216309	0.8612165451049805	0.8550301194190979	92.91063690185547	0.3554534614086151
8u08	102	0.6873191648932689	1.112172270661015	0.8666666666666667	0.8564430475234985	0.8576822280883789	0.8485649228096008	92.82227325439453	0.35631564259529114
8u08	103	0.6778472744658116	1.1424629719987591	0.9111111111111112	0.8656110763549805	0.8660856485366821	0.8664052486419678	93.03140258789062	0.3532906472682953
8u08	104	0.5205877176164277	1.7912767444337565	0.8444444444444444	0.8617725968360901	0.8623366355895996	0.8421675562858582	92.39835357666016	0.3598611652851105
8u08	105	0.6921384657251584	1.1143182647291794	0.8222222222222222	0.8649879693984985	0.8655796647071838	0.8653421998023987	92.99506378173828	0.3537048399448395
8u3s	101	0.0104293221312062	19.2860987038228	0.0	0.697681725025177	0.7259457111358643	0.697681725025177	90.80010223388672	0.4092675745487213
8u3s	102	0.0105103886704114	19.24963115420998	0.0	0.627528727054596	0.6648191213607788	0.627528727054596	89.72055053710938	0.4304550290107727
8u3s	103	0.0099912783459023	19.820125939965553	0.0	0.7089710235595703	0.7353928685188293	0.7089710235595703	89.83804321289062	0.41623327136039734
8u3s	104	0.0103490065947155	19.321489919689316	0.0	0.7048144936561584	0.7324039340019226	0.7048144936561584	90.25076293945312	0.4193481206893921
8u3s	105	0.0104272161649369	19.183900492235804	0.0	0.6531237363815308	0.6864282488822937	0.6531237363815308	89.97233581542969	0.429021418094635
8udz	101				0.5221965312957764	0.5398870706558228	0.29164549708366394	84.34602355957031	0.6309716105461121
8udz	102				0.46766868233680725	0.48887377977371216	0.1937229186296463	82.8407974243164	0.7852994799613953
8udz	103				0.4657778739929199	0.48759597539901733	0.18885600566864014	82.91815185546875	0.756714403629303
8udz	104				0.5155339241027832	0.5337531566619873	0.28698334097862244	83.71465301513672	0.7040910124778748
8udz	105				0.4798620343208313	0.5005316734313965	0.21269197762012482	83.19771575927734	0.7270934581756592
8uky	101				0.7508087754249573	0.7637028098106384	0.487824946641922	89.1701889038086	0.4868208169937134
8uky	102				0.7551785707473755	0.7679508924484253	0.5001408457756042	89.27679443359375	0.4827935993671417
8uky	103				0.7600563764572144	0.7721124291419983	0.5077836513519287	89.14521026611328	0.47713610529899597
8uky	104				0.7520037889480591	0.7647660970687866	0.5003982186317444	89.21649169921875	0.4859793782234192
8uky	105				0.7699284553527832	0.7814671993255615	0.5257822871208191	89.48445892333984	0.46672242879867554
8up2	101				0.5463857650756836	0.5674058198928833	0.21014012396335602	87.71568298339844	0.6132418513298035
8up2	102				0.5432893633842468	0.5651063919067383	0.19072258472442627	87.99810028076172	0.6033018827438354
8up2	103				0.5565540194511414	0.5767576694488525	0.23228949308395386	89.19766235351562	0.5354164242744446
8up2	104				0.5385720133781433	0.5606798529624939	0.19105248153209686	87.78522491455078	0.6099603772163391
8up2	105				0.5247620344161987	0.5476316213607788	0.18121765553951263	87.73566436767578	0.582909882068634
8urf	101	0.0361201867955613	17.283041820756615	0.0	0.7488790154457092	0.7623388767242432	0.4374586045742035	90.89888763427734	0.4486740827560425
8urf	102	0.0379414019786403	17.08521147276436	0.0	0.7233167290687561	0.7382937669754028	0.39085572957992554	90.94536590576172	0.4605729281902313
8urf	103	0.0370680364599833	16.96127337129412	0.0	0.7278644442558289	0.7424020767211914	0.40297144651412964	90.95310974121094	0.4567483365535736
8urf	104	0.0381401439772716	16.64507475022518	0.0	0.7161511182785034	0.7319244146347046	0.3673665225505829	90.70780181884766	0.4703168570995331
8urf	105	0.0364093605432611	16.77744554052051	0.0	0.7363107800483704	0.7505263686180115	0.41556528210639954	91.07583618164062	0.4531081020832062
8uvy	101	0.0059515925101345	19.353595406149797	0.0	0.7739062905311584	0.763883650302887	0.7739062905311584	81.40261840820312	0.751763105392456
8uvy	102	0.0060679049778552	18.626811131819668	0.0	0.8112795352935791	0.800814151763916	0.8112795352935791	82.54483032226562	0.6754306554794312
8uvy	103	0.0058810000001758	19.2733011603673	0.0	0.7894981503486633	0.7794355154037476	0.7894981503486633	82.46696472167969	0.6976234912872314
8uvy	104	0.0055700322659445	20.19186501865896	0.0	0.18495240807533264	0.26635822653770447	0.18495240807533264	78.00462341308594	0.9570245146751404
8uvy	105	0.0058056052681293	19.629176095454675	0.0	0.7727659940719604	0.7655757665634155	0.7727659940719604	82.46289825439453	0.6934289336204529
8uw2	101	0.0065940094765152	19.996154662930643	0.0	0.21235355734825134	0.2936685383319855	0.21235355734825134	79.17433166503906	0.9246663451194763
8uw2	102	0.0168575510138901	10.842012296022888	0.0	0.3325779438018799	0.3872026801109314	0.3325779438018799	79.04557800292969	0.9260640144348145
8uw2	103	0.0232246069876583	8.925484805311408	0.0	0.20069007575511932	0.27822601795196533	0.20069007575511932	78.56671142578125	0.9932348132133484
8uw2	104	0.0063306043877154	20.477997430761683	0.0	0.20575125515460968	0.28621748089790344	0.20575125515460968	78.57051086425781	0.9591931700706482
8uw2	105	0.005119953733694	21.17871067158044	0.0	0.18713681399822235	0.26984038949012756	0.18713681399822235	78.54092407226562	0.9780995845794678
8uw7	101	0.005946561137386	19.17164510684832	0.0	0.6544978022575378	0.6732563972473145	0.6544978022575378	83.5260009765625	0.6305879950523376
8uw7	102	0.0062726622786982	18.25238321560154	0.0	0.8609840869903564	0.8495090007781982	0.8609840869903564	84.13825225830078	0.6104093790054321
8uw7	103	0.0060144267976665	19.037929409577192	0.0	0.7292099595069885	0.7369611263275146	0.7292099595069885	83.74909973144531	0.6020575761795044
8uw7	104	0.0492792648947318	9.038173327116086	0.0727272727272727	0.18320313096046448	0.272907018661499	0.18320313096046448	80.03592681884766	0.9021781086921692
8uw7	105	0.0061877079697923	18.33680128184848	0.0	0.7381303906440735	0.7440857887268066	0.7381303906440735	83.38375854492188	0.6188921332359314
8uw9	101	0.0063022897531094	20.446224405692035	0.0	0.22893570363521576	0.30814826488494873	0.22893570363521576	79.60691833496094	0.8685324192047119
8uw9	102	0.0257444791133021	8.581244689243318	0.0	0.19962938129901886	0.27645203471183777	0.19962938129901886	79.02136993408203	0.9482979774475098
8uw9	103	0.0082394771371809	16.87449362666181	0.0	0.2024160772562027	0.2835109233856201	0.2024160772562027	79.15464782714844	0.8861563801765442
8uw9	104	0.0079711930684853	17.309621122324934	0.0	0.22295239567756653	0.30312004685401917	0.22295239567756653	79.42768096923828	0.840333878993988
8uw9	105	0.025939030983942	8.806465455653283	0.0	0.2045252025127411	0.2819390892982483	0.2045252025127411	79.76217651367188	0.908348560333252
8v13	101	0.0775058618454553	6.475207548834305	0.0606060606060606	0.7122719883918762	0.7182949185371399	0.4258135259151459	87.87908935546875	0.5101932287216187
8v13	102	0.071614599867797	5.843130285810777	0.0303030303030303	0.7619250416755676	0.7653009295463562	0.6399999856948853	89.08574676513672	0.47146034240722656
8v13	103				0.7254151105880737	0.7311837673187256	0.44460275769233704	88.29820251464844	0.4905797243118286
8v13	104	0.0873061317298077	6.208362129340269	0.0909090909090909	0.7737034559249878	0.7755810022354126	0.6754643321037292	89.93510437011719	0.4417363405227661
8v13	105				0.7202847599983215	0.7266736030578613	0.42959609627723694	87.91917419433594	0.5012238621711731
8v52	101	0.7615530314389587	0.7593453180401659	0.625	0.7957521677017212	0.8059870600700378	0.597019612789154	91.12773895263672	0.4175040125846863
8v52	102				0.8005445599555969	0.8104050159454346	0.6038521528244019	91.29993438720703	0.4116888642311096
8v52	103				0.8277060985565186	0.8360821008682251	0.6813907027244568	91.75370788574219	0.3919171988964081
8v52	104				0.8219153881072998	0.8304546475410461	0.6520853638648987	91.56511688232422	0.39387065172195435
8v52	105	0.8849199434439902	0.5939493814964788	0.8333333333333334	0.8188350796699524	0.8272562026977539	0.6478303670883179	91.33397674560547	0.3926410973072052
8v5q	101	0.0358575705566611	15.469839154143012	0.0	0.7700846791267395	0.7805777192115784	0.47399646043777466	83.95211791992188	0.5919060707092285
8v5q	102	0.0263007120328682	17.233706801709328	0.0	0.6874915361404419	0.7053004503250122	0.24832187592983246	80.40228271484375	0.8797653317451477
8v5q	103	0.0349202523099458	16.145472785783472	0.0	0.6533675193786621	0.6713826060295105	0.2056053727865219	82.17992401123047	0.7571364641189575
8v5q	104	0.6351943364535825	1.983046307482903	0.7692307692307693	0.8940058946609497	0.8954619765281677	0.8734370470046997	91.99163055419922	0.3778124153614044
8v5q	105	0.6842811064470613	1.959007753198104	0.8205128205128205	0.891625165939331	0.8932780623435974	0.8642987012863159	91.57501220703125	0.3896063268184662
8vrs	101				0.18727295100688934	0.27544745802879333	0.18727295100688934	85.49365234375	0.7636294364929199
8vrs	102				0.25337210297584534	0.32739901542663574	0.25337210297584534	86.40462493896484	0.710357666015625
8vrs	103				0.19422592222690582	0.28179627656936646	0.19422592222690582	86.0037612915039	0.7360644340515137
8vrs	104				0.3088814318180084	0.3727955222129822	0.3088814318180084	86.08837890625	0.7245438098907471
8vrs	105				0.23727498948574066	0.31919440627098083	0.23727498948574066	86.28148651123047	0.7197096347808838
8vtd	101	0.0911232059181666	8.044006270856546	0.0	0.7241474390029907	0.7400703430175781	0.29607129096984863	90.78855895996094	0.5218448638916016
8vtd	102	0.0513095981419278	12.30742604831682	0.0263157894736842	0.7409989237785339	0.7557892799377441	0.34711459279060364	90.57717895507812	0.4769718647003174
8vtd	103	0.6440826312539735	0.9482817523182754	0.7105263157894737	0.7345044612884521	0.7502058148384094	0.3307352066040039	91.20059967041016	0.4865754544734955
8vtd	104	0.66169678032935	0.8925134147041942	0.6842105263157895	0.7262264490127563	0.7426177263259888	0.3101292848587036	91.07537078857422	0.49922314286231995
8vtd	105	0.7679048048240477	1.0824433118598074	0.7368421052631579	0.7375329732894897	0.7530069947242737	0.3492412269115448	90.92192840576172	0.4805016815662384
8vte	101				0.9409471750259399	0.9428253173828125	0.9349367022514343	95.51023864746094	0.3281347155570984
8vte	102				0.9406152367591858	0.9424711465835571	0.9338879585266113	95.50289154052734	0.3280790448188782
8vte	103				0.9399877190589905	0.9418742656707764	0.9315956234931946	95.45256042480469	0.3287319839000702
8vte	104				0.9382519125938416	0.9401932954788208	0.930726170539856	95.18563079833984	0.3309302031993866
8vte	105				0.940274178981781	0.9421813488006592	0.9322452545166016	95.46461486816406	0.3286036550998688
8vui	102	0.1373219003603884	5.217769168415375	0.1590909090909091	0.566348671913147	0.5878590941429138	0.21527057886123657	86.9696273803711	0.6336692571640015
8vui	103	0.0753228398527526	10.768932063022929	0.1363636363636363	0.5742418169975281	0.5948521494865417	0.22896866500377655	87.04651641845703	0.6258069276809692
8vui	104	0.0858705458647086	6.716278320184339	0.1363636363636363	0.5731334090232849	0.5936713218688965	0.2216975837945938	87.02877807617188	0.614926278591156
8vui	105	0.0613455690206148	8.660137062996073	0.0909090909090909	0.5929268598556519	0.6127690076828003	0.28976210951805115	87.34555053710938	0.6055166125297546
8vvl	101	0.5282562440081947	2.2294110287104174	0.7142857142857143	0.7508332133293152	0.7635629177093506	0.673204779624939	89.3481674194336	0.4384317696094513
8vvl	102	0.0756887295642162	8.662684994639894	0.1666666666666666	0.5603232383728027	0.585354208946228	0.21991051733493805	84.1990966796875	0.6951557993888855
8vvl	103	0.059007806654991	10.875934801019536	0.0714285714285714	0.7667204141616821	0.7788640260696411	0.6994820833206177	90.35389709472656	0.40479576587677
8vvl	104	0.057687645096849	11.198728547667246	0.0714285714285714	0.7524774074554443	0.7655789256095886	0.6939041018486023	89.58611297607422	0.4368707239627838
8vvl	105	0.0258476082569474	12.867498536622607	0.0476190476190476	0.5523388981819153	0.5770020484924316	0.18614614009857178	84.12202453613281	0.6825068593025208
8w0w	101	0.7655931085262716	1.229982154426306	0.9032258064516128	0.8079290986061096	0.8161716461181641	0.7093293070793152	90.5528564453125	0.42365333437919617
8w0w	102	0.7841619589881651	1.078605353671729	0.8709677419354839	0.7981026768684387	0.8069855570793152	0.6876177787780762	90.21591186523438	0.4348275661468506
8w0w	103	0.8074599918007864	0.935836418806822	0.8548387096774194	0.8233720660209656	0.830519437789917	0.7377074956893921	90.54837036132812	0.4189152717590332
8w0w	104	0.5893029417438779	1.243546284179598	0.8387096774193549	0.8098461627960205	0.8178872466087341	0.7096354365348816	90.4164810180664	0.4272196888923645
8w0w	105	0.7354912977009672	1.328135086365201	0.8870967741935484	0.8046137094497681	0.812999963760376	0.7022812962532043	90.36880493164062	0.43352335691452026
8w90	101				0.17841552197933197	0.2696665823459625	0.17841552197933197	84.40381622314453	0.704943835735321
8w90	102				0.26393136382102966	0.342474102973938	0.26393136382102966	85.6125259399414	0.650989830493927
8w90	103	0.6550187604265822	1.8330498970603817	0.803921568627451	0.5808145999908447	0.6210832595825195	0.5808145999908447	89.15038299560547	0.5466042757034302
8w90	104	0.0115410319388127	17.201551821682052	0.0	0.20695160329341888	0.2926640510559082	0.20695160329341888	86.11432647705078	0.6815475225448608
8w90	105	0.0118224717164058	16.88074798548163	0.0	0.2047407031059265	0.29061347246170044	0.2047407031059265	86.10299682617188	0.6758416891098022
8weo	101				0.8661704063415527	0.8756558895111084	0.8661704063415527	92.89482879638672	0.35785117745399475
8weo	102				0.9529118537902832	0.9480034708976746	0.9529118537902832	93.08668518066406	0.3488469123840332
8weo	103				0.8159147500991821	0.8309606313705444	0.8159147500991821	92.33477783203125	0.366359144449234
8weo	104				0.9498850703239441	0.9448552131652832	0.9498850703239441	93.2165298461914	0.3484067916870117
8weo	105				0.6698194146156311	0.6955441832542419	0.6698194146156311	90.73051452636719	0.40239232778549194
8x0t	101	0.0360772200261537	9.78801339899104	0.0	0.7805778980255127	0.7843006253242493	0.5641350150108337	90.19602966308594	0.40074700117111206
8x0t	102	0.0358793516060347	9.762996413476664	0.0	0.7894109487533569	0.7922083735466003	0.5895756483078003	90.2004165649414	0.3962208330631256
8x0t	103	0.0331892295569912	9.507894237263056	0.0	0.7859957814216614	0.7898145914077759	0.5613648295402527	89.98060607910156	0.4021574854850769
8x0t	104	0.0356748352011387	9.838252240571544	0.0	0.7894866466522217	0.7927436232566833	0.5877199172973633	90.48512268066406	0.3947528302669525
8x0t	105	0.0340524404778145	9.908969936886947	0.0	0.8029137849807739	0.8047115802764893	0.6324524879455566	90.33817291259766	0.3916356563568115
8x0y	101				0.9271903038024902	0.9275022149085999	0.898506760597229	93.22391510009766	0.3589756190776825
8x0y	102				0.9150925874710083	0.915968120098114	0.8567062020301819	92.55751037597656	0.3680449426174164
8x0y	103				0.9253739714622498	0.9259639978408813	0.892470121383667	93.1017074584961	0.36310145258903503
8x0y	104				0.7190773487091064	0.7335776090621948	0.57258540391922	88.86575317382812	0.4546467065811157
8x0y	105				0.9243229031562805	0.9247320294380188	0.8937437534332275	93.40174102783203	0.3602496385574341
8xk6	101	0.0217794025826778	10.713521554839597	0.0	0.4061160683631897	0.43002042174339294	0.18574830889701843	72.2942123413086	1.3598196506500244
8xk6	102	0.0067514337293983	16.822205748946516	0.0	0.3868386447429657	0.4111844599246979	0.15471863746643066	70.58421325683594	1.519756555557251
8xk6	103	0.0108823100956858	14.817708982187998	0.0	0.38574856519699097	0.41075581312179565	0.15624895691871643	71.51985168457031	1.4952194690704346
8xk6	104	0.1682494595912949	9.545795781699594	0.3953488372093023	0.3954553008079529	0.420188307762146	0.32192662358283997	70.03166961669922	1.5107227563858032
8xk6	105	0.007205532783369	17.03873786592442	0.0	0.3818275034427643	0.40671175718307495	0.15393677353858948	63.726097106933594	1.8189455270767212
8y9t	101	0.7911186523353031	0.747179581786655	0.8392857142857143	0.9554213285446167	0.9365077018737793	0.9554213285446167	85.06217956542969	0.5719507336616516
8y9t	102	0.7437993143587188	0.9808697860995664	0.8035714285714286	0.9560155868530273	0.9368045926094055	0.9560155868530273	85.01447296142578	0.5798500180244446
8y9t	103	0.7962187403194932	0.7923677297685141	0.8392857142857143	0.9567927718162537	0.9378662705421448	0.9567927718162537	85.0888671875	0.5657174587249756
8y9t	104	0.6455225877375877	1.2892668144598465	0.7678571428571429	0.9565232396125793	0.9377273917198181	0.9565232396125793	84.94096374511719	0.5687870383262634
8y9t	105	0.7319524373814952	0.9872888243523154	0.8392857142857143	0.954386830329895	0.9360501170158386	0.954386830329895	84.74429321289062	0.5824370384216309
8ybl	101	0.4944053753118446	2.4926347363802286	0.5263157894736842	0.3622358441352844	0.43806105852127075	0.3622358441352844	88.76232147216797	0.5232576727867126
8ybl	102	0.5550573790819878	2.2128268798433677	0.6052631578947368	0.34272244572639465	0.42155277729034424	0.34272244572639465	88.12425994873047	0.5319320559501648
8ybl	103	0.6214883096142678	2.0150021874705417	0.6578947368421053	0.40332192182540894	0.47192686796188354	0.40332192182540894	88.4561538696289	0.5115510821342468
8ybl	104	0.157545391863451	6.116661488931874	0.1578947368421052	0.2637189030647278	0.3522329330444336	0.2637189030647278	87.14576721191406	0.6017654538154602
8ybl	105	0.1038232602772561	9.70482112456978	0.1052631578947368	0.27197933197021484	0.3594333529472351	0.27197933197021484	87.17459869384766	0.5965144038200378
8ybm	101	0.0066416877141039	19.835465516954866	0.0	0.18194028735160828	0.28112536668777466	0.18194028735160828	86.0158462524414	0.6307883858680725
8ybm	102	0.0349151732617024	8.17584522374371	0.0	0.416420578956604	0.48183512687683105	0.416420578956604	87.8362808227539	0.5449298620223999
8ybm	103	0.0059145260719177	22.14686509499436	0.0	0.18234074115753174	0.28143200278282166	0.18234074115753174	86.02274322509766	0.6662895679473877
8ybm	104	0.035900858186147	8.795030188504759	0.032258064516129	0.3629586398601532	0.43561801314353943	0.3629586398601532	86.81529998779297	0.5690563321113586
8ybm	105	0.0426990616998351	14.36388474879544	0.064516129032258	0.19760684669017792	0.29428577423095703	0.19760684669017792	85.87198638916016	0.6653034090995789
8ybn	101	0.1635259056062677	5.142913840065302	0.2195121951219512	0.267922967672348	0.3557460904121399	0.267922967672348	88.10487365722656	0.517298698425293
8ybn	102	0.077505361748145	8.618908405878967	0.048780487804878	0.2713978588581085	0.35929274559020996	0.2713978588581085	88.52159118652344	0.5528433918952942
8ybn	103	0.0898056486949421	8.664717706315157	0.0975609756097561	0.2953236699104309	0.37949538230895996	0.2953236699104309	88.76044464111328	0.5423350930213928
8ybn	104	0.0844657552740778	8.617532062802368	0.073170731707317	0.28672686219215393	0.3722437024116516	0.28672686219215393	88.6791763305664	0.5452117919921875
8ybn	105	0.1299801532970773	8.740315574629163	0.2195121951219512	0.3304160237312317	0.40947431325912476	0.3304160237312317	88.98252868652344	0.5148007273674011
8ybo	101				0.91880202293396	0.9234092831611633	0.91880202293396	95.37578582763672	0.3258048892021179
8ybo	102				0.9089428782463074	0.9147236943244934	0.9089428782463074	95.20891571044922	0.3287302851676941
8ybo	103				0.905766487121582	0.911939799785614	0.905766487121582	95.2366714477539	0.3284871280193329
8ybo	104				0.9090746641159058	0.9148319959640503	0.9090746641159058	95.0694580078125	0.3275582492351532
8ybo	105				0.9101331233978271	0.9157112240791321	0.9101331233978271	95.12156677246094	0.32645922899246216
8ybp	101	0.792762837752896	1.2840225809880317	0.8372093023255814	0.9165176749229431	0.9210039973258972	0.9165176749229431	93.8573989868164	0.34930041432380676
8ybp	102	0.7938486838729415	1.2846330299835889	0.8372093023255814	0.9152346253395081	0.9195460677146912	0.9152346253395081	93.87283325195312	0.3522099554538727
8ybp	103	0.5725539829938502	2.771585010948198	0.6511627906976745	0.8748955130577087	0.8850938677787781	0.8748955130577087	93.6159439086914	0.352348655462265
8ybp	104	0.8108960948962682	1.1136041281522304	0.8372093023255814	0.915429413318634	0.9199181795120239	0.915429413318634	93.99008178710938	0.34656456112861633
8ybp	105	0.6383644404298418	1.60375035576327	0.6976744186046512	0.8758809566497803	0.8855305314064026	0.8758809566497803	93.46331024169922	0.357276976108551
8yj8	101	0.6743734074131185	1.9329358403129295	0.7959183673469388	0.8963266015052795	0.9056214690208435	0.8963266015052795	93.70137786865234	0.34623709321022034
8yj8	102	0.5568582505852394	2.5144939967056934	0.673469387755102	0.8987870812416077	0.9074597358703613	0.8987870812416077	93.41226196289062	0.3490130305290222
8yj8	103	0.6150271769101231	2.076198794038866	0.7551020408163265	0.9044370055198669	0.9122530817985535	0.9044370055198669	93.24951171875	0.3498733937740326
8yj8	104	0.6140228062101153	2.11108556841631	0.7959183673469388	0.9080019593238831	0.9152790307998657	0.9080019593238831	93.18878936767578	0.3506665825843811
8yj8	105	0.6851543614464618	1.7999169528444954	0.8367346938775511	0.9195021986961365	0.9257736802101135	0.9195021986961365	93.98114776611328	0.3405091166496277
8ykt	101	0.0277497314206197	17.557184875914633	0.0	0.5406413674354553	0.5590541362762451	0.25573405623435974	89.29258728027344	0.4855717718601227
8ykt	102	0.0387244068269848	16.306160533984855	0.0	0.5269527435302734	0.5458352565765381	0.2417653352022171	89.14646911621094	0.4923829436302185
8ykt	103	0.0274847728141864	16.067266106212372	0.0	0.5073639154434204	0.5275605320930481	0.21108949184417725	88.36576080322266	0.5340286493301392
8ykt	104	0.0182040502619561	17.694885323711997	0.0	0.5364004969596863	0.5560952425003052	0.25999191403388977	89.31544494628906	0.4926110506057739
8ykt	105	0.0295544064659186	16.80881983116765	0.0	0.5234127044677734	0.5424017310142517	0.2278158813714981	88.76751708984375	0.5078300833702087
8ysh	101	0.9283628308207472	0.56112004887919	0.9322033898305084	0.9404215216636658	0.9420892000198364	0.9404215216636658	94.08753967285156	0.34767642617225647
8ysh	102	0.9343185556093854	0.494427484304259	0.9152542372881356	0.9406630396842957	0.9420336484909058	0.9406630396842957	93.70126342773438	0.3555353879928589
8ysh	103	0.9435477203416412	0.4644757156573331	0.9322033898305084	0.9356967210769653	0.9383411407470703	0.9356967210769653	93.9125747680664	0.3526085615158081
8ysh	104	0.92604964453168	0.4685689368486541	0.8813559322033898	0.9439132809638977	0.9453505873680115	0.9439132809638977	94.12754821777344	0.34713512659072876
8ysh	105	0.912176325218834	0.573198647195301	0.8983050847457628	0.9445102214813232	0.9458333253860474	0.9445102214813232	94.22721862792969	0.34587717056274414
8yub	101	0.0177461926508906	16.6246083375847	0.0	0.5197221040725708	0.5376590490341187	0.1912108063697815	85.48566436767578	0.6149733662605286
8yub	102	0.0135189754084097	16.25866078374136	0.0	0.5350318551063538	0.5526897311210632	0.26729780435562134	86.36276245117188	0.5975126028060913
8yub	103	0.0149892364153922	16.750521188278995	0.0	0.5293323397636414	0.547110915184021	0.19592927396297455	85.72860717773438	0.6027445793151855
8yub	104	0.0122612974495575	17.725551945457706	0.0	0.5181263089179993	0.5366487503051758	0.1838514506816864	85.54501342773438	0.6197246313095093
8yub	105	0.0136083700159619	16.51978231188933	0.0	0.5290634632110596	0.5469717383384705	0.22862200438976288	86.03424072265625	0.603653073310852
8yvj	101	0.027111818746756	13.052600748396948	0.0188679245283018	0.8068308234214783	0.8156992793083191	0.8068308234214783	91.28255462646484	0.4423556923866272
8yvj	102	0.0195591678978468	13.11228891472706	0.0	0.8090227842330933	0.8172925710678101	0.8090227842330933	91.2870864868164	0.4430975914001465
8yvj	103	0.0262226927160968	13.0029960327727	0.0188679245283018	0.8600407242774963	0.863299548625946	0.8600407242774963	91.23419952392578	0.43055272102355957
8yvj	104	0.0206126505039718	12.95706609755297	0.0	0.7816759943962097	0.7914711236953735	0.7816759943962097	90.89836120605469	0.4478992521762848
8yvj	105	0.0206612736595067	13.052197854380715	0.0	0.7587541937828064	0.7712967395782471	0.7587541937828064	90.77335357666016	0.4585151970386505
8yvo	101				0.2881781756877899	0.37267884612083435	0.2881781756877899	88.41250610351562	0.5807181000709534
8yvo	102				0.3178803324699402	0.3981488347053528	0.3178803324699402	89.20341491699219	0.5689350962638855
8yvo	103	0.0387475598634826	14.192798575379642	0.0	0.3222312033176422	0.40259766578674316	0.3222312033176422	88.1752700805664	0.5825760364532471
8yvo	104				0.315447062253952	0.39629822969436646	0.315447062253952	88.50032806396484	0.5641335844993591
8yvo	105				0.30362462997436523	0.3853397071361542	0.30362462997436523	88.34841918945312	0.5810447335243225
8yxi	101	0.0089196136620886	15.11914810903257	0.0	0.4564381539821625	0.48144716024398804	0.16096748411655426	75.87515258789062	1.200608253479004
8yxi	102	0.0192204840076937	12.032662008007382	0.0	0.5189053416252136	0.5402758121490479	0.31672027707099915	76.56108856201172	1.1738731861114502
8yxi	103	0.1098441344511038	11.667767195669786	0.2307692307692307	0.4772440195083618	0.501686155796051	0.18452052772045135	79.44017028808594	0.9234213829040527
8yxi	104	0.0497652212316446	12.77635198742701	0.0769230769230769	0.4660789370536804	0.4911797046661377	0.1648595929145813	69.51551818847656	1.651779055595398
8yxi	105	0.0131826717895661	12.44469467935951	0.0	0.4646979868412018	0.48922836780548096	0.17412927746772766	77.68951416015625	1.063198208808899
8yyz	101	0.050550854600959	10.5633689786654	0.0666666666666666	0.7001240849494934	0.7185903191566467	0.32926177978515625	91.53242492675781	0.4557309150695801
8yyz	102	0.0743756748749254	11.6276892426555	0.1333333333333333	0.6921329498291016	0.7112413048744202	0.31768152117729187	91.37173461914062	0.4588593542575836
8yyz	103	0.0847248470831003	11.57641840426123	0.1666666666666666	0.7213163375854492	0.7377265095710754	0.3962750732898712	92.03243255615234	0.44314947724342346
8yyz	104	0.0731930414270208	11.585891196628204	0.1333333333333333	0.7276449203491211	0.7437384724617004	0.40333837270736694	91.82476043701172	0.4385928213596344
8yyz	105	0.8784163195697311	0.6746372047310544	0.8333333333333334	0.8012415766716003	0.8119708299636841	0.582383930683136	93.04712677001953	0.37561362981796265
8z2e	101	0.0086605890029408	17.651357409341617	0.0	0.23282906413078308	0.3207208514213562	0.23282906413078308	84.55167388916016	0.7759793996810913
8z2e	102	0.0084746425799199	17.761124818791455	0.0	0.2086639702320099	0.2993208169937134	0.2086639702320099	83.81037902832031	0.7922232151031494
8z2e	103	0.8945241187266483	0.6722869337054795	0.9615384615384616	0.8813604116439819	0.8890169858932495	0.8813604116439819	92.82172393798828	0.3991784453392029
8z2e	104	0.8924725087860194	0.7170227061713705	0.9423076923076924	0.8741403222084045	0.8827081322669983	0.8741403222084045	92.74301147460938	0.4017352759838104
8z2e	105	0.8574627244011689	0.8080812631592775	0.9423076923076924	0.8800487518310547	0.8872796893119812	0.8800487518310547	92.49183654785156	0.4089099168777466
8z2v	101	0.0747645628037997	11.430831479202247	0.1333333333333333	0.7332701683044434	0.7487018704414368	0.4243597984313965	91.63105773925781	0.43754902482032776
8z2v	102	0.0855378843133306	11.418474067754351	0.1666666666666666	0.7217469811439514	0.7380419373512268	0.3950236737728119	91.48416137695312	0.44757238030433655
8z2v	103	0.9050009908195182	0.6304241666465905	0.9	0.7947701215744019	0.805654764175415	0.5739816427230835	93.01164245605469	0.3844032287597656
8z2v	104	0.0629849655930103	11.41805635314225	0.1	0.7357745170593262	0.7511430382728577	0.42594605684280396	91.82401275634766	0.4304566979408264
8z2v	105	0.0970349399103691	11.459323901810064	0.2	0.7641282081604004	0.7774564027786255	0.5148269534111023	92.04119873046875	0.4222739338874817
8z39	101	0.117550666252305	11.038676622527108	0.2571428571428571	0.7546465396881104	0.7684287428855896	0.46761104464530945	91.90966033935547	0.4261712431907654
8z39	102	0.1077916750648049	11.059623476782834	0.2285714285714285	0.7011860609054565	0.7191375494003296	0.349067747592926	91.26396179199219	0.45366525650024414
8z39	103	0.0773096572977692	11.218221322634662	0.1428571428571428	0.6980980038642883	0.7159830927848816	0.33413761854171753	91.3577880859375	0.46018752455711365
8z39	104	0.0475135702248502	11.203352537743914	0.0571428571428571	0.6972952485084534	0.7158694267272949	0.3353565037250519	91.44796752929688	0.4502376616001129
8z39	105	0.1179755771783268	11.04561356672383	0.2571428571428571	0.7480419278144836	0.7624766230583191	0.4479321241378784	92.21134948730469	0.42883172631263733
8z3a	101	0.1305924442564228	11.325315477484269	0.303030303030303	0.7173866033554077	0.7338085174560547	0.38477468490600586	91.46339416503906	0.4473859667778015
8z3a	102	0.1197146023420835	11.250915506837416	0.2727272727272727	0.7427728176116943	0.7572147250175476	0.44734427332878113	91.74124908447266	0.4321630001068115
8z3a	103	0.121043192779548	11.302489485363116	0.2727272727272727	0.7405173182487488	0.7554644346237183	0.4370459020137787	92.06100463867188	0.4313371777534485
8z3a	104	0.1094246357877767	11.336447892414052	0.2424242424242424	0.6952144503593445	0.7141180038452148	0.32800135016441345	91.33626556396484	0.45523396134376526
8z3a	105	0.0989643467244882	11.34623273387063	0.2121212121212121	0.694118082523346	0.7124435901641846	0.34114333987236023	91.06383514404297	0.4600018560886383
8z8v	101	0.0038876577188118	28.188331679539747	0.0	0.2001253217458725	0.31761908531188965	0.2001253217458725	88.9845199584961	0.6914960741996765
8z8v	102	0.0034494992512819	31.128809089031005	0.0	0.23070600628852844	0.34142574667930603	0.23070600628852844	88.60371398925781	0.7002139687538147
8z8v	103	0.0036470550517551	30.521739064551245	0.0	0.2264253795146942	0.33903172612190247	0.2264253795146942	89.18982696533203	0.680509626865387
8z8v	104	0.0035961571639455	28.065975752758483	0.0	0.2150534689426422	0.3291742503643036	0.2150534689426422	88.81645965576172	0.7020978927612305
8z8v	105	0.0121940726655336	15.696392424448971	0.0	0.2388208955526352	0.35004252195358276	0.2388208955526352	88.71785736083984	0.6367509961128235
8zca	101	0.0372691325316479	11.171662015151824	0.0	0.6528736352920532	0.6731027364730835	0.2006739377975464	88.49728393554688	0.558627188205719
8zca	102	0.036010410214381	11.128756028376923	0.0	0.6998588442802429	0.7174195051193237	0.3051004111766815	88.7649154663086	0.5439115166664124
8zca	103	0.0428443730547158	10.048790495480445	0.0	0.7019076943397522	0.7192739844322205	0.3107772767543793	88.80912780761719	0.5195545554161072
8zca	104				0.6751195192337036	0.6941815614700317	0.2472156137228012	88.63400268554688	0.5424177050590515
8zca	105	0.0657150772708128	10.813140012288477	0.0	0.6845540404319763	0.7030581831932068	0.2632545530796051	88.89999389648438	0.5325589776039124
8zu9	101	0.0526747027524276	11.549778501449266	0.0689655172413793	0.6821655035018921	0.7005466818809509	0.34362903237342834	89.01361083984375	0.48325446248054504
8zu9	102	0.0520285376418767	11.44576279231631	0.0689655172413793	0.6788285374641418	0.6974843740463257	0.33382946252822876	89.36055755615234	0.46758565306663513
8zu9	103	0.0567134888254188	13.49272434243921	0.0689655172413793	0.6766297817230225	0.6953704953193665	0.32980799674987793	89.42406463623047	0.4794747829437256
8zu9	104	0.0524500505067419	11.217870683639172	0.0689655172413793	0.6698055267333984	0.6890020370483398	0.3214423954486847	89.1936264038086	0.4855138063430786
8zu9	105	0.0514890704166509	11.237645901494052	0.0689655172413793	0.6766700148582458	0.6954255104064941	0.3338879644870758	89.30860900878906	0.4735814332962036
9atm	101	0.042752213817619	12.72843510099849	0.0	0.5552204251289368	0.5740714073181152	0.22683727741241455	86.59960174560547	0.5585869550704956
9atm	102	0.0404795268814232	14.006562196790384	0.0	0.5365740060806274	0.5567682385444641	0.19385766983032227	86.65979766845703	0.577006459236145
9atm	103	0.0608117036050761	11.410819354202015	0.02	0.5958699584007263	0.6117347478866577	0.3154902160167694	87.35596466064453	0.5103253126144409
9atm	104	0.0168933119766396	17.56205195873867	0.0	0.5308094024658203	0.5508827567100525	0.21748334169387817	87.2441177368164	0.5675259828567505
9atm	105	0.1066401777169023	7.053054622734022	0.12	0.5447893142700195	0.5650928616523743	0.250415563583374	87.04813385009766	0.5742869973182678
9au1	101	0.0427300338123641	15.80795486169923	0.0	0.5310187339782715	0.5507638454437256	0.19071397185325623	84.73472595214844	0.6421012878417969
9au1	102	0.1166833669102307	7.161740227450538	0.1224489795918367	0.5227294564247131	0.542998731136322	0.17410869896411896	87.16524505615234	0.5837436318397522
9au1	103	0.0383280209553511	14.08345297864124	0.0	0.5590469837188721	0.5768247246742249	0.23814548552036285	87.3089828491211	0.5646703839302063
9au1	104	0.1195592893253155	6.550541028906966	0.1428571428571428	0.5235688090324402	0.5435967445373535	0.19281357526779175	87.20377349853516	0.5816593766212463
9au1	105	0.1135384694273531	6.537127159526447	0.1428571428571428	0.5362359881401062	0.556769847869873	0.2083875834941864	87.22122955322266	0.5682976841926575
9azr	101	0.1482135293275611	7.155144601575019	0.2954545454545454	0.6341492533683777	0.646397590637207	0.4413285255432129	89.82804870605469	0.4344078302383423
9azr	102	0.6720367730594807	1.416173284853816	0.8181818181818182	0.5918859839439392	0.6084439754486084	0.4008144438266754	89.31827545166016	0.4660290479660034
9azr	103	0.1837540108360648	6.769207835602021	0.2727272727272727	0.5855467915534973	0.6012464761734009	0.3817776143550873	89.14682006835938	0.46074235439300537
9azr	104	0.1694473871454234	11.861105929469495	0.3863636363636363	0.6674782037734985	0.6759660243988037	0.6198928356170654	89.84882354736328	0.4225425124168396
9azr	105	0.133041679541306	11.720634821828646	0.2727272727272727	0.5806034207344055	0.5976247191429138	0.3128516972064972	89.13614654541016	0.4759891629219055
9bdi	101	0.0196422690782899	14.452592511689687	0.0	0.8122757077217102	0.8224605917930603	0.8826362490653992	93.55790710449219	0.34807780385017395
9bdi	102	0.0191794957740167	14.552830897816666	0.0	0.8229296803474426	0.8321049213409424	0.8920935392379761	93.326171875	0.34823861718177795
9bdi	103	0.0202359409236743	14.52521283232494	0.0	0.8357592821121216	0.8440602421760559	0.8769330978393555	92.65691375732422	0.36127129197120667
9bdi	104	0.0204308830121703	14.555632914080872	0.0	0.8299626708030701	0.8387683033943176	0.8909812569618225	93.75137329101562	0.3446345329284668
9bdi	105	0.0204280450563167	14.821501343568904	0.0	0.8022566437721252	0.8131219148635864	0.8713673949241638	92.28386688232422	0.36727267503738403
9bt5	101				0.5924040079116821	0.6145437955856323	0.3056034445762634	90.2721939086914	0.4941343665122986
9bt5	102				0.5898252725601196	0.6121687889099121	0.3261118233203888	90.3822021484375	0.4952744245529175
9bt5	103	0.0716465179347065	9.511173971608164	0.131578947368421	0.591833233833313	0.6141848564147949	0.2827717363834381	90.25627136230469	0.4993281960487366
9bt5	104				0.6019853353500366	0.6232531070709229	0.35186704993247986	90.08723449707031	0.4897034168243408
9bt5	105	0.0622911625304862	10.11956013041441	0.1052631578947368	0.5862526893615723	0.6089552044868469	0.29583004117012024	90.43107604980469	0.4956057071685791
9cds	101				0.4925711154937744	0.517487645149231	0.16377970576286316	88.50324249267578	0.5454664826393127
9cds	102				0.4960070252418518	0.5208996534347534	0.15030531585216522	89.15738677978516	0.5429335236549377
9cds	103	0.05831309075206	9.39762669602042	0.1333333333333333	0.5575082898139954	0.5786032676696777	0.2778618335723877	90.01912689208984	0.4898723363876343
9cds	104				0.49873608350753784	0.5233895778656006	0.17045269906520844	89.21892547607422	0.5344206094741821
9cds	105	0.1020729629073042	9.987602011315564	0.2666666666666666	0.6112554669380188	0.6296372413635254	0.36454832553863525	90.48480224609375	0.4437206983566284
9d41	101	0.0456729951518384	8.699701187475075	0.0571428571428571	0.8295050859451294	0.8350781202316284	0.558194100856781	89.85270690917969	0.4607105553150177
9d41	102	0.0479694980452133	10.549962699950385	0.0571428571428571	0.8207933306694031	0.8270606994628906	0.5267176628112793	88.48652648925781	0.4977344274520874
9d41	103	0.0647218294833876	9.82618632224674	0.1142857142857142	0.8334912657737732	0.8388931155204773	0.585817277431488	88.75431060791016	0.46563825011253357
9d41	104	0.0510240376346296	9.370775814117966	0.0857142857142857	0.8126642107963562	0.8196439743041992	0.48270368576049805	88.30111694335938	0.5144068002700806
9d41	105	0.0564522715572534	10.001947018782582	0.0857142857142857	0.8192833065986633	0.8255752325057983	0.5280312299728394	88.18594360351562	0.5033519268035889
9dbo	101	0.3271288002815224	3.527717489693596	0.3846153846153846	0.7952874302864075	0.8060439825057983	0.4720153510570526	91.83768463134766	0.4066375195980072
9dbo	102	0.8175023466204113	0.8932472246126419	0.7948717948717948	0.9236416220664978	0.9246883392333984	0.8926345705986023	95.18763732910156	0.33025893568992615
9dbo	103	0.7564956966788031	1.013247561440547	0.6923076923076923	0.9280309081077576	0.9286994338035583	0.9105503559112549	95.28970336914062	0.32689622044563293
9dbo	104	0.7254431470510468	1.1555946180474048	0.717948717948718	0.8855676651000977	0.8893976211547852	0.7911414504051208	94.00521087646484	0.34990620613098145
9dbo	105	0.7692486302993965	0.9937807531105652	0.7435897435897436	0.8948217034339905	0.898097813129425	0.8225767016410828	94.19900512695312	0.34581229090690613
9dl0	101				0.8685165047645569	0.874069094657898	0.6747756004333496	93.25310516357422	0.3709641695022583
9dl0	102				0.9061151146888733	0.9081315994262695	0.8204975724220276	94.4264144897461	0.3397783935070038
9dl0	103				0.9191203713417053	0.9200415015220642	0.8818057775497437	95.05196380615234	0.33068305253982544
9dl0	104				0.9241198897361755	0.9249080419540405	0.9020076394081116	95.06884002685547	0.3270246386528015
9dl0	105				0.9263783097267151	0.9271180033683777	0.9073988795280457	95.09190368652344	0.32642221450805664
9dq3	101	0.7855245808683092	1.107135774769961	0.9714285714285714	0.9016872048377991	0.9054284691810608	0.8073501586914062	91.58783721923828	0.45160967111587524
9dq3	102	0.7696432143804008	1.0549847614851078	0.9142857142857144	0.9074113368988037	0.9107529520988464	0.8312876224517822	91.98672485351562	0.4272681474685669
9dq3	103	0.7913019552459778	0.9799017493957918	0.9428571428571428	0.9147721529006958	0.9174953103065491	0.854160726070404	92.3233642578125	0.40339362621307373
9dq3	104	0.7870837046189422	0.929373032414522	0.9428571428571428	0.9075600504875183	0.9108333587646484	0.833479106426239	91.9373779296875	0.4302707612514496
9dq3	105	0.7964709328455571	0.9547561009010596	0.8857142857142857	0.8928157091140747	0.8972434401512146	0.7950087189674377	91.23291015625	0.47567856311798096
9dq4	101	0.8091654286023543	0.8743409956973537	0.90625	0.9240320324897766	0.9257774353027344	0.9028351902961731	94.08354187011719	0.34618648886680603
9dq4	102	0.812455132481322	0.8362596397250666	0.875	0.8923969268798828	0.8968653678894043	0.7908853888511658	93.20944213867188	0.3652482032775879
9dq4	103	0.8002222181417586	0.8919658018170554	0.90625	0.9268252849578857	0.9283798336982727	0.907030463218689	94.40792083740234	0.3414578139781952
9dq4	104	0.8096693958474654	0.945217625446016	0.90625	0.9251790642738342	0.9268439412117004	0.8968572020530701	94.26602172851562	0.34390196204185486
9dq4	105	0.818976644420586	0.8844675877540429	0.90625	0.9251896142959595	0.9267441034317017	0.9013772010803223	94.31977844238281	0.342678427696228
9dx6	101	0.6149677335595772	2.241963844138023	0.6714285714285714	0.8426550626754761	0.8470385074615479	0.8293929696083069	91.16938781738281	0.38846486806869507
9dx6	102	0.525811163266445	2.5349869699139576	0.6285714285714286	0.8328237533569336	0.8378027677536011	0.8096933364868164	89.63321685791016	0.4273398518562317
9dx6	103	0.5481247807598305	2.398834193160929	0.6285714285714286	0.8353981375694275	0.8403458595275879	0.8101468086242676	90.02883911132812	0.4261144697666168
9dx6	104	0.517570389667538	2.5236030587492704	0.7	0.857162356376648	0.8611636161804199	0.8349501490592957	90.91228485107422	0.3995591402053833
9dx6	105	0.5663273768556331	2.307105695716156	0.6714285714285714	0.856995701789856	0.8606778979301453	0.8354842066764832	90.6761474609375	0.40765276551246643
9e7n	101				0.29062512516975403	0.37667471170425415	0.29062512516975403	87.2869644165039	0.5962323546409607
9e7n	102				0.335357129573822	0.41504883766174316	0.335357129573822	87.93768310546875	0.5676199793815613
9e7n	103				0.4411083161830902	0.5047732591629028	0.4411083161830902	86.0128402709961	0.5717563629150391
9e7n	104				0.24882829189300537	0.338637113571167	0.24882829189300537	85.59197235107422	0.6690504550933838
9e7n	105				0.4355153441429138	0.49977385997772217	0.4355153441429138	87.96223449707031	0.5273314714431763
9e7o	101	0.008023279245136	20.860742268302268	0.0	0.23451721668243408	0.32964345812797546	0.23451721668243408	86.44651794433594	0.7232068181037903
9e7o	102	0.0077969401652406	21.251597835241014	0.0	0.20152562856674194	0.3013918399810791	0.20152562856674194	85.68938446044922	0.759198784828186
9e7o	103	0.0076461117923395	21.77882073554483	0.0	0.23213069140911102	0.3285437822341919	0.23213069140911102	86.48712921142578	0.73506760597229
9e7o	104	0.007422565389085	21.998017304948203	0.0	0.2660802900791168	0.3572237491607666	0.2660802900791168	86.4605712890625	0.7227115631103516
9e7o	105	0.0074895161493403	21.74074738973787	0.0	0.28520068526268005	0.37258875370025635	0.28520068526268005	86.56786346435547	0.7171406745910645
9eht	101	0.7039818519151598	1.3304941812213842	0.7352941176470589	0.8726463913917542	0.8782541155815125	0.7034958004951477	93.11083221435547	0.37388595938682556
9eht	102	0.7366418826517327	1.2595335872369604	0.7647058823529411	0.8975690007209778	0.901220977306366	0.7878637313842773	93.43595123291016	0.360064297914505
9eht	103				0.8766369819641113	0.8819525837898254	0.7122628092765808	93.12620544433594	0.37353208661079407
9eht	104	0.7349382607434668	1.3190947904522816	0.7647058823529411	0.8600268363952637	0.8664930462837219	0.6691666841506958	92.79440307617188	0.3821559250354767
9eht	105				0.885803759098053	0.8903261423110962	0.7352653741836548	93.29948425292969	0.3692558705806732
9en2	101	0.0098963437722172	18.529512561621168	0.0	0.17967794835567474	0.23778307437896729	0.17967794835567474	82.79595947265625	0.7766614556312561
9en2	102	0.0120076641346075	15.300468501096905	0.0	0.2053414285182953	0.262533038854599	0.2053414285182953	82.91065979003906	0.7670460939407349
9en2	103	0.0500634613694699	12.57171884626588	0.0	0.19434291124343872	0.25716668367385864	0.19434291124343872	82.288330078125	0.7748084664344788
9en2	104	0.0293855625211308	13.162629234247497	0.0	0.18159806728363037	0.24138501286506653	0.18159806728363037	82.73790740966797	0.7636502981185913
9en2	105	0.0803623931524565	13.345434316813684	0.0	0.1669577658176422	0.228814035654068	0.1669577658176422	82.58521270751953	0.7665882110595703
9ena	101	0.0071062970075145	21.17728239353978	0.0	0.2735567092895508	0.3848115801811218	0.2735567092895508	91.06871795654297	0.511445164680481
9ena	102	0.0073956034863437	20.85709874486053	0.0	0.22553470730781555	0.34404444694519043	0.22553470730781555	90.67184448242188	0.534666121006012
9ena	103	0.0069323016494236	20.222161461679946	0.0	0.2544286549091339	0.36815765500068665	0.2544286549091339	90.42752838134766	0.5241230726242065
9ena	104	0.0069767939368863	21.882151463958152	0.0	0.21595779061317444	0.33644813299179077	0.21595779061317444	90.52493286132812	0.5528537631034851
9ena	105	0.0066350631796337	21.13885468935237	0.0	0.24235761165618896	0.35799503326416016	0.24235761165618896	89.95980834960938	0.5493457317352295
9erw	101	0.0111762864179882	12.508632818610067	0.0	0.4495854377746582	0.5040663480758667	0.4495854377746582	84.80998992919922	0.6293233633041382
9erw	102	0.0117550052650114	12.023019112039798	0.0	0.2984160780906677	0.37798747420310974	0.2984160780906677	84.77397918701172	0.6364418864250183
9erw	103	0.0094283260297544	14.327978010584156	0.0	0.2359277307987213	0.3254666328430176	0.2359277307987213	83.39610290527344	0.681154727935791
9erw	104	0.0113891416096317	12.380547813179016	0.0	0.268425852060318	0.3525404930114746	0.268425852060318	84.59784698486328	0.6492120027542114
9erw	105	0.0117629777682844	12.021386928348416	0.0	0.22880826890468597	0.31872087717056274	0.22880826890468597	84.0999984741211	0.6701555252075195
9etl	101	0.0840506416705705	13.881686522289897	0.1538461538461538	0.4899846911430359	0.5449765920639038	0.4899846911430359	88.53038787841797	0.5075907111167908
9etl	102	0.0807042090051403	13.956842732715565	0.1384615384615384	0.4705469012260437	0.5277566313743591	0.4705469012260437	88.31494903564453	0.5117852091789246
9etl	103	0.1083495642693253	13.971919354054329	0.2153846153846154	0.47122690081596375	0.5278662443161011	0.47122690081596375	88.09136962890625	0.5198597311973572
9etl	104	0.090372819549989	13.734001405138788	0.1692307692307692	0.47860828042030334	0.5350398421287537	0.47860828042030334	88.25029754638672	0.5161899924278259
9etl	105	0.0740671936324362	13.82225459491282	0.123076923076923	0.4904993176460266	0.5443025827407837	0.4904993176460266	87.78997039794922	0.5111469030380249
9eze	101	0.6302132772586163	2.2526787794754677	0.75	0.8751484155654907	0.8809967041015625	0.7575494050979614	92.6084976196289	0.3651639223098755
9eze	102	0.6400390382053004	2.1800944523436567	0.7727272727272727	0.8674784898757935	0.8741973638534546	0.7390380501747131	92.66993713378906	0.3717988431453705
9eze	103	0.6365215024189028	2.1626672307259818	0.75	0.8676851391792297	0.8743030428886414	0.7397884130477905	92.33480834960938	0.3745553195476532
9eze	104	0.6444711787544487	2.010732996906063	0.75	0.862609326839447	0.8694901466369629	0.7337151765823364	92.62554168701172	0.3738197088241577
9eze	105	0.6162739749205725	2.498538543776407	0.7727272727272727	0.8668332695960999	0.8735835552215576	0.7396252155303955	92.47713470458984	0.3798179626464844
9ezh	101	0.4422762716000422	2.2393158127352284	0.5490196078431373	0.4965607821941376	0.5384863615036011	0.4965607821941376	89.8013687133789	0.48205530643463135
9ezh	102	0.4787454619421163	1.881206541193441	0.4901960784313725	0.5443513989448547	0.5821883678436279	0.5443513989448547	89.73567199707031	0.4783060848712921
9ezh	103	0.4399064120703598	2.1220198212081827	0.5098039215686274	0.5526182651519775	0.5891474485397339	0.5526182651519775	90.21089935302734	0.476810485124588
9ezh	104	0.4186417818519665	2.210740854111849	0.4901960784313725	0.5713595151901245	0.6061123609542847	0.5713595151901245	90.27263641357422	0.4727801978588104
9ezh	105	0.4602446118581717	2.0299384060934416	0.5098039215686274	0.5475161075592041	0.5847997665405273	0.5475161075592041	90.07345581054688	0.48136112093925476
9ezi	101	0.4759068861909774	2.022535388436222	0.5625	0.6308765411376953	0.6612887978553772	0.6308765411376953	91.14209747314453	0.43695199489593506
9ezi	102	0.4978155214169172	2.002875065252294	0.5833333333333334	0.6391441226005554	0.6711018681526184	0.6391441226005554	91.37244415283203	0.4134696424007416
9ezi	103	0.5016064340773103	1.960918300210224	0.5833333333333334	0.6293289661407471	0.6604167819023132	0.6293289661407471	91.21630096435547	0.4325949251651764
9ezi	104	0.5091470387326466	1.9360303400919796	0.5833333333333334	0.6156923174858093	0.6480600237846375	0.6156923174858093	91.121337890625	0.43550506234169006
9ezi	105	0.5274864367977115	1.8378089534480253	0.5833333333333334	0.5930920839309692	0.627221941947937	0.5930920839309692	90.78950500488281	0.447826623916626
9ezu	101	0.4530560984500443	2.052856665029112	0.4807692307692308	0.5859243273735046	0.6199382543563843	0.5859243273735046	90.98439025878906	0.4311601221561432
9ezu	102	0.4373900930608363	2.2053018393211636	0.5	0.5442569255828857	0.5809193849563599	0.5442569255828857	90.68389892578125	0.45687228441238403
9ezu	103	0.4644854185147406	2.0874167910011496	0.5192307692307693	0.5515362024307251	0.5867292284965515	0.5515362024307251	90.5995101928711	0.458696573972702
9ezu	104	0.4265853720308776	2.2249754769052092	0.4615384615384615	0.5515758991241455	0.5875638723373413	0.5515758991241455	90.72184753417969	0.45266640186309814
9ezu	105	0.4561158366747264	2.050565812369221	0.4807692307692308	0.5641639232635498	0.5984741449356079	0.5641639232635498	90.74899291992188	0.4542146325111389
9ezv	101	0.4881835226802289	1.8887894355736576	0.5686274509803921	0.5162609219551086	0.5573784112930298	0.5162609219551086	90.59423828125	0.472059428691864
9ezv	102	0.4231369573379182	2.098204699091476	0.5098039215686274	0.5654875040054321	0.5996221303939819	0.5654875040054321	90.732666015625	0.4721789062023163
9ezv	103	0.4765186115384723	1.9343587120288377	0.5490196078431373	0.501732587814331	0.5434212684631348	0.501732587814331	90.41291809082031	0.4828701317310333
9ezv	104	0.4319316306739194	2.043728978023948	0.5098039215686274	0.5476674437522888	0.5831252336502075	0.5476674437522888	90.31829071044922	0.47335439920425415
9ezv	105	0.7435243173728884	1.1640750649461156	0.803921568627451	0.9057149291038513	0.9095057845115662	0.9057149291038513	94.7513198852539	0.34467530250549316
9ezw	101				0.9137008190155029	0.9171059727668762	0.9137008190155029	94.60416412353516	0.3407936096191406
9ezw	102				0.5588378310203552	0.5943558216094971	0.5588378310203552	90.63554382324219	0.4577712416648865
9ezw	103				0.5787432193756104	0.6128998398780823	0.5787432193756104	90.99635314941406	0.4469272494316101
9ezw	104				0.9228379130363464	0.9254893660545349	0.9228379130363464	94.78217315673828	0.3388839066028595
9ezw	105				0.5391932129859924	0.5766110420227051	0.5391932129859924	90.46666717529297	0.46556609869003296
9f91	101	0.3000367240090575	4.216905883115104	0.32	0.8597412109375	0.8643519878387451	0.6526392102241516	91.16905975341797	0.41456368565559387
9f91	102	0.3153575583190017	3.3769230308978884	0.28	0.8492392897605896	0.8548644781112671	0.6098502278327942	91.01136016845703	0.4281245768070221
9f91	103	0.2957157894449585	3.813014949354094	0.32	0.8385154008865356	0.8448771238327026	0.5795184373855591	90.68582916259766	0.43670088052749634
9f91	104	0.44307632925285	2.8723022201284074	0.44	0.8310368657112122	0.8379884958267212	0.5627381801605225	90.50523376464844	0.44384801387786865
9f91	105	0.2829784029617728	4.32874575959234	0.4	0.8369307518005371	0.843346118927002	0.5798478126525879	90.58901977539062	0.43977463245391846
9fc2	101	0.0442151158184515	9.967230968455086	0.0	0.24793162941932678	0.3275679349899292	0.24793162941932678	78.95903015136719	0.9328568577766418
9fc2	102	0.0308427757060673	16.435974835946613	0.0129870129870129	0.26363006234169006	0.3461174964904785	0.26363006234169006	86.2557144165039	0.6603818535804749
9fc2	103	0.0298931319597235	11.747735295687688	0.0	0.24075238406658173	0.32727715373039246	0.24075238406658173	85.5674057006836	0.6885637640953064
9fc2	104	0.0209522214847109	13.529291220168885	0.0	0.2891882061958313	0.36960744857788086	0.2891882061958313	86.60655975341797	0.6680561900138855
9fc2	105	0.0199318074095954	13.719466308389588	0.0	0.35684922337532043	0.4275481104850769	0.35684922337532043	86.69852447509766	0.6522573828697205
9fik	101	0.0424348667431123	6.054519019145985	0.0	0.6463111639022827	0.6592477560043335	0.2664005756378174	87.36141204833984	0.5908093452453613
9fik	102	0.0465392965486111	5.27560439881478	0.0	0.6370211839675903	0.6497268676757812	0.25891682505607605	86.8232650756836	0.5883916020393372
9fik	103	0.0345197247765111	5.788813112363089	0.0	0.6411680579185486	0.6539129018783569	0.24353612959384918	86.4215316772461	0.5919045805931091
9fik	104	0.0323049156765639	6.411804038148317	0.0	0.6326499581336975	0.6468273401260376	0.22499234974384308	86.57056427001953	0.5902602076530457
9fik	105	0.0359313794998009	5.951935751511349	0.0	0.6356009244918823	0.6504438519477844	0.23730610311031342	86.57222747802734	0.6080549359321594
9fvb	101				0.19855855405330658	0.30507510900497437	0.19855855405330658	88.74823760986328	0.5811392068862915
9fvb	102				0.19728071987628937	0.30388230085372925	0.19728071987628937	88.45548248291016	0.5820462107658386
9fvb	103				0.19788122177124023	0.3045761287212372	0.19788122177124023	88.72747802734375	0.5784664750099182
9fvb	104	0.0093197783005366	14.185122729595722	0.0	0.196467325091362	0.3024669289588928	0.196467325091362	88.60984802246094	0.5714856386184692
9fvb	105				0.20725545287132263	0.3124065399169922	0.20725545287132263	88.3206787109375	0.5744751691818237
9fww	101	0.020651279775167	14.905157787660745	0.0	0.21844063699245453	0.29142844676971436	0.21844063699245453	84.2441177368164	0.7645793557167053
9fww	102	0.0626026382971962	10.702335108831544	0.0980392156862745	0.20778195559978485	0.28120335936546326	0.20778195559978485	83.82730102539062	0.7540620565414429
9fww	103	0.0473026647235683	12.681647129132887	0.0	0.20657391846179962	0.28203439712524414	0.20657391846179962	84.88446807861328	0.7014281749725342
9fww	104	0.0210451425184656	14.748548005403707	0.0	0.29743966460227966	0.358020544052124	0.29743966460227966	83.80438995361328	0.7549160718917847
9fww	105	0.0211157615696729	14.685322142322526	0.0	0.19610224664211273	0.27207818627357483	0.19610224664211273	84.39962768554688	0.7517094612121582
9fys	101	0.4157253186548205	4.004490602320441	0.6818181818181818	0.8404878377914429	0.8505982160568237	0.8465785980224609	92.3630599975586	0.3853645324707031
9fys	102	0.4147934837997586	4.102621523923373	0.7121212121212122	0.8056439161300659	0.818142294883728	0.823529839515686	91.0838394165039	0.41238367557525635
9fys	103				0.8202401399612427	0.8317539691925049	0.8519433736801147	92.00121307373047	0.3976881206035614
9fys	104				0.7322098612785339	0.7497819662094116	0.33276039361953735	88.50234985351562	0.5411824584007263
9fys	105				0.8526231050491333	0.8618040084838867	0.8670789003372192	92.00166320800781	0.4016556739807129
9fyt	101	0.3416158124391571	5.449112710602857	0.4923076923076923	0.8061790466308594	0.8177038431167603	0.9015544056892395	90.75566864013672	0.41683581471443176
9fyt	102	0.3772555292088228	4.477082998094139	0.5230769230769231	0.8008360266685486	0.8134954571723938	0.8795064091682434	90.49689483642578	0.42046988010406494
9fyt	103				0.8312647342681885	0.8413459062576294	0.8897501826286316	91.0462417602539	0.4051048457622528
9fyt	104	0.3442273277622854	4.81271055208141	0.4769230769230769	0.813922107219696	0.8254311084747314	0.8601265549659729	90.52352142333984	0.42553555965423584
9fyt	105				0.7860275506973267	0.799411416053772	0.5468146204948425	87.53850555419922	0.5351690649986267
9fzc	101	0.1686611942077115	5.969080148394497	0.1951219512195122	0.35053256154060364	0.4173377752304077	0.35053256154060364	86.94036102294922	0.5781435370445251
9fzc	102	0.0558490305048279	11.255604583310731	0.073170731707317	0.3259652853012085	0.39768463373184204	0.3259652853012085	86.8387222290039	0.5898828506469727
9fzc	103	0.1689338091400823	5.94136372328343	0.2195121951219512	0.33564725518226624	0.4043797254562378	0.33564725518226624	86.1476058959961	0.6123696565628052
9fzc	104	0.1716725297416523	5.945769248296361	0.2195121951219512	0.3490416705608368	0.41722455620765686	0.3490416705608368	86.9975814819336	0.5930843353271484
9fzc	105				0.36707761883735657	0.4283299446105957	0.36707761883735657	85.97721862792969	0.5923103094100952
9fzd	101	0.6291909691714032	2.2109026209327225	0.8775510204081632	0.5751743912696838	0.6123107671737671	0.5751743912696838	89.12525939941406	0.4506698548793793
9fzd	102	0.6815851141637909	1.441478708975556	0.7959183673469388	0.7702499032020569	0.7861785292625427	0.7702499032020569	92.48110961914062	0.3793278634548187
9fzd	103	0.9343752645282946	0.5552116334816342	0.9591836734693876	0.8342977166175842	0.8464316725730896	0.8342977166175842	94.66875457763672	0.3373227119445801
9fzd	104	0.6628103774368218	1.6277598834398157	0.7959183673469388	0.7526557445526123	0.7712251543998718	0.7526557445526123	92.47261810302734	0.37964871525764465
9fzd	105	0.631049565291327	1.73424543553018	0.8367346938775511	0.5976709127426147	0.6318430304527283	0.5976709127426147	90.0857162475586	0.42695119976997375
9g2a	101				0.30306413769721985	0.37043195962905884	0.30306413769721985	85.9171371459961	0.64617919921875
9g2a	102				0.3416716158390045	0.4019986391067505	0.3416716158390045	85.62881469726562	0.6573542356491089
9g2a	103				0.40448635816574097	0.4576292634010315	0.40448635816574097	85.77906799316406	0.6338295340538025
9g2a	104				0.3307669758796692	0.3927155137062073	0.3307669758796692	85.45221710205078	0.6611774563789368
9g2a	105				0.2909007668495178	0.3592882752418518	0.2909007668495178	85.71394348144531	0.6623820066452026
9g2g	101				0.44319555163383484	0.48907631635665894	0.44319555163383484	86.15632629394531	0.6295252442359924
9g2g	102				0.35051023960113525	0.40966010093688965	0.35051023960113525	85.31267547607422	0.6401411890983582
9g2g	103				0.42878976464271545	0.47782424092292786	0.42878976464271545	86.6455307006836	0.6027727723121643
9g2g	104				0.3543910086154938	0.4116082191467285	0.3543910086154938	85.47146606445312	0.6429388523101807
9g2g	105				0.3814825415611267	0.43564921617507935	0.3814825415611267	85.98470306396484	0.6417624950408936
9g48	101				0.21767491102218628	0.2898554801940918	0.21767491102218628	81.89149475097656	0.7367115616798401
9g48	102				0.1917443573474884	0.26635387539863586	0.1917443573474884	82.37625122070312	0.7536235451698303
9g48	103				0.20006750524044037	0.2740717828273773	0.20006750524044037	82.23886108398438	0.7417917251586914
9g48	104	0.0411821874613175	9.504100868123318	0.0344827586206896	0.1968132108449936	0.27011558413505554	0.1968132108449936	82.51315307617188	0.745924711227417
9g48	105				0.21706315875053406	0.2878667712211609	0.21706315875053406	81.8739013671875	0.7615870833396912
9g5l	101	0.0313334375224121	12.593049096272535	0.0	0.21390560269355774	0.28781765699386597	0.21390560269355774	79.96729278564453	0.8154919743537903
9g5l	102	0.0773105910295799	7.969247952471059	0.0	0.30659887194633484	0.3701399266719818	0.30659887194633484	80.96785736083984	0.7943050861358643
9g5l	103	0.1085890187767427	8.444321053111606	0.125	0.19176679849624634	0.2672109007835388	0.19176679849624634	79.51278686523438	0.8233961462974548
9g5l	104	0.0467540514209301	10.938393477161682	0.0	0.2356928288936615	0.3078506588935852	0.2356928288936615	81.61612701416016	0.7145143747329712
9g5l	105	0.0936839047371079	8.873247253231519	0.0416666666666666	0.1964268833398819	0.2722276747226715	0.1964268833398819	80.10345458984375	0.8238282203674316
9g7k	101				0.24924442172050476	0.3216803967952728	0.24924442172050476	85.6370620727539	0.638298749923706
9g7k	102				0.2636321187019348	0.33479341864585876	0.2636321187019348	85.38314819335938	0.6493386626243591
9g7k	103				0.2862125635147095	0.35514146089553833	0.2862125635147095	86.05426025390625	0.6388837695121765
9g7k	104				0.25614556670188904	0.32836276292800903	0.25614556670188904	85.2236557006836	0.6439533829689026
9g7k	105				0.2856748104095459	0.3544043302536011	0.2856748104095459	85.81295013427734	0.6448562741279602
9g97	101	0.5778910093802331	1.723244965659242	0.5357142857142857	0.34153205156326294	0.42417770624160767	0.34153205156326294	86.26153564453125	0.5739672183990479
9g97	102	0.862268745985939	0.6405234739398237	0.8392857142857143	0.8736041784286499	0.8719096183776855	0.8736041784286499	89.20249938964844	0.38768744468688965
9g97	103	0.8388594321693965	0.4856603892590088	0.875	0.8906511068344116	0.8870176672935486	0.8906511068344116	90.06765747070312	0.3753454387187958
9g97	104	0.8779436791089589	0.4960203440690539	0.8571428571428571	0.8915698528289795	0.8896641731262207	0.8915698528289795	90.1402816772461	0.37327203154563904
9g97	105	0.8627624250851991	0.4927986802575236	0.8928571428571429	0.8923462629318237	0.889785647392273	0.8923462629318237	90.24455261230469	0.37239086627960205
9ggp	101	0.0743426578563709	9.263459811407229	0.0	0.5890160799026489	0.6078704595565796	0.3801673650741577	88.18653869628906	0.4896899163722992
9ggp	102	0.0668734562016958	9.310028414769034	0.0	0.602411150932312	0.6197049617767334	0.41560471057891846	88.54132843017578	0.4702543020248413
9ggp	103	0.0045525748827931	21.763276177675905	0.0	0.5405674576759338	0.5602793097496033	0.31871941685676575	87.61540985107422	0.5327303409576416
9ggp	104	0.004520473184705	21.82439255604474	0.0	0.5966520309448242	0.6139787435531616	0.42829909920692444	88.17623901367188	0.4805262088775635
9ggp	105	0.0737634668827764	9.105146277951702	0.0	0.6002772450447083	0.617851972579956	0.40743112564086914	88.47220611572266	0.4726172685623169
9ghi	101	0.046288026350784	11.061399477241888	0.0	0.612270176410675	0.6327422261238098	0.2532484233379364	86.22926330566406	0.6389340162277222
9ghi	102	0.0375736564005566	10.655043220001222	0.0	0.6215243935585022	0.6413879990577698	0.2843235433101654	86.71565246582031	0.6215635538101196
9ghi	103	0.0426878976394633	10.25961855365292	0.0	0.6126862168312073	0.6331301927566528	0.2542054355144501	85.53948211669922	0.6666880249977112
9ghi	104	0.056369170254014	10.04923420632672	0.0434782608695652	0.6115079522132874	0.6317496299743652	0.2581378221511841	85.75154876708984	0.6502362489700317
9ghi	105	0.0544419053780313	11.05948714269224	0.0	0.6244134306907654	0.6440227031707764	0.27527469396591187	85.88664245605469	0.6576637625694275
9ghj	101	0.0294757523601038	13.261573612716433	0.0	0.5774672627449036	0.5950759649276733	0.20586749911308289	85.0508041381836	0.8708182573318481
9ghj	102	0.0295705679930488	13.356726172212378	0.0	0.5879735350608826	0.6046861410140991	0.22020529210567474	84.0639877319336	0.8956361413002014
9ghj	103	0.0293694002716148	13.526714501619873	0.0	0.5786301493644714	0.5965515375137329	0.20870600640773773	84.76174926757812	0.8756594061851501
9ghj	104	0.0369409895515699	13.57746305020225	0.0	0.6219393014907837	0.6373613476753235	0.2844386398792267	85.15047454833984	0.831842303276062
9ghj	105	0.0340678747915649	13.647802984072833	0.0	0.577738344669342	0.595667839050293	0.19300787150859833	83.97293853759766	0.9023645520210266
9glz	101	0.0310588886194534	10.209610244407695	0.0208333333333333	0.26568517088890076	0.3443608283996582	0.26568517088890076	84.63462829589844	0.642350435256958
9glz	102				0.299317330121994	0.3745145797729492	0.299317330121994	85.38465881347656	0.6362584233283997
9glz	103				0.38067787885665894	0.4463534951210022	0.38067787885665894	86.42134857177734	0.6027142405509949
9glz	104				0.25105684995651245	0.33087560534477234	0.25105684995651245	84.92528533935547	0.6570216417312622
9glz	105				0.6842166185379028	0.6992172598838806	0.6842166185379028	88.0787582397461	0.541660487651825
9gox	101	0.0049109991625915	17.788799361350208	0.0	0.8963434100151062	0.8986210227012634	0.8541762232780457	93.95441436767578	0.33711516857147217
9gox	102	0.0049943126398776	17.618417425443855	0.0	0.8990652561187744	0.9012064933776855	0.857857882976532	93.92412567138672	0.337192177772522
9gox	103	0.0049711201032127	17.635879602138207	0.0	0.8985491394996643	0.9007271528244019	0.8564829230308533	93.95313262939453	0.3371547758579254
9gox	104	0.0049341875836868	17.69249016279981	0.0	0.9007422924041748	0.9026519060134888	0.85921311378479	93.59425354003906	0.33911192417144775
9gox	105	0.0049701041052515	17.70020575761792	0.0	0.8976126909255981	0.8996028900146484	0.8558540940284729	93.49949645996094	0.34068018198013306
9gv3	101				0.24551372230052948	0.3474773168563843	0.24551372230052948	88.5832290649414	0.539320707321167
9gv3	102	0.0913265123338341	12.509935346319256	0.1041666666666666	0.48482123017311096	0.5509141683578491	0.48482123017311096	90.90975189208984	0.4647398889064789
9gv3	103	0.0809985278752327	13.070016682401969	0.0833333333333333	0.30763328075408936	0.4003975987434387	0.30763328075408936	89.9699478149414	0.5091131925582886
9gv3	104				0.2314288318157196	0.33506250381469727	0.2314288318157196	88.2060317993164	0.559343695640564
9gv3	105	0.0868789025917628	13.15844840371765	0.1041666666666666	0.32645681500434875	0.41660428047180176	0.32645681500434875	90.24376678466797	0.4820318818092346
9gvl	101	0.2018350474154935	21.36382129218233	0.578125	0.5984238982200623	0.6064390540122986	0.5984238982200623	87.013916015625	0.5228811502456665
9gvl	102				0.5570868253707886	0.5711493492126465	0.5570868253707886	86.07655334472656	0.565643846988678
9gvl	103	0.2015204424568106	21.812089597380776	0.578125	0.5838690400123596	0.5937086939811707	0.5838690400123596	86.94998931884766	0.5245963335037231
9gvl	104	0.2073311114903464	21.95624183517192	0.59375	0.5477703213691711	0.564035952091217	0.5477703213691711	88.00743103027344	0.5086333155632019
9gvl	105	0.197268363618306	21.109866115282067	0.5625	0.5818909406661987	0.5927624702453613	0.5818909406661987	86.83426666259766	0.5282858610153198
9gvn	101				0.8752220273017883	0.8818464875221252	0.7807160019874573	92.74114227294922	0.3878147602081299
9gvn	102				0.9042117595672607	0.9087607860565186	0.8222724199295044	92.19757080078125	0.4076492190361023
9gvn	103				0.9401018023490906	0.9422423839569092	0.9143115282058716	93.9720687866211	0.3523952066898346
9gvn	104				0.8863949775695801	0.8922066688537598	0.8080371022224426	92.79691314697266	0.377825528383255
9gvn	105				0.8857479095458984	0.8916203379631042	0.7906070947647095	91.58104705810547	0.39247798919677734
9gvo	101	0.0135735040823436	22.65165803778601	0.0	0.2196950912475586	0.2762495279312134	0.2196950912475586	82.4952163696289	0.8170396089553833
9gvo	102	0.0134209791221455	22.25252674940431	0.0	0.226422980427742	0.2824670672416687	0.226422980427742	82.10595703125	0.8343658447265625
9gvo	103	0.0125973334907524	22.199327433377757	0.0	0.22683152556419373	0.2826581299304962	0.22683152556419373	82.53953552246094	0.8102924227714539
9gvo	104	0.0249586877813021	19.9617256282321	0.0363636363636363	0.2193734496831894	0.27642035484313965	0.2193734496831894	81.61760711669922	0.8346096277236938
9gvo	105	0.0137119210091842	22.09513886755873	0.0	0.21688362956047058	0.2754119038581848	0.21688362956047058	82.51374053955078	0.7993305325508118
9h1f	101	0.7527050698865606	1.319019510652675	0.7857142857142857	0.2967143952846527	0.3702152967453003	0.2967143952846527	86.33625793457031	0.6251325011253357
9h1f	102	0.9335385696071316	0.5977217453013576	0.9523809523809524	0.943503201007843	0.9435797929763794	0.943503201007843	93.85930633544922	0.3375585973262787
9h1f	103	0.925234080623378	0.553049928741518	0.9047619047619048	0.9316398501396179	0.9324389100074768	0.9316398501396179	93.31462860107422	0.34379294514656067
9h1f	104	0.916452461841742	0.6208295354229529	0.9285714285714286	0.9301325678825378	0.9311179518699646	0.9301325678825378	93.28534698486328	0.34472063183784485
9h1f	105	0.929744224425403	0.6355660281369371	0.9523809523809524	0.9292202591896057	0.9305685758590698	0.9292202591896057	93.7120590209961	0.34347712993621826
9h39	101	0.0080751370160666	19.031835917670183	0.0	0.23497609794139862	0.32648181915283203	0.23497609794139862	86.30816650390625	0.6284402012825012
9h39	102				0.22796162962913513	0.3216514587402344	0.22796162962913513	86.1199951171875	0.6253879070281982
9h39	103	0.0085198370567903	17.58415119862353	0.0	0.23847369849681854	0.3301953673362732	0.23847369849681854	86.01478576660156	0.6241395473480225
9h39	104				0.2544398605823517	0.34349822998046875	0.2544398605823517	85.4117660522461	0.6188101768493652
9h39	105	0.0334722711673611	12.37396875313865	0.0566037735849056	0.22034026682376862	0.31500470638275146	0.22034026682376862	86.65594482421875	0.6102206707000732
9h4r	101				0.7598931193351746	0.7749004364013672	0.4548821449279785	90.50833129882812	0.4618968665599823
9h4r	102				0.7377238869667053	0.7546972632408142	0.4183368384838104	90.23400115966797	0.4747481346130371
9h4r	103				0.7303052544593811	0.747801661491394	0.4035802185535431	89.9518814086914	0.4833013713359833
9h4r	104				0.7139020562171936	0.7325202822685242	0.373687744140625	89.04766845703125	0.5073115229606628
9h4r	105				0.7201333045959473	0.738170325756073	0.3793577253818512	89.68328857421875	0.48583510518074036
9h4s	101	0.124766790143367	11.665112508265125	0.3	0.6985712051391602	0.7181630730628967	0.3620474636554718	87.74226379394531	0.5475873947143555
8q95	105	0.7778591605394575	1.6305916798365558	0.9074074074074074	0.9340789318084717	0.936057448387146	0.9340789318084717	92.50247955322266	0.378999799489975
8vui	101	0.2042126481912719	4.3423743783404385	0.2272727272727272	0.572651743888855	0.5932888388633728	0.21914784610271454	87.1085205078125	0.6186543107032776
9h4s	102	0.0568829421464761	10.961004898745834	0.1	0.6989213824272156	0.7183968424797058	0.3564058244228363	87.83763885498047	0.5700207352638245
9h4s	103	0.0261179250442077	12.008188201132624	0.0	0.690051257610321	0.7099562287330627	0.40871742367744446	87.58426666259766	0.5946258902549744
9h4s	104				0.696628749370575	0.7161213755607605	0.4076407551765442	87.8555908203125	0.5678974986076355
9h4s	105	0.1256092426667167	10.821170877760132	0.3	0.7018590569496155	0.721142590045929	0.35949721932411194	88.17625427246094	0.5524918437004089
9h6v	101	0.2819064806815439	5.41580278146102	0.3870967741935484	0.3389260768890381	0.41183632612228394	0.3389260768890381	89.47528839111328	0.6104140877723694
9h6v	102	0.2728648010139999	5.451373179912508	0.3709677419354839	0.3427963852882385	0.414199560880661	0.3427963852882385	88.58866119384766	0.6370959877967834
9h6v	103	0.2639681906488954	5.622514756173447	0.3548387096774194	0.336161732673645	0.40868839621543884	0.336161732673645	88.4273910522461	0.6377772092819214
9h6v	104	0.2832747186010236	5.270162634451139	0.3709677419354839	0.29485008120536804	0.37350454926490784	0.29485008120536804	88.7324447631836	0.6453530788421631
9h6v	105	0.2671657069810208	5.728383453617043	0.3870967741935484	0.3172128200531006	0.39225277304649353	0.3172128200531006	88.84959411621094	0.6393415927886963
9h77	101	0.3424107052323304	3.882173586639347	0.2884615384615384	0.3856040835380554	0.4620046615600586	0.3856040835380554	86.30929565429688	0.6042479276657104
9h77	102	0.1760972218506649	4.55709666757612	0.1153846153846153	0.37725740671157837	0.4539175033569336	0.37725740671157837	86.21524810791016	0.5993865728378296
9h77	103	0.1417911548827772	4.914597461574838	0.0961538461538461	0.46173974871635437	0.5250674486160278	0.46173974871635437	87.15923309326172	0.5787457227706909
9h77	104	0.1458608898290582	5.316106312718454	0.0961538461538461	0.37583857774734497	0.4518981873989105	0.37583857774734497	86.45159912109375	0.6061499714851379
9h77	105	0.1374467202861634	5.274614395548035	0.0769230769230769	0.3922714293003082	0.4653775691986084	0.3922714293003082	86.55956268310547	0.6006473302841187
9hi4	101	0.0629486767920865	9.051857768242408	0.0571428571428571	0.5693325996398926	0.587374210357666	0.28071728348731995	88.38666534423828	0.5176612138748169
9hi4	102	0.7227145849946105	0.729649668147265	0.9142857142857144	0.834762454032898	0.8375331163406372	0.8059678673744202	93.24658966064453	0.35912981629371643
9hi4	103	0.0641190040089899	9.093526529740558	0.0857142857142857	0.5518862009048462	0.5701881647109985	0.24784405529499054	87.9374771118164	0.5343044996261597
9hi4	104				0.5563679933547974	0.5744900107383728	0.2550681233406067	88.06689453125	0.5316644310951233
9hi4	105	0.0726245514188795	8.05334314196406	0.0857142857142857	0.5582513213157654	0.5777302384376526	0.24102027714252472	88.41739654541016	0.5249815583229065
9hi6	101	0.0393183074466145	13.211144117166713	0.0	0.6318506598472595	0.6482808589935303	0.4280066192150116	88.70205688476562	0.4859774708747864
9hi6	102	0.0359091545182986	13.308880444744078	0.0	0.6237678527832031	0.6416136622428894	0.3875240385532379	88.75216674804688	0.4800698757171631
9hi6	103	0.0388870418014598	12.645681833850192	0.0	0.5848057866096497	0.603994607925415	0.2812463045120239	87.30931854248047	0.5496063828468323
9hi6	104	0.0471290605855435	12.768047715563464	0.0263157894736842	0.5831285119056702	0.6012816429138184	0.27334877848625183	87.6778564453125	0.5442510843276978
9hi6	105	0.0401997628217011	12.969934534518606	0.0	0.6406868100166321	0.6568726897239685	0.45234155654907227	88.96794128417969	0.4685610234737396
9hj9	101	0.043727037685907	13.051461975337007	0.0	0.5981762409210205	0.6212823390960693	0.2513332664966583	89.89335632324219	0.5077255964279175
9hj9	102	0.0399166294952667	11.317053346311337	0.0344827586206896	0.6057190895080566	0.6274239420890808	0.28437888622283936	89.52818298339844	0.5069926977157593
9hj9	103	0.0326447681383595	13.764036411786462	0.0	0.6263664960861206	0.6475005149841309	0.3079542815685272	90.13166809082031	0.4802798330783844
9hj9	104	0.0465712794212309	12.798699029260408	0.0	0.6193312406539917	0.6415764093399048	0.2889721691608429	90.03898620605469	0.4941513240337372
9hj9	105	0.0351402219773096	13.477927443272517	0.0	0.6031345129013062	0.6258671283721924	0.2502569854259491	90.01223754882812	0.4933100640773773
9hk1	101	0.0732079143397774	11.12167157330942	0.0	0.7843990921974182	0.7954050898551941	0.45255908370018005	91.2835693359375	0.4438753128051758
9hk1	102	0.0715042368283577	11.541332099122815	0.0	0.7341502904891968	0.7491213083267212	0.32431304454803467	90.622314453125	0.48993346095085144
9hk1	103	0.0752390038386103	11.078393342804922	0.0	0.7820841073989868	0.7933457493782043	0.4580046236515045	91.28994750976562	0.4474192261695862
9hk1	104	0.0705391582705663	11.354429652130651	0.0	0.7410799860954285	0.7558321356773376	0.33870387077331543	90.70362091064453	0.46278584003448486
9hk1	105	0.0434682055240622	13.26447210139463	0.0	0.7176031470298767	0.73477703332901	0.29320165514945984	89.52159118652344	0.5270124673843384
9hll	101				0.2052851766347885	0.29478830099105835	0.2052851766347885	86.80028533935547	0.5464750528335571
9hll	102	0.0198776698320588	9.455637005540956	0.0	0.20338748395442963	0.29424166679382324	0.20338748395442963	87.54306030273438	0.5509108304977417
9hll	103	0.1681044225140817	3.5203006619832276	0.2352941176470588	0.17959050834178925	0.2719137370586395	0.17959050834178925	84.2607650756836	0.6273497939109802
9hll	104				0.25901007652282715	0.34164464473724365	0.25901007652282715	85.54415893554688	0.6053684949874878
9hll	105				0.2013481855392456	0.292353093624115	0.2013481855392456	87.2763442993164	0.5647596120834351
9hml	101	0.0191948260229253	12.343406224090236	0.0	0.36101391911506653	0.4225597381591797	0.36101391911506653	84.1424789428711	0.6518771648406982
9hml	102	0.0180517307208823	12.739048054813193	0.0	0.4052105247974396	0.46297013759613037	0.4052105247974396	84.52642059326172	0.6062848567962646
9hml	103	0.0197745883509626	12.45447080411156	0.0	0.36486172676086426	0.42473840713500977	0.36486172676086426	83.255126953125	0.6849223971366882
9hml	104	0.0168226120730716	16.189125557976176	0.0	0.2407483607530594	0.31315943598747253	0.2407483607530594	79.68017578125	0.8940562009811401
9hml	105	0.0193343047493152	12.70081487834655	0.0	0.3076504170894623	0.37412145733833313	0.3076504170894623	82.4784927368164	0.7499366402626038
9ho4	101	0.6375496754522109	2.5173505732247987	0.7833333333333333	0.49869030714035034	0.5382408499717712	0.49869030714035034	86.95089721679688	0.6504181027412415
9ho4	102	0.0572412051959611	9.660144908106636	0.0166666666666666	0.2669239938259125	0.3332606256008148	0.2669239938259125	84.36127471923828	0.725381076335907
9ho4	103	0.056719139867898	9.521017090122902	0.0166666666666666	0.27252382040023804	0.3377828001976013	0.27252382040023804	84.49848937988281	0.6983548402786255
9ho4	104	0.8006260516913999	1.4212519065995572	0.8833333333333333	0.9071236848831177	0.9094178080558777	0.9071236848831177	91.46171569824219	0.4063457250595093
9ho4	105	0.0416921845090696	13.199093891423264	0.0	0.24355261027812958	0.3138542175292969	0.24355261027812958	84.8450927734375	0.7162642478942871
9ho5	101	0.6054910896414863	2.418233008311802	0.7931034482758621	0.9010397791862488	0.9035934805870056	0.9010397791862488	91.83026885986328	0.4103948175907135
9ho5	102	0.9043191681427823	0.5551464847223103	0.9655172413793104	0.9205735921859741	0.9241560101509094	0.9205735921859741	94.07227325439453	0.3507908880710602
9ho5	103	0.8702499797424762	0.6609610638930472	0.9310344827586208	0.926731288433075	0.9292647242546082	0.926731288433075	94.24640655517578	0.35243964195251465
9ho5	104	0.8769634657695778	0.5911049752301284	0.9310344827586208	0.9291216135025024	0.9313541650772095	0.9291216135025024	94.3487319946289	0.3510498106479645
9ho5	105	0.9040470565423014	0.4759840877613417	0.9310344827586208	0.9309237003326416	0.9328448176383972	0.9309237003326416	94.38862609863281	0.3508143723011017
9ho6	101				0.5942890048027039	0.616979718208313	0.5942890048027039	87.95207977294922	0.5442304611206055
9ho6	102				0.7854184508323669	0.7914409637451172	0.7854184508323669	91.8583984375	0.40793073177337646
9ho6	103				0.6001837849617004	0.6219322681427002	0.6001837849617004	88.72269439697266	0.521759569644928
9ho6	104				0.5650463104248047	0.5928110480308533	0.5650463104248047	88.1327896118164	0.548161506652832
9ho6	105				0.6038045883178711	0.6246974468231201	0.6038045883178711	88.23502349853516	0.5118966698646545
9hub	101	0.4534688615807423	3.594503345073827	0.7384615384615385	0.8226170539855957	0.8339877128601074	0.8475200533866882	91.92041778564453	0.39705485105514526
9hub	102	0.4033779826419981	4.26201101395436	0.6923076923076923	0.8218099474906921	0.8331803679466248	0.8495410084724426	91.94136810302734	0.39711087942123413
9huo	102	0.3459289846124729	5.190862824785652	0.5	0.8124984502792358	0.8240218162536621	0.8506358861923218	89.8186264038086	0.4357532858848572
9huo	103	0.4648208511760953	3.3514109849712823	0.5625	0.7928228974342346	0.8056241273880005	0.8860813975334167	90.09356689453125	0.42236796021461487
9huo	105	0.2856973783339716	5.297993796576905	0.484375	0.80459064245224	0.8167964816093445	0.8982284069061279	90.74826049804688	0.4187416136264801
9hur	101	0.5765811779247473	2.3439233189031556	0.6724137931034483	0.9173786044120789	0.9211552739143372	0.9173786044120789	92.96406555175781	0.3632165789604187
9hur	102	0.5536953352236822	2.4292870236621313	0.6379310344827587	0.9141175746917725	0.9185850620269775	0.9141175746917725	93.04407501220703	0.3668239414691925
9hur	103	0.5928887232948058	2.2567920047388697	0.6896551724137931	0.9130529761314392	0.9175872206687927	0.9130529761314392	92.9485855102539	0.3682233691215515
9hur	104	0.6177718873812319	2.193031666033847	0.7068965517241379	0.9012408256530762	0.9066325426101685	0.9012408256530762	92.45304107666016	0.37068602442741394
9hur	105	0.5567739833989657	2.379494136478898	0.6551724137931034	0.9075275659561157	0.9125966429710388	0.9075275659561157	92.6566390991211	0.3739064931869507
9hxo	101	0.2933936693754352	5.727808287027133	0.4769230769230769	0.7995441555976868	0.8121482133865356	0.892270565032959	90.45771026611328	0.4242388904094696
9hxo	102				0.8125205636024475	0.8240860104560852	0.8495786190032959	89.82052612304688	0.4362442195415497
9hxo	103	0.2984304790606791	5.441339991393949	0.4923076923076923	0.8394910097122192	0.8491010665893555	0.9201431274414062	91.88372039794922	0.3889961838722229
9hxo	104	0.2970294547561175	5.681708049427063	0.5076923076923077	0.8009385466575623	0.8134370446205139	0.8928215503692627	90.44186401367188	0.4245108962059021
9hxo	105				0.794638991355896	0.807684600353241	0.8765723705291748	90.53157043457031	0.4243294298648834
9hzj	101	0.5462220914717665	2.2789185445250233	0.75	0.7249293327331543	0.7554233074188232	0.7249293327331543	92.4185791015625	0.39260417222976685
9hzj	102	0.5188007103772144	2.408123731903115	0.75	0.7726672291755676	0.7967637181282043	0.7726672291755676	92.5066909790039	0.378152459859848
9hzj	103	0.8425772336421121	0.9308276937397442	0.875	0.8997073769569397	0.907072901725769	0.8997073769569397	94.543701171875	0.34560510516166687
9hzj	104	0.8259233707849223	1.0461812442105942	0.875	0.9067313075065613	0.913040816783905	0.9067313075065613	94.79315948486328	0.3461126685142517
9hzj	105	0.5860305907559672	2.248919972517907	0.775	0.7872828245162964	0.8093446493148804	0.7872828245162964	92.63091278076172	0.3768312633037567
9hzk	101	0.3686618690135593	2.707127709623073	0.4651162790697674	0.8425315022468567	0.8570074439048767	0.8425315022468567	93.35758972167969	0.361444354057312
9hzk	102	0.3574002109939174	2.8180002714844	0.4651162790697674	0.8400413393974304	0.854499101638794	0.8400413393974304	93.511962890625	0.35998278856277466
9hzk	103	0.3930296604201473	2.678679761195138	0.5116279069767442	0.8476573824882507	0.8619422316551208	0.8476573824882507	93.86293029785156	0.35775691270828247
9hzk	104	0.3616317373168736	2.7886284072140635	0.4651162790697674	0.847999632358551	0.8620026111602783	0.847999632358551	93.3633804321289	0.3600158393383026
9hzk	105	0.3781605083416456	2.7845882176662013	0.5116279069767442	0.8431652188301086	0.8575249910354614	0.8431652188301086	93.41287231445312	0.35975268483161926
9i59	101				0.5131088495254517	0.5375788807868958	0.18393802642822266	85.05079650878906	0.6590541005134583
9i59	102				0.5160093307495117	0.5400086641311646	0.18952301144599915	85.69601440429688	0.6375852823257446
9i59	103				0.6910408139228821	0.7059648633003235	0.528712272644043	87.86000061035156	0.5060127377510071
9i59	104				0.5256497859954834	0.5491423606872559	0.20148128271102905	85.13987731933594	0.6423920392990112
9i59	105				0.5080187916755676	0.5324159264564514	0.167965829372406	85.87568664550781	0.6424451470375061
9iqp	101	0.0491656800825743	9.978898170662356	0.0317460317460317	0.2376566082239151	0.32382333278656006	0.2376566082239151	83.44478607177734	0.814934492111206
9iqp	102	0.065496040124784	9.703988241219944	0.0634920634920634	0.33859026432037354	0.41060110926628113	0.33859026432037354	86.10035705566406	0.6371380686759949
9iqp	103	0.0677125657870339	8.791878342653995	0.0476190476190476	0.3300577998161316	0.4035402536392212	0.3300577998161316	85.39897155761719	0.6713325381278992
9iqp	104	0.0671772800676934	9.429320768763176	0.0634920634920634	0.3245905935764313	0.39818382263183594	0.3245905935764313	85.88488006591797	0.6397837400436401
9iqp	105	0.0649286293341268	8.717027881756872	0.0317460317460317	0.28818777203559875	0.3671319782733917	0.28818777203559875	85.82318878173828	0.6636862754821777
9jbq	101	0.0757140002584754	8.51675956601014	0.0555555555555555	0.6574058532714844	0.6723757982254028	0.24071452021598816	88.13240814208984	0.6031667590141296
9jbq	102	0.0934250260492639	8.388709019225363	0.0555555555555555	0.656530499458313	0.672052800655365	0.2563057541847229	88.49246978759766	0.5982644557952881
9jbq	103	0.0320684488027213	12.64376400793499	0.0	0.6721498966217041	0.6881395578384399	0.28173309564590454	88.01355743408203	0.576655924320221
9jbq	104	0.035157509909769	12.855600508399618	0.0	0.6675903797149658	0.6840758919715881	0.27758559584617615	88.41875457763672	0.5803871154785156
9jbq	105	0.0798812039529423	8.17818124147882	0.0555555555555555	0.6711580753326416	0.6853511929512024	0.2797025442123413	87.95581817626953	0.5888122320175171
9jcy	101	0.0217129858545822	8.761702644379772	0.0178571428571428	0.5040028095245361	0.528820276260376	0.17536109685897827	87.89855194091797	0.5832263231277466
9jcy	102	0.5352654069945165	2.179036275679007	0.5357142857142857	0.8231096863746643	0.8298997282981873	0.7308762669563293	91.67010498046875	0.3963688611984253
9jcy	103	0.1853472550687062	4.1542318240754454	0.3035714285714285	0.5086318254470825	0.5343163013458252	0.20531600713729858	89.11924743652344	0.5365071892738342
9jcy	104	0.5916594876108653	1.7243457497831804	0.5892857142857143	0.761525571346283	0.7715057730674744	0.6310100555419922	92.21056365966797	0.3743104934692383
9jcy	105	0.0242525743412339	8.524525561312938	0.0178571428571428	0.524535059928894	0.5483489632606506	0.2010849118232727	89.00548553466797	0.5500982999801636
9jd0	101	0.1367760699993542	9.85751601996547	0.2816901408450704	0.42355820536613464	0.48597604036331177	0.42355820536613464	86.57161712646484	0.5987463593482971
9jd0	102	0.2233468049507082	4.958233658672955	0.380281690140845	0.4228108823299408	0.48720571398735046	0.4228108823299408	86.6998291015625	0.5924335718154907
9jd0	103	0.1945945811241833	5.491580433378315	0.352112676056338	0.42735305428504944	0.49000197649002075	0.42735305428504944	86.93383026123047	0.5888062119483948
9jd0	104	0.2033400169465333	5.8873349104743715	0.4084507042253521	0.43545204401016235	0.4964001476764679	0.43545204401016235	87.05290222167969	0.5905485153198242
9jd0	105	0.1312681100733128	9.500459447982752	0.2676056338028169	0.4239861071109772	0.4865076541900635	0.4239861071109772	86.65165710449219	0.5934017300605774
9jd1	101	0.2267870436155071	6.226852256886402	0.5789473684210527	0.6063185334205627	0.6276482939720154	0.5075821876525879	90.49689483642578	0.48624709248542786
9jd1	102	0.2963231806592976	4.2707665613428665	0.6578947368421053	0.6843197345733643	0.7005048990249634	0.7438331246376038	91.64784240722656	0.4181622266769409
9jd1	103	0.2157104664696549	6.3152516373629535	0.5526315789473685	0.5988844633102417	0.6209670305252075	0.5022555589675903	90.47685241699219	0.480246901512146
9jd1	104	0.3041804774132956	3.9962994372965857	0.6578947368421053	0.6746880412101746	0.6914086937904358	0.7294332981109619	91.52882385253906	0.42218950390815735
9jd1	105	0.1880189641035059	10.737247757782558	0.5263157894736842	0.6207640171051025	0.6410701870918274	0.5409051775932312	90.81653594970703	0.476533442735672
9jeb	101	0.0088218281069674	25.48521275830236	0.0	0.20473448932170868	0.26720091700553894	0.20473448932170868	85.84491729736328	0.6605470180511475
9jeb	102	0.0079202270128551	25.557447640224417	0.0	0.18770326673984528	0.25274115800857544	0.18770326673984528	85.8387451171875	0.6792795658111572
9jeb	103	0.0120398410515007	24.712801677101908	0.0	0.1969350278377533	0.26169732213020325	0.1969350278377533	85.39654541015625	0.6721827387809753
9jeb	104	0.0128462156542192	23.56286161028887	0.0	0.1973709762096405	0.2557169795036316	0.1973709762096405	80.88997650146484	0.8895753026008606
9jeb	105				0.18746259808540344	0.2524123787879944	0.18746259808540344	85.65058898925781	0.6733986735343933
9jno	101	0.1514704445739393	7.525399862623823	0.2	0.5679334402084351	0.5918295979499817	0.2329840213060379	82.15068817138672	0.797900378704071
9jno	102	0.0622056662150766	11.388400661225225	0.109090909090909	0.5730471014976501	0.5957926511764526	0.233731210231781	84.25584411621094	0.7072097063064575
9jno	103	0.0166735017565105	12.903147276493424	0.0181818181818181	0.5656840801239014	0.5900707244873047	0.2338121235370636	81.06846618652344	0.8250114321708679
9jno	104	0.0396430903472911	8.566915763018699	0.0545454545454545	0.5509272217750549	0.5754282474517822	0.18751206994056702	77.73297119140625	1.046303153038025
9jno	105	0.004726155775144	17.565879747866013	0.0	0.5401025414466858	0.5655642151832581	0.1828465610742569	78.61724853515625	0.92662113904953
9jqv	101	0.0153054433678677	14.041710858223611	0.024390243902439	0.476330429315567	0.500275194644928	0.17645391821861267	68.28175354003906	1.9867470264434814
9jqv	102	0.0299509584720169	13.283665655518918	0.048780487804878	0.4624781310558319	0.4871986210346222	0.1578933596611023	75.72985076904297	1.2458136081695557
9jqv	103	0.0249542561587593	13.037799103295743	0.048780487804878	0.47566232085227966	0.5005629658699036	0.1976742446422577	73.1364517211914	1.5255681276321411
9jqv	104	0.0089591366205627	16.590850404324424	0.0	0.4854174554347992	0.5092422962188721	0.2079339176416397	69.19654846191406	1.8147170543670654
9jqv	105				0.5030518770217896	0.5273179411888123	0.20419037342071533	69.74073791503906	1.8267555236816406
9k6j	101	0.0377725871650662	12.799467005963988	0.0588235294117647	0.6417347192764282	0.6616766452789307	0.32433122396469116	87.6355972290039	0.5270317196846008
9k6j	102	0.0415311423024284	12.919550980860093	0.0735294117647058	0.6556373834609985	0.6738977432250977	0.38070178031921387	88.26469421386719	0.5232846140861511
9k6j	103	0.0442011498348206	12.700678275691988	0.0735294117647058	0.6716224551200867	0.6882731914520264	0.41300830245018005	88.67467498779297	0.5087836384773254
9k6j	104	0.0419984527037955	12.833262828627372	0.0735294117647058	0.6399680376052856	0.6596506237983704	0.35821467638015747	87.7445297241211	0.5518789291381836
9k6j	105	0.0467259739451389	12.83155985866169	0.088235294117647	0.6443444490432739	0.6635780334472656	0.33310848474502563	87.8214340209961	0.5174817442893982
9kur	101				0.6097304224967957	0.6261252164840698	0.22489246726036072	88.20259094238281	0.5345955491065979
9kur	102	0.0193424298645445	11.479256080825092	0.0	0.6090919971466064	0.6240227818489075	0.23715636134147644	87.95533752441406	0.5297696590423584
9kur	103				0.6060120463371277	0.6215119361877441	0.19834567606449127	87.4009017944336	0.5426003336906433
9kur	104	0.0220307805665022	9.63588215021466	0.0	0.6248572468757629	0.6392317414283752	0.25120481848716736	87.89273071289062	0.538662850856781
9kur	105	0.0218101167997887	12.388185499360272	0.0	0.6208029985427856	0.6352279186248779	0.24793300032615662	88.25873565673828	0.5262761116027832
9l9y	101				0.6905787587165833	0.7070251703262329	0.3764597773551941	91.49263763427734	0.4378206729888916
9l9y	102				0.6653422117233276	0.6831560730934143	0.3139268755912781	91.04940795898438	0.47637245059013367
9l9y	103	0.111441693118271	10.056992569333069	0.1935483870967742	0.6315164566040039	0.6519999504089355	0.24009260535240173	89.93316650390625	0.5167306661605835
9l9y	104				0.6678710579872131	0.6852903366088867	0.3326890468597412	91.39767456054688	0.4692690670490265
9l9y	105				0.6753108501434326	0.6920652985572815	0.36345019936561584	91.36573028564453	0.4567781686782837
9lad	101	0.9199282519912249	0.5832877450939277	0.9361702127659576	0.9005545377731323	0.9064546823501587	0.9005545377731323	93.23709106445312	0.366595059633255
9lad	102	0.9041377638187732	0.6995461436187335	0.9574468085106383	0.9203715920448303	0.9249111413955688	0.9203715920448303	94.48596954345703	0.343751460313797
9lad	103	0.9084236430766568	0.7042789533179435	0.9574468085106383	0.9182968139648438	0.92286217212677	0.9182968139648438	94.20889282226562	0.34881967306137085
9lad	104	0.9193623547734582	0.6110105028872247	0.9787234042553192	0.9223598837852478	0.926627516746521	0.9223598837852478	94.34764862060547	0.3406684100627899
9lad	105	0.923694046840978	0.6659609426027621	0.9787234042553192	0.9100854396820068	0.9149170517921448	0.9100854396820068	93.4425048828125	0.35736995935440063
9lh2	101				0.17962917685508728	0.26995646953582764	0.17962917685508728	82.84355926513672	0.7691439390182495
9lh2	102				0.3596864342689514	0.42279714345932007	0.3596864342689514	80.30892944335938	0.7679737210273743
9lh2	103				0.188734233379364	0.2763105630874634	0.188734233379364	82.69371032714844	0.8057874441146851
9lh2	104				0.2571112811565399	0.33797499537467957	0.2571112811565399	84.41959381103516	0.6619542837142944
9lh2	105				0.19373828172683716	0.2815282940864563	0.19373828172683716	81.98369598388672	0.7979761362075806
9lme	101	0.0096348844747627	15.92307137576458	0.0	0.5907334685325623	0.6299800276756287	0.5907334685325623	90.66922760009766	0.48177725076675415
9lme	102	0.0098582343703893	15.63757097398745	0.0	0.528741717338562	0.5776155591011047	0.528741717338562	89.77995300292969	0.5010520219802856
9lme	103	0.009635963256557	16.00965181232058	0.0	0.40597954392433167	0.470472514629364	0.40597954392433167	89.3379898071289	0.5639609694480896
9lme	104	0.0096059171914139	16.054804196185867	0.0	0.5243669748306274	0.5720754265785217	0.5243669748306274	89.63086700439453	0.5110535025596619
9lme	105	0.0096957104732433	15.999381299198792	0.0	0.5255354642868042	0.5740485191345215	0.5255354642868042	90.33028411865234	0.504805862903595
9lrf	101	0.4118181454962764	1.7740236358316133	0.6888888888888889	0.5315279960632324	0.5476349592208862	0.26985758543014526	85.15304565429688	0.6403602957725525
9lrf	102	0.2539910202605078	4.580918884845911	0.3555555555555555	0.5020578503608704	0.519546627998352	0.22097182273864746	85.72921752929688	0.6550536751747131
9lrf	103	0.4237091282440357	1.618886520356107	0.6666666666666666	0.508521318435669	0.525854229927063	0.22780291736125946	85.60230255126953	0.6666484475135803
9lrf	104	0.012710959160241	11.207016548286338	0.0	0.5058450698852539	0.5232766270637512	0.22445721924304962	85.60551452636719	0.6562142968177795
9lrf	105	0.1357823421739717	7.3656307978940365	0.1777777777777777	0.5191442966461182	0.5354465246200562	0.2502954602241516	85.30420684814453	0.6497804522514343
9m5b	101	0.8785845388282012	0.8464462074797875	0.9722222222222222	0.8911777138710022	0.8945466876029968	0.8120402097702026	94.8245620727539	0.3293071687221527
9m5b	102	0.8816591366530927	0.8353592202392613	0.9722222222222222	0.8917596936225891	0.8951315879821777	0.8132340908050537	94.8358154296875	0.329179972410202
9m5b	103	0.8807787138776936	0.7693042562251448	0.9444444444444444	0.8904823064804077	0.8939323425292969	0.8102678656578064	94.79964447021484	0.3298231065273285
9m5b	104	0.7969416584848706	1.0268971638697688	0.8333333333333334	0.8914719223976135	0.894948422908783	0.8084874153137207	94.54537963867188	0.3308112621307373
9m5b	105	0.8497963956392841	0.8691442098803435	0.9166666666666666	0.8913996815681458	0.8948186635971069	0.8123390674591064	94.83004760742188	0.3292958736419678
9m6j	101	0.018083281776656	13.518484728624626	0.0	0.7543349862098694	0.7812639474868774	0.7543349862098694	91.81912994384766	0.4297811985015869
9m6j	102	0.017784301562711	13.637350880712672	0.0	0.6240141987800598	0.6681488752365112	0.6240141987800598	90.14566802978516	0.5212566256523132
9m6j	103	0.0274243006122952	14.413255769903216	0.0217391304347826	0.8246965408325195	0.843135416507721	0.8246965408325195	92.7387924194336	0.3827965557575226
9m6j	104	0.0268485127026986	14.578500694096206	0.0217391304347826	0.7373653054237366	0.766109824180603	0.7373653054237366	90.1009292602539	0.4411134719848633
9m6j	105	0.0265932076728512	14.791296232245678	0.0217391304347826	0.7076783776283264	0.7401068210601807	0.7076783776283264	89.867431640625	0.46308085322380066
9m6o	101				0.7552260160446167	0.7818820476531982	0.7552260160446167	90.6673355102539	0.43359681963920593
9m6o	102				0.826198935508728	0.8432047367095947	0.826198935508728	91.85243225097656	0.40593814849853516
9m6o	103				0.786117672920227	0.8077595829963684	0.786117672920227	92.33818817138672	0.4119924008846283
9m6o	104				0.6739494800567627	0.7120531797409058	0.6739494800567627	90.36151123046875	0.4656239151954651
9m6o	105				0.7895019054412842	0.8117069602012634	0.7895019054412842	91.39215850830078	0.4090629518032074
9mer	101	0.058702533790427	9.701913518777207	0.0689655172413793	0.5785158276557922	0.6023765802383423	0.2277865707874298	89.31973266601562	0.5269396901130676
9mer	102	0.0307839710623752	12.980046510408313	0.0	0.6011282205581665	0.6235731244087219	0.2497234046459198	89.09049987792969	0.5185760259628296
9mer	103	0.0343987095467979	13.083220394161511	0.0	0.6840704083442688	0.7015148401260376	0.42714592814445496	90.56234741210938	0.42568734288215637
9mer	104	0.0372732834485424	11.828561395044591	0.0344827586206896	0.6947804689407349	0.7118450403213501	0.4676503837108612	90.4980239868164	0.42928341031074524
9mer	105	0.0326968616799954	13.10556214372194	0.0	0.5866106748580933	0.6100190877914429	0.21772827208042145	89.41205596923828	0.520002543926239
9mev	101	0.0346232156027368	13.731889743667995	0.0	0.6148527264595032	0.6366320252418518	0.2707488536834717	89.84817504882812	0.48766374588012695
9mev	102	0.0321566661857435	13.819050145833682	0.0	0.6012079119682312	0.623955249786377	0.25906333327293396	89.92831420898438	0.504623532295227
9mev	103	0.0380320024896714	13.204032845507491	0.0	0.6063329577445984	0.6290670037269592	0.25537359714508057	89.49891662597656	0.5018823742866516
9mev	104	0.0330824005169001	13.81630039170891	0.0	0.6434701681137085	0.6634694337844849	0.3326320946216583	90.2198486328125	0.469787061214447
9mev	105	0.0312455049012805	13.89190569764712	0.0	0.602872908115387	0.6253775954246521	0.2638569474220276	89.84078216552734	0.5086585879325867
9mic	101	0.7661047918201742	0.8315586903210169	0.8356164383561644	0.6144208908081055	0.6346161961555481	0.22355863451957703	88.97025299072266	0.529119610786438
9mic	102	0.7446664510949961	0.9040125527232707	0.821917808219178	0.9174845218658447	0.9176318645477295	0.9344366192817688	93.799560546875	0.34994304180145264
9mic	103	0.7204400602385251	0.8173707389257092	0.8082191780821918	0.9229097366333008	0.9227625131607056	0.9341105818748474	94.18475341796875	0.34770020842552185
9mic	104	0.761505979762014	0.8237817628754602	0.821917808219178	0.9202450513839722	0.9202532768249512	0.9263368248939514	93.80197143554688	0.35396116971969604
9mic	105	0.7420342947675014	1.1316459999906192	0.7671232876712328	0.6436607837677002	0.6619303822517395	0.28226903080940247	89.7214126586914	0.49726781249046326
9mid	101	0.0375849003585806	13.471934335267829	0.0131578947368421	0.5487244129180908	0.5647901296615601	0.1994418352842331	86.63276672363281	0.6223416924476624
9mid	102	0.677649535871093	1.703133198164612	0.7236842105263158	0.6488670110702515	0.6608172059059143	0.5113128423690796	88.44707489013672	0.49880102276802063
9mid	103	0.0446172846925917	14.865750813673944	0.0394736842105263	0.5537118911743164	0.5701984763145447	0.20828251540660858	88.06260681152344	0.5728181600570679
9mid	104	0.2028718967058902	5.129500259410657	0.2105263157894736	0.5632204413414001	0.5798103213310242	0.23859809339046478	85.26963806152344	0.6518879532814026
9mid	105	0.7448770897852769	1.20582217634515	0.6710526315789473	0.748144805431366	0.7543884515762329	0.7076857089996338	90.26049041748047	0.4281952977180481
9mif	101	0.8327578854409766	0.9744061988020912	0.8148148148148148	0.8991041779518127	0.8999289274215698	0.8905906081199646	93.08614349365234	0.3657318353652954
9mif	102	0.8193659783771935	1.0773407526296404	0.8271604938271605	0.9001673460006714	0.900955080986023	0.8974945545196533	92.90536499023438	0.36809012293815613
9mif	103	0.8252293669095389	0.9133191414882588	0.7777777777777778	0.9020214080810547	0.9023969173431396	0.8968955278396606	92.74972534179688	0.370003879070282
9mif	104	0.8417567016660056	0.903230894370198	0.8271604938271605	0.9042583703994751	0.9046827554702759	0.9019979238510132	93.18533325195312	0.36443546414375305
9mif	105	0.855262341602493	0.9420119688748289	0.8641975308641975	0.9057730436325073	0.9060794115066528	0.8971378207206726	92.9038314819336	0.3670632839202881
9mj3	101	0.6266019850182482	1.8640909069153413	0.7333333333333333	0.9237174391746521	0.923816978931427	0.9252700805664062	93.95846557617188	0.34754619002342224
9mj3	102	0.6947048084727419	2.0716026871889883	0.8333333333333334	0.9245091080665588	0.9246902465820312	0.9347835779190063	94.08246612548828	0.3473925292491913
9mj3	103	0.6779787448212292	1.865597334196201	0.7333333333333333	0.918965756893158	0.9195159673690796	0.9075433015823364	93.4655990600586	0.3527034521102905
9mj3	104	0.6631418717474666	1.8762782300639544	0.7166666666666667	0.9169413447380066	0.9173997640609741	0.908173143863678	93.6501693725586	0.35280269384384155
9mj3	105	0.648088900525067	2.052660181912151	0.8	0.9247590899467468	0.9248970150947571	0.9358749389648438	94.08301544189453	0.3471430838108063
9ml8	101				0.5828595757484436	0.6072225570678711	0.164892315864563	84.87870788574219	0.679567813873291
9ml8	102				0.6435482501983643	0.6638510823249817	0.30039218068122864	88.68510437011719	0.5201186537742615
9ml8	103				0.6032116413116455	0.6261900067329407	0.21262751519680023	88.1449966430664	0.562152087688446
9ml8	104				0.608644962310791	0.6313372254371643	0.2319997102022171	88.44927978515625	0.5496271848678589
9ml8	105				0.5919405817985535	0.6154405474662781	0.17868317663669586	88.42047119140625	0.564615786075592
9mqv	101	0.2892721730032639	2.583438580233046	0.4909090909090909	0.5036864876747131	0.5264586210250854	0.295659601688385	87.93460845947266	0.5364023447036743
9mqv	102	0.3381524446799811	3.0033781154588355	0.509090909090909	0.4515308737754822	0.4730643332004547	0.20115934312343597	86.0831298828125	0.604889988899231
9mqv	103	0.2671484779273531	3.440786849163459	0.1636363636363636	0.45594334602355957	0.4759684205055237	0.20128539204597473	85.51642608642578	0.6246062517166138
9mqv	104	0.0495113923174831	9.897744923330148	0.0363636363636363	0.46298885345458984	0.4856780171394348	0.2379029393196106	85.73468017578125	0.6060081720352173
9mqv	105	0.0061412994170122	17.46407499023132	0.0	0.5052323341369629	0.524243175983429	0.2760372459888458	87.01424407958984	0.5726963877677917
9mxi	101	0.8092777676543389	0.941875055486504	0.8269230769230769	0.8763419985771179	0.877834677696228	0.8058947920799255	91.40397644042969	0.3900661766529083
9mxi	102	0.0439629310791463	14.364268582634567	0.0	0.6702513098716736	0.6867873668670654	0.2298925817012787	87.34709930419922	0.6072989106178284
9mxi	103	0.5949969992327232	1.6226568612330337	0.6923076923076923	0.8467606902122498	0.8505337238311768	0.7221943140029907	91.25983428955078	0.4014524519443512
9mxi	104	0.7364506104639558	1.0269256181831097	0.7307692307692307	0.8782205581665039	0.879904568195343	0.8041336536407471	90.9485855102539	0.39320090413093567
9mxi	105	0.7689985793769117	0.9924310148079976	0.75	0.8751442432403564	0.8766421675682068	0.8057107329368591	91.75428009033203	0.3855445981025696
9n8i	101	0.1909085271457098	4.564447567323852	0.1071428571428571	0.6089047193527222	0.6311222314834595	0.20747733116149902	87.6168212890625	0.5983959436416626
9n8i	102	0.037867811385562	12.413041645997708	0.0357142857142857	0.6254010200500488	0.6470730900764465	0.24918419122695923	88.70378112792969	0.5358304381370544
9n8i	103	0.0398437134574604	11.737044183982515	0.0357142857142857	0.6307243704795837	0.6522613763809204	0.26109346747398376	89.07566833496094	0.5211436748504639
9n8i	104	0.0560560947553915	11.419899795012432	0.0	0.6060208082199097	0.6289295554161072	0.21240106225013733	88.52342224121094	0.5466369986534119
9n8i	105	0.0342785479682636	12.09011005360987	0.0	0.605521023273468	0.6281329989433289	0.21902737021446228	87.89714813232422	0.5722809433937073
9n8n	101	0.0038106265329165	25.170666159159023	0.0	0.6228946447372437	0.6389079093933105	0.45877400040626526	88.96049499511719	0.48381659388542175
9n8n	102	0.0036824860032659	25.099794181800576	0.0	0.6703460812568665	0.6841991543769836	0.5286316871643066	89.1738510131836	0.4477345049381256
9n8n	103	0.0027308140126993	25.871317421116512	0.0	0.4967893064022064	0.5220186114311218	0.19748690724372864	87.37529754638672	0.5612454414367676
9n8n	104	0.0059946171528169	15.665587285512151	0.0	0.48547691106796265	0.5109678506851196	0.17389431595802307	86.056884765625	0.6285495758056641
9n8n	105	0.0027942622425097	25.55003847640612	0.0	0.4828653335571289	0.5088092088699341	0.1672336608171463	87.12422180175781	0.5817081928253174
9ncd	101	0.0526357810986783	10.467234868023649	0.0	0.7639436721801758	0.7767951488494873	0.4255110025405884	91.43959045410156	0.49958929419517517
9ncd	102	0.0501864604754937	10.422768290254046	0.0	0.7795750498771667	0.7908695340156555	0.46286487579345703	91.39669799804688	0.48900318145751953
9ncd	103	0.050199944014386	10.392290952023949	0.0	0.7808265686035156	0.7926602363586426	0.4592994153499603	91.64434051513672	0.47422105073928833
9ncd	104	0.0511954118068521	10.530098623020049	0.0	0.7808184623718262	0.7921762466430664	0.4726281762123108	91.48119354248047	0.4854053854942322
9ncd	105	0.0580245605913965	9.464925550589577	0.0	0.7906240224838257	0.8012920022010803	0.4808342754840851	91.93336486816406	0.44467729330062866
9njy	101	0.7145992451802368	0.9815680614755236	0.8974358974358975	0.8278996348381042	0.8346032500267029	0.7953560948371887	93.88446807861328	0.3467045724391937
9njy	102	0.729820028145813	0.9380528547225524	0.9487179487179488	0.8728950619697571	0.8771069645881653	0.8375752568244934	93.9193344116211	0.3419310450553894
9njy	103	0.8539949879031061	0.7117145321823835	0.9487179487179488	0.8465853333473206	0.8523960113525391	0.8128523230552673	94.08289337158203	0.3431069254875183
9njy	104	0.8133662548882962	0.8375904538595126	1.0	0.861674964427948	0.8662722110748291	0.8283013105392456	93.87337493896484	0.3431958556175232
9njy	105	0.75661059410203	0.9296491676238212	0.9230769230769232	0.8556317687034607	0.8608339428901672	0.8267924189567566	93.64542388916016	0.34659042954444885
9npi	101	0.2117814741152255	4.074966687135465	0.1666666666666666	0.7892029285430908	0.7982852458953857	0.6570138335227966	90.67720031738281	0.40746191143989563
9npi	102	0.2169520231414006	4.2657517976333255	0.2857142857142857	0.8182274699211121	0.8262264132499695	0.6913307309150696	91.04171752929688	0.399699866771698
9npi	103	0.2614016790017567	3.624447001588707	0.3571428571428571	0.7946223020553589	0.8035387396812439	0.6408217549324036	89.9820785522461	0.41590508818626404
9npi	104	0.2033711204574909	4.136447323657955	0.2142857142857142	0.7965056300163269	0.8049823045730591	0.66755610704422	90.64636993408203	0.40653127431869507
9npi	105	0.2605756494172389	3.976076051157849	0.3571428571428571	0.7861453294754028	0.79542076587677	0.6469921469688416	90.75311279296875	0.4060330092906952
9oar	101	0.0313258379188382	15.187972569458738	0.0	0.6184040307998657	0.6397047638893127	0.24200065433979034	89.29916381835938	0.5717142224311829
9oar	102	0.0475019926847063	10.81578363740597	0.0461538461538461	0.628932535648346	0.648527204990387	0.2396193891763687	88.85018920898438	0.5628462433815002
9oar	103	0.0261845848048798	13.318253882968348	0.0153846153846153	0.6261869072914124	0.6464722752571106	0.24315056204795837	88.65249633789062	0.5648982524871826
9oar	104	0.0341333151422102	14.912962522276969	0.0	0.6219589114189148	0.6427545547485352	0.23256732523441315	89.10891723632812	0.5694437623023987
9oar	105	0.0324674996840237	16.071554529287578	0.0	0.6009246706962585	0.6229394674301147	0.19733208417892456	88.83668518066406	0.6025357842445374
9obn	101	0.6750036197749095	1.8664341286782504	0.7692307692307693	0.9038079380989075	0.9080814123153687	0.9038079380989075	91.51789093017578	0.3779464066028595
9obn	102	0.7222044039119505	1.6522468224145723	0.7884615384615384	0.9069646596908569	0.9113361835479736	0.9069646596908569	92.08489990234375	0.36980167031288147
9obn	103				0.6521453857421875	0.6786885261535645	0.6521453857421875	86.12908935546875	0.5543320775032043
9obn	104				0.8274352550506592	0.8386009335517883	0.8274352550506592	89.78217315673828	0.41993239521980286
9obn	105	0.7155761435018154	1.6080215370697322	0.7884615384615384	0.8898366689682007	0.8952128291130066	0.8898366689682007	91.55765533447266	0.3782772421836853
9pi9	101				0.5878286361694336	0.6075950860977173	0.2937925159931183	86.68816375732422	0.6329050064086914
9pi9	102				0.6269044876098633	0.6446312665939331	0.36755841970443726	87.62943267822266	0.5548121333122253
9pi9	103				0.6008056998252869	0.6193544268608093	0.31171125173568726	87.08940124511719	0.6116164326667786
9pi9	104				0.6150467991828918	0.632673978805542	0.3517119586467743	87.46429443359375	0.5902158617973328
9pi9	105				0.5923956036567688	0.6126521825790405	0.292619913816452	87.22518157958984	0.5838034152984619
9pru	101				0.7955125570297241	0.8029654622077942	0.6443268060684204	93.41107940673828	0.35416311025619507
9pru	102				0.798396646976471	0.8058172464370728	0.6483131051063538	93.4251937866211	0.3541618883609772
9pru	103				0.802150547504425	0.8091605305671692	0.6522945761680603	93.38689422607422	0.35341382026672363
9pru	104				0.7928874492645264	0.8007595539093018	0.6164525747299194	92.97644805908203	0.3558141887187958
9pru	105				0.7812150716781616	0.7894905209541321	0.6103692054748535	92.98391723632812	0.36260542273521423
9pzi	101	0.0534143773677396	13.121618332956542	0.0	0.7046991586685181	0.721799373626709	0.30758553743362427	89.46207427978516	0.5059814453125
9pzi	102	0.7175767603243745	1.366042028515021	0.6981132075471698	0.8268324136734009	0.8341437578201294	0.6685705184936523	91.90890502929688	0.3955012559890747
9pzi	103	0.0497159956700297	12.0875007574166	0.0188679245283018	0.7473971843719482	0.7615912556648254	0.4861234724521637	90.2219009399414	0.4719388782978058
9pzi	104	0.6973253703664234	1.177805987406129	0.7169811320754716	0.8762523531913757	0.8797649145126343	0.8044792413711548	93.3097152709961	0.3584991693496704
9pzi	105	0.6920390349479767	1.2411501601711106	0.660377358490566	0.8744618892669678	0.8781216740608215	0.7865871787071228	93.4317855834961	0.35843348503112793
9q8l	101	0.035395214315185	12.745019684931894	0.0	0.6791203618049622	0.692340612411499	0.4375819265842438	86.9561767578125	0.6384550929069519
9q8l	102	0.0374040201407567	15.897313630062582	0.0	0.6436474323272705	0.6598424315452576	0.36337634921073914	86.04727172851562	0.7112190127372742
9q8l	103	0.0316987138607334	13.325473033262352	0.0	0.679774284362793	0.6936165690422058	0.4016680419445038	86.50379943847656	0.676310658454895
9q8l	104	0.057023726914366	10.30020601860639	0.0	0.6551063656806946	0.6719781160354614	0.3380988538265228	86.31083679199219	0.6944143176078796
9q8l	105	0.0232976663842565	13.215481948094228	0.0	0.6959957480430603	0.7079044580459595	0.46584561467170715	86.94351959228516	0.6244913339614868
9qrv	101	0.0554021557558104	11.872648038884329	0.074074074074074	0.7437634468078613	0.759108304977417	0.3136587142944336	89.42872619628906	0.5264883637428284
9qrv	102	0.0161140642598033	12.304508223936832	0.0	0.7494459748268127	0.7641974091529846	0.3456266224384308	89.51896667480469	0.4872480034828186
9qrv	103	0.0190551089118116	12.378874872721898	0.0	0.7470906972885132	0.7621482610702515	0.32588058710098267	90.09890747070312	0.49595504999160767
9qrv	104	0.0735630287477715	12.537705637227075	0.1481481481481481	0.7456232309341431	0.7604399919509888	0.3195977509021759	89.10576629638672	0.5234140157699585
9qrv	105	0.0502207596385794	12.074233434006894	0.074074074074074	0.7465415000915527	0.761133074760437	0.3200293779373169	88.00438690185547	0.5698631405830383
9rit	101	0.791782812699171	1.3331278294901232	0.8571428571428571	0.9086521863937378	0.91619873046875	0.9086521863937378	94.6948013305664	0.3450871407985687
9rit	102	0.8082983439450256	1.2560134057586951	0.8809523809523809	0.7934725284576416	0.8162106275558472	0.7934725284576416	93.37496185302734	0.3773428797721863
9rit	103	0.8753660982969849	0.9410251336668368	0.9523809523809524	0.9322964549064636	0.9370191097259521	0.9322964549064636	95.58346557617188	0.3299793601036072
9rit	104	0.8107352129244165	1.2110005516126592	0.8571428571428571	0.9100722074508667	0.916627049446106	0.9100722074508667	93.9242935180664	0.3562541604042053
9rit	105	0.8897395210083916	0.8787161659683789	0.9523809523809524	0.9306279420852661	0.9354897737503052	0.9306279420852661	95.34561920166016	0.33353063464164734
9riu	101	0.1108569453803995	9.203254518213765	0.1296296296296296	0.3361881971359253	0.4173209071159363	0.3361881971359253	86.34502410888672	0.6575441360473633
9riu	102	0.0985163596498425	9.182443187756158	0.0925925925925925	0.43023526668548584	0.4962167739868164	0.43023526668548584	87.16405487060547	0.6683431267738342
9riu	103	0.0943120628636822	9.06279934216577	0.074074074074074	0.33728697896003723	0.4172881245613098	0.33728697896003723	86.60714721679688	0.6434926986694336
9riu	104	0.1109709080727045	8.983326825045843	0.1296296296296296	0.5117502212524414	0.5681961178779602	0.5117502212524414	86.82135009765625	0.6396327018737793
9riu	105	0.1046330621551907	9.02131462566586	0.1111111111111111	0.45443180203437805	0.5177290439605713	0.45443180203437805	86.5411376953125	0.657447099685669
9rm2	101				0.5106886029243469	0.5366623997688293	0.17287833988666534	88.69831848144531	0.5143193006515503
9rm2	102				0.5186360478401184	0.5439135432243347	0.18463382124900818	88.64545440673828	0.509170413017273
9rm2	103				0.5066549181938171	0.5326640605926514	0.1763530820608139	87.8774185180664	0.5475730895996094
9rm2	104				0.5219380855560303	0.5470966100692749	0.20585772395133972	88.37796783447266	0.5311631560325623
9rm2	105	0.0591214361960603	10.622258554699402	0.1153846153846153	0.5028552412986755	0.5289338231086731	0.16718333959579468	87.92664337158203	0.5508700609207153
9rn6	101	0.4631749966799933	2.7165937470198425	0.6862745098039216	0.7285820841789246	0.7323992252349854	0.7285820841789246	85.11016845703125	0.5301774740219116
9rn6	102	0.5773107428073033	2.1718843152119898	0.7843137254901961	0.8348908424377441	0.8257335424423218	0.8348908424377441	86.70348358154297	0.47061052918434143
9rn6	103	0.5707539053826532	2.3655925379201546	0.7647058823529411	0.6683838963508606	0.6808662414550781	0.6683838963508606	84.89691925048828	0.564778208732605
9rn6	104	0.4406026496839424	2.8802186030726507	0.6862745098039216	0.6504033803939819	0.6652829051017761	0.6504033803939819	84.73343658447266	0.5682448148727417
9rn6	105	0.6623052793229246	1.833707639127107	0.8235294117647058	0.8416725397109985	0.8337120413780212	0.8416725397109985	87.0604476928711	0.47794243693351746
9th6	101	0.0161328029980562	12.510133465757058	0.0	0.1782016009092331	0.2803105115890503	0.1782016009092331	80.80252075195312	0.9222656488418579
9th6	102	0.0043582950276623	26.971160745561	0.0	0.17879442870616913	0.27814561128616333	0.17879442870616913	81.41886901855469	0.9379323720932007
9th6	103	0.0052517410296952	29.687687088226284	0.0	0.2131367027759552	0.31015869975090027	0.2131367027759552	81.94380187988281	0.9473451375961304
9th6	104	0.0043711536235461	26.860684095861306	0.0	0.24627001583576202	0.3392214775085449	0.24627001583576202	82.02996063232422	0.882673442363739
9th6	105	0.0056268753816234	29.020946015200597	0.0	0.2573656141757965	0.3435376286506653	0.2573656141757965	81.40017700195312	0.9298886060714722
9u8g	101	0.743513853623197	1.4646728787365555	0.8028169014084507	0.9045068025588989	0.9136344790458679	0.9045068025588989	93.16081237792969	0.3521033227443695
9u8g	102	0.7518450404525616	1.3312177344603169	0.7746478873239436	0.8768961429595947	0.889549732208252	0.8768961429595947	92.98112487792969	0.35993799567222595
9u8g	103	0.7390654435040306	1.4454491113249974	0.7746478873239436	0.8900948762893677	0.901003360748291	0.8900948762893677	93.1531982421875	0.3564935326576233
9u8g	104	0.7404319109314162	1.453936813458781	0.7746478873239436	0.9133950471878052	0.9213878512382507	0.9133950471878052	93.32330322265625	0.3489454984664917
9u8g	105	0.7363873591248958	1.4806363977732668	0.7887323943661971	0.8954528570175171	0.9056903719902039	0.8954528570175171	92.72566986083984	0.35775482654571533
9uk5	101	0.0350193769481155	14.405491560685666	0.0	0.6932644248008728	0.7106494307518005	0.285991907119751	89.14610290527344	0.5329003930091858
9uk5	102	0.0825192773743207	10.764506468001628	0.0517241379310344	0.7003189325332642	0.7175341248512268	0.2914932370185852	89.37027740478516	0.5326171517372131
9uk5	103	0.052440899402704	12.383391425032515	0.0	0.7081044912338257	0.7244417667388916	0.32053467631340027	89.64302825927734	0.5151063799858093
9uk5	104	0.0417316890105467	12.60634668482752	0.0	0.6901648640632629	0.7077632546424866	0.2826254069805145	88.83934020996094	0.5496076941490173
9uk5	105	0.0653867987537075	10.165683820857604	0.0	0.6859204173088074	0.7039951682090759	0.2710341513156891	88.72071838378906	0.5537028908729553
9uvi	101	0.7103601330804997	1.105835298612608	0.5217391304347826	0.9303714036941528	0.9337391257286072	0.8690206408500671	95.02006530761719	0.33586814999580383
9uvi	102	0.7435663081295861	1.098395064611902	0.6086956521739131	0.9353806376457214	0.9384876489639282	0.8808608055114746	95.137939453125	0.3344269394874573
9uvi	103	0.7021526704455009	1.0565223380249296	0.4782608695652174	0.9317308068275452	0.9350377321243286	0.8749924898147583	95.15767669677734	0.33727937936782837
9uvi	104	0.7086290500345659	1.158107138106087	0.5652173913043478	0.9332091808319092	0.9364863634109497	0.8698597550392151	95.01781463623047	0.33555588126182556
9uvi	105	0.7487133523618477	1.039107316743477	0.6086956521739131	0.9291998744010925	0.9327236413955688	0.8694889545440674	95.1511001586914	0.338417112827301
9uzb	101	0.0516980427683856	8.773497088884977	0.0476190476190476	0.5678001046180725	0.5919649004936218	0.2369973510503769	88.16228485107422	0.5412317514419556
9uzb	102	0.1227253757767225	3.972416497986091	0.1904761904761904	0.5672531723976135	0.5913521647453308	0.2609378397464752	88.71600341796875	0.5281054973602295
9uzb	103	0.3668237165990032	3.293323098751605	0.5714285714285714	0.5671284198760986	0.5912625193595886	0.24724510312080383	88.29554748535156	0.543229341506958
9uzb	104	0.3723890212281158	2.882923586236852	0.4761904761904761	0.5687369108200073	0.5927141904830933	0.25061824917793274	88.57854461669922	0.5294780731201172
9uzb	105	0.3216765700255252	3.3143500209922774	0.4761904761904761	0.5638163685798645	0.5881582498550415	0.24035897850990295	88.94367980957031	0.5240107774734497
9uzc	101	0.2547936710660683	3.108530559806508	0.4285714285714285	0.5638580322265625	0.588240385055542	0.2382141649723053	88.31124114990234	0.5457218885421753
9uzc	102	0.0357444156158909	7.313145950391421	0.0476190476190476	0.5592451691627502	0.583800196647644	0.22298523783683777	88.35166931152344	0.542095959186554
9uzc	103	0.2774739650850383	3.6974505171574985	0.5714285714285714	0.5649246573448181	0.5892302393913269	0.24433408677577972	88.21460723876953	0.555510938167572
9uzc	104	0.1780680077008402	5.502852903784225	0.3333333333333333	0.5686566829681396	0.5926257967948914	0.2441452443599701	88.16094207763672	0.5476381182670593
9uzc	105	0.0717520598597533	8.566855737429114	0.0952380952380952	0.5940899848937988	0.6165561676025391	0.2875458300113678	88.71334075927734	0.5071905851364136
9uzd	101	0.0648742694697974	9.755534310278197	0.1363636363636363	0.5791362524032593	0.6028134226799011	0.26107341051101685	88.17095947265625	0.5121863484382629
9uzd	102	0.2541225520833978	3.783908812109173	0.4090909090909091	0.5660760998725891	0.590379536151886	0.2442275732755661	89.1305160522461	0.5113688111305237
9uzd	103	0.0477130855350255	7.685080534814721	0.0909090909090909	0.560352623462677	0.585051417350769	0.21199475228786469	88.34251403808594	0.5377445816993713
9uzd	104	0.2446022491060228	3.1113704943769536	0.3636363636363636	0.5624113082885742	0.5864468812942505	0.2430126965045929	88.9266586303711	0.5228270292282104
9uzd	105	0.1555672193750092	4.412388609788175	0.3181818181818182	0.5558191537857056	0.5809568166732788	0.2313869297504425	88.18718719482422	0.5555126667022705
9uze	101	0.1008942560211226	7.119509475481983	0.238095238095238	0.5751720666885376	0.5990567803382874	0.2310905158519745	88.25094604492188	0.5322400331497192
9uze	102	0.0796612225406546	6.239541700128969	0.1428571428571428	0.5656763911247253	0.589512825012207	0.2497807890176773	88.52164459228516	0.5364412069320679
9uze	103	0.3405228410235029	3.4881887582756614	0.3333333333333333	0.5599245429039001	0.5843077301979065	0.23274566233158112	88.76199340820312	0.5269558429718018
9uze	104	0.0067083660419	14.147219863384828	0.0	0.5663599371910095	0.5906823873519897	0.22182002663612366	88.42230224609375	0.5552193522453308
9uze	105	0.283503541409178	3.485528506657158	0.4761904761904761	0.5653471946716309	0.5898237824440002	0.24182718992233276	88.74845886230469	0.5269967317581177
9uzf	101	0.0513993004392113	8.599039565283585	0.0434782608695652	0.5678468346595764	0.5919499397277832	0.23716482520103455	88.16364288330078	0.5478213429450989
9uzf	102	0.0501285725960707	8.736595750705186	0.0434782608695652	0.5683004856109619	0.592399537563324	0.23365655541419983	88.12309265136719	0.5453816056251526
9uzf	103	0.1521276900395524	5.458260028531299	0.3478260869565217	0.5541719198226929	0.5792834162712097	0.2184210866689682	88.15902709960938	0.5644874572753906
9uzf	104	0.3358730791231593	3.2013533476086757	0.4782608695652174	0.5601523518562317	0.5849919319152832	0.22843514382839203	88.41112518310547	0.5461453795433044
9uzf	105	0.143119398979864	5.070761517330893	0.3043478260869565	0.5663588047027588	0.5906795263290405	0.24776555597782135	88.3820571899414	0.5424973368644714
9uzg	101	0.0627799286985914	11.264919595193216	0.1428571428571428	0.5770116448402405	0.6006877422332764	0.2516314685344696	87.4825210571289	0.5501296520233154
9uzg	102	0.2366036930161855	3.6700975121474952	0.4761904761904761	0.5657678246498108	0.5897853374481201	0.24665530025959015	87.78226470947266	0.5478339195251465
9uzg	103	0.3331963896223706	3.5075868304654976	0.4285714285714285	0.5592241287231445	0.5836653113365173	0.23306328058242798	88.18851470947266	0.5490248203277588
9uzg	104	0.3337697868002426	3.403176495203904	0.3809523809523809	0.5596306324005127	0.5839409232139587	0.2311243712902069	88.5355453491211	0.5333227515220642
9uzg	105	0.1727111741486517	3.611591319475493	0.2857142857142857	0.5642776489257812	0.5885684490203857	0.25262632966041565	88.5015869140625	0.5331176519393921
9uzh	101	0.0459538699936843	7.735777657451324	0.0869565217391304	0.5617574453353882	0.5863382816314697	0.23915086686611176	88.0198745727539	0.5632651448249817
9uzh	102	0.1345966209288464	3.9401071787551825	0.217391304347826	0.5603713393211365	0.5848419666290283	0.24685436487197876	88.73274993896484	0.5328202247619629
9uzh	103	0.0306944556438135	11.755553018791876	0.0434782608695652	0.5621181726455688	0.5864611864089966	0.22231745719909668	88.47964477539062	0.5306646823883057
9uzh	104	0.2601704028688987	4.639243963816259	0.217391304347826	0.5649291276931763	0.5892119407653809	0.2368013709783554	88.77289581298828	0.5213714838027954
9uzh	105	0.0461171997114328	7.886743130552326	0.0869565217391304	0.5644624829292297	0.5889097452163696	0.23173972964286804	87.46308898925781	0.5561037063598633
9uzi	101	0.2296673062904899	3.7380467481496895	0.2	0.5666705965995789	0.5908652544021606	0.24257294833660126	88.61766815185547	0.5226487517356873
9uzi	102	0.2073076936226931	3.982868994207189	0.44	0.5660873651504517	0.590258777141571	0.2575412392616272	88.74272155761719	0.5283153057098389
9uzi	103	0.2231671678487222	3.722624527956909	0.32	0.5688303112983704	0.5928597450256348	0.2537462115287781	88.20088958740234	0.5448839664459229
9uzi	104	0.4042261677708775	2.8394587095127672	0.56	0.5689200758934021	0.592894971370697	0.24971885979175568	88.55321502685547	0.5308756828308105
9uzi	105	0.3319317423748659	3.293062363820557	0.52	0.5639697909355164	0.5882962942123413	0.24082565307617188	88.95140838623047	0.5237700939178467
9vdy	101	0.0083157028507545	12.667714928869264	0.0	0.5360496044158936	0.5603432655334473	0.2849980592727661	82.9301986694336	0.8134050965309143
9vdy	102	0.0192176800632361	9.599186672089726	0.0	0.5145036578178406	0.5403040051460266	0.20505183935165405	81.11499786376953	0.8228912949562073
9vdy	103	0.0567187812619378	13.719547984811747	0.0	0.49434465169906616	0.5212739109992981	0.15982112288475037	71.07086944580078	1.744691252708435
9vdy	104	0.0080591050190245	14.09377367422254	0.0	0.5031260251998901	0.5296076536178589	0.17875036597251892	77.67089080810547	1.1016539335250854
9vdy	105	0.030832285791065	16.020553442234327	0.0652173913043478	0.5011808276176453	0.5278519988059998	0.17196409404277802	69.56668853759766	1.817484736442566
9vdz	101				0.5233437418937683	0.5485403537750244	0.2112800031900406	80.5977783203125	0.9520421028137207
9vdz	102	0.5236677296465703	1.2213224552492958	0.6086956521739131	0.6414326429367065	0.6601952314376831	0.44321486353874207	86.2070541381836	0.6097716093063354
9vdz	103				0.5020239949226379	0.5285672545433044	0.17004059255123138	78.50186157226562	0.9923543334007263
9vdz	104				0.4993589520454407	0.5261442065238953	0.1706143468618393	73.25694274902344	1.440229058265686
9vdz	105				0.49352744221687317	0.5206290483474731	0.159221813082695	77.47463989257812	1.1246806383132935
9vjj	101				0.38550299406051636	0.4089800715446472	0.18203411996364594	80.01097106933594	0.9112638831138611
9vjj	102				0.3729592561721802	0.3969370126724243	0.1762600541114807	80.34619140625	0.9066891670227051
9vjj	103				0.3733823001384735	0.3973425328731537	0.18276800215244293	79.86902618408203	0.9268292188644409
9vjj	104				0.3895877003669739	0.41288137435913086	0.21613305807113647	78.68083953857422	0.9701429605484009
9vjj	105				0.37911248207092285	0.40285155177116394	0.1953336000442505	79.581298828125	0.9334775805473328
9vp0	101	0.0388219243818117	14.1811829582527	0.0	0.7025481462478638	0.7200322151184082	0.2923160791397095	89.09917449951172	0.5349921584129333
9vp0	102	0.0431469484842759	15.17465229398784	0.0	0.7088031768798828	0.7251784205436707	0.3538428843021393	89.72758483886719	0.5098594427108765
9vp0	103	0.0456671881188687	12.37668992510955	0.0	0.7065527439117432	0.7229713797569275	0.30694401264190674	88.83907318115234	0.5429774522781372
9vp0	104	0.0813072672382058	10.696742197257446	0.0526315789473684	0.7116191983222961	0.7278403043746948	0.32128259539604187	89.18195343017578	0.5265236496925354
9vp0	105	0.0332040567042187	13.531264864737006	0.0	0.7160539031028748	0.7319670915603638	0.32627084851264954	89.64263916015625	0.515239417552948
9y0a	101	0.0465860437717965	13.058979068076988	0.0	0.5990344882011414	0.6187716126441956	0.2798800766468048	88.62682342529297	0.5521929860115051
9y0a	102	0.0477751024577193	13.786800772233368	0.0	0.6143875122070312	0.6316633224487305	0.27142155170440674	89.66105651855469	0.5291822552680969
9y0a	103	0.0747134584703728	8.668839392083349	0.0	0.5898543000221252	0.61147141456604	0.22407685220241547	88.25299072265625	0.5784790515899658
9y0a	104	0.0501147850491438	12.766651535217424	0.0	0.5932262539863586	0.6131500005722046	0.25539037585258484	88.07447814941406	0.5592254996299744
9y0a	105	0.050187303124901	12.92011814947932	0.0	0.6034443974494934	0.6230673789978027	0.2693454921245575	88.32686614990234	0.5596805810928345
9yio	101	0.0199841904847272	18.52747407057571	0.0	0.753046452999115	0.7677428722381592	0.3535885810852051	90.0691909790039	0.48737987875938416
9yio	102	0.0145677784926195	19.956847077416352	0.0	0.7578040957450867	0.7722188234329224	0.3046807050704956	89.3419418334961	0.5144137144088745
9yio	103	0.0193063289593193	15.598402691609332	0.0	0.7416216731071472	0.7572716474533081	0.26010990142822266	88.6567611694336	0.5550470948219299
9yio	104	0.0149750891122637	20.340159305966736	0.0	0.7602785229682922	0.7746676802635193	0.36936163902282715	90.02289581298828	0.47135254740715027
9yio	105	0.0150519106737781	20.19918672436239	0.0	0.7760930061340332	0.7887411713600159	0.3700527846813202	89.75434112548828	0.48531219363212585
9hub	101	0.4534688615807423	3.594503345073827	0.7384615384615385	0.8226170539855957	0.8339877128601074	0.8475200533866882	91.92041778564453	0.39705485105514526
9hub	102	0.4033779826419981	4.26201101395436	0.6923076923076923	0.8218099474906921	0.8331803679466248	0.8495410084724426	91.94136810302734	0.39711087942123413
9hub	103	0.4488129330393102	3.63385774153538	0.7076923076923077	0.8220579028129578	0.8334770798683167	0.845134973526001	92.01010131835938	0.3966066837310791
9huo	101	0.360712931512933	3.978399811042263	0.546875	0.7898036241531372	0.8031856417655945	0.8814949989318848	90.42422485351562	0.42685744166374207
9huo	102	0.3459289846124729	5.190862824785652	0.5	0.8124984502792358	0.8240218162536621	0.8506358861923218	89.8186264038086	0.4357532858848572
