pdb	Hchain	Lchain	model	antigen_chain	antigen_type	antigen_het_name	antigen_name	short_header	date	compound	organism	heavy_species	light_species	antigen_species	authors	resolution	method	r_free	r_factor	scfv	engineered	heavy_subclass	light_subclass	light_ctype	affinity	delta_g	affinity_method	temperature	pmid	abangle	annotation_H	annotation_L	imgt_H	imgt_L	sequence_raw	sequence_H	sequence_L	structure	structure_chothia	in_nr_set	curated_quality_dataset	split	date_parsed	has_light_chain
7y3o	H	L	0	A	protein		spike protein s1	VIRAL PROTEIN/IMMUNE SYSTEM	12/27/23	Crystal structure of SARS-CoV-2 receptor binding domain in complex with human antibody BIOLS56	Homo sapiens; Severe acute respiratory syndrome coronavirus 2	homo sapiens	homo sapiens	severe acute respiratory syndrome coronavirus2 	Rao, X., Gao, F., Wu, Y., Gao, F.	2.1	X-RAY DIFFRACTION	0.229	0.183	False	True	IGHV3	IGKV1	Kappa						sabdab_dataset/7y3o/abangle/7y3o.abangle	sabdab_dataset/7y3o/annotation/7y3o_H_VH.ann	sabdab_dataset/7y3o/annotation/7y3o_L_VL.ann	sabdab_dataset/7y3o/imgt/7y3o_H_H.ann	sabdab_dataset/7y3o/imgt/7y3o_L_L.ann	sabdab_dataset/7y3o/sequence/7y3o_raw.pdb	sabdab_dataset/7y3o/sequence/7y3o_H_VH.fa	sabdab_dataset/7y3o/sequence/7y3o_L_VL.fa	sabdab_dataset/7y3o/structure/7y3o.pdb	sabdab_dataset/7y3o/structure/chothia/7y3o.pdb	False	False	test	2023-12-27	True
7yds	B	C	0	A	protein		programmed cell death 1 ligand 1	IMMUNE SYSTEM	07/19/23	The structure of the bispecific antibody targeted PD-L1 and 4-1BB	Homo sapiens	homo sapiens	homo sapiens	homo sapiens	Gao, Y., Zhu, M., Liu, W.T., Cheng, L.S., Zhu, Z.L., Niu, L.W.	2.3	X-RAY DIFFRACTION	0.246	0.194	False	True	IGHV3	IGKV1	Kappa						sabdab_dataset/7yds/abangle/7yds.abangle	sabdab_dataset/7yds/annotation/7yds_B_VH.ann	sabdab_dataset/7yds/annotation/7yds_C_VL.ann	sabdab_dataset/7yds/imgt/7yds_B_H.ann	sabdab_dataset/7yds/imgt/7yds_C_L.ann	sabdab_dataset/7yds/sequence/7yds_raw.pdb	sabdab_dataset/7yds/sequence/7yds_B_VH.fa	sabdab_dataset/7yds/sequence/7yds_C_VL.fa	sabdab_dataset/7yds/structure/7yds.pdb	sabdab_dataset/7yds/structure/chothia/7yds.pdb	True	False	train	2023-07-19	True
7yv1	H	L	0	A	protein		isoform 2b of gtpase kras	SIGNALING PROTEIN	07/26/23	Human K-Ras G12D (GDP-bound) in complex with cyclic peptide inhibitor LUNA18 and KA30L Fab	Homo sapiens; SYNTHETIC CONSTRUCT	homo sapiens	homo sapiens	homo sapiens	Irie, M., Fukami, T.A., Matsuo, A., Saka, K., Nishimura, M., Saito, H., Torizawa, T., Tanada, M., Ohta, A.	1.454	X-RAY DIFFRACTION	0.277	0.238	False	True	IGHV4	IGKV1	Kappa						sabdab_dataset/7yv1/abangle/7yv1.abangle	sabdab_dataset/7yv1/annotation/7yv1_H_VH.ann	sabdab_dataset/7yv1/annotation/7yv1_L_VL.ann	sabdab_dataset/7yv1/imgt/7yv1_H_H.ann	sabdab_dataset/7yv1/imgt/7yv1_L_L.ann	sabdab_dataset/7yv1/sequence/7yv1_raw.pdb	sabdab_dataset/7yv1/sequence/7yv1_H_VH.fa	sabdab_dataset/7yv1/sequence/7yv1_L_VL.fa	sabdab_dataset/7yv1/structure/7yv1.pdb	sabdab_dataset/7yv1/structure/chothia/7yv1.pdb	True	False	train	2023-07-26	True
7z1x	B		0	A	protein		gasdermin-d	IMMUNE SYSTEM	09/06/23	Crystal structure of human Gasdermin D complexed with nanobodies VHH-2 and VHH-6	Homo sapiens; Lama glama	lama glama		homo sapiens	Kopp, A., Hagelueken, G., Geyer, M.	1.86	X-RAY DIFFRACTION	0.249	0.212	False	True	IGHV1									sabdab_dataset/7z1x/annotation/7z1x_B_VH.ann		sabdab_dataset/7z1x/imgt/7z1x_B_H.ann		sabdab_dataset/7z1x/sequence/7z1x_raw.pdb	sabdab_dataset/7z1x/sequence/7z1x_B_VH.fa		sabdab_dataset/7z1x/structure/7z1x.pdb	sabdab_dataset/7z1x/structure/chothia/7z1x.pdb	True	True	train	2023-09-06	False
7zau	B		0	A	protein		fascin	STRUCTURAL PROTEIN	09/27/23	Fascin-1 in complex with Nb 3E11	Homo sapiens; Lama glama	lama glama		homo sapiens	Burgess, S.G., Bayliss, R.	2.2	X-RAY DIFFRACTION	0.29	0.247	False	True	IGHV1									sabdab_dataset/7zau/annotation/7zau_B_VH.ann		sabdab_dataset/7zau/imgt/7zau_B_H.ann		sabdab_dataset/7zau/sequence/7zau_raw.pdb	sabdab_dataset/7zau/sequence/7zau_B_VH.fa		sabdab_dataset/7zau/structure/7zau.pdb	sabdab_dataset/7zau/structure/chothia/7zau.pdb	True	True	train	2023-09-27	False
7zoz	H	L	0	A	protein		sialic acid-binding ig-like lectin 15	IMMUNE SYSTEM	06/28/23	Crystal structure of Siglec-15 in complex with Fab	Homo sapiens	homo sapiens	homo sapiens	homo sapiens	Lenza, M.P., Oyenarte, I., Jimenez-Barbero, J., Ereno-Orbea, J.	2.104	X-RAY DIFFRACTION	0.218	0.176	False	True	IGHV1	IGKV14	Kappa						sabdab_dataset/7zoz/abangle/7zoz.abangle	sabdab_dataset/7zoz/annotation/7zoz_H_VH.ann	sabdab_dataset/7zoz/annotation/7zoz_L_VL.ann	sabdab_dataset/7zoz/imgt/7zoz_H_H.ann	sabdab_dataset/7zoz/imgt/7zoz_L_L.ann	sabdab_dataset/7zoz/sequence/7zoz_raw.pdb	sabdab_dataset/7zoz/sequence/7zoz_H_VH.fa	sabdab_dataset/7zoz/sequence/7zoz_L_VL.fa	sabdab_dataset/7zoz/structure/7zoz.pdb	sabdab_dataset/7zoz/structure/chothia/7zoz.pdb	True	False	train	2023-06-28	True
8a44	C	D	0	A	protein		duffy binding protein	CELL ADHESION	06/07/23	Plasmodium vivax Duffy binding protein region II bound the DARC ectodomain and monoclonal antibody DB1	Homo sapiens; Plasmodium vivax	homo sapiens	homo sapiens	plasmodium vivax	Moskovitz, R., Higgins, M.K.	2.49	X-RAY DIFFRACTION	0.225	0.196	False	True	IGHV5	IGKV1	Kappa						sabdab_dataset/8a44/abangle/8a44.abangle	sabdab_dataset/8a44/annotation/8a44_C_VH.ann	sabdab_dataset/8a44/annotation/8a44_D_VL.ann	sabdab_dataset/8a44/imgt/8a44_C_H.ann	sabdab_dataset/8a44/imgt/8a44_D_L.ann	sabdab_dataset/8a44/sequence/8a44_raw.pdb	sabdab_dataset/8a44/sequence/8a44_C_VH.fa	sabdab_dataset/8a44/sequence/8a44_D_VL.fa	sabdab_dataset/8a44/structure/8a44.pdb	sabdab_dataset/8a44/structure/chothia/8a44.pdb	True	False	train	2023-06-07	True
8acf	H	L	0	A	protein		complement c2b fragment	IMMUNE SYSTEM	01/17/24	Structure of the argX-117 in complex with a complement C2 fragment at low pH	Homo sapiens; Lama glama	homo sapiens	homo sapiens	homo sapiens	Olesen, H.G., Andersen, G.R.	1.8	X-RAY DIFFRACTION	0.199	0.178	False	True	IGHV1	IGKV3	Kappa						sabdab_dataset/8acf/abangle/8acf.abangle	sabdab_dataset/8acf/annotation/8acf_H_VH.ann	sabdab_dataset/8acf/annotation/8acf_L_VL.ann	sabdab_dataset/8acf/imgt/8acf_H_H.ann	sabdab_dataset/8acf/imgt/8acf_L_L.ann	sabdab_dataset/8acf/sequence/8acf_raw.pdb	sabdab_dataset/8acf/sequence/8acf_H_VH.fa	sabdab_dataset/8acf/sequence/8acf_L_VL.fa	sabdab_dataset/8acf/structure/8acf.pdb	sabdab_dataset/8acf/structure/chothia/8acf.pdb	True	False	train	2024-01-17	True
8aci	H	L	0	A	protein		complement c2b fragment	IMMUNE SYSTEM	01/17/24	Structure of ARG-117 Fab in complex with a fragment of complement C2, neutral pH	Homo sapiens; Lama glama	homo sapiens	homo sapiens	homo sapiens	Olesen, H.G., Andersen, G.R.	1.85	X-RAY DIFFRACTION	0.199	0.187	False	True	IGHV1	IGKV3	Kappa						sabdab_dataset/8aci/abangle/8aci.abangle	sabdab_dataset/8aci/annotation/8aci_H_VH.ann	sabdab_dataset/8aci/annotation/8aci_L_VL.ann	sabdab_dataset/8aci/imgt/8aci_H_H.ann	sabdab_dataset/8aci/imgt/8aci_L_L.ann	sabdab_dataset/8aci/sequence/8aci_raw.pdb	sabdab_dataset/8aci/sequence/8aci_H_VH.fa	sabdab_dataset/8aci/sequence/8aci_L_VL.fa	sabdab_dataset/8aci/structure/8aci.pdb	sabdab_dataset/8aci/structure/chothia/8aci.pdb	False	False	train	2024-01-17	True
8aok	B		0	A	protein		programmed cell death 1 ligand 1	IMMUNE SYSTEM	06/14/23	Complex of PD-L1 with VHH6	Homo sapiens; Lama glama	lama glama		homo sapiens	Kang-Pettinger, T., Hall, G.	1.6	X-RAY DIFFRACTION	0.185	0.162	False	True	IGHV1									sabdab_dataset/8aok/annotation/8aok_B_VH.ann		sabdab_dataset/8aok/imgt/8aok_B_H.ann		sabdab_dataset/8aok/sequence/8aok_raw.pdb	sabdab_dataset/8aok/sequence/8aok_B_VH.fa		sabdab_dataset/8aok/structure/8aok.pdb	sabdab_dataset/8aok/structure/chothia/8aok.pdb	True	True	test	2023-06-14	False
8aom	V		0	A	protein		programmed cell death 1 ligand 1	IMMUNE SYSTEM	06/14/23	Complex of PD-L1 with VHH1	Homo sapiens; Lama glama	lama glama		homo sapiens	Kang-Pettinger, T., Hall, G.	2.202	X-RAY DIFFRACTION	0.245	0.208	False	True	IGHV1									sabdab_dataset/8aom/annotation/8aom_V_VH.ann		sabdab_dataset/8aom/imgt/8aom_V_H.ann		sabdab_dataset/8aom/sequence/8aom_raw.pdb	sabdab_dataset/8aom/sequence/8aom_V_VH.fa		sabdab_dataset/8aom/structure/8aom.pdb	sabdab_dataset/8aom/structure/chothia/8aom.pdb	True	True	train	2023-06-14	False
8apy	C		0	A	protein		er lumen protein-retaining receptor 2	MEMBRANE PROTEIN	08/23/23	Crystal structure of the H12A variant of the KDEL receptor bound to sybody	Gallus gallus; synthetic construct	synthetic construct		gallus gallus	Parker, J.L., Smith, K., Newstead, S.	2.34	X-RAY DIFFRACTION	0.329	0.268	False	True	IGHV1									sabdab_dataset/8apy/annotation/8apy_C_VH.ann		sabdab_dataset/8apy/imgt/8apy_C_H.ann		sabdab_dataset/8apy/sequence/8apy_raw.pdb	sabdab_dataset/8apy/sequence/8apy_C_VH.fa		sabdab_dataset/8apy/structure/8apy.pdb	sabdab_dataset/8apy/structure/chothia/8apy.pdb	True	True	train	2023-08-23	False
8b17	B		0	A	protein		dipeptide and tripeptide permease b	MEMBRANE PROTEIN	08/09/23	DtpB-Nb132-AWA	Escherichia coli; Lama glama; SYNTHETIC CONSTRUCT	lama glama		escherichia coli	Killer, M., Finocchio, G., Lei, J., Jungnickel, K., Kotov, V., Steinke, J., Bartels, K., Strauss, J., Dupeux, F., Humm, A.S., Cornaciu, I., Marquez, J., Pardon, E., Steyeart, J., Loew, C.	2.5	X-RAY DIFFRACTION	0.269	0.235	False	True	IGHV1									sabdab_dataset/8b17/annotation/8b17_B_VH.ann		sabdab_dataset/8b17/imgt/8b17_B_H.ann		sabdab_dataset/8b17/sequence/8b17_raw.pdb	sabdab_dataset/8b17/sequence/8b17_B_VH.fa		sabdab_dataset/8b17/structure/8b17.pdb	sabdab_dataset/8b17/structure/chothia/8b17.pdb	True	True	train	2023-08-09	False
8b18	B		0	A	protein		dipeptide and tripeptide permease b	MEMBRANE PROTEIN	08/09/23	DtpB-Nb132-AF	Escherichia coli; Lama glama; SYNTHETIC CONSTRUCT	lama glama		escherichia coli	Killer, M., Finocchio, G., Lei, J., Jungnickel, K., Kotov, V., Steinke, J., Bartels, K., Strauss, J., Dupeux, F., Humm, A.S., Cornaciu, I., Marquez, J., Pardon, E., Steyeart, J., Loew, C.	2.3	X-RAY DIFFRACTION	0.254	0.227	False	True	IGHV1									sabdab_dataset/8b18/annotation/8b18_B_VH.ann		sabdab_dataset/8b18/imgt/8b18_B_H.ann		sabdab_dataset/8b18/sequence/8b18_raw.pdb	sabdab_dataset/8b18/sequence/8b18_B_VH.fa		sabdab_dataset/8b18/structure/8b18.pdb	sabdab_dataset/8b18/structure/chothia/8b18.pdb	False	False	test	2023-08-09	False
8b19	B		0	A	protein		dipeptide and tripeptide permease b	MEMBRANE PROTEIN	08/09/23	DtpB-Nb132-AFA	Escherichia coli; Lama glama; SYNTHETIC CONSTRUCT	lama glama		escherichia coli	Killer, M., Finocchio, G., Lei, J., Jungnickel, K., Kotov, V., Steinke, J., Bartels, K., Strauss, J., Dupeux, F., Humm, A.S., Cornaciu, I., Marquez, J., Pardon, E., Steyeart, J., Loew, C.	2.45	X-RAY DIFFRACTION	0.268	0.224	False	True	IGHV1									sabdab_dataset/8b19/annotation/8b19_B_VH.ann		sabdab_dataset/8b19/imgt/8b19_B_H.ann		sabdab_dataset/8b19/sequence/8b19_raw.pdb	sabdab_dataset/8b19/sequence/8b19_B_VH.fa		sabdab_dataset/8b19/structure/8b19.pdb	sabdab_dataset/8b19/structure/chothia/8b19.pdb	False	False	train	2023-08-09	False
8b1a	B		0	A	protein		dipeptide and tripeptide permease b	MEMBRANE PROTEIN	08/09/23	DtpB-Nb132-AI	Escherichia coli; Lama glama; SYNTHETIC CONSTRUCT	lama glama		escherichia coli	Killer, M., Finocchio, G., Lei, J., Jungnickel, K., Kotov, V., Steinke, J., Bartels, K., Strauss, J., Dupeux, F., Humm, A.S., Cornaciu, I., Marquez, J., Pardon, E., Steyeart, J., Loew, C.	2.15	X-RAY DIFFRACTION	0.239	0.215	False	True	IGHV1									sabdab_dataset/8b1a/annotation/8b1a_B_VH.ann		sabdab_dataset/8b1a/imgt/8b1a_B_H.ann		sabdab_dataset/8b1a/sequence/8b1a_raw.pdb	sabdab_dataset/8b1a/sequence/8b1a_B_VH.fa		sabdab_dataset/8b1a/structure/8b1a.pdb	sabdab_dataset/8b1a/structure/chothia/8b1a.pdb	False	False	train	2023-08-09	False
8b1d	B		0	A	protein		dipeptide and tripeptide permease b	MEMBRANE PROTEIN	08/09/23	DtpB-Nb132-APF	Escherichia coli; Lama glama; SYNTHETIC CONSTRUCT	lama glama		escherichia coli	Killer, M., Finocchio, G., Lei, J., Jungnickel, K., Kotov, V., Steinke, J., Bartels, K., Strauss, J., Dupeux, F., Humm, A.S., Cornaciu, I., Marquez, J., Pardon, E., Steyeart, J., Loew, C.	2.3	X-RAY DIFFRACTION	0.258	0.23	False	True	IGHV1									sabdab_dataset/8b1d/annotation/8b1d_B_VH.ann		sabdab_dataset/8b1d/imgt/8b1d_B_H.ann		sabdab_dataset/8b1d/sequence/8b1d_raw.pdb	sabdab_dataset/8b1d/sequence/8b1d_B_VH.fa		sabdab_dataset/8b1d/structure/8b1d.pdb	sabdab_dataset/8b1d/structure/chothia/8b1d.pdb	False	False	train	2023-08-09	False
8b1e	B		0	A	protein		dipeptide and tripeptide permease b	MEMBRANE PROTEIN	08/09/23	DtpB-Nb132-AQ	Escherichia coli; Lama glama; SYNTHETIC CONSTRUCT	lama glama		escherichia coli	Killer, M., Finocchio, G., Lei, J., Jungnickel, K., Kotov, V., Steinke, J., Bartels, K., Strauss, J., Dupeux, F., Humm, A.S., Cornaciu, I., Marquez, J., Pardon, E., Steyeart, J., Loew, C.	2.47	X-RAY DIFFRACTION	0.268	0.223	False	True	IGHV1									sabdab_dataset/8b1e/annotation/8b1e_B_VH.ann		sabdab_dataset/8b1e/imgt/8b1e_B_H.ann		sabdab_dataset/8b1e/sequence/8b1e_raw.pdb	sabdab_dataset/8b1e/sequence/8b1e_B_VH.fa		sabdab_dataset/8b1e/structure/8b1e.pdb	sabdab_dataset/8b1e/structure/chothia/8b1e.pdb	False	False	train	2023-08-09	False
8b1f	B		0	A	protein		dipeptide and tripeptide permease b	MEMBRANE PROTEIN	08/09/23	DtpB-Nb132-AV	Escherichia coli; Lama glama; SYNTHETIC CONSTRUCT	lama glama		escherichia coli	Killer, M., Finocchio, G., Lei, J., Jungnickel, K., Kotov, V., Steinke, J., Bartels, K., Strauss, J., Dupeux, F., Humm, A.S., Cornaciu, I., Marquez, J., Pardon, E., Steyeart, J., Loew, C.	2.35	X-RAY DIFFRACTION	0.237	0.217	False	True	IGHV1									sabdab_dataset/8b1f/annotation/8b1f_B_VH.ann		sabdab_dataset/8b1f/imgt/8b1f_B_H.ann		sabdab_dataset/8b1f/sequence/8b1f_raw.pdb	sabdab_dataset/8b1f/sequence/8b1f_B_VH.fa		sabdab_dataset/8b1f/structure/8b1f.pdb	sabdab_dataset/8b1f/structure/chothia/8b1f.pdb	False	False	train	2023-08-09	False
8b1g	B		0	A	protein		dipeptide and tripeptide permease b	MEMBRANE PROTEIN	08/09/23	DtpB-Nb132-AW	Escherichia coli; Lama glama; SYNTHETIC CONSTRUCT	lama glama		escherichia coli	Killer, M., Finocchio, G., Lei, J., Jungnickel, K., Kotov, V., Steinke, J., Bartels, K., Strauss, J., Dupeux, F., Humm, A.S., Cornaciu, I., Marquez, J., Pardon, E., Steyeart, J., Loew, C.	2.5	X-RAY DIFFRACTION	0.249	0.225	False	True	IGHV1									sabdab_dataset/8b1g/annotation/8b1g_B_VH.ann		sabdab_dataset/8b1g/imgt/8b1g_B_H.ann		sabdab_dataset/8b1g/sequence/8b1g_raw.pdb	sabdab_dataset/8b1g/sequence/8b1g_B_VH.fa		sabdab_dataset/8b1g/structure/8b1g.pdb	sabdab_dataset/8b1g/structure/chothia/8b1g.pdb	False	False	validation	2023-08-09	False
8b7h	H	L	0	A	protein		gremlin-1	SIGNALING PROTEIN	12/27/23	Crystal structure of human Gremlin-1 in complex with Fab	Homo sapiens	homo sapiens	homo sapiens	homo sapiens	Schulze, M.-S., Martinez-Fleites, C.	1.95	X-RAY DIFFRACTION	0.275	0.265	False	True	IGHV1	IGKV4	Kappa						sabdab_dataset/8b7h/abangle/8b7h.abangle	sabdab_dataset/8b7h/annotation/8b7h_H_VH.ann	sabdab_dataset/8b7h/annotation/8b7h_L_VL.ann	sabdab_dataset/8b7h/imgt/8b7h_H_H.ann	sabdab_dataset/8b7h/imgt/8b7h_L_L.ann	sabdab_dataset/8b7h/sequence/8b7h_raw.pdb	sabdab_dataset/8b7h/sequence/8b7h_H_VH.fa	sabdab_dataset/8b7h/sequence/8b7h_L_VL.fa	sabdab_dataset/8b7h/structure/8b7h.pdb	sabdab_dataset/8b7h/structure/chothia/8b7h.pdb	True	False	train	2023-12-27	True
8be2	N		0	S	protein		son of sevenless homolog 1	SIGNALING PROTEIN	11/01/23	Crystal structure of SOS1-Nanobody77	Homo sapiens; Lama glama	lama glama		homo sapiens	Fischer, B., Wohlkonig, A., Steyaert, J.	1.89794	X-RAY DIFFRACTION	0.211	0.181	False	True	IGHV1									sabdab_dataset/8be2/annotation/8be2_N_VH.ann		sabdab_dataset/8be2/imgt/8be2_N_H.ann		sabdab_dataset/8be2/sequence/8be2_raw.pdb	sabdab_dataset/8be2/sequence/8be2_N_VH.fa		sabdab_dataset/8be2/structure/8be2.pdb	sabdab_dataset/8be2/structure/chothia/8be2.pdb	True	True	train	2023-11-01	False
8bec	A	a	0	B	protein		spike protein s1	PROTEIN BINDING	11/01/23	Crystal structure of the SARS-CoV-2 S RBD in complex with pT1375 scFV	Homo sapiens; Severe acute respiratory syndrome coronavirus 2	homo sapiens		severe acute respiratory syndrome coronavirus2 	Hansen, G., Ssebyatika, G.L., Krey, T.	1.7	X-RAY DIFFRACTION	0.207	0.185	True	True	unknown	unknown	unknown						sabdab_dataset/8bec/abangle/8bec.abangle	sabdab_dataset/8bec/annotation/8bec_A_VH.ann	sabdab_dataset/8bec/annotation/8bec_A_VL.ann	sabdab_dataset/8bec/imgt/8bec_A_H.ann	sabdab_dataset/8bec/imgt/8bec_A_L.ann	sabdab_dataset/8bec/sequence/8bec_raw.pdb	sabdab_dataset/8bec/sequence/8bec_A_VH.fa	sabdab_dataset/8bec/sequence/8bec_A_VL.fa	sabdab_dataset/8bec/structure/8bec.pdb	sabdab_dataset/8bec/structure/chothia/8bec.pdb	False	False	train	2023-11-01	True
8bg2	A	a	0	B	protein		spike protein s1	PROTEIN BINDING	11/08/23	Crystal structure of the SARS-CoV-2 S RBD in complex with pT1580 scFV	Homo sapiens; Severe acute respiratory syndrome coronavirus 2	homo sapiens		severe acute respiratory syndrome coronavirus2 	Hansen, G., Ssebyatika, G.L., Krey, T.	2.1	X-RAY DIFFRACTION	0.227	0.189	True	True	unknown	unknown	unknown						sabdab_dataset/8bg2/abangle/8bg2.abangle	sabdab_dataset/8bg2/annotation/8bg2_A_VH.ann	sabdab_dataset/8bg2/annotation/8bg2_A_VL.ann	sabdab_dataset/8bg2/imgt/8bg2_A_H.ann	sabdab_dataset/8bg2/imgt/8bg2_A_L.ann	sabdab_dataset/8bg2/sequence/8bg2_raw.pdb	sabdab_dataset/8bg2/sequence/8bg2_A_VH.fa	sabdab_dataset/8bg2/sequence/8bg2_A_VL.fa	sabdab_dataset/8bg2/structure/8bg2.pdb	sabdab_dataset/8bg2/structure/chothia/8bg2.pdb	True	True	train	2023-11-08	True
8bg3	A	a	0	B	protein		spike protein s1	PROTEIN BINDING	11/08/23	Crystal structure of the SARS-CoV-2 S RBD in complex with pT1610 scFV	Homo sapiens; Severe acute respiratory syndrome coronavirus 2	homo sapiens		severe acute respiratory syndrome coronavirus2 	Hansen, G., Ssebyatika, G.L., Krey, T.	1.9	X-RAY DIFFRACTION	0.214	0.185	True	True	unknown	unknown	unknown						sabdab_dataset/8bg3/abangle/8bg3.abangle	sabdab_dataset/8bg3/annotation/8bg3_A_VH.ann	sabdab_dataset/8bg3/annotation/8bg3_A_VL.ann	sabdab_dataset/8bg3/imgt/8bg3_A_H.ann	sabdab_dataset/8bg3/imgt/8bg3_A_L.ann	sabdab_dataset/8bg3/sequence/8bg3_raw.pdb	sabdab_dataset/8bg3/sequence/8bg3_A_VH.fa	sabdab_dataset/8bg3/sequence/8bg3_A_VL.fa	sabdab_dataset/8bg3/structure/8bg3.pdb	sabdab_dataset/8bg3/structure/chothia/8bg3.pdb	True	True	train	2023-11-08	True
8bg4	A	a	0	B	protein		spike protein s1	PROTEIN BINDING	11/08/23	Crystal structure of the SARS-CoV-2 S RBD in complex with pT1611 scFV	Homo sapiens; Severe acute respiratory syndrome coronavirus 2	homo sapiens		severe acute respiratory syndrome coronavirus2 	Hansen, G., Ssebyatika, G.L., Krey, T.	1.6	X-RAY DIFFRACTION	0.208	0.195	True	True	unknown	unknown	unknown						sabdab_dataset/8bg4/abangle/8bg4.abangle	sabdab_dataset/8bg4/annotation/8bg4_A_VH.ann	sabdab_dataset/8bg4/annotation/8bg4_A_VL.ann	sabdab_dataset/8bg4/imgt/8bg4_A_H.ann	sabdab_dataset/8bg4/imgt/8bg4_A_L.ann	sabdab_dataset/8bg4/sequence/8bg4_raw.pdb	sabdab_dataset/8bg4/sequence/8bg4_A_VH.fa	sabdab_dataset/8bg4/sequence/8bg4_A_VL.fa	sabdab_dataset/8bg4/structure/8bg4.pdb	sabdab_dataset/8bg4/structure/chothia/8bg4.pdb	False	False	train	2023-11-08	True
8bg5	A	a	0	B	protein		spike protein s1	PROTEIN BINDING	11/08/23	Crystal structure of the SARS-CoV-2 S RBD in complex with pT1631 scFV	Homo sapiens; Severe acute respiratory syndrome coronavirus 2	homo sapiens		severe acute respiratory syndrome coronavirus2 	Hansen, G., Ssebyatika, G.L., Krey, T.	2.05	X-RAY DIFFRACTION	0.217	0.196	True	True	unknown	unknown	unknown						sabdab_dataset/8bg5/abangle/8bg5.abangle	sabdab_dataset/8bg5/annotation/8bg5_A_VH.ann	sabdab_dataset/8bg5/annotation/8bg5_A_VL.ann	sabdab_dataset/8bg5/imgt/8bg5_A_H.ann	sabdab_dataset/8bg5/imgt/8bg5_A_L.ann	sabdab_dataset/8bg5/sequence/8bg5_raw.pdb	sabdab_dataset/8bg5/sequence/8bg5_A_VH.fa	sabdab_dataset/8bg5/sequence/8bg5_A_VL.fa	sabdab_dataset/8bg5/structure/8bg5.pdb	sabdab_dataset/8bg5/structure/chothia/8bg5.pdb	True	True	train	2023-11-08	True
8bk2	D	E	0	B	protein		factor h-binding protein	PROTEIN BINDING	11/22/23	X-ray structure of meningococcal factor H binding protein variant 2 in complex with a specific and bactericidal human monoclonal antibody 1B1	Homo sapiens; Neisseria meningitidis serogroup B	homo sapiens	homo sapiens	neisseria meningitidis serogroup b	Veggi, D., Bottomley, J.M.	2.41	X-RAY DIFFRACTION	0.27	0.204	False	True	IGHV3	IGKV3	Kappa						sabdab_dataset/8bk2/abangle/8bk2.abangle	sabdab_dataset/8bk2/annotation/8bk2_D_VH.ann	sabdab_dataset/8bk2/annotation/8bk2_E_VL.ann	sabdab_dataset/8bk2/imgt/8bk2_D_H.ann	sabdab_dataset/8bk2/imgt/8bk2_E_L.ann	sabdab_dataset/8bk2/sequence/8bk2_raw.pdb	sabdab_dataset/8bk2/sequence/8bk2_D_VH.fa	sabdab_dataset/8bk2/sequence/8bk2_E_VL.fa	sabdab_dataset/8bk2/structure/8bk2.pdb	sabdab_dataset/8bk2/structure/chothia/8bk2.pdb	True	False	train	2023-11-22	True
8byu	H	L	0	A	protein		adp-ribosyl cyclase/cyclic adp-ribose hydrolase 1	ANTITUMOR PROTEIN	07/12/23	Crystal Structure of HexaBody-CD38 Fab in complex with CD38	Homo sapiens	homo sapiens	homo sapiens	homo sapiens	Freier, R., Krapp, S., Hibbert, R.G.	1.85	X-RAY DIFFRACTION	0.23	0.188	False	True	IGHV1	IGKV1	Kappa						sabdab_dataset/8byu/abangle/8byu.abangle	sabdab_dataset/8byu/annotation/8byu_H_VH.ann	sabdab_dataset/8byu/annotation/8byu_L_VL.ann	sabdab_dataset/8byu/imgt/8byu_H_H.ann	sabdab_dataset/8byu/imgt/8byu_L_L.ann	sabdab_dataset/8byu/sequence/8byu_raw.pdb	sabdab_dataset/8byu/sequence/8byu_H_VH.fa	sabdab_dataset/8byu/sequence/8byu_L_VL.fa	sabdab_dataset/8byu/structure/8byu.pdb	sabdab_dataset/8byu/structure/chothia/8byu.pdb	True	False	validation	2023-07-12	True
8c3k	B		0	A	protein		phage repressor protein ci	DNA BINDING PROTEIN	01/10/24	PaaR2 N-terminal domin in complex with nanobody 33	Escherichia coli O157:H7; Lama glama	lama glama		escherichia coli o157	Loris, R., Prolic-Kalinsek, M.	1.74972	X-RAY DIFFRACTION	0.233	0.203	False	True	IGHV1									sabdab_dataset/8c3k/annotation/8c3k_B_VH.ann		sabdab_dataset/8c3k/imgt/8c3k_B_H.ann		sabdab_dataset/8c3k/sequence/8c3k_raw.pdb	sabdab_dataset/8c3k/sequence/8c3k_B_VH.fa		sabdab_dataset/8c3k/structure/8c3k.pdb	sabdab_dataset/8c3k/structure/chothia/8c3k.pdb	True	True	train	2024-01-10	False
8c5h	N		0	S	protein		synaptotagmin-1	METAL BINDING PROTEIN	08/02/23	NbSyt1 anti-(rat Synaptotagmin-1) nanobody bound to target cytosolic domain of Synaptotagmin-1	Rattus norvegicus; Vicugna pacos	vicugna pacos		rattus norvegicus	Martinez-Carranza, M., Stenmark, P.	1.68	X-RAY DIFFRACTION	0.222	0.209	False	True	IGHV3									sabdab_dataset/8c5h/annotation/8c5h_N_VH.ann		sabdab_dataset/8c5h/imgt/8c5h_N_H.ann		sabdab_dataset/8c5h/sequence/8c5h_raw.pdb	sabdab_dataset/8c5h/sequence/8c5h_N_VH.fa		sabdab_dataset/8c5h/structure/8c5h.pdb	sabdab_dataset/8c5h/structure/chothia/8c5h.pdb	True	True	train	2023-08-02	False
8cbf	A	B	0	E	protein		spike protein s1	VIRAL PROTEIN	02/07/24	SARS-CoV-2 Delta-RBD complexed with Omi-42 and Beta-49 Fabs	Homo sapiens; Severe acute respiratory syndrome coronavirus 2	homo sapiens	homo sapiens	severe acute respiratory syndrome coronavirus2 	Zhou, D., Ren, J., Stuart, D.I.	2.33	X-RAY DIFFRACTION	0.255	0.215	False	True	IGHV1	IGKV3	Kappa						sabdab_dataset/8cbf/abangle/8cbf.abangle	sabdab_dataset/8cbf/annotation/8cbf_A_VH.ann	sabdab_dataset/8cbf/annotation/8cbf_B_VL.ann	sabdab_dataset/8cbf/imgt/8cbf_A_H.ann	sabdab_dataset/8cbf/imgt/8cbf_B_L.ann	sabdab_dataset/8cbf/sequence/8cbf_raw.pdb	sabdab_dataset/8cbf/sequence/8cbf_A_VH.fa	sabdab_dataset/8cbf/sequence/8cbf_B_VL.fa	sabdab_dataset/8cbf/structure/8cbf.pdb	sabdab_dataset/8cbf/structure/chothia/8cbf.pdb	False	False	validation	2024-02-07	True
8d9y	B	A	0	I	protein		long neurotoxin 1	IMMUNE SYSTEM,ANTITOXIN/TOXIN	06/14/23	Crystal structure of Taipan alpha-neurotoxin in complex with Centi-3FTX-D09 antibody	Homo sapiens; Oxyuranus scutellatus scutellatus	homo sapiens	homo sapiens	oxyuranus scutellatus scutellatus	Pletnev, S., Verardi, R., Tully, E.S., Glanville, J., Kwong, P.D.	2.2	X-RAY DIFFRACTION	0.262	0.209	False	True	IGHV3	IGKV1	Kappa						sabdab_dataset/8d9y/abangle/8d9y.abangle	sabdab_dataset/8d9y/annotation/8d9y_B_VH.ann	sabdab_dataset/8d9y/annotation/8d9y_A_VL.ann	sabdab_dataset/8d9y/imgt/8d9y_B_H.ann	sabdab_dataset/8d9y/imgt/8d9y_A_L.ann	sabdab_dataset/8d9y/sequence/8d9y_raw.pdb	sabdab_dataset/8d9y/sequence/8d9y_B_VH.fa	sabdab_dataset/8d9y/sequence/8d9y_A_VL.fa	sabdab_dataset/8d9y/structure/8d9y.pdb	sabdab_dataset/8d9y/structure/chothia/8d9y.pdb	True	False	train	2023-06-14	True
8d9z	B	A	0	D	protein		long neurotoxin 1	IMMUNE SYSTEM,ANTITOXIN/TOXIN	06/14/23	Crystal structure of Cobra alpha-neurotoxin in complex with Centi-3FTX-D09 antibody	Homo sapiens; Naja nivea	homo sapiens	homo sapiens	naja nivea	Pletnev, S., Verardi, R., Tully, E.S., Glanville, J., Kwong, P.D.	1.8	X-RAY DIFFRACTION	0.198	0.165	False	True	IGHV3	IGKV1	Kappa						sabdab_dataset/8d9z/abangle/8d9z.abangle	sabdab_dataset/8d9z/annotation/8d9z_B_VH.ann	sabdab_dataset/8d9z/annotation/8d9z_A_VL.ann	sabdab_dataset/8d9z/imgt/8d9z_B_H.ann	sabdab_dataset/8d9z/imgt/8d9z_A_L.ann	sabdab_dataset/8d9z/sequence/8d9z_raw.pdb	sabdab_dataset/8d9z/sequence/8d9z_B_VH.fa	sabdab_dataset/8d9z/sequence/8d9z_A_VL.fa	sabdab_dataset/8d9z/structure/8d9z.pdb	sabdab_dataset/8d9z/structure/chothia/8d9z.pdb	False	False	train	2023-06-14	True
8da0	B	A	0	E	protein		alpha-elapitoxin-dpp2d	IMMUNE SYSTEM,ANTITOXIN/TOXIN	06/14/23	Crystal structure of Mamba alpha-neurotoxin in complex with Centi-3FTX-D09 antibody	Dendroaspis polylepis polylepis; Homo sapiens	homo sapiens	homo sapiens	dendroaspis polylepis polylepis	Pletnev, S., Verardi, R., Tully, E.S., Glanville, J., Kwong, P.D.	2.2	X-RAY DIFFRACTION	0.249	0.196	False	True	IGHV3	IGKV1	Kappa						sabdab_dataset/8da0/abangle/8da0.abangle	sabdab_dataset/8da0/annotation/8da0_B_VH.ann	sabdab_dataset/8da0/annotation/8da0_A_VL.ann	sabdab_dataset/8da0/imgt/8da0_B_H.ann	sabdab_dataset/8da0/imgt/8da0_A_L.ann	sabdab_dataset/8da0/sequence/8da0_raw.pdb	sabdab_dataset/8da0/sequence/8da0_B_VH.fa	sabdab_dataset/8da0/sequence/8da0_A_VL.fa	sabdab_dataset/8da0/structure/8da0.pdb	sabdab_dataset/8da0/structure/chothia/8da0.pdb	False	False	test	2023-06-14	True
8ee2	C		0	A	protein		cftr inhibitory factor	IMMUNE SYSTEM	09/13/23	Crystal Structure of Nanobody VHH219 Bound to Its Antigen PA14 Cif	Pseudomonas aeruginosa PA14; Vicugna pacos	vicugna pacos		pseudomonas aeruginosa pa14	Simard, A.R., Madden, D.R.	2.4	X-RAY DIFFRACTION	0.227	0.195	False	True	IGHV1									sabdab_dataset/8ee2/annotation/8ee2_C_VH.ann		sabdab_dataset/8ee2/imgt/8ee2_C_H.ann		sabdab_dataset/8ee2/sequence/8ee2_raw.pdb	sabdab_dataset/8ee2/sequence/8ee2_C_VH.fa		sabdab_dataset/8ee2/structure/8ee2.pdb	sabdab_dataset/8ee2/structure/chothia/8ee2.pdb	True	True	train	2023-09-13	False
8eln	C		0	A	protein		cftr inhibitory factor	IMMUNE SYSTEM	10/18/23	Crystal Structure of Nanobody VHH222 Bound to Its Antigen PA14 Cif	Pseudomonas aeruginosa PA14; Vicugna pacos	vicugna pacos		pseudomonas aeruginosa pa14	Simard, A.R., Madden, D.R.	2.4	X-RAY DIFFRACTION	0.229	0.197	False	True	IGHV1									sabdab_dataset/8eln/annotation/8eln_C_VH.ann		sabdab_dataset/8eln/imgt/8eln_C_H.ann		sabdab_dataset/8eln/sequence/8eln_raw.pdb	sabdab_dataset/8eln/sequence/8eln_C_VH.fa		sabdab_dataset/8eln/structure/8eln.pdb	sabdab_dataset/8eln/structure/chothia/8eln.pdb	True	True	train	2023-10-18	False
8elq	B		0	A	protein		spike protein s1	VIRAL PROTEIN/IMMUNE SYSTEM	07/05/23	Crystal structure of SARS-CoV-2 spike protein receptor-binding domain in complex with antibody CC12.1 Fab and nanobody Nb-C4-255	Homo sapiens; Severe acute respiratory syndrome coronavirus 2; synthetic construct	synthetic construct		severe acute respiratory syndrome coronavirus2 	Liu, H., Wilson, I.A.	2.21	X-RAY DIFFRACTION	0.285	0.234	False	True	IGHV3								sabdab_dataset/8elq/abangle/8elq.abangle	sabdab_dataset/8elq/annotation/8elq_B_VH.ann		sabdab_dataset/8elq/imgt/8elq_B_H.ann		sabdab_dataset/8elq/sequence/8elq_raw.pdb	sabdab_dataset/8elq/sequence/8elq_B_VH.fa		sabdab_dataset/8elq/structure/8elq.pdb	sabdab_dataset/8elq/structure/chothia/8elq.pdb	False	False	train	2023-07-05	False
8et0	C		0	A	protein		prostaglandin g/h synthase 2	MEMBRANE PROTEIN	10/18/23	Crystal Complex of murine Cyclooxygenase-2 with alpaca nanobody F9	Mus musculus; Vicugna pacos	vicugna pacos		mus musculus	Xu, S., Banerjee, S., Uddin, M.J., Goodman, M.C., Marnett, L.J.	2.15	X-RAY DIFFRACTION	0.214	0.181	False	True	IGHV1									sabdab_dataset/8et0/annotation/8et0_C_VH.ann		sabdab_dataset/8et0/imgt/8et0_C_H.ann		sabdab_dataset/8et0/sequence/8et0_raw.pdb	sabdab_dataset/8et0/sequence/8et0_C_VH.fa		sabdab_dataset/8et0/structure/8et0.pdb	sabdab_dataset/8et0/structure/chothia/8et0.pdb	True	True	train	2023-10-18	False
8evd	A		0	C	protein		cftr inhibitory factor	IMMUNE SYSTEM	03/13/24	Crystal Structure of Nanobody VHH101 Bound to Its Antigen PA14 Cif	Pseudomonas aeruginosa PA14; Vicugna pacos	vicugna pacos		pseudomonas aeruginosa pa14	Simard, A.R., Taher, N.M., Beauchemin, K.S., Madden, D.R.	2.0	X-RAY DIFFRACTION	0.206	0.184	False	True	IGHV1									sabdab_dataset/8evd/annotation/8evd_A_VH.ann		sabdab_dataset/8evd/imgt/8evd_A_H.ann		sabdab_dataset/8evd/sequence/8evd_raw.pdb	sabdab_dataset/8evd/sequence/8evd_A_VH.fa		sabdab_dataset/8evd/structure/8evd.pdb	sabdab_dataset/8evd/structure/chothia/8evd.pdb	True	True	test	2024-03-13	False
8ezk	H	h	0	A	protein		25 kda ookinete surface antigen	IMMUNE SYSTEM	08/16/23	Pfs25 in complex with transmission-reducing antibody AS01-04	Homo sapiens; Plasmodium falciparum (isolate NF54)	homo sapiens		plasmodium falciparum (isolate nf54)	Shukla, N., Tang, W.K., Tolia, N.H.	2.3	X-RAY DIFFRACTION	0.26	0.229	True	True	unknown	unknown	unknown						sabdab_dataset/8ezk/abangle/8ezk.abangle	sabdab_dataset/8ezk/annotation/8ezk_H_VH.ann	sabdab_dataset/8ezk/annotation/8ezk_H_VL.ann	sabdab_dataset/8ezk/imgt/8ezk_H_H.ann	sabdab_dataset/8ezk/imgt/8ezk_H_L.ann	sabdab_dataset/8ezk/sequence/8ezk_raw.pdb	sabdab_dataset/8ezk/sequence/8ezk_H_VH.fa	sabdab_dataset/8ezk/sequence/8ezk_H_VL.fa	sabdab_dataset/8ezk/structure/8ezk.pdb	sabdab_dataset/8ezk/structure/chothia/8ezk.pdb	True	True	train	2023-08-16	True
8ezl	H	h	0	A	protein		25 kda ookinete surface antigen	IMMUNE SYSTEM	08/16/23	Pfs25 in complex with transmission-reducing antibody AS01-50	Plasmodium falciparum NF54	plasmodium falciparum nf54		plasmodium falciparum nf54	Shukla, N., Tang, W.K., Tolia, N.H.	2.3	X-RAY DIFFRACTION	0.255	0.216	True	True	unknown	unknown	unknown						sabdab_dataset/8ezl/abangle/8ezl.abangle	sabdab_dataset/8ezl/annotation/8ezl_H_VH.ann	sabdab_dataset/8ezl/annotation/8ezl_H_VL.ann	sabdab_dataset/8ezl/imgt/8ezl_H_H.ann	sabdab_dataset/8ezl/imgt/8ezl_H_L.ann	sabdab_dataset/8ezl/sequence/8ezl_raw.pdb	sabdab_dataset/8ezl/sequence/8ezl_H_VH.fa	sabdab_dataset/8ezl/sequence/8ezl_H_VL.fa	sabdab_dataset/8ezl/structure/8ezl.pdb	sabdab_dataset/8ezl/structure/chothia/8ezl.pdb	True	True	validation	2023-08-16	True
8ezm	H	h	0	A	protein		25 kda ookinete surface antigen	IMMUNE SYSTEM	08/16/23	Pfs25 in complex with transmission-reducing antibody AS01-63	Homo sapiens; Plasmodium falciparum	homo sapiens		plasmodium falciparum	Shukla, N., Tang, W.K., Tolia, N.H.	2.1	X-RAY DIFFRACTION	0.237	0.205	True	True	unknown	unknown	unknown						sabdab_dataset/8ezm/abangle/8ezm.abangle	sabdab_dataset/8ezm/annotation/8ezm_H_VH.ann	sabdab_dataset/8ezm/annotation/8ezm_H_VL.ann	sabdab_dataset/8ezm/imgt/8ezm_H_H.ann	sabdab_dataset/8ezm/imgt/8ezm_H_L.ann	sabdab_dataset/8ezm/sequence/8ezm_raw.pdb	sabdab_dataset/8ezm/sequence/8ezm_H_VH.fa	sabdab_dataset/8ezm/sequence/8ezm_H_VL.fa	sabdab_dataset/8ezm/structure/8ezm.pdb	sabdab_dataset/8ezm/structure/chothia/8ezm.pdb	True	True	train	2023-08-16	True
8f5i	H	L	0	B	protein		specialized acyl carrier protein	IMMUNE SYSTEM	10/11/23	SARS-CoV-2 S2 helix epitope scaffold bound by antibody DH1057.1	Homo sapiens; Rhodopseudomonas palustris	homo sapiens	homo sapiens	rhodopseudomonas palustris	Kapingidza, A.B., Wrapp, D., Winters, K., Azoitei, M.L.	1.9	X-RAY DIFFRACTION	0.245	0.211	False	True	IGHV1	IGKV3	Kappa						sabdab_dataset/8f5i/abangle/8f5i.abangle	sabdab_dataset/8f5i/annotation/8f5i_H_VH.ann	sabdab_dataset/8f5i/annotation/8f5i_L_VL.ann	sabdab_dataset/8f5i/imgt/8f5i_H_H.ann	sabdab_dataset/8f5i/imgt/8f5i_L_L.ann	sabdab_dataset/8f5i/sequence/8f5i_raw.pdb	sabdab_dataset/8f5i/sequence/8f5i_H_VH.fa	sabdab_dataset/8f5i/sequence/8f5i_L_VL.fa	sabdab_dataset/8f5i/structure/8f5i.pdb	sabdab_dataset/8f5i/structure/chothia/8f5i.pdb	True	False	train	2023-10-11	True
8f6u	A		0	C	protein		cftr inhibitory factor	IMMUNE SYSTEM	03/13/24	Crystal Structure of Nanobody VHH113 Bound to Its Antigen PA14 Cif	Pseudomonas aeruginosa PA14; Vicugna pacos	vicugna pacos		pseudomonas aeruginosa pa14	Simard, A.R., Taher, N.M., Mishra, A.K., Madden, D.R.	1.7	X-RAY DIFFRACTION	0.199	0.176	False	True	IGHV1									sabdab_dataset/8f6u/annotation/8f6u_A_VH.ann		sabdab_dataset/8f6u/imgt/8f6u_A_H.ann		sabdab_dataset/8f6u/sequence/8f6u_raw.pdb	sabdab_dataset/8f6u/sequence/8f6u_A_VH.fa		sabdab_dataset/8f6u/structure/8f6u.pdb	sabdab_dataset/8f6u/structure/chothia/8f6u.pdb	True	True	test	2024-03-13	False
8f6v	A		0	C	protein		cftr inhibitory factor	IMMUNE SYSTEM	03/13/24	Crystal Structure of Nanobody VHH108 Bound to Its Antigen PA14 Cif	Pseudomonas aeruginosa PA14; Vicugna pacos	vicugna pacos		pseudomonas aeruginosa pa14	Simard, A.R., Madden, D.R.	2.3	X-RAY DIFFRACTION	0.21	0.181	False	True	IGHV1									sabdab_dataset/8f6v/annotation/8f6v_A_VH.ann		sabdab_dataset/8f6v/imgt/8f6v_A_H.ann		sabdab_dataset/8f6v/sequence/8f6v_raw.pdb	sabdab_dataset/8f6v/sequence/8f6v_A_VH.fa		sabdab_dataset/8f6v/structure/8f6v.pdb	sabdab_dataset/8f6v/structure/chothia/8f6v.pdb	True	True	test	2024-03-13	False
8fdo	A	B	0	C	protein		fp15	IMMUNE SYSTEM	10/11/23	SARS-CoV-2 fusion peptide epitope scaffold FP15 bound to DH1058	Escherichia coli; Homo sapiens	homo sapiens	homo sapiens	escherichia coli	Kapingidza, A.B., Marston, D.J., Wrapp, D., Winters, K., Azoitei, M.L.	2.2	X-RAY DIFFRACTION	0.229	0.189	False	True	IGHV3	IGKV1	Kappa						sabdab_dataset/8fdo/abangle/8fdo.abangle	sabdab_dataset/8fdo/annotation/8fdo_A_VH.ann	sabdab_dataset/8fdo/annotation/8fdo_B_VL.ann	sabdab_dataset/8fdo/imgt/8fdo_A_H.ann	sabdab_dataset/8fdo/imgt/8fdo_B_L.ann	sabdab_dataset/8fdo/sequence/8fdo_raw.pdb	sabdab_dataset/8fdo/sequence/8fdo_A_VH.fa	sabdab_dataset/8fdo/sequence/8fdo_B_VL.fa	sabdab_dataset/8fdo/structure/8fdo.pdb	sabdab_dataset/8fdo/structure/chothia/8fdo.pdb	True	False	test	2023-10-11	True
8fxv	B		0	A	protein		transforming growth factor beta-2 proprotein	CYTOKINE	06/21/23	Crystal structure of human proTGF-beta2 in complex with Nb18	Homo sapiens; synthetic construct	synthetic construct		homo sapiens	Le, V.Q., Springer, T.A.	2.2	X-RAY DIFFRACTION	0.249	0.227	False	True	IGHV1									sabdab_dataset/8fxv/annotation/8fxv_B_VH.ann		sabdab_dataset/8fxv/imgt/8fxv_B_H.ann		sabdab_dataset/8fxv/sequence/8fxv_raw.pdb	sabdab_dataset/8fxv/sequence/8fxv_B_VH.fa		sabdab_dataset/8fxv/structure/8fxv.pdb	sabdab_dataset/8fxv/structure/chothia/8fxv.pdb	True	True	train	2023-06-21	False
8g0i	D		0	A	protein		green fluorescent protein	IMMUNE SYSTEM	03/20/24	High Affinity nanobodies against GFP	Aequorea victoria; Lama glama	lama glama		aequorea victoria	Ketaren, N.E., Rout, M.P., Almo, S.	2.2	X-RAY DIFFRACTION	0.241	0.181	False	True	IGHV1									sabdab_dataset/8g0i/annotation/8g0i_D_VH.ann		sabdab_dataset/8g0i/imgt/8g0i_D_H.ann		sabdab_dataset/8g0i/sequence/8g0i_raw.pdb	sabdab_dataset/8g0i/sequence/8g0i_D_VH.fa		sabdab_dataset/8g0i/structure/8g0i.pdb	sabdab_dataset/8g0i/structure/chothia/8g0i.pdb	True	True	train	2024-03-20	False
8g4p	A	B	0	E	protein		ara h 2 allergen	ALLERGEN	12/20/23	Crystal structure of the peanut allergen Ara h 2 bound by two neutralizing antibodies 13T1 and 13T5	Arachis hypogaea; Homo sapiens	homo sapiens	homo sapiens	arachis hypogaea	Pedersen, L.C., Mueller, G.A., Min, J.	2.25	X-RAY DIFFRACTION	0.218	0.189	False	True	IGHV4	IGKV1	Kappa						sabdab_dataset/8g4p/abangle/8g4p.abangle	sabdab_dataset/8g4p/annotation/8g4p_A_VH.ann	sabdab_dataset/8g4p/annotation/8g4p_B_VL.ann	sabdab_dataset/8g4p/imgt/8g4p_A_H.ann	sabdab_dataset/8g4p/imgt/8g4p_B_L.ann	sabdab_dataset/8g4p/sequence/8g4p_raw.pdb	sabdab_dataset/8g4p/sequence/8g4p_A_VH.fa	sabdab_dataset/8g4p/sequence/8g4p_B_VL.fa	sabdab_dataset/8g4p/structure/8g4p.pdb	sabdab_dataset/8g4p/structure/chothia/8g4p.pdb	True	False	test	2023-12-20	True
8gjr	A		0	C	protein		cftr inhibitory factor	IMMUNE SYSTEM	06/26/24	Crystal Structure of Nanobody VHH114 Bound to Its Antigen PA14 Cif	Pseudomonas aeruginosa PA14; Vicugna pacos	vicugna pacos		pseudomonas aeruginosa pa14	Simard, A.R., Madden, D.R.	1.85	X-RAY DIFFRACTION	0.192	0.17	False	True	IGHV1									sabdab_dataset/8gjr/annotation/8gjr_A_VH.ann		sabdab_dataset/8gjr/imgt/8gjr_A_H.ann		sabdab_dataset/8gjr/sequence/8gjr_raw.pdb	sabdab_dataset/8gjr/sequence/8gjr_A_VH.fa		sabdab_dataset/8gjr/structure/8gjr.pdb	sabdab_dataset/8gjr/structure/chothia/8gjr.pdb	True	True	train	2024-06-26	False
8gy5	A	B	0	Q	protein		programmed cell death protein 1	IMMUNE SYSTEM	10/04/23	High-resolution structure of the cemiplimab Fab in complex with PD-1	Homo sapiens	homo sapiens	homo sapiens	homo sapiens	Heo, Y.-S., Jeong, T.J.	1.98	X-RAY DIFFRACTION	0.236	0.187	False	True	IGHV3	IGKV1	Kappa						sabdab_dataset/8gy5/abangle/8gy5.abangle	sabdab_dataset/8gy5/annotation/8gy5_A_VH.ann	sabdab_dataset/8gy5/annotation/8gy5_B_VL.ann	sabdab_dataset/8gy5/imgt/8gy5_A_H.ann	sabdab_dataset/8gy5/imgt/8gy5_B_L.ann	sabdab_dataset/8gy5/sequence/8gy5_raw.pdb	sabdab_dataset/8gy5/sequence/8gy5_A_VH.fa	sabdab_dataset/8gy5/sequence/8gy5_B_VL.fa	sabdab_dataset/8gy5/structure/8gy5.pdb	sabdab_dataset/8gy5/structure/chothia/8gy5.pdb	True	False	train	2023-10-04	True
8gye	E	F	0	A	protein		tumor necrosis factor receptor superfamily member 9	IMMUNE SYSTEM	09/27/23	Crystal Structure of the 4-1BB in complex with ZG033 Fab	Homo sapiens	homo sapiens	homo sapiens	homo sapiens	Zhu, M., Cheng, L.S., Gao, Y.	2.3	X-RAY DIFFRACTION	0.277	0.222	False	True	IGHV2	IGKV10	Kappa						sabdab_dataset/8gye/abangle/8gye.abangle	sabdab_dataset/8gye/annotation/8gye_E_VH.ann	sabdab_dataset/8gye/annotation/8gye_F_VL.ann	sabdab_dataset/8gye/imgt/8gye_E_H.ann	sabdab_dataset/8gye/imgt/8gye_F_L.ann	sabdab_dataset/8gye/sequence/8gye_raw.pdb	sabdab_dataset/8gye/sequence/8gye_E_VH.fa	sabdab_dataset/8gye/sequence/8gye_F_VL.fa	sabdab_dataset/8gye/structure/8gye.pdb	sabdab_dataset/8gye/structure/chothia/8gye.pdb	True	False	train	2023-09-27	True
8h5t	B		0	A	protein		spike protein s1	VIRAL PROTEIN	10/18/23	Crystal structure of SARS-CoV-2 spike receptor-binding domain in complex with neutralizing nanobody Nb-015	Severe acute respiratory syndrome coronavirus 2; Vicugna pacos	vicugna pacos		severe acute respiratory syndrome coronavirus2 	Yang, J., Lin, S., Lu, G.W.	2.0	X-RAY DIFFRACTION	0.205	0.171	False	True	IGHV1									sabdab_dataset/8h5t/annotation/8h5t_B_VH.ann		sabdab_dataset/8h5t/imgt/8h5t_B_H.ann		sabdab_dataset/8h5t/sequence/8h5t_raw.pdb	sabdab_dataset/8h5t/sequence/8h5t_B_VH.fa		sabdab_dataset/8h5t/structure/8h5t.pdb	sabdab_dataset/8h5t/structure/chothia/8h5t.pdb	True	True	train	2023-10-18	False
8h5u	B		0	A	protein		spike protein s1	VIRAL PROTEIN	10/18/23	Crystal structure of SARS-CoV-2 spike receptor-binding domain in complex with neutralizing nanobody Nb-021	Severe acute respiratory syndrome coronavirus 2; Vicugna pacos	vicugna pacos		severe acute respiratory syndrome coronavirus2 	Yang, J., Lin, S., Lu, G.W.	2.401	X-RAY DIFFRACTION	0.245	0.225	False	True	IGHV1									sabdab_dataset/8h5u/annotation/8h5u_B_VH.ann		sabdab_dataset/8h5u/imgt/8h5u_B_H.ann		sabdab_dataset/8h5u/sequence/8h5u_raw.pdb	sabdab_dataset/8h5u/sequence/8h5u_B_VH.fa		sabdab_dataset/8h5u/structure/8h5u.pdb	sabdab_dataset/8h5u/structure/chothia/8h5u.pdb	True	True	train	2023-10-18	False
8h63	B		0	A	protein		internalin a	CELL INVASION/IMMUNE SYSTEM	10/04/23	Crystal structure of Internalin A from Listeria monocytogenes with nanobody VHH10 bound	Lama glama; Listeria monocytogenes serovar 1/2a	lama glama		listeria monocytogenes serovar 1/2a	Caaveiro, J.M.M., Nagatoish, S., Tsumoto, K.	1.53	X-RAY DIFFRACTION	0.19	0.161	False	True	IGHV1									sabdab_dataset/8h63/annotation/8h63_B_VH.ann		sabdab_dataset/8h63/imgt/8h63_B_H.ann		sabdab_dataset/8h63/sequence/8h63_raw.pdb	sabdab_dataset/8h63/sequence/8h63_B_VH.fa		sabdab_dataset/8h63/structure/8h63.pdb	sabdab_dataset/8h63/structure/chothia/8h63.pdb	True	True	train	2023-10-04	False
8h64	B		0	A	protein		internalin a	CELL INVASION/IMMUNE SYSTEM	10/04/23	Crystal structure of Internalin A from Listeria monocytogenes with nanobody VHH24 bound	Lama glama; Listeria monocytogenes serovar 1/2a	lama glama		listeria monocytogenes serovar 1/2a	Caaveiro, J.M.M., Nagatoish, S., Tsumoto, K.	2.35	X-RAY DIFFRACTION	0.227	0.188	False	True	IGHV1									sabdab_dataset/8h64/annotation/8h64_B_VH.ann		sabdab_dataset/8h64/imgt/8h64_B_H.ann		sabdab_dataset/8h64/sequence/8h64_raw.pdb	sabdab_dataset/8h64/sequence/8h64_B_VH.fa		sabdab_dataset/8h64/structure/8h64.pdb	sabdab_dataset/8h64/structure/chothia/8h64.pdb	True	True	train	2023-10-04	False
8hes	H	L	0	C	protein		spike protein s1	VIRAL PROTEIN/IMMUNE SYSTEM	11/08/23	Crystal structure of SARS-CoV-2 RBD and NIV-10 complex	Homo sapiens; Severe acute respiratory syndrome coronavirus 2	homo sapiens	homo sapiens	severe acute respiratory syndrome coronavirus2 	Moriyama, S., Anraku, Y., Taminishi, S., Adachi, Y., Kuroda, D., Higuchi, Y., Kotaki, R., Tonouchi, K., Yumoto, K., Suzuki, T., Kita, S., Someya, T., Fukuhara, H., Kuroda, Y., Yamamoto, T., Onodera, T., Fukushi, S., Maeda, K., Nakamura-Uchiyama, F., Hashiguchi, T., Hoshino, A., Maenaka, K., Takahashi, Y.	2.2	X-RAY DIFFRACTION	0.241	0.196	False	True	IGHV3	IGLV2	Lambda						sabdab_dataset/8hes/abangle/8hes.abangle	sabdab_dataset/8hes/annotation/8hes_H_VH.ann	sabdab_dataset/8hes/annotation/8hes_L_VL.ann	sabdab_dataset/8hes/imgt/8hes_H_H.ann	sabdab_dataset/8hes/imgt/8hes_L_L.ann	sabdab_dataset/8hes/sequence/8hes_raw.pdb	sabdab_dataset/8hes/sequence/8hes_H_VH.fa	sabdab_dataset/8hes/sequence/8hes_L_VL.fa	sabdab_dataset/8hes/structure/8hes.pdb	sabdab_dataset/8hes/structure/chothia/8hes.pdb	True	False	train	2023-11-08	True
8hgi	C		0	A	protein		gfp	FLUORESCENT PROTEIN	09/27/23	Crystal structure of VNAR aGFP14 in complex with GFP	Chiloscyllium plagiosum; synthetic construct	chiloscyllium plagiosum		synthetic construct	Zheng, P., Zhu, C., Jin, T.	1.95	X-RAY DIFFRACTION	0.242	0.186	False	True	unknown	unknown	unknown							sabdab_dataset/8hgi/annotation/8hgi_C_VH.ann				sabdab_dataset/8hgi/sequence/8hgi_raw.pdb	sabdab_dataset/8hgi/sequence/8hgi_C_VH.fa		sabdab_dataset/8hgi/structure/8hgi.pdb	sabdab_dataset/8hgi/structure/chothia/8hgi.pdb	True	True	train	2023-09-27	False
8hr2	B		0	A	protein		spike protein s1	STRUCTURAL PROTEIN/IMMUNE SYSTEM	08/16/23	Ternary Crystal Complex Structure of RBD with NB1B5 and NB1C6	Severe acute respiratory syndrome coronavirus 2; Vicugna pacos	vicugna pacos		severe acute respiratory syndrome coronavirus2 	Sun, Z.	1.94	X-RAY DIFFRACTION	0.222	0.191	False	True	IGHV1									sabdab_dataset/8hr2/annotation/8hr2_B_VH.ann		sabdab_dataset/8hr2/imgt/8hr2_B_H.ann		sabdab_dataset/8hr2/sequence/8hr2_raw.pdb	sabdab_dataset/8hr2/sequence/8hr2_B_VH.fa		sabdab_dataset/8hr2/structure/8hr2.pdb	sabdab_dataset/8hr2/structure/chothia/8hr2.pdb	True	True	train	2023-08-16	False
8idi	A		0	D	protein		spike protein s1	VIRAL PROTEIN	02/28/24	Crystal structure of nanobody VHH-T71 with MERS-CoV RBD	Camelus dromedarius; Middle East respiratory syndrome-related coronavirus	camelus dromedarius		middle east respiratory syndrome-relatedcoronavirus 	Wang, X., Tian, L.	1.901	X-RAY DIFFRACTION	0.207	0.173	False	True	unknown	unknown	unknown							sabdab_dataset/8idi/annotation/8idi_A_VH.ann				sabdab_dataset/8idi/sequence/8idi_raw.pdb	sabdab_dataset/8idi/sequence/8idi_A_VH.fa		sabdab_dataset/8idi/structure/8idi.pdb	sabdab_dataset/8idi/structure/chothia/8idi.pdb	True	True	train	2024-02-28	False
8ido	C		0	A	protein		spike protein s1	VIRAL PROTEIN	02/28/24	Crystal structure of nanobody VHH-T148 with MERS-CoV RBD	Camelus dromedarius; Middle East respiratory syndrome-related coronavirus	camelus dromedarius		middle east respiratory syndrome-relatedcoronavirus 	Wang, X., Tian, L.	2.5	X-RAY DIFFRACTION	0.262	0.22	False	True	unknown	unknown	unknown							sabdab_dataset/8ido/annotation/8ido_C_VH.ann				sabdab_dataset/8ido/sequence/8ido_raw.pdb	sabdab_dataset/8ido/sequence/8ido_C_VH.fa		sabdab_dataset/8ido/structure/8ido.pdb	sabdab_dataset/8ido/structure/chothia/8ido.pdb	True	True	validation	2024-02-28	False
8im0	B		0	A	protein		mcherry fluorescent protein	FLUORESCENT PROTEIN/IMMUNE SYSTEM	06/21/23	mCherry-LaM8 complex	Anaplasma marginale; Camelus bactrianus	camelus bactrianus		anaplasma marginale	Liang, H., Liu, R., Ding, Y.	1.31	X-RAY DIFFRACTION	0.19	0.178	False	True	IGHV1									sabdab_dataset/8im0/annotation/8im0_B_VH.ann		sabdab_dataset/8im0/imgt/8im0_B_H.ann		sabdab_dataset/8im0/sequence/8im0_raw.pdb	sabdab_dataset/8im0/sequence/8im0_B_VH.fa		sabdab_dataset/8im0/structure/8im0.pdb	sabdab_dataset/8im0/structure/chothia/8im0.pdb	True	True	train	2023-06-21	False
8im1	B		0	A	protein		mcherry fluorescent protein	FLUORESCENT PROTEIN/IMMUNE SYSTEM	06/21/23	mCherry-LaM1 complex	Anaplasma marginale; Camelus bactrianus	camelus bactrianus		anaplasma marginale	Liang, H., Liu, R., Ding, Y.	2.05	X-RAY DIFFRACTION	0.235	0.205	False	True	IGHV1									sabdab_dataset/8im1/annotation/8im1_B_VH.ann		sabdab_dataset/8im1/imgt/8im1_B_H.ann		sabdab_dataset/8im1/sequence/8im1_raw.pdb	sabdab_dataset/8im1/sequence/8im1_B_VH.fa		sabdab_dataset/8im1/structure/8im1.pdb	sabdab_dataset/8im1/structure/chothia/8im1.pdb	True	True	train	2023-06-21	False
8ipc	H	L	0	A	protein		putative zinc metalloprotease aq_1964	IMMUNE SYSTEM/HYDROLASE	01/31/24	The recombinant NZ-1 Fab complexed with the PDZ tandem fragment of A. aeolicus S2P homolog with the PA14 tag inserted between the residues 181 and 184	Aquifex aeolicus VF5; Rattus norvegicus	rattus norvegicus	rattus norvegicus	aquifex aeolicus vf5	Adachi, Y., Nogi, T.	2.2	X-RAY DIFFRACTION	0.27	0.243	False	True	IGHV5	IGLV3	Lambda						sabdab_dataset/8ipc/abangle/8ipc.abangle	sabdab_dataset/8ipc/annotation/8ipc_H_VH.ann	sabdab_dataset/8ipc/annotation/8ipc_L_VL.ann	sabdab_dataset/8ipc/imgt/8ipc_H_H.ann	sabdab_dataset/8ipc/imgt/8ipc_L_L.ann	sabdab_dataset/8ipc/sequence/8ipc_raw.pdb	sabdab_dataset/8ipc/sequence/8ipc_H_VH.fa	sabdab_dataset/8ipc/sequence/8ipc_L_VL.fa	sabdab_dataset/8ipc/structure/8ipc.pdb	sabdab_dataset/8ipc/structure/chothia/8ipc.pdb	True	False	train	2024-01-31	True
8jel	A	B	0	E	protein		t-cell immunoreceptor with ig and itim domains	IMMUNE SYSTEM	02/28/24	Crystal structure of TIGIT in complexed with Ociperlimab, crystal form I	Homo sapiens	homo sapiens	homo sapiens	homo sapiens	Sun, J., Zhang, X.X., Song, J.	2.45	X-RAY DIFFRACTION	0.249	0.192	False	True	IGHV3	IGKV3	Kappa						sabdab_dataset/8jel/abangle/8jel.abangle	sabdab_dataset/8jel/annotation/8jel_A_VH.ann	sabdab_dataset/8jel/annotation/8jel_B_VL.ann	sabdab_dataset/8jel/imgt/8jel_A_H.ann	sabdab_dataset/8jel/imgt/8jel_B_L.ann	sabdab_dataset/8jel/sequence/8jel_raw.pdb	sabdab_dataset/8jel/sequence/8jel_A_VH.fa	sabdab_dataset/8jel/sequence/8jel_B_VL.fa	sabdab_dataset/8jel/structure/8jel.pdb	sabdab_dataset/8jel/structure/chothia/8jel.pdb	True	False	train	2024-02-28	True
8jeo	B	C	0	A	protein		t-cell immunoreceptor with ig and itim domains	IMMUNE SYSTEM	02/28/24	Crystal structure of TIGIT in complexed with Tiragolumab	Homo sapiens	homo sapiens	homo sapiens	homo sapiens	Sun, J., Zhang, X.X., Song, J.	2.06	X-RAY DIFFRACTION	0.206	0.172	False	True	IGHV6	IGKV4	Kappa						sabdab_dataset/8jeo/abangle/8jeo.abangle	sabdab_dataset/8jeo/annotation/8jeo_B_VH.ann	sabdab_dataset/8jeo/annotation/8jeo_C_VL.ann	sabdab_dataset/8jeo/imgt/8jeo_B_H.ann	sabdab_dataset/8jeo/imgt/8jeo_C_L.ann	sabdab_dataset/8jeo/sequence/8jeo_raw.pdb	sabdab_dataset/8jeo/sequence/8jeo_B_VH.fa	sabdab_dataset/8jeo/sequence/8jeo_C_VL.fa	sabdab_dataset/8jeo/structure/8jeo.pdb	sabdab_dataset/8jeo/structure/chothia/8jeo.pdb	False	False	train	2024-02-28	True
8jyr	H	L	0	A	protein		receptor tyrosine-protein kinase erbb-2	IMMUNE SYSTEM	03/13/24	Crystal structure of anti-HER2 antibody H2Mab-119 in complex with HER2 domain I	Homo sapiens; Mus musculus	mus musculus	mus musculus	homo sapiens	Arimori, T., Takagi, J.	1.69	X-RAY DIFFRACTION	0.209	0.173	False	True	IGHV1	IGKV3	Kappa						sabdab_dataset/8jyr/abangle/8jyr.abangle	sabdab_dataset/8jyr/annotation/8jyr_H_VH.ann	sabdab_dataset/8jyr/annotation/8jyr_L_VL.ann	sabdab_dataset/8jyr/imgt/8jyr_H_H.ann	sabdab_dataset/8jyr/imgt/8jyr_L_L.ann	sabdab_dataset/8jyr/sequence/8jyr_raw.pdb	sabdab_dataset/8jyr/sequence/8jyr_H_VH.fa	sabdab_dataset/8jyr/sequence/8jyr_L_VL.fa	sabdab_dataset/8jyr/structure/8jyr.pdb	sabdab_dataset/8jyr/structure/chothia/8jyr.pdb	True	False	train	2024-03-13	True
8k33	B		0	A	protein		superoxide dismutase [cu-zn]	OXIDOREDUCTASE/IMMUNE SYSTEM	07/17/24	SOD1 and Nanobody1 complex	Homo sapiens; Vicugna pacos	vicugna pacos		homo sapiens	Cheng, S.	2.13	X-RAY DIFFRACTION	0.265	0.217	False	True	IGHV1									sabdab_dataset/8k33/annotation/8k33_B_VH.ann		sabdab_dataset/8k33/imgt/8k33_B_H.ann		sabdab_dataset/8k33/sequence/8k33_raw.pdb	sabdab_dataset/8k33/sequence/8k33_B_VH.fa		sabdab_dataset/8k33/structure/8k33.pdb	sabdab_dataset/8k33/structure/chothia/8k33.pdb	False	False	train	2024-07-17	False
8k3k	D		0	E	protein		spike protein s1	VIRAL PROTEIN/IMMUNE SYSTEM	01/24/24	The crystal structure of nanobody Nb4 in complex with receptor binding domain (RBD) of BA.1 Spike protein	Severe acute respiratory syndrome coronavirus 2; synthetic construct	synthetic construct		severe acute respiratory syndrome coronavirus2 	Wang, H.Y., Xu, W.Q.	2.43	X-RAY DIFFRACTION	0.269	0.224	False	True	IGHV1									sabdab_dataset/8k3k/annotation/8k3k_D_VH.ann		sabdab_dataset/8k3k/imgt/8k3k_D_H.ann		sabdab_dataset/8k3k/sequence/8k3k_raw.pdb	sabdab_dataset/8k3k/sequence/8k3k_D_VH.fa		sabdab_dataset/8k3k/structure/8k3k.pdb	sabdab_dataset/8k3k/structure/chothia/8k3k.pdb	True	True	train	2024-01-24	False
8k3l	B		0	A	protein		superoxide dismutase [cu-zn]	OXIDOREDUCTASE/IMMUNE SYSTEM	07/17/24	SOD1 and Nanobody3 complex	Camelus dromedarius; Homo sapiens	camelus dromedarius		homo sapiens	Cheng, S., Liu, R., Ding, Y.	2.3	X-RAY DIFFRACTION	0.235	0.195	False	True	IGHV1									sabdab_dataset/8k3l/annotation/8k3l_B_VH.ann		sabdab_dataset/8k3l/imgt/8k3l_B_H.ann		sabdab_dataset/8k3l/sequence/8k3l_raw.pdb	sabdab_dataset/8k3l/sequence/8k3l_B_VH.fa		sabdab_dataset/8k3l/structure/8k3l.pdb	sabdab_dataset/8k3l/structure/chothia/8k3l.pdb	False	False	validation	2024-07-17	False
8opr	B		0	A	protein		s-layer protein ea1	STRUCTURAL PROTEIN	11/08/23	Structure of the EA1 surface layer of Bacillus anthracis	Bacillus anthracis; Lama glama	lama glama		bacillus anthracis	Sogues, A., Remaut, H.	1.811	X-RAY DIFFRACTION	0.243	0.204	False	True	IGHV1									sabdab_dataset/8opr/annotation/8opr_B_VH.ann		sabdab_dataset/8opr/imgt/8opr_B_H.ann		sabdab_dataset/8opr/sequence/8opr_raw.pdb	sabdab_dataset/8opr/sequence/8opr_B_VH.fa		sabdab_dataset/8opr/structure/8opr.pdb	sabdab_dataset/8opr/structure/chothia/8opr.pdb	True	True	train	2023-11-08	False
8oww	B		0	A	protein		spike protein s2'	VIRAL PROTEIN	05/08/24	B5-5 nanobody bound to SARS-CoV-2 spike RBD (Wuhan)	Lama glama; Severe acute respiratory syndrome coronavirus 2	lama glama		severe acute respiratory syndrome coronavirus2 	Cornish, K.A.S., Naismith, J.H., Owens, R.J.	1.969	X-RAY DIFFRACTION	0.223	0.181	False	True	IGHV1									sabdab_dataset/8oww/annotation/8oww_B_VH.ann		sabdab_dataset/8oww/imgt/8oww_B_H.ann		sabdab_dataset/8oww/sequence/8oww_raw.pdb	sabdab_dataset/8oww/sequence/8oww_B_VH.fa		sabdab_dataset/8oww/structure/8oww.pdb	sabdab_dataset/8oww/structure/chothia/8oww.pdb	True	True	train	2024-05-08	False
8oxv	B	C	0	A	protein		protein-glutamine gamma-glutamyltransferase e 27 kda non-catalytic chain 	TRANSFERASE	10/18/23	Transglutaminase 3 zymogen in complex with DH patient-derived Fab DH63-B02	Homo sapiens	homo sapiens	homo sapiens	homo sapiens	Heggelund, J.E., Sollid, L.M.	1.8	X-RAY DIFFRACTION	0.229	0.185	False	True	IGHV3	IGLV6	Lambda						sabdab_dataset/8oxv/abangle/8oxv.abangle	sabdab_dataset/8oxv/annotation/8oxv_B_VH.ann	sabdab_dataset/8oxv/annotation/8oxv_C_VL.ann	sabdab_dataset/8oxv/imgt/8oxv_B_H.ann	sabdab_dataset/8oxv/imgt/8oxv_C_L.ann	sabdab_dataset/8oxv/sequence/8oxv_raw.pdb	sabdab_dataset/8oxv/sequence/8oxv_B_VH.fa	sabdab_dataset/8oxv/sequence/8oxv_C_VL.fa	sabdab_dataset/8oxv/structure/8oxv.pdb	sabdab_dataset/8oxv/structure/chothia/8oxv.pdb	True	False	train	2023-10-18	True
8oxw	B	C	0	A	protein		protein-glutamine gamma-glutamyltransferase e 27 kda non-catalytic chain 	TRANSFERASE	10/18/23	Transglutaminase 3 in complex with DH patient-derived Fab DH63-B02	Homo sapiens	homo sapiens	homo sapiens	homo sapiens	Heggelund, J.E., Sollid, L.M.	1.7	X-RAY DIFFRACTION	0.21	0.172	False	True	IGHV3	IGLV6	Lambda						sabdab_dataset/8oxw/abangle/8oxw.abangle	sabdab_dataset/8oxw/annotation/8oxw_B_VH.ann	sabdab_dataset/8oxw/annotation/8oxw_C_VL.ann	sabdab_dataset/8oxw/imgt/8oxw_B_H.ann	sabdab_dataset/8oxw/imgt/8oxw_C_L.ann	sabdab_dataset/8oxw/sequence/8oxw_raw.pdb	sabdab_dataset/8oxw/sequence/8oxw_B_VH.fa	sabdab_dataset/8oxw/sequence/8oxw_C_VL.fa	sabdab_dataset/8oxw/structure/8oxw.pdb	sabdab_dataset/8oxw/structure/chothia/8oxw.pdb	False	False	train	2023-10-18	True
8oxx	B	C	0	A	protein		protein-glutamine gamma-glutamyltransferase e 27 kda non-catalytic chain 	TRANSFERASE	10/18/23	Transglutaminase 3 in complex with inhibitor Z-don and DH patient-derived Fab DH63-B02	Homo sapiens	homo sapiens	homo sapiens	homo sapiens	Heggelund, J.E., Sollid, L.M.	2.5	X-RAY DIFFRACTION	0.222	0.154	False	True	IGHV3	IGLV6	Lambda						sabdab_dataset/8oxx/abangle/8oxx.abangle	sabdab_dataset/8oxx/annotation/8oxx_B_VH.ann	sabdab_dataset/8oxx/annotation/8oxx_C_VL.ann	sabdab_dataset/8oxx/imgt/8oxx_B_H.ann	sabdab_dataset/8oxx/imgt/8oxx_C_L.ann	sabdab_dataset/8oxx/sequence/8oxx_raw.pdb	sabdab_dataset/8oxx/sequence/8oxx_B_VH.fa	sabdab_dataset/8oxx/sequence/8oxx_C_VL.fa	sabdab_dataset/8oxx/structure/8oxx.pdb	sabdab_dataset/8oxx/structure/chothia/8oxx.pdb	False	False	train	2023-10-18	True
8oxy	B	C	0	A	protein		protein-glutamine gamma-glutamyltransferase e 27 kda non-catalytic chain 	TRANSFERASE	10/18/23	Transglutaminase 3 without calcium in complex with DH patient-derived Fab DH63-B02	Homo sapiens	homo sapiens	homo sapiens	homo sapiens	Heggelund, J.E., Sollid, L.M.	2.0	X-RAY DIFFRACTION	0.226	0.176	False	True	IGHV3	IGLV6	Lambda						sabdab_dataset/8oxy/abangle/8oxy.abangle	sabdab_dataset/8oxy/annotation/8oxy_B_VH.ann	sabdab_dataset/8oxy/annotation/8oxy_C_VL.ann	sabdab_dataset/8oxy/imgt/8oxy_B_H.ann	sabdab_dataset/8oxy/imgt/8oxy_C_L.ann	sabdab_dataset/8oxy/sequence/8oxy_raw.pdb	sabdab_dataset/8oxy/sequence/8oxy_B_VH.fa	sabdab_dataset/8oxy/sequence/8oxy_C_VL.fa	sabdab_dataset/8oxy/structure/8oxy.pdb	sabdab_dataset/8oxy/structure/chothia/8oxy.pdb	False	False	train	2023-10-18	True
8ozb	A		0	F	protein		nucleoporin nup35	TRANSPORT PROTEIN	02/28/24	Crystal structure of Nup35-Nb complex	Homo sapiens; Lama glama	lama glama		homo sapiens	Srinivasan, V.	2.09	X-RAY DIFFRACTION	0.267	0.242	False	True	IGHV1									sabdab_dataset/8ozb/annotation/8ozb_A_VH.ann		sabdab_dataset/8ozb/imgt/8ozb_A_H.ann		sabdab_dataset/8ozb/sequence/8ozb_raw.pdb	sabdab_dataset/8ozb/sequence/8ozb_A_VH.fa		sabdab_dataset/8ozb/structure/8ozb.pdb	sabdab_dataset/8ozb/structure/chothia/8ozb.pdb	True	True	train	2024-02-28	False
8pe1	C		0	A	protein		1,3-beta-glucanosyltransferase	TRANSFERASE	06/19/24	Crystal structure of Gel4 in complex with Nanobody 4	Aspergillus fumigatus Af293; Vicugna pacos	vicugna pacos		aspergillus fumigatus af293	Macias-Leon, J., Redrado-Hernandez, S., Castro-Lopez, J., Sanz, A.B., Arias, M., Farkas, V., Vincke, C., Muyldermans, S., Pardo, J., Arroyo, J., Galvez, E., Hurtado-Guerrero, R.	1.9	X-RAY DIFFRACTION	0.264	0.215	False	True	unknown	unknown	unknown							sabdab_dataset/8pe1/annotation/8pe1_C_VH.ann				sabdab_dataset/8pe1/sequence/8pe1_raw.pdb	sabdab_dataset/8pe1/sequence/8pe1_C_VH.fa		sabdab_dataset/8pe1/structure/8pe1.pdb	sabdab_dataset/8pe1/structure/chothia/8pe1.pdb	True	True	validation	2024-06-19	False
8pe2	B		0	A	protein		1,3-beta-glucanosyltransferase	TRANSFERASE	06/19/24	Crystal structure of Gel4 in complex with Nanobody 3	Aspergillus fumigatus; Vicugna pacos	vicugna pacos		aspergillus fumigatus	Macias-Leon, J., Redrado-Hernandez, S., Castro-Lopez, J., Sanz, A.B., Arias, M., Farkas, V., Vincke, C., Muyldermans, S., Pardo, J., Arroyo, J., Galvez, E., Hurtado-Guerrero, R.	2.05	X-RAY DIFFRACTION	0.206	0.172	False	True	IGHV1									sabdab_dataset/8pe2/annotation/8pe2_B_VH.ann		sabdab_dataset/8pe2/imgt/8pe2_B_H.ann		sabdab_dataset/8pe2/sequence/8pe2_raw.pdb	sabdab_dataset/8pe2/sequence/8pe2_B_VH.fa		sabdab_dataset/8pe2/structure/8pe2.pdb	sabdab_dataset/8pe2/structure/chothia/8pe2.pdb	True	True	train	2024-06-19	False
8pih	B		0	A	protein		phospholipase a2	ALLERGEN	05/08/24	Structure of Api m1 in complex with two nanobodies	Apis mellifera; Lama glama	lama glama		apis mellifera	Aagaard, J.B., Gandini, R., Spillner, E., Miehe, M., Andersen, G.R.	1.76	X-RAY DIFFRACTION	0.202	0.171	False	True	IGHV1									sabdab_dataset/8pih/annotation/8pih_B_VH.ann		sabdab_dataset/8pih/imgt/8pih_B_H.ann		sabdab_dataset/8pih/sequence/8pih_raw.pdb	sabdab_dataset/8pih/sequence/8pih_B_VH.fa		sabdab_dataset/8pih/structure/8pih.pdb	sabdab_dataset/8pih/structure/chothia/8pih.pdb	True	True	test	2024-05-08	False
8pmz	B	b	0	A	protein		pro-secreted protein orf2	VIRAL PROTEIN	07/10/24	HEV gt3 P domain in complex with glycan-insensitive nAb p61.15	Homo sapiens; Paslahepevirus balayani	homo sapiens		paslahepevirus balayani	Ssebyatika, G., Krey, T.	1.912	X-RAY DIFFRACTION	0.257	0.225	True	True	unknown	unknown	unknown						sabdab_dataset/8pmz/abangle/8pmz.abangle	sabdab_dataset/8pmz/annotation/8pmz_B_VH.ann	sabdab_dataset/8pmz/annotation/8pmz_B_VL.ann	sabdab_dataset/8pmz/imgt/8pmz_B_H.ann	sabdab_dataset/8pmz/imgt/8pmz_B_L.ann	sabdab_dataset/8pmz/sequence/8pmz_raw.pdb	sabdab_dataset/8pmz/sequence/8pmz_B_VH.fa	sabdab_dataset/8pmz/sequence/8pmz_B_VL.fa	sabdab_dataset/8pmz/structure/8pmz.pdb	sabdab_dataset/8pmz/structure/chothia/8pmz.pdb	True	True	train	2024-07-10	True
8pwv	B	b	0	A	protein		reticulocyte-binding protein homolog 5	CELL ADHESION	06/05/24	PfRH5 bound to monoclonal antibody MAD8-502	Homo sapiens; Plasmodium falciparum 3D7	homo sapiens		plasmodium falciparum 3d7	Farrell, B., Higgins, M.K.	2.07	X-RAY DIFFRACTION	0.279	0.269	True	True	unknown	unknown	unknown						sabdab_dataset/8pwv/abangle/8pwv.abangle	sabdab_dataset/8pwv/annotation/8pwv_B_VH.ann	sabdab_dataset/8pwv/annotation/8pwv_B_VL.ann	sabdab_dataset/8pwv/imgt/8pwv_B_H.ann	sabdab_dataset/8pwv/imgt/8pwv_B_L.ann	sabdab_dataset/8pwv/sequence/8pwv_raw.pdb	sabdab_dataset/8pwv/sequence/8pwv_B_VH.fa	sabdab_dataset/8pwv/sequence/8pwv_B_VL.fa	sabdab_dataset/8pwv/structure/8pwv.pdb	sabdab_dataset/8pwv/structure/chothia/8pwv.pdb	True	True	train	2024-06-05	True
8pww	B	b	0	A	protein		reticulocyte-binding protein homolog 5	CELL ADHESION	06/05/24	PfRH5 bound to monoclonal antibody MAD8-151	Homo sapiens; Plasmodium falciparum 3D7	homo sapiens		plasmodium falciparum 3d7	Farrell, B., Higgins, M.K.	1.945	X-RAY DIFFRACTION	0.252	0.23	True	True	unknown	unknown	unknown						sabdab_dataset/8pww/abangle/8pww.abangle	sabdab_dataset/8pww/annotation/8pww_B_VH.ann	sabdab_dataset/8pww/annotation/8pww_B_VL.ann	sabdab_dataset/8pww/imgt/8pww_B_H.ann	sabdab_dataset/8pww/imgt/8pww_B_L.ann	sabdab_dataset/8pww/sequence/8pww_raw.pdb	sabdab_dataset/8pww/sequence/8pww_B_VH.fa	sabdab_dataset/8pww/sequence/8pww_B_VL.fa	sabdab_dataset/8pww/structure/8pww.pdb	sabdab_dataset/8pww/structure/chothia/8pww.pdb	True	True	train	2024-06-05	True
8pyr	D		0	A	protein		cyclin-dependent kinase 7	TRANSCRIPTION	03/06/24	Crystal structure of the dual T-loop phosphorylated Cdk7/CycH/Mat1 complex	Homo sapiens; Lama glama	lama glama		homo sapiens	Anand, K., Duster, R., Geyer, M.	2.15	X-RAY DIFFRACTION	0.242	0.22	False	True	IGHV3									sabdab_dataset/8pyr/annotation/8pyr_D_VH.ann		sabdab_dataset/8pyr/imgt/8pyr_D_H.ann		sabdab_dataset/8pyr/sequence/8pyr_raw.pdb	sabdab_dataset/8pyr/sequence/8pyr_D_VH.fa		sabdab_dataset/8pyr/structure/8pyr.pdb	sabdab_dataset/8pyr/structure/chothia/8pyr.pdb	True	True	train	2024-03-06	False
8q3j	C	B	0	A	protein		interleukin-1 family member 10	CYTOKINE	08/14/24	Crystal structure of mIL-38 in complex with a neutralizing Fab e04 fragment	Mus musculus	mus musculus	mus musculus	mus musculus	Garcia-Pardo, J., Da Silva, P., Mora, J., Wiechmann, S., Putyrski, M., You, X., Kannt, A., Ernst, A., Brune, B., Weigert, A.	2.5	X-RAY DIFFRACTION	0.283	0.227	False	True	IGHV3	IGKV1	Kappa						sabdab_dataset/8q3j/abangle/8q3j.abangle	sabdab_dataset/8q3j/annotation/8q3j_C_VH.ann	sabdab_dataset/8q3j/annotation/8q3j_B_VL.ann	sabdab_dataset/8q3j/imgt/8q3j_C_H.ann	sabdab_dataset/8q3j/imgt/8q3j_B_L.ann	sabdab_dataset/8q3j/sequence/8q3j_raw.pdb	sabdab_dataset/8q3j/sequence/8q3j_C_VH.fa	sabdab_dataset/8q3j/sequence/8q3j_B_VL.fa	sabdab_dataset/8q3j/structure/8q3j.pdb	sabdab_dataset/8q3j/structure/chothia/8q3j.pdb	False	False	train	2024-08-14	True
8q6r	A		0	D	protein		properdin	IMMUNE SYSTEM	08/28/24	Structure of complement FP in complex with the TPP-3077 VHH	Homo sapiens; Lama glama	lama glama		homo sapiens	Andersen, G.R., Pedersen, D.V.	1.9	X-RAY DIFFRACTION	0.238	0.202	False	True	IGHV3									sabdab_dataset/8q6r/annotation/8q6r_A_VH.ann		sabdab_dataset/8q6r/imgt/8q6r_A_H.ann		sabdab_dataset/8q6r/sequence/8q6r_raw.pdb	sabdab_dataset/8q6r/sequence/8q6r_A_VH.fa		sabdab_dataset/8q6r/structure/8q6r.pdb	sabdab_dataset/8q6r/structure/chothia/8q6r.pdb	True	True	test	2024-08-28	False
8q7o	A		0	C	protein		frizzled-3	SIGNALING PROTEIN	08/28/24	Crystal structure of the FZD3 cysteine-rich domain in complex with a nanobody (14478)	Homo sapiens; Lama glama	lama glama		homo sapiens	Hillier, J.S., Zhao, Y., Malinauskas, T., Jones, E.Y.	1.76	X-RAY DIFFRACTION	0.222	0.217	False	True	IGHV1									sabdab_dataset/8q7o/annotation/8q7o_A_VH.ann		sabdab_dataset/8q7o/imgt/8q7o_A_H.ann		sabdab_dataset/8q7o/sequence/8q7o_raw.pdb	sabdab_dataset/8q7o/sequence/8q7o_A_VH.fa		sabdab_dataset/8q7o/structure/8q7o.pdb	sabdab_dataset/8q7o/structure/chothia/8q7o.pdb	True	True	train	2024-08-28	False
8q94	B		0	A	protein		spike protein s1	VIRAL PROTEIN	12/20/23	Crystal structure of The SARS-COV-2 BA.2.75 RBD with neutralizing-VHHs Re32D03 and Ma3B12	Severe acute respiratory syndrome coronavirus 2; Vicugna pacos	vicugna pacos		severe acute respiratory syndrome coronavirus2 	Aksu, M., Guttler, T., Gorlich, D.	2.5	X-RAY DIFFRACTION	0.277	0.22	False	True	IGHV1									sabdab_dataset/8q94/annotation/8q94_B_VH.ann		sabdab_dataset/8q94/imgt/8q94_B_H.ann		sabdab_dataset/8q94/sequence/8q94_raw.pdb	sabdab_dataset/8q94/sequence/8q94_B_VH.fa		sabdab_dataset/8q94/structure/8q94.pdb	sabdab_dataset/8q94/structure/chothia/8q94.pdb	True	True	train	2023-12-20	False
8q95	B		0	A	protein		spike protein s1	VIRAL PROTEIN	12/20/23	Crystal structure of the SARS-CoV-2 BA.1 RBD with neutralizing-VHHs Ma16B06 and Ma3F05	Severe acute respiratory syndrome coronavirus 2; Vicugna pacos	vicugna pacos		severe acute respiratory syndrome coronavirus2 	Aksu, M., Rymarenko, O., Guttler, T., Gorlich, D.	1.6	X-RAY DIFFRACTION	0.206	0.176	False	True	IGHV1									sabdab_dataset/8q95/annotation/8q95_B_VH.ann		sabdab_dataset/8q95/imgt/8q95_B_H.ann		sabdab_dataset/8q95/sequence/8q95_raw.pdb	sabdab_dataset/8q95/sequence/8q95_B_VH.fa		sabdab_dataset/8q95/structure/8q95.pdb	sabdab_dataset/8q95/structure/chothia/8q95.pdb	True	True	train	2023-12-20	False
8qf4	E		0	A	protein		activity-regulated cytoskeleton-associated protein	IMMUNE SYSTEM	03/13/24	Complex between N-lobe of Arc and nanobody H11	Homo sapiens; Vicugna pacos	vicugna pacos		homo sapiens	Godoy Munoz, J.M., Kursula, P.	1.02	X-RAY DIFFRACTION	0.16	0.129	False	True	IGHV1									sabdab_dataset/8qf4/annotation/8qf4_E_VH.ann		sabdab_dataset/8qf4/imgt/8qf4_E_H.ann		sabdab_dataset/8qf4/sequence/8qf4_raw.pdb	sabdab_dataset/8qf4/sequence/8qf4_E_VH.fa		sabdab_dataset/8qf4/structure/8qf4.pdb	sabdab_dataset/8qf4/structure/chothia/8qf4.pdb	True	True	train	2024-03-13	False
8qf5	A		0	B	protein		activity-regulated cytoskeleton-associated protein	IMMUNE SYSTEM	03/13/24	Complex between N-lobe of Arc and nanobody E5	Homo sapiens; Vicugna pacos	vicugna pacos		homo sapiens	Godoy Munoz, J.M., Kursula, P.	1.5	X-RAY DIFFRACTION	0.193	0.145	False	True	IGHV1									sabdab_dataset/8qf5/annotation/8qf5_A_VH.ann		sabdab_dataset/8qf5/imgt/8qf5_A_H.ann		sabdab_dataset/8qf5/sequence/8qf5_raw.pdb	sabdab_dataset/8qf5/sequence/8qf5_A_VH.fa		sabdab_dataset/8qf5/structure/8qf5.pdb	sabdab_dataset/8qf5/structure/chothia/8qf5.pdb	True	True	train	2024-03-13	False
8qgx	B		0	A	protein		neutrophil elastase	HYDROLASE	12/25/24	Complex between human neutrophil elastase with nanobody NbE201	Homo sapiens; Lama glama	lama glama		homo sapiens	Morales-Yanez, F., Redeghieri, P., Moray, J., Dumoulin, M., Kerff, F.	2.3	X-RAY DIFFRACTION	0.271	0.224	False	True	IGHV1									sabdab_dataset/8qgx/annotation/8qgx_B_VH.ann		sabdab_dataset/8qgx/imgt/8qgx_B_H.ann		sabdab_dataset/8qgx/sequence/8qgx_raw.pdb	sabdab_dataset/8qgx/sequence/8qgx_B_VH.fa		sabdab_dataset/8qgx/structure/8qgx.pdb	sabdab_dataset/8qgx/structure/chothia/8qgx.pdb	True	True	train	2024-12-25	False
8qh0	H	L	0	A	protein		spike protein s1	VIRAL PROTEIN	06/19/24	Crystal structure of the SARS-CoV-2 RBD with the antibody Cv2.3194	Homo sapiens; Severe acute respiratory syndrome coronavirus 2	homo sapiens	homo sapiens	severe acute respiratory syndrome coronavirus2 	Fernandez, I., Rey, F.A.	1.87	X-RAY DIFFRACTION	0.209	0.185	False	True	IGHV3	IGKV3	Kappa						sabdab_dataset/8qh0/abangle/8qh0.abangle	sabdab_dataset/8qh0/annotation/8qh0_H_VH.ann	sabdab_dataset/8qh0/annotation/8qh0_L_VL.ann	sabdab_dataset/8qh0/imgt/8qh0_H_H.ann	sabdab_dataset/8qh0/imgt/8qh0_L_L.ann	sabdab_dataset/8qh0/sequence/8qh0_raw.pdb	sabdab_dataset/8qh0/sequence/8qh0_H_VH.fa	sabdab_dataset/8qh0/sequence/8qh0_L_VL.fa	sabdab_dataset/8qh0/structure/8qh0.pdb	sabdab_dataset/8qh0/structure/chothia/8qh0.pdb	False	False	validation	2024-06-19	True
8qrg	A		0	E	protein		spike protein s1	VIRAL PROTEIN	05/08/24	SARS-CoV-2 delta RBD complexed with XBB-2 Fab and NbC1	Homo sapiens; Lama glama; Severe acute respiratory syndrome coronavirus 2	lama glama		severe acute respiratory syndrome coronavirus2 	Zhou, D., Ren, J., Stuart, D.I.	2.3	X-RAY DIFFRACTION	0.228	0.182	False	True	IGHV1								sabdab_dataset/8qrg/abangle/8qrg.abangle	sabdab_dataset/8qrg/annotation/8qrg_A_VH.ann		sabdab_dataset/8qrg/imgt/8qrg_A_H.ann		sabdab_dataset/8qrg/sequence/8qrg_raw.pdb	sabdab_dataset/8qrg/sequence/8qrg_A_VH.fa		sabdab_dataset/8qrg/structure/8qrg.pdb	sabdab_dataset/8qrg/structure/chothia/8qrg.pdb	True	False	train	2024-05-08	False
8qz3	C		0	B	protein		potassium channel subfamily k member 10	MEMBRANE PROTEIN	05/29/24	Crystal structure of human two pore domain potassium ion channel TREK-2 (K2P10.1) in complex with an activatory nanobody (Nb67)	Homo sapiens; Lama glama	lama glama		homo sapiens	Baronina, A., Pike, A.C.W., Rodstrom, K.E.J., Ang, J., Bushell, S.R., Chalk, R., Mukhopadhyay, S.M.M., Pardon, E., Arrowsmith, C.H., Edwards, A.M., Bountra, C., Burgess-Brown, N.A., Tucker, S.J., Steyaert, J., Carpenter, E.P., Structural Genomics Consortium (SGC)	2.4	X-RAY DIFFRACTION	0.291	0.278	False	True	IGHV1									sabdab_dataset/8qz3/annotation/8qz3_C_VH.ann		sabdab_dataset/8qz3/imgt/8qz3_C_H.ann		sabdab_dataset/8qz3/sequence/8qz3_raw.pdb	sabdab_dataset/8qz3/sequence/8qz3_C_VH.fa		sabdab_dataset/8qz3/structure/8qz3.pdb	sabdab_dataset/8qz3/structure/chothia/8qz3.pdb	True	True	train	2024-05-29	False
8r4n	H	L	0	N	protein		short neurotoxin 1	ANTITOXIN	05/28/25	Crystal structure of neutralizing Fab Eq4.Dp46-3A from equine antivenom bound to short chain three finger alpha-neurotoxin from Dendroaspis polylepis.	Dendroaspis polylepis; Equus caballus	equus caballus	equus caballus	dendroaspis polylepis	Wibmer, C.K.	2.2	X-RAY DIFFRACTION	0.228	0.206	False	True	unknown	unknown	unknown						sabdab_dataset/8r4n/abangle/8r4n.abangle	sabdab_dataset/8r4n/annotation/8r4n_H_VH.ann	sabdab_dataset/8r4n/annotation/8r4n_L_VL.ann	sabdab_dataset/8r4n/imgt/8r4n_H_H.ann		sabdab_dataset/8r4n/sequence/8r4n_raw.pdb	sabdab_dataset/8r4n/sequence/8r4n_H_VH.fa	sabdab_dataset/8r4n/sequence/8r4n_L_VL.fa	sabdab_dataset/8r4n/structure/8r4n.pdb	sabdab_dataset/8r4n/structure/chothia/8r4n.pdb	True	False	validation	2025-05-28	True
8r4u	B	b	0	A	protein		serine/threonine-protein kinase sik3	LIGASE	03/27/24	Structure of salt-inducible kinase 3 with inhibitors	Homo sapiens	homo sapiens		homo sapiens	Kack, H., Oster, L.	2.416	X-RAY DIFFRACTION	0.265	0.228	True	True	unknown	unknown	unknown						sabdab_dataset/8r4u/abangle/8r4u.abangle	sabdab_dataset/8r4u/annotation/8r4u_B_VH.ann	sabdab_dataset/8r4u/annotation/8r4u_B_VL.ann	sabdab_dataset/8r4u/imgt/8r4u_B_H.ann	sabdab_dataset/8r4u/imgt/8r4u_B_L.ann	sabdab_dataset/8r4u/sequence/8r4u_raw.pdb	sabdab_dataset/8r4u/sequence/8r4u_B_VH.fa	sabdab_dataset/8r4u/sequence/8r4u_B_VL.fa	sabdab_dataset/8r4u/structure/8r4u.pdb	sabdab_dataset/8r4u/structure/chothia/8r4u.pdb	False	False	train	2024-03-27	True
8rby	B		0	A	protein		spike protein s1	ANTIVIRAL PROTEIN	12/11/24	The crystal structure of the SARS-CoV-2 receptor binding domain in complex with the neutralizing nanobody 1.26	Camelus dromedarius; Severe acute respiratory syndrome coronavirus 2	camelus dromedarius		severe acute respiratory syndrome coronavirus2 	Casasnovas, J.M., Fernandez, L.A., Silva, K.	1.9	X-RAY DIFFRACTION	0.234	0.187	False	True	IGHV1									sabdab_dataset/8rby/annotation/8rby_B_VH.ann		sabdab_dataset/8rby/imgt/8rby_B_H.ann		sabdab_dataset/8rby/sequence/8rby_raw.pdb	sabdab_dataset/8rby/sequence/8rby_B_VH.fa		sabdab_dataset/8rby/structure/8rby.pdb	sabdab_dataset/8rby/structure/chothia/8rby.pdb	True	True	validation	2024-12-11	False
8rj7	B		0	A	protein		spike protein s1	ANTIVIRAL PROTEIN	11/27/24	The crystal structure of the SARS-CoV-2 receptor binding domain in complex with the neutralizing nanobody 1.29	Camelus dromedarius; Severe acute respiratory syndrome coronavirus 2	camelus dromedarius		severe acute respiratory syndrome coronavirus2 	Casasnovas, J.M., Fernandez, L.A., Silva, K.	2.1	X-RAY DIFFRACTION	0.222	0.181	False	True	IGHV1									sabdab_dataset/8rj7/annotation/8rj7_B_VH.ann		sabdab_dataset/8rj7/imgt/8rj7_B_H.ann		sabdab_dataset/8rj7/sequence/8rj7_raw.pdb	sabdab_dataset/8rj7/sequence/8rj7_B_VH.fa		sabdab_dataset/8rj7/structure/8rj7.pdb	sabdab_dataset/8rj7/structure/chothia/8rj7.pdb	True	True	train	2024-11-27	False
8rp8	A	B	0	C	protein		leukocyte surface antigen cd47	IMMUNE SYSTEM	06/19/24	Structure of K2 Fab in complex with human CD47 ECD	Homo sapiens	homo sapiens	homo sapiens	homo sapiens	Laursen, M., Kelpsas, V., Rose, N.	2.0	X-RAY DIFFRACTION	0.214	0.18	False	True	IGHV3	IGKV1	Kappa						sabdab_dataset/8rp8/abangle/8rp8.abangle	sabdab_dataset/8rp8/annotation/8rp8_A_VH.ann	sabdab_dataset/8rp8/annotation/8rp8_B_VL.ann	sabdab_dataset/8rp8/imgt/8rp8_A_H.ann	sabdab_dataset/8rp8/imgt/8rp8_B_L.ann	sabdab_dataset/8rp8/sequence/8rp8_raw.pdb	sabdab_dataset/8rp8/sequence/8rp8_A_VH.fa	sabdab_dataset/8rp8/sequence/8rp8_B_VL.fa	sabdab_dataset/8rp8/structure/8rp8.pdb	sabdab_dataset/8rp8/structure/chothia/8rp8.pdb	False	False	train	2024-06-19	True
8rw9	D		0	E	protein		s-layer protein sap	STRUCTURAL PROTEIN	11/20/24	Domains 1 and 2 of Bacillus anthracis Sap S-layer in complex with Nb694	Bacillus anthracis; Lama glama	lama glama		bacillus anthracis	Sogues, A., Remaut, H.	1.99	X-RAY DIFFRACTION	0.249	0.209	False	True	IGHV3									sabdab_dataset/8rw9/annotation/8rw9_D_VH.ann		sabdab_dataset/8rw9/imgt/8rw9_D_H.ann		sabdab_dataset/8rw9/sequence/8rw9_raw.pdb	sabdab_dataset/8rw9/sequence/8rw9_D_VH.fa		sabdab_dataset/8rw9/structure/8rw9.pdb	sabdab_dataset/8rw9/structure/chothia/8rw9.pdb	True	False	train	2024-11-20	False
8rwb	H	L	0	P	protein		ul16-binding protein 6	IMMUNE SYSTEM	02/12/25	Crystal structure of ULBP6 in complex with a blocking antibody	Homo sapiens; synthetic construct	synthetic construct	synthetic construct	homo sapiens	Bharill, S., Chen, I., Ivic, N., Bahrami Dizicheh, Z., Wu, Y., Doamekpor, S., Koenig, P., Fuh, G.	2.307	X-RAY DIFFRACTION	0.287	0.216	False	True	IGHV3	IGKV1	Kappa						sabdab_dataset/8rwb/abangle/8rwb.abangle	sabdab_dataset/8rwb/annotation/8rwb_H_VH.ann	sabdab_dataset/8rwb/annotation/8rwb_L_VL.ann	sabdab_dataset/8rwb/imgt/8rwb_H_H.ann	sabdab_dataset/8rwb/imgt/8rwb_L_L.ann	sabdab_dataset/8rwb/sequence/8rwb_raw.pdb	sabdab_dataset/8rwb/sequence/8rwb_H_VH.fa	sabdab_dataset/8rwb/sequence/8rwb_L_VL.fa	sabdab_dataset/8rwb/structure/8rwb.pdb	sabdab_dataset/8rwb/structure/chothia/8rwb.pdb	True	False	validation	2025-02-12	True
8rz0	B	b	0	A	protein		rh5-34em	IMMUNE SYSTEM	07/17/24	Synthetic immunogen RH5-34EM bound to monoclonal antibody R5.016	Homo sapiens; synthetic construct	homo sapiens		synthetic construct	Farrell, B., Harrison, T., Higgins, M.K.	1.63	X-RAY DIFFRACTION	0.206	0.191	True	True	unknown	unknown	unknown						sabdab_dataset/8rz0/abangle/8rz0.abangle	sabdab_dataset/8rz0/annotation/8rz0_B_VH.ann	sabdab_dataset/8rz0/annotation/8rz0_B_VL.ann	sabdab_dataset/8rz0/imgt/8rz0_B_H.ann	sabdab_dataset/8rz0/imgt/8rz0_B_L.ann	sabdab_dataset/8rz0/sequence/8rz0_raw.pdb	sabdab_dataset/8rz0/sequence/8rz0_B_VH.fa	sabdab_dataset/8rz0/sequence/8rz0_B_VL.fa	sabdab_dataset/8rz0/structure/8rz0.pdb	sabdab_dataset/8rz0/structure/chothia/8rz0.pdb	False	False	train	2024-07-17	True
8rz1	A	a	0	B	protein		rh5-34em	IMMUNE SYSTEM	07/17/24	Synthetic immunogen RH5-34EM bound to monoclonal antibody R5.034	Homo sapiens; synthetic construct	homo sapiens		synthetic construct	Farrell, B., Higgins, M.K.	1.75	X-RAY DIFFRACTION	0.218	0.198	True	True	unknown	unknown	unknown						sabdab_dataset/8rz1/abangle/8rz1.abangle	sabdab_dataset/8rz1/annotation/8rz1_A_VH.ann	sabdab_dataset/8rz1/annotation/8rz1_A_VL.ann	sabdab_dataset/8rz1/imgt/8rz1_A_H.ann	sabdab_dataset/8rz1/imgt/8rz1_A_L.ann	sabdab_dataset/8rz1/sequence/8rz1_raw.pdb	sabdab_dataset/8rz1/sequence/8rz1_A_VH.fa	sabdab_dataset/8rz1/sequence/8rz1_A_VL.fa	sabdab_dataset/8rz1/structure/8rz1.pdb	sabdab_dataset/8rz1/structure/chothia/8rz1.pdb	True	True	train	2024-07-17	True
8rz2	B	C	0	A	protein		reticulocyte binding protein 5	IMMUNE SYSTEM	07/17/24	PfRH5 bound to monoclonal antibody R5.034	Homo sapiens; Plasmodium falciparum	homo sapiens	homo sapiens	plasmodium falciparum	Farrell, B., Higgins, M.K.	2.4	X-RAY DIFFRACTION	0.305	0.255	False	True	IGHV3	IGLV1	Lambda						sabdab_dataset/8rz2/abangle/8rz2.abangle	sabdab_dataset/8rz2/annotation/8rz2_B_VH.ann	sabdab_dataset/8rz2/annotation/8rz2_C_VL.ann	sabdab_dataset/8rz2/imgt/8rz2_B_H.ann	sabdab_dataset/8rz2/imgt/8rz2_C_L.ann	sabdab_dataset/8rz2/sequence/8rz2_raw.pdb	sabdab_dataset/8rz2/sequence/8rz2_B_VH.fa	sabdab_dataset/8rz2/sequence/8rz2_C_VL.fa	sabdab_dataset/8rz2/structure/8rz2.pdb	sabdab_dataset/8rz2/structure/chothia/8rz2.pdb	False	False	validation	2024-07-17	True
8s0l	B		0	A	protein		transmembrane protease serine 2	PROTEASE/NANOBODY INHIBITOR	06/26/24	Crystal structure of the TMPRSS2 zymogen in complex with the nanobody A07	Homo sapiens; Vicugna pacos	vicugna pacos		homo sapiens	Duquerroy, S., Fernandez, I., Rey, F.	1.8	X-RAY DIFFRACTION	0.215	0.177	False	True	IGHV1									sabdab_dataset/8s0l/annotation/8s0l_B_VH.ann		sabdab_dataset/8s0l/imgt/8s0l_B_H.ann		sabdab_dataset/8s0l/sequence/8s0l_raw.pdb	sabdab_dataset/8s0l/sequence/8s0l_B_VH.fa		sabdab_dataset/8s0l/structure/8s0l.pdb	sabdab_dataset/8s0l/structure/chothia/8s0l.pdb	True	True	train	2024-06-26	False
8s0n	B		0	A	protein		transmembrane protease serine 2	PROTEASE/NANOBODY INHIBITOR	06/26/24	Crystal structure of the TMPRSS2 zymogen in complex with the nanobody A07	Homo sapiens; Vicugna pacos	vicugna pacos		homo sapiens	Duquerroy, S., Fernandez, I., Rey, F.	2.3	X-RAY DIFFRACTION	0.246	0.211	False	True	IGHV1									sabdab_dataset/8s0n/annotation/8s0n_B_VH.ann		sabdab_dataset/8s0n/imgt/8s0n_B_H.ann		sabdab_dataset/8s0n/sequence/8s0n_raw.pdb	sabdab_dataset/8s0n/sequence/8s0n_B_VH.fa		sabdab_dataset/8s0n/structure/8s0n.pdb	sabdab_dataset/8s0n/structure/chothia/8s0n.pdb	False	False	train	2024-06-26	False
8s6m	H	L	0	R	protein		spike protein s1	VIRAL PROTEIN	10/23/24	SARS-CoV-2 BQ.1.1 RBD bound to the S2V29 and the S2H97 Fab fragments	Homo sapiens; Severe acute respiratory syndrome coronavirus 2	homo sapiens	homo sapiens	severe acute respiratory syndrome coronavirus2 	Errico, J.M., Park, Y.J., Rietz, T., Czudnochowski, N., Nix, J.C., Cameroni, E., Corti, D., Snell, G., Marco, A.D., Pinto, D., Seattle Structural Genomics Center for Infectious Disease (SSGCID), Veesler, D.	1.67	X-RAY DIFFRACTION	0.203	0.184	False	True	IGHV3	IGLV2	Lambda						sabdab_dataset/8s6m/abangle/8s6m.abangle	sabdab_dataset/8s6m/annotation/8s6m_H_VH.ann	sabdab_dataset/8s6m/annotation/8s6m_L_VL.ann	sabdab_dataset/8s6m/imgt/8s6m_H_H.ann	sabdab_dataset/8s6m/imgt/8s6m_L_L.ann	sabdab_dataset/8s6m/sequence/8s6m_raw.pdb	sabdab_dataset/8s6m/sequence/8s6m_H_VH.fa	sabdab_dataset/8s6m/sequence/8s6m_L_VL.fa	sabdab_dataset/8s6m/structure/8s6m.pdb	sabdab_dataset/8s6m/structure/chothia/8s6m.pdb	True	False	train	2024-10-23	True
8s79	C		0	B	protein		nod-factor receptor 5	PLANT PROTEIN	11/06/24	Lotus japonicus NFR5 intracellular domain in complex with Nanobody 200	Lama glama; Lotus japonicus	lama glama		lotus japonicus	Hansen, S.B., Gysel, K., Andersen, K.R.	2.29	X-RAY DIFFRACTION	0.231	0.196	False	True	IGHV1									sabdab_dataset/8s79/annotation/8s79_C_VH.ann		sabdab_dataset/8s79/imgt/8s79_C_H.ann		sabdab_dataset/8s79/sequence/8s79_raw.pdb	sabdab_dataset/8s79/sequence/8s79_C_VH.fa		sabdab_dataset/8s79/structure/8s79.pdb	sabdab_dataset/8s79/structure/chothia/8s79.pdb	True	True	train	2024-11-06	False
8sdf	B	C	0	A	protein		spike protein s1	IMMUNE SYSTEM	03/13/24	Crystal structure of SARS-CoV-2 receptor binding domain in complex with neutralizing antibody CC25.4	Homo sapiens; Severe acute respiratory syndrome coronavirus 2	homo sapiens	homo sapiens	severe acute respiratory syndrome coronavirus2 	Yuan, M., Wilson, I.A.	1.79	X-RAY DIFFRACTION	0.218	0.186	False	True	IGHV1	IGLV1	Lambda						sabdab_dataset/8sdf/abangle/8sdf.abangle	sabdab_dataset/8sdf/annotation/8sdf_B_VH.ann	sabdab_dataset/8sdf/annotation/8sdf_C_VL.ann	sabdab_dataset/8sdf/imgt/8sdf_B_H.ann	sabdab_dataset/8sdf/imgt/8sdf_C_L.ann	sabdab_dataset/8sdf/sequence/8sdf_raw.pdb	sabdab_dataset/8sdf/sequence/8sdf_B_VH.fa	sabdab_dataset/8sdf/sequence/8sdf_C_VL.fa	sabdab_dataset/8sdf/structure/8sdf.pdb	sabdab_dataset/8sdf/structure/chothia/8sdf.pdb	False	False	train	2024-03-13	True
8sfs	C		0	B	protein		green fluorescent protein	IMMUNE SYSTEM	05/22/24	High Affinity nanobodies against GFP	Aequorea victoria; Lama glama	lama glama		aequorea victoria	Ketaren, N.E., Rout, M.P., Bonnano, J.B., Almo, S.C.	2.37	X-RAY DIFFRACTION	0.218	0.19	False	True	IGHV1									sabdab_dataset/8sfs/annotation/8sfs_C_VH.ann		sabdab_dataset/8sfs/imgt/8sfs_C_H.ann		sabdab_dataset/8sfs/sequence/8sfs_raw.pdb	sabdab_dataset/8sfs/sequence/8sfs_C_VH.fa		sabdab_dataset/8sfs/structure/8sfs.pdb	sabdab_dataset/8sfs/structure/chothia/8sfs.pdb	True	True	validation	2024-05-22	False
8sfx	C		0	A	protein		green fluorescent protein	IMMUNE SYSTEM	05/22/24	High Affinity nanobodies against GFP	Aequorea victoria; Lama glama	lama glama		aequorea victoria	Ketaren, N.E., Rout, M.P., Bonanno, J.B., Almo, S.C.	1.95	X-RAY DIFFRACTION	0.228	0.21	False	True	IGHV1									sabdab_dataset/8sfx/annotation/8sfx_C_VH.ann		sabdab_dataset/8sfx/imgt/8sfx_C_H.ann		sabdab_dataset/8sfx/sequence/8sfx_raw.pdb	sabdab_dataset/8sfx/sequence/8sfx_C_VH.fa		sabdab_dataset/8sfx/structure/8sfx.pdb	sabdab_dataset/8sfx/structure/chothia/8sfx.pdb	True	True	train	2024-05-22	False
8sfz	A		0	F	protein		green fluorescent protein	IMMUNE SYSTEM	05/22/24	High Affinity nanobodies against GFP	Aequorea victoria; Lama glama	lama glama		aequorea victoria	Ketaren, N.E., Rout, M.P., Bonanno, J.B., Almo, S.C.	1.9	X-RAY DIFFRACTION	0.231	0.207	False	True	IGHV1									sabdab_dataset/8sfz/annotation/8sfz_A_VH.ann		sabdab_dataset/8sfz/imgt/8sfz_A_H.ann		sabdab_dataset/8sfz/sequence/8sfz_raw.pdb	sabdab_dataset/8sfz/sequence/8sfz_A_VH.fa		sabdab_dataset/8sfz/structure/8sfz.pdb	sabdab_dataset/8sfz/structure/chothia/8sfz.pdb	True	True	test	2024-05-22	False
8sgn	H	L	0	G	protein		envelope glycoprotein gp350	VIRAL PROTEIN/IMMUNE SYSTEM	04/17/24	Crystal structure of Epstein-Barr virus glycoprotein 350 (gp350) in complex with Cy651H02, a monoclonal antibody isolated from macaques immunized with a gp350 nanoparticle vaccine	Human herpesvirus 4; Macaca fascicularis	macaca fascicularis	macaca fascicularis	human herpesvirus 4	Joyce, M.G., Jensen, J.L., Chen, W.H., Kanekiyo, M.	2.2	X-RAY DIFFRACTION	0.237	0.193	False	True	IGHV4	IGLV2	Lambda						sabdab_dataset/8sgn/abangle/8sgn.abangle	sabdab_dataset/8sgn/annotation/8sgn_H_VH.ann	sabdab_dataset/8sgn/annotation/8sgn_L_VL.ann	sabdab_dataset/8sgn/imgt/8sgn_H_H.ann	sabdab_dataset/8sgn/imgt/8sgn_L_L.ann	sabdab_dataset/8sgn/sequence/8sgn_raw.pdb	sabdab_dataset/8sgn/sequence/8sgn_H_VH.fa	sabdab_dataset/8sgn/sequence/8sgn_L_VL.fa	sabdab_dataset/8sgn/structure/8sgn.pdb	sabdab_dataset/8sgn/structure/chothia/8sgn.pdb	True	False	validation	2024-04-17	True
8siq	H	L	0	A	protein		spike protein s1	IMMUNE SYSTEM	03/13/24	Crystal structure of SARS-CoV-2 spike receptor-binding domain in complex with broadly neutralizing antibodies CC25.36 and CV38-142 Fab	Homo sapiens; Severe acute respiratory syndrome coronavirus 2	homo sapiens	homo sapiens	severe acute respiratory syndrome coronavirus2 	Liu, H., Wilson, I.A.	2.5	X-RAY DIFFRACTION	0.287	0.247	False	True	IGHV3	IGLV1	Lambda						sabdab_dataset/8siq/abangle/8siq.abangle	sabdab_dataset/8siq/annotation/8siq_H_VH.ann	sabdab_dataset/8siq/annotation/8siq_L_VL.ann	sabdab_dataset/8siq/imgt/8siq_H_H.ann	sabdab_dataset/8siq/imgt/8siq_L_L.ann	sabdab_dataset/8siq/sequence/8siq_raw.pdb	sabdab_dataset/8siq/sequence/8siq_H_VH.fa	sabdab_dataset/8siq/sequence/8siq_L_VL.fa	sabdab_dataset/8siq/structure/8siq.pdb	sabdab_dataset/8siq/structure/chothia/8siq.pdb	True	False	train	2024-03-13	True
8sk5	B		0	A	protein		spike protein s1	ANTIVIRAL PROTEIN	08/16/23	Crystal structure of the SARS-CoV-2 neutralizing VHH 7A9 bound to the spike receptor binding domain	Lama glama; Severe acute respiratory syndrome coronavirus 2	lama glama		severe acute respiratory syndrome coronavirus2 	Noland, C.L., Pande, K., Zhang, L., Zhou, H., Galli, J., Eddins, M., Gomez-Llorente, Y.	2.011	X-RAY DIFFRACTION	0.211	0.183	False	True	IGHV1									sabdab_dataset/8sk5/annotation/8sk5_B_VH.ann		sabdab_dataset/8sk5/imgt/8sk5_B_H.ann		sabdab_dataset/8sk5/sequence/8sk5_raw.pdb	sabdab_dataset/8sk5/sequence/8sk5_B_VH.fa		sabdab_dataset/8sk5/structure/8sk5.pdb	sabdab_dataset/8sk5/structure/chothia/8sk5.pdb	True	True	train	2023-08-16	False
8slb	H	L	0	A	protein		cobalt/magnesium transport protein cora	METAL TRANSPORT	06/07/23	X-ray structure of CorA N-terminal domain in complex with conformation-specific synthetic antibody C12	Homo sapiens; Thermotoga maritima MSB8	homo sapiens	homo sapiens	thermotoga maritima msb8	Dominik, P.K., Erramilli, S.K., Reddy, B.G., Kossiakoff, A.A.	2.04	X-RAY DIFFRACTION	0.218	0.166	False	True	IGHV3	IGKV1	Kappa						sabdab_dataset/8slb/abangle/8slb.abangle	sabdab_dataset/8slb/annotation/8slb_H_VH.ann	sabdab_dataset/8slb/annotation/8slb_L_VL.ann	sabdab_dataset/8slb/imgt/8slb_H_H.ann	sabdab_dataset/8slb/imgt/8slb_L_L.ann	sabdab_dataset/8slb/sequence/8slb_raw.pdb	sabdab_dataset/8slb/sequence/8slb_H_VH.fa	sabdab_dataset/8slb/sequence/8slb_L_VL.fa	sabdab_dataset/8slb/structure/8slb.pdb	sabdab_dataset/8slb/structure/chothia/8slb.pdb	True	False	train	2023-06-07	True
8sos	D		0	A	protein		antigen-presenting glycoprotein cd1d	IMMUNE SYSTEM	12/13/23	Human CD1d presenting sphingomyelin C24:1 in complex with VHH nanobody 1D17	Homo sapiens; Lama glama	lama glama		homo sapiens	Shahine, A., Rossjohn, J.	2.33	X-RAY DIFFRACTION	0.23	0.209	False	True	IGHV1									sabdab_dataset/8sos/annotation/8sos_D_VH.ann		sabdab_dataset/8sos/imgt/8sos_D_H.ann		sabdab_dataset/8sos/sequence/8sos_raw.pdb	sabdab_dataset/8sos/sequence/8sos_D_VH.fa		sabdab_dataset/8sos/structure/8sos.pdb	sabdab_dataset/8sos/structure/chothia/8sos.pdb	True	True	train	2023-12-13	False
8sow	C	c	0	A	protein		interleukin-2	CYTOKINE	09/04/24	Structure of the complex formed by human interleukin-2 and scFv F10	Homo sapiens	homo sapiens		homo sapiens	Gould, J.R., Leonard, E.K., Cao, S.D., Spangler, J.B.	1.71	X-RAY DIFFRACTION	0.235	0.216	True	True	unknown	unknown	unknown						sabdab_dataset/8sow/abangle/8sow.abangle	sabdab_dataset/8sow/annotation/8sow_C_VH.ann	sabdab_dataset/8sow/annotation/8sow_C_VL.ann	sabdab_dataset/8sow/imgt/8sow_C_H.ann	sabdab_dataset/8sow/imgt/8sow_C_L.ann	sabdab_dataset/8sow/sequence/8sow_raw.pdb	sabdab_dataset/8sow/sequence/8sow_C_VH.fa	sabdab_dataset/8sow/sequence/8sow_C_VL.fa	sabdab_dataset/8sow/structure/8sow.pdb	sabdab_dataset/8sow/structure/chothia/8sow.pdb	True	True	validation	2024-09-04	True
8soz	C	c	0	A	protein		interleukin-2	CYTOKINE	09/04/24	Structure of the complex formed by human interleukin-2 and scFv 602	Homo sapiens	homo sapiens		homo sapiens	Gould, J.R., Leonard, E.K., Cao, S.D., Spangler, J.B.	1.64	X-RAY DIFFRACTION	0.25	0.219	True	True	unknown	unknown	unknown						sabdab_dataset/8soz/abangle/8soz.abangle	sabdab_dataset/8soz/annotation/8soz_C_VH.ann	sabdab_dataset/8soz/annotation/8soz_C_VL.ann	sabdab_dataset/8soz/imgt/8soz_C_H.ann	sabdab_dataset/8soz/imgt/8soz_C_L.ann	sabdab_dataset/8soz/sequence/8soz_raw.pdb	sabdab_dataset/8soz/sequence/8soz_C_VH.fa	sabdab_dataset/8soz/sequence/8soz_C_VL.fa	sabdab_dataset/8soz/structure/8soz.pdb	sabdab_dataset/8soz/structure/chothia/8soz.pdb	False	False	train	2024-09-04	True
8szy	A	B	0	T	protein		t-cell immunoreceptor with ig and itim domains	IMMUNE SYSTEM,PROTEIN BINDING	09/20/23	Crystal Structure of Heterotrimeric Anti-TIGIT Fabs in complex with human TIGIT	Homo sapiens	homo sapiens	homo sapiens	homo sapiens	Diong, S.J., Lee, P.S.	2.31	X-RAY DIFFRACTION	0.269	0.227	False	True	IGHV1	IGKV1	Kappa						sabdab_dataset/8szy/abangle/8szy.abangle	sabdab_dataset/8szy/annotation/8szy_A_VH.ann	sabdab_dataset/8szy/annotation/8szy_B_VL.ann	sabdab_dataset/8szy/imgt/8szy_A_H.ann	sabdab_dataset/8szy/imgt/8szy_B_L.ann	sabdab_dataset/8szy/sequence/8szy_raw.pdb	sabdab_dataset/8szy/sequence/8szy_A_VH.fa	sabdab_dataset/8szy/sequence/8szy_B_VL.fa	sabdab_dataset/8szy/structure/8szy.pdb	sabdab_dataset/8szy/structure/chothia/8szy.pdb	True	False	train	2023-09-20	True
8tbb	H	L	0	D	protein		t-cell immunoglobulin mucin receptor 3	IMMUNE SYSTEM	08/28/24	F9S, novel TIM-3 targeting antibody, bound to IgV domain of TIM-3	Homo sapiens	homo sapiens	homo sapiens	homo sapiens	Oganesyan, V., van Dyk, N., Mazor, Y., Yang, C.	2.5	X-RAY DIFFRACTION	0.241	0.191	False	True	IGHV3	IGKV1	Kappa						sabdab_dataset/8tbb/abangle/8tbb.abangle	sabdab_dataset/8tbb/annotation/8tbb_H_VH.ann	sabdab_dataset/8tbb/annotation/8tbb_L_VL.ann	sabdab_dataset/8tbb/imgt/8tbb_H_H.ann	sabdab_dataset/8tbb/imgt/8tbb_L_L.ann	sabdab_dataset/8tbb/sequence/8tbb_raw.pdb	sabdab_dataset/8tbb/sequence/8tbb_H_VH.fa	sabdab_dataset/8tbb/sequence/8tbb_L_VL.fa	sabdab_dataset/8tbb/structure/8tbb.pdb	sabdab_dataset/8tbb/structure/chothia/8tbb.pdb	True	False	train	2024-08-28	True
8tft	H	L	0	G	protein		t-cell immunoglobulin mucin receptor 3	IMMUNE SYSTEM	08/28/24	Fab of O13-1 human IgG1 antibody bound to IgV domain of human TIM-3	Homo sapiens	homo sapiens	homo sapiens	homo sapiens	Oganesyan, V.Y., van Dyk, N., Mazor, Y., Yang, C.	2.3	X-RAY DIFFRACTION	0.271	0.244	False	True	IGHV3	IGLV3	Lambda						sabdab_dataset/8tft/abangle/8tft.abangle	sabdab_dataset/8tft/annotation/8tft_H_VH.ann	sabdab_dataset/8tft/annotation/8tft_L_VL.ann	sabdab_dataset/8tft/imgt/8tft_H_H.ann	sabdab_dataset/8tft/imgt/8tft_L_L.ann	sabdab_dataset/8tft/sequence/8tft_raw.pdb	sabdab_dataset/8tft/sequence/8tft_H_VH.fa	sabdab_dataset/8tft/sequence/8tft_L_VL.fa	sabdab_dataset/8tft/structure/8tft.pdb	sabdab_dataset/8tft/structure/chothia/8tft.pdb	True	False	train	2024-08-28	True
8trs	A	G	0	D	protein		ephrin type-a receptor 2	SIGNALING PROTEIN/IMMUNE SYSTEM	11/22/23	Structure of the EphA2 CRD bound to FabS1CE_C1, trigonal form	Homo sapiens	homo sapiens	homo sapiens	homo sapiens	Singer, A.U., Bruce, H.A., Blazer, L., Adams, J.J., Sicheri, F., Sidhu, S.S.	1.9	X-RAY DIFFRACTION	0.214	0.18	False	True	IGHV3	IGKV1	Kappa						sabdab_dataset/8trs/abangle/8trs.abangle	sabdab_dataset/8trs/annotation/8trs_A_VH.ann	sabdab_dataset/8trs/annotation/8trs_G_VL.ann	sabdab_dataset/8trs/imgt/8trs_A_H.ann	sabdab_dataset/8trs/imgt/8trs_G_L.ann	sabdab_dataset/8trs/sequence/8trs_raw.pdb	sabdab_dataset/8trs/sequence/8trs_A_VH.fa	sabdab_dataset/8trs/sequence/8trs_G_VL.fa	sabdab_dataset/8trs/structure/8trs.pdb	sabdab_dataset/8trs/structure/chothia/8trs.pdb	False	False	train	2023-11-22	True
8ts0	H	L	0	A	protein		asialoglycoprotein receptor 1	SUGAR BINDING PROTEIN/IMMUNE SYSTEM	06/19/24	Crystal Structure of human ASGR1 CRD (Carbohydrate Recognition Domain) bound to 8M24 Fab	Homo sapiens	homo sapiens	homo sapiens	homo sapiens	Sampathkumar, P., Li, Y.	1.7	X-RAY DIFFRACTION	0.205	0.173	False	True	IGHV1	IGKV1	Kappa						sabdab_dataset/8ts0/abangle/8ts0.abangle	sabdab_dataset/8ts0/annotation/8ts0_H_VH.ann	sabdab_dataset/8ts0/annotation/8ts0_L_VL.ann	sabdab_dataset/8ts0/imgt/8ts0_H_H.ann	sabdab_dataset/8ts0/imgt/8ts0_L_L.ann	sabdab_dataset/8ts0/sequence/8ts0_raw.pdb	sabdab_dataset/8ts0/sequence/8ts0_H_VH.fa	sabdab_dataset/8ts0/sequence/8ts0_L_VL.fa	sabdab_dataset/8ts0/structure/8ts0.pdb	sabdab_dataset/8ts0/structure/chothia/8ts0.pdb	True	False	train	2024-06-19	True
8tuz	H	L	0	A	protein		outer surface protein a	IMMUNE SYSTEM	08/28/24	Fab 857-2 in complex with OspA	Borreliella burgdorferi; Homo sapiens	homo sapiens	homo sapiens	borreliella burgdorferi	Rudolph, M.J., Mantis, N.	2.186	X-RAY DIFFRACTION	0.239	0.177	False	True	IGHV5	IGKV1	Kappa						sabdab_dataset/8tuz/abangle/8tuz.abangle	sabdab_dataset/8tuz/annotation/8tuz_H_VH.ann	sabdab_dataset/8tuz/annotation/8tuz_L_VL.ann	sabdab_dataset/8tuz/imgt/8tuz_H_H.ann	sabdab_dataset/8tuz/imgt/8tuz_L_L.ann	sabdab_dataset/8tuz/sequence/8tuz_raw.pdb	sabdab_dataset/8tuz/sequence/8tuz_H_VH.fa	sabdab_dataset/8tuz/sequence/8tuz_L_VL.fa	sabdab_dataset/8tuz/structure/8tuz.pdb	sabdab_dataset/8tuz/structure/chothia/8tuz.pdb	True	False	train	2024-08-28	True
8tv3	H	L	0	A	protein		outer surface protein a	IMMUNE SYSTEM	08/28/24	Fab 221-5 in complex with OspA	Borreliella burgdorferi B31; Homo sapiens	homo sapiens	homo sapiens	borreliella burgdorferi b31	Rudolph, M.J., Mantis, N.	2.312	X-RAY DIFFRACTION	0.227	0.199	False	True	IGHV5	IGKV3	Kappa						sabdab_dataset/8tv3/abangle/8tv3.abangle	sabdab_dataset/8tv3/annotation/8tv3_H_VH.ann	sabdab_dataset/8tv3/annotation/8tv3_L_VL.ann	sabdab_dataset/8tv3/imgt/8tv3_H_H.ann	sabdab_dataset/8tv3/imgt/8tv3_L_L.ann	sabdab_dataset/8tv3/sequence/8tv3_raw.pdb	sabdab_dataset/8tv3/sequence/8tv3_H_VH.fa	sabdab_dataset/8tv3/sequence/8tv3_L_VL.fa	sabdab_dataset/8tv3/structure/8tv3.pdb	sabdab_dataset/8tv3/structure/chothia/8tv3.pdb	False	False	train	2024-08-28	True
8u08	H	L	0	C	protein		10e8-gt11 epitope scaffold	IMMUNE SYSTEM	06/12/24	Crystal structure of 10E8-GT11 scaffold in complex with a human 10E8 inferred germline (10E8-iGL1)	Homo sapiens	homo sapiens	homo sapiens	homo sapiens	Irimia, A., Wilson, I.A.	1.98	X-RAY DIFFRACTION	0.236	0.186	False	True	IGHV3	IGLV3	Lambda						sabdab_dataset/8u08/abangle/8u08.abangle	sabdab_dataset/8u08/annotation/8u08_H_VH.ann	sabdab_dataset/8u08/annotation/8u08_L_VL.ann	sabdab_dataset/8u08/imgt/8u08_H_H.ann	sabdab_dataset/8u08/imgt/8u08_L_L.ann	sabdab_dataset/8u08/sequence/8u08_raw.pdb	sabdab_dataset/8u08/sequence/8u08_H_VH.fa	sabdab_dataset/8u08/sequence/8u08_L_VL.fa	sabdab_dataset/8u08/structure/8u08.pdb	sabdab_dataset/8u08/structure/chothia/8u08.pdb	False	False	train	2024-06-12	True
8u3s	B		0	A	protein		tudor-interacting repair regulator protein	RNA BINDING PROTEIN	09/04/24	Structure of human TIRR in complex with VHH4 nanobody	Homo sapiens; Lama glama	lama glama		homo sapiens	Botuyan, M.V., Mer, G.	1.85	X-RAY DIFFRACTION	0.271	0.214	False	True	IGHV3									sabdab_dataset/8u3s/annotation/8u3s_B_VH.ann		sabdab_dataset/8u3s/imgt/8u3s_B_H.ann		sabdab_dataset/8u3s/sequence/8u3s_raw.pdb	sabdab_dataset/8u3s/sequence/8u3s_B_VH.fa		sabdab_dataset/8u3s/structure/8u3s.pdb	sabdab_dataset/8u3s/structure/chothia/8u3s.pdb	True	True	train	2024-09-04	False
8udz	C	D	0	B	protein		transforming growth factor beta-1 proprotein	SIGNALING PROTEIN/IMMUNE SYSTEM	07/17/24	The Structure of LTBP-49247 Fab Bound to TGFbeta1 Small Latent Complex	Homo sapiens	homo sapiens	homo sapiens	homo sapiens	Streich Jr., F.C., Nicholls, S.B., Boston, C.J., Ramachandran, S.	2.21	X-RAY DIFFRACTION	0.264	0.232	False	True	IGHV3	IGLV6	Lambda						sabdab_dataset/8udz/abangle/8udz.abangle	sabdab_dataset/8udz/annotation/8udz_C_VH.ann	sabdab_dataset/8udz/annotation/8udz_D_VL.ann	sabdab_dataset/8udz/imgt/8udz_C_H.ann	sabdab_dataset/8udz/imgt/8udz_D_L.ann	sabdab_dataset/8udz/sequence/8udz_raw.pdb	sabdab_dataset/8udz/sequence/8udz_C_VH.fa	sabdab_dataset/8udz/sequence/8udz_D_VL.fa	sabdab_dataset/8udz/structure/8udz.pdb	sabdab_dataset/8udz/structure/chothia/8udz.pdb	True	False	train	2024-07-17	True
8uky	B	A	0	D	protein		bcl-2 homologous antagonist/killer	APOPTOSIS/INHIBITOR	04/10/24	Crystal structure of BAK in complex with inhibiting antibody 14G6	Homo sapiens	homo sapiens	homo sapiens	homo sapiens	Miller, M.S., Czabotar, P.E.	2.398	X-RAY DIFFRACTION	0.252	0.215	False	True	IGHV1	IGKV6	Kappa						sabdab_dataset/8uky/abangle/8uky.abangle	sabdab_dataset/8uky/annotation/8uky_B_VH.ann	sabdab_dataset/8uky/annotation/8uky_A_VL.ann	sabdab_dataset/8uky/imgt/8uky_B_H.ann	sabdab_dataset/8uky/imgt/8uky_A_L.ann	sabdab_dataset/8uky/sequence/8uky_raw.pdb	sabdab_dataset/8uky/sequence/8uky_B_VH.fa	sabdab_dataset/8uky/sequence/8uky_A_VL.fa	sabdab_dataset/8uky/structure/8uky.pdb	sabdab_dataset/8uky/structure/chothia/8uky.pdb	False	False	validation	2024-04-10	True
8up2	A	B	0	C	protein		factor h binding protein, sequence variant id 1	IMMUNE SYSTEM	10/16/24	Murine Fab JAR 4 bound to meningococcal Factor H binding protein	Mus musculus; Neisseria meningitidis	mus musculus	mus musculus	neisseria meningitidis	Beernink, P.T., Beernink, B.P.	1.6	X-RAY DIFFRACTION	0.212	0.187	False	True	IGHV1	IGKV1	Kappa						sabdab_dataset/8up2/abangle/8up2.abangle	sabdab_dataset/8up2/annotation/8up2_A_VH.ann	sabdab_dataset/8up2/annotation/8up2_B_VL.ann	sabdab_dataset/8up2/imgt/8up2_A_H.ann	sabdab_dataset/8up2/imgt/8up2_B_L.ann	sabdab_dataset/8up2/sequence/8up2_raw.pdb	sabdab_dataset/8up2/sequence/8up2_A_VH.fa	sabdab_dataset/8up2/sequence/8up2_B_VL.fa	sabdab_dataset/8up2/structure/8up2.pdb	sabdab_dataset/8up2/structure/chothia/8up2.pdb	True	False	train	2024-10-16	True
8urf	H	L	0	A	protein		asialoglycoprotein receptor 2	SUGAR BINDING PROTEIN	06/19/24	Crystal Structure of human ASGR2 CRD (Carbohydrate Recognition Domain) bound to 8G8 Fab	Homo sapiens	homo sapiens	homo sapiens	homo sapiens	Sampathumar, P., Li, Y.	1.9	X-RAY DIFFRACTION	0.204	0.166	False	True	IGHV1	IGKV12	Kappa						sabdab_dataset/8urf/abangle/8urf.abangle	sabdab_dataset/8urf/annotation/8urf_H_VH.ann	sabdab_dataset/8urf/annotation/8urf_L_VL.ann	sabdab_dataset/8urf/imgt/8urf_H_H.ann	sabdab_dataset/8urf/imgt/8urf_L_L.ann	sabdab_dataset/8urf/sequence/8urf_raw.pdb	sabdab_dataset/8urf/sequence/8urf_H_VH.fa	sabdab_dataset/8urf/sequence/8urf_L_VL.fa	sabdab_dataset/8urf/structure/8urf.pdb	sabdab_dataset/8urf/structure/chothia/8urf.pdb	True	False	train	2024-06-19	True
8uvy	B		0	A	protein		rac-alpha serine/threonine-protein kinase	TRANSFERASE/INHIBITOR	09/04/24	Structure of AKT1(E17K) with compound 3	Homo sapiens; Lama glama	lama glama		homo sapiens	Craven, G.B., Taunton, J.	2.11	X-RAY DIFFRACTION	0.255	0.206	False	True	IGHV1									sabdab_dataset/8uvy/annotation/8uvy_B_VH.ann		sabdab_dataset/8uvy/imgt/8uvy_B_H.ann		sabdab_dataset/8uvy/sequence/8uvy_raw.pdb	sabdab_dataset/8uvy/sequence/8uvy_B_VH.fa		sabdab_dataset/8uvy/structure/8uvy.pdb	sabdab_dataset/8uvy/structure/chothia/8uvy.pdb	True	True	train	2024-09-04	False
8uw2	B		0	A	protein		rac-alpha serine/threonine-protein kinase	TRANSFERASE/INHIBITOR	09/04/24	Structure of AKT1(E17K) with compound 3 (zinc-free)	Homo sapiens; Lama glama	lama glama		homo sapiens	Craven, G.B., Taunton, J.	2.2	X-RAY DIFFRACTION	0.279	0.22	False	True	IGHV1									sabdab_dataset/8uw2/annotation/8uw2_B_VH.ann		sabdab_dataset/8uw2/imgt/8uw2_B_H.ann		sabdab_dataset/8uw2/sequence/8uw2_raw.pdb	sabdab_dataset/8uw2/sequence/8uw2_B_VH.fa		sabdab_dataset/8uw2/structure/8uw2.pdb	sabdab_dataset/8uw2/structure/chothia/8uw2.pdb	False	False	train	2024-09-04	False
8uw7	B		0	A	protein		rac-alpha serine/threonine-protein kinase	TRANSFERASE/INHIBITOR	09/04/24	Structure of AKT1(WT) with compound 3	Homo sapiens; Lama glama	lama glama		homo sapiens	Craven, G.B., Taunton, J.	1.972	X-RAY DIFFRACTION	0.265	0.218	False	True	IGHV1									sabdab_dataset/8uw7/annotation/8uw7_B_VH.ann		sabdab_dataset/8uw7/imgt/8uw7_B_H.ann		sabdab_dataset/8uw7/sequence/8uw7_raw.pdb	sabdab_dataset/8uw7/sequence/8uw7_B_VH.fa		sabdab_dataset/8uw7/structure/8uw7.pdb	sabdab_dataset/8uw7/structure/chothia/8uw7.pdb	False	False	train	2024-09-04	False
8uw9	B		0	A	protein		rac-alpha serine/threonine-protein kinase	TRANSFERASE/INHIBITOR	09/04/24	Structure of AKT1(E17K) with compound 4	Homo sapiens; Lama glama	lama glama		homo sapiens	Craven, G.B., Taunton, J.	1.9	X-RAY DIFFRACTION	0.245	0.205	False	True	IGHV1									sabdab_dataset/8uw9/annotation/8uw9_B_VH.ann		sabdab_dataset/8uw9/imgt/8uw9_B_H.ann		sabdab_dataset/8uw9/sequence/8uw9_raw.pdb	sabdab_dataset/8uw9/sequence/8uw9_B_VH.fa		sabdab_dataset/8uw9/structure/8uw9.pdb	sabdab_dataset/8uw9/structure/chothia/8uw9.pdb	False	False	train	2024-09-04	False
8v13	H	L	0	T	protein		short neurotoxin 1	ANTITOXIN/IMMUNE SYSTEM	01/29/25	Crystal structure of Black mamba toxin in complex with Centi-SNX-B03 antibody	Dendraspis polylepis polylepis; Homo sapiens	homo sapiens	homo sapiens	dendraspis polylepis polylepis	Pletnev, S., Glanville, J., Kwong, P.D.	1.8	X-RAY DIFFRACTION	0.229	0.181	False	True	IGHV3	IGLV3	Lambda						sabdab_dataset/8v13/abangle/8v13.abangle	sabdab_dataset/8v13/annotation/8v13_H_VH.ann	sabdab_dataset/8v13/annotation/8v13_L_VL.ann	sabdab_dataset/8v13/imgt/8v13_H_H.ann	sabdab_dataset/8v13/imgt/8v13_L_L.ann	sabdab_dataset/8v13/sequence/8v13_raw.pdb	sabdab_dataset/8v13/sequence/8v13_H_VH.fa	sabdab_dataset/8v13/sequence/8v13_L_VL.fa	sabdab_dataset/8v13/structure/8v13.pdb	sabdab_dataset/8v13/structure/chothia/8v13.pdb	True	False	validation	2025-01-29	True
8v52	D	C	0	B	protein		transforming growth factor beta-3	CYTOKINE/IMMUNE SYSTEM	04/10/24	Crystal structure of 2A10 Fab bound to Human TGF-beta3	Homo sapiens	homo sapiens	homo sapiens	homo sapiens	Yin, J., Lupardus, P.J.	2.5	X-RAY DIFFRACTION	0.269	0.221	False	True	IGHV3	IGKV1	Kappa						sabdab_dataset/8v52/abangle/8v52.abangle	sabdab_dataset/8v52/annotation/8v52_D_VH.ann	sabdab_dataset/8v52/annotation/8v52_C_VL.ann	sabdab_dataset/8v52/imgt/8v52_D_H.ann	sabdab_dataset/8v52/imgt/8v52_C_L.ann	sabdab_dataset/8v52/sequence/8v52_raw.pdb	sabdab_dataset/8v52/sequence/8v52_D_VH.fa	sabdab_dataset/8v52/sequence/8v52_C_VL.fa	sabdab_dataset/8v52/structure/8v52.pdb	sabdab_dataset/8v52/structure/chothia/8v52.pdb	True	False	train	2024-04-10	True
8v5q	H	L	0	G	protein		envelope glycoprotein e	VIRAL PROTEIN	12/11/24	Varicella Zoster Virus (VZV) glycoprotein E (gE) gI binding domain in complex with human Fab 1E3	Homo sapiens; Human alphaherpesvirus 3	homo sapiens	homo sapiens	human alphaherpesvirus 3	Holzapfel, G., Seraj, N., Harshbarger, W.	1.9	X-RAY DIFFRACTION	0.233	0.226	False	True	IGHV4	IGKV1	Kappa						sabdab_dataset/8v5q/abangle/8v5q.abangle	sabdab_dataset/8v5q/annotation/8v5q_H_VH.ann	sabdab_dataset/8v5q/annotation/8v5q_L_VL.ann	sabdab_dataset/8v5q/imgt/8v5q_H_H.ann	sabdab_dataset/8v5q/imgt/8v5q_L_L.ann	sabdab_dataset/8v5q/sequence/8v5q_raw.pdb	sabdab_dataset/8v5q/sequence/8v5q_H_VH.fa	sabdab_dataset/8v5q/sequence/8v5q_L_VL.fa	sabdab_dataset/8v5q/structure/8v5q.pdb	sabdab_dataset/8v5q/structure/chothia/8v5q.pdb	True	False	train	2024-12-11	True
8vrs	C	c	0	B	protein		maltose/maltodextrin-binding periplasmic protein,mucin-16	ONCOPROTEIN/IMMUNE SYSTEM	04/03/24	Mucin 16 peptide fused to MBP in complex with 4H11-scFv antibody	Escherichia coli; Homo sapiens; Mus musculus	mus musculus		escherichia coli, homo sapiens	Lee, K., Perry, K., Yeku, O.O., Spriggs, D.R.	2.47	X-RAY DIFFRACTION	0.237	0.192	True	True	unknown	unknown	unknown						sabdab_dataset/8vrs/abangle/8vrs.abangle	sabdab_dataset/8vrs/annotation/8vrs_C_VH.ann	sabdab_dataset/8vrs/annotation/8vrs_C_VL.ann	sabdab_dataset/8vrs/imgt/8vrs_C_H.ann	sabdab_dataset/8vrs/imgt/8vrs_C_L.ann	sabdab_dataset/8vrs/sequence/8vrs_raw.pdb	sabdab_dataset/8vrs/sequence/8vrs_C_VH.fa	sabdab_dataset/8vrs/sequence/8vrs_C_VL.fa	sabdab_dataset/8vrs/structure/8vrs.pdb	sabdab_dataset/8vrs/structure/chothia/8vrs.pdb	True	True	test	2024-04-03	True
8vtd	B	A	0	C	protein		t-cell immunoreceptor with ig and itim domains	IMMUNE SYSTEM	07/02/25	Co-structure of the Fab of the anti-TIGIT Vibostolimab antibody with its antigen	Homo sapiens; Mus musculus	homo sapiens	mus musculus	homo sapiens	Fischmann, T.	1.23	X-RAY DIFFRACTION	0.204	0.185	False	True	IGHV1	IGKV1	Kappa						sabdab_dataset/8vtd/abangle/8vtd.abangle	sabdab_dataset/8vtd/annotation/8vtd_B_VH.ann	sabdab_dataset/8vtd/annotation/8vtd_A_VL.ann	sabdab_dataset/8vtd/imgt/8vtd_B_H.ann	sabdab_dataset/8vtd/imgt/8vtd_A_L.ann	sabdab_dataset/8vtd/sequence/8vtd_raw.pdb	sabdab_dataset/8vtd/sequence/8vtd_B_VH.fa	sabdab_dataset/8vtd/sequence/8vtd_A_VL.fa	sabdab_dataset/8vtd/structure/8vtd.pdb	sabdab_dataset/8vtd/structure/chothia/8vtd.pdb	True	False	test	2025-07-02	True
8vte	B	A	0	E	protein		t-cell immunoreceptor with ig and itim domains	IMMUNE SYSTEM	05/28/25	Co-structure of the Fab of the anti-TIGIT Vibostolimab antibody with its antigen	Homo sapiens; Mus musculus	mus musculus	mus musculus	homo sapiens	Fischmann, T., Bahmanjah, S.	2.29	X-RAY DIFFRACTION	0.268	0.229	False	True	IGHV6	IGKV4	Kappa						sabdab_dataset/8vte/abangle/8vte.abangle	sabdab_dataset/8vte/annotation/8vte_B_VH.ann	sabdab_dataset/8vte/annotation/8vte_A_VL.ann	sabdab_dataset/8vte/imgt/8vte_B_H.ann	sabdab_dataset/8vte/imgt/8vte_A_L.ann	sabdab_dataset/8vte/sequence/8vte_raw.pdb	sabdab_dataset/8vte/sequence/8vte_B_VH.fa	sabdab_dataset/8vte/sequence/8vte_A_VL.fa	sabdab_dataset/8vte/structure/8vte.pdb	sabdab_dataset/8vte/structure/chothia/8vte.pdb	True	False	train	2025-05-28	True
8vui	A	G	0	D	protein		erythropoietin receptor	IMMUNE SYSTEM	07/10/24	Structure of FabS1CE-EPR-1, an elbow-locked Fab, in complex with the erythropoeitin receptor	Homo sapiens	homo sapiens	homo sapiens	homo sapiens	Singer, A.U., Bruce, H.A., Blazer, L., Adams, J.J., Sidhu, S.S.	2.1	X-RAY DIFFRACTION	0.24	0.197	False	True	IGHV3	IGKV1	Kappa						sabdab_dataset/8vui/abangle/8vui.abangle	sabdab_dataset/8vui/annotation/8vui_A_VH.ann	sabdab_dataset/8vui/annotation/8vui_G_VL.ann	sabdab_dataset/8vui/imgt/8vui_A_H.ann	sabdab_dataset/8vui/imgt/8vui_G_L.ann	sabdab_dataset/8vui/sequence/8vui_raw.pdb	sabdab_dataset/8vui/sequence/8vui_A_VH.fa	sabdab_dataset/8vui/sequence/8vui_G_VL.fa	sabdab_dataset/8vui/structure/8vui.pdb	sabdab_dataset/8vui/structure/chothia/8vui.pdb	False	False	train	2024-07-10	True
8vvl	H	L	0	A	protein		gp38	VIRAL PROTEIN/IMMUNE SYSTEM	07/17/24	CCHFV GP38 bound to c13G8 Fab	Crimean-Congo hemorrhagic fever virus; Mus musculus	mus musculus	mus musculus	crimean-congo hemorrhagic fever virus	Hjorth, C.K., Mishra, A.K., McLellan, J.S.	1.8	X-RAY DIFFRACTION	0.215	0.2	False	True	IGHV2	IGKV4	Kappa						sabdab_dataset/8vvl/abangle/8vvl.abangle	sabdab_dataset/8vvl/annotation/8vvl_H_VH.ann	sabdab_dataset/8vvl/annotation/8vvl_L_VL.ann	sabdab_dataset/8vvl/imgt/8vvl_H_H.ann	sabdab_dataset/8vvl/imgt/8vvl_L_L.ann	sabdab_dataset/8vvl/sequence/8vvl_raw.pdb	sabdab_dataset/8vvl/sequence/8vvl_H_VH.fa	sabdab_dataset/8vvl/sequence/8vvl_L_VL.fa	sabdab_dataset/8vvl/structure/8vvl.pdb	sabdab_dataset/8vvl/structure/chothia/8vvl.pdb	True	False	train	2024-07-17	True
8w0w	H	L	0	C	protein		envelope glycoprotein e2	IMMUNE SYSTEM/VIRAL PROTEIN	03/27/24	Crystal structure of broadly neutralizing antibody hcab64 in complex with Hepatitis C virus envelope glycoprotein E2 ectodomain	Hepacivirus hominis; Homo sapiens	homo sapiens	homo sapiens	hepacivirus hominis	Flyak, A.I., Wilcox, X.E.	2.13	X-RAY DIFFRACTION	0.224	0.195	False	True	IGHV1	IGKV3	Kappa						sabdab_dataset/8w0w/abangle/8w0w.abangle	sabdab_dataset/8w0w/annotation/8w0w_H_VH.ann	sabdab_dataset/8w0w/annotation/8w0w_L_VL.ann	sabdab_dataset/8w0w/imgt/8w0w_H_H.ann	sabdab_dataset/8w0w/imgt/8w0w_L_L.ann	sabdab_dataset/8w0w/sequence/8w0w_raw.pdb	sabdab_dataset/8w0w/sequence/8w0w_H_VH.fa	sabdab_dataset/8w0w/sequence/8w0w_L_VL.fa	sabdab_dataset/8w0w/structure/8w0w.pdb	sabdab_dataset/8w0w/structure/chothia/8w0w.pdb	True	False	train	2024-03-27	True
8w90	A		0	B	protein		t-cell surface glycoprotein cd4	ANTIVIRAL PROTEIN/IMMUNE SYSTEM	09/04/24	crystal structure of CD4-D1D2 with Nb457	Homo sapiens; Vicugna pacos	vicugna pacos		homo sapiens	Wang, X.Y., Wang, Y.X.	1.81	X-RAY DIFFRACTION	0.206	0.186	False	True	IGHV1									sabdab_dataset/8w90/annotation/8w90_A_VH.ann		sabdab_dataset/8w90/imgt/8w90_A_H.ann		sabdab_dataset/8w90/sequence/8w90_raw.pdb	sabdab_dataset/8w90/sequence/8w90_A_VH.fa		sabdab_dataset/8w90/structure/8w90.pdb	sabdab_dataset/8w90/structure/chothia/8w90.pdb	True	True	validation	2024-09-04	False
8weo	C		0	B	protein		fragilysin	TOXIN/IMMUNE SYSTEM	09/25/24	Bacteroides fragilis toxin in complex with neutralization nanobody	Bacteroides fragilis; Vicugna pacos	vicugna pacos		bacteroides fragilis	Guo, Y., Wen, Y.	1.5	X-RAY DIFFRACTION	0.197	0.171	False	True	IGHV1									sabdab_dataset/8weo/annotation/8weo_C_VH.ann		sabdab_dataset/8weo/imgt/8weo_C_H.ann		sabdab_dataset/8weo/sequence/8weo_raw.pdb	sabdab_dataset/8weo/sequence/8weo_C_VH.fa		sabdab_dataset/8weo/structure/8weo.pdb	sabdab_dataset/8weo/structure/chothia/8weo.pdb	True	True	train	2024-09-25	False
8x0t	H	L	0	A	protein		frizzled-8	SIGNALING PROTEIN/IMMUNE SYSTEM	11/22/23	Frizzled8 CRD in complex with pF8_AC3 Fab	Homo sapiens; synthetic construct	synthetic construct	synthetic construct	homo sapiens	Li, N., Ge, Q.	2.5	X-RAY DIFFRACTION	0.29	0.238	False	True	IGHV3	IGLV3	Lambda						sabdab_dataset/8x0t/abangle/8x0t.abangle	sabdab_dataset/8x0t/annotation/8x0t_H_VH.ann	sabdab_dataset/8x0t/annotation/8x0t_L_VL.ann	sabdab_dataset/8x0t/imgt/8x0t_H_H.ann	sabdab_dataset/8x0t/imgt/8x0t_L_L.ann	sabdab_dataset/8x0t/sequence/8x0t_raw.pdb	sabdab_dataset/8x0t/sequence/8x0t_H_VH.fa	sabdab_dataset/8x0t/sequence/8x0t_L_VL.fa	sabdab_dataset/8x0t/structure/8x0t.pdb	sabdab_dataset/8x0t/structure/chothia/8x0t.pdb	True	False	train	2023-11-22	True
8x0y	E	F	0	B	protein		spike protein s1	VIRAL PROTEIN/IMMUNE SYSTEM	06/05/24	Crystal structure of JM-1A in complex with SARS-CoV-2 RBD	Homo sapiens; Severe acute respiratory syndrome coronavirus 2	homo sapiens	homo sapiens	severe acute respiratory syndrome coronavirus2 	Mohapatra, A., Chen, X.	1.94	X-RAY DIFFRACTION	0.223	0.194	False	True	IGHV4	IGKV1	Kappa						sabdab_dataset/8x0y/abangle/8x0y.abangle	sabdab_dataset/8x0y/annotation/8x0y_E_VH.ann	sabdab_dataset/8x0y/annotation/8x0y_F_VL.ann	sabdab_dataset/8x0y/imgt/8x0y_E_H.ann	sabdab_dataset/8x0y/imgt/8x0y_F_L.ann	sabdab_dataset/8x0y/sequence/8x0y_raw.pdb	sabdab_dataset/8x0y/sequence/8x0y_E_VH.fa	sabdab_dataset/8x0y/sequence/8x0y_F_VL.fa	sabdab_dataset/8x0y/structure/8x0y.pdb	sabdab_dataset/8x0y/structure/chothia/8x0y.pdb	True	False	train	2024-06-05	True
8xk6	H	L	0	A	protein		envelopment polyprotein	VIRAL PROTEIN	07/10/24	S2A5 Fab bound to SFTSV glycoprotein Gn	Mus musculus; Severe fever with thrombocytopenia syndrome virus	mus musculus	mus musculus	severe fever with thrombocytopenia syndromevirus 	Deng, Z.	2.45	X-RAY DIFFRACTION	0.25	0.231	False	True	IGHV1	IGKV3	Kappa						sabdab_dataset/8xk6/abangle/8xk6.abangle	sabdab_dataset/8xk6/annotation/8xk6_H_VH.ann	sabdab_dataset/8xk6/annotation/8xk6_L_VL.ann	sabdab_dataset/8xk6/imgt/8xk6_H_H.ann	sabdab_dataset/8xk6/imgt/8xk6_L_L.ann	sabdab_dataset/8xk6/sequence/8xk6_raw.pdb	sabdab_dataset/8xk6/sequence/8xk6_H_VH.fa	sabdab_dataset/8xk6/sequence/8xk6_L_VL.fa	sabdab_dataset/8xk6/structure/8xk6.pdb	sabdab_dataset/8xk6/structure/chothia/8xk6.pdb	True	False	train	2024-07-10	True
8y9t	B		0	A	protein		albumin	PROTEIN BINDING	02/12/25	Crystal structure of nanobody MY6322 bound to human serum albumin (HSA)	Homo sapiens; Vicugna pacos	vicugna pacos		homo sapiens	Ding, Y., Zhong, P.Y.	2.4	X-RAY DIFFRACTION	0.324	0.263	False	True	IGHV3									sabdab_dataset/8y9t/annotation/8y9t_B_VH.ann		sabdab_dataset/8y9t/imgt/8y9t_B_H.ann		sabdab_dataset/8y9t/sequence/8y9t_raw.pdb	sabdab_dataset/8y9t/sequence/8y9t_B_VH.fa		sabdab_dataset/8y9t/structure/8y9t.pdb	sabdab_dataset/8y9t/structure/chothia/8y9t.pdb	True	True	train	2025-02-12	False
8ybl	B		0	A	protein		enterotoxin type b	ANTITOXIN	12/25/24	Crystal structure of nanobody SEB-Nb3 bound to staphylococcal enterotoxin B (SEB)	Staphylococcus aureus; Vicugna pacos	vicugna pacos		staphylococcus aureus	Ding, Y., Zong, X., Liu, R., Liu, P.	2.33	X-RAY DIFFRACTION	0.262	0.223	False	True	IGHV1									sabdab_dataset/8ybl/annotation/8ybl_B_VH.ann		sabdab_dataset/8ybl/imgt/8ybl_B_H.ann		sabdab_dataset/8ybl/sequence/8ybl_raw.pdb	sabdab_dataset/8ybl/sequence/8ybl_B_VH.fa		sabdab_dataset/8ybl/structure/8ybl.pdb	sabdab_dataset/8ybl/structure/chothia/8ybl.pdb	True	True	train	2024-12-25	False
8ybm	B		0	A	protein		enterotoxin type b	ANTITOXIN	12/25/24	Crystal structure of nanobody SEB-Nb6 bound to staphylococcal enterotoxin B (SEB)	Staphylococcus aureus; Vicugna pacos	vicugna pacos		staphylococcus aureus	Ding, Y., Zong, X., Liu, R., Liu, P.	2.04	X-RAY DIFFRACTION	0.259	0.213	False	True	IGHV1									sabdab_dataset/8ybm/annotation/8ybm_B_VH.ann		sabdab_dataset/8ybm/imgt/8ybm_B_H.ann		sabdab_dataset/8ybm/sequence/8ybm_raw.pdb	sabdab_dataset/8ybm/sequence/8ybm_B_VH.fa		sabdab_dataset/8ybm/structure/8ybm.pdb	sabdab_dataset/8ybm/structure/chothia/8ybm.pdb	True	True	train	2024-12-25	False
8ybn	B		0	A	protein		enterotoxin type b	ANTITOXIN	12/25/24	Crystal structure of nanobody SEB-Nb8 bound to staphylococcal enterotoxin B (SEB)	Staphylococcus aureus; Vicugna pacos	vicugna pacos		staphylococcus aureus	Ding, Y., Zong, X., Liu, R., Liu, P.	2.18	X-RAY DIFFRACTION	0.281	0.232	False	True	IGHV1									sabdab_dataset/8ybn/annotation/8ybn_B_VH.ann		sabdab_dataset/8ybn/imgt/8ybn_B_H.ann		sabdab_dataset/8ybn/sequence/8ybn_raw.pdb	sabdab_dataset/8ybn/sequence/8ybn_B_VH.fa		sabdab_dataset/8ybn/structure/8ybn.pdb	sabdab_dataset/8ybn/structure/chothia/8ybn.pdb	True	True	validation	2024-12-25	False
8ybo	B		0	A	protein		enterotoxin type b	ANTITOXIN	12/25/24	Crystal structure of nanobody SEB-Nb11 bound to staphylococcal enterotoxin B (SEB)	Staphylococcus aureus; Vicugna pacos	vicugna pacos		staphylococcus aureus	Ding, Y., Zong, X., Liu, R., Liu, P.	1.59	X-RAY DIFFRACTION	0.284	0.261	False	True	IGHV3									sabdab_dataset/8ybo/annotation/8ybo_B_VH.ann		sabdab_dataset/8ybo/imgt/8ybo_B_H.ann		sabdab_dataset/8ybo/sequence/8ybo_raw.pdb	sabdab_dataset/8ybo/sequence/8ybo_B_VH.fa		sabdab_dataset/8ybo/structure/8ybo.pdb	sabdab_dataset/8ybo/structure/chothia/8ybo.pdb	True	True	train	2024-12-25	False
8ybp	B		0	A	protein		enterotoxin type b	ANTITOXIN	12/25/24	Crystal structure of nanobody SEB-Nb20 bound to staphylococcal enterotoxin B (SEB)	Staphylococcus aureus; Vicugna pacos	vicugna pacos		staphylococcus aureus	Ding, Y., Zong, X., Liu, R., Liu, P.	2.08	X-RAY DIFFRACTION	0.253	0.22	False	True	IGHV1									sabdab_dataset/8ybp/annotation/8ybp_B_VH.ann		sabdab_dataset/8ybp/imgt/8ybp_B_H.ann		sabdab_dataset/8ybp/sequence/8ybp_raw.pdb	sabdab_dataset/8ybp/sequence/8ybp_B_VH.fa		sabdab_dataset/8ybp/structure/8ybp.pdb	sabdab_dataset/8ybp/structure/chothia/8ybp.pdb	True	True	train	2024-12-25	False
8yj8	D		0	B	protein		iron abc transporter substrate-binding lipoprotein mtsa	METAL TRANSPORT/IMMUNE SYSTEM	06/19/24	Characerization of a novel format scFvXVHH single-chain Biparatopic antibody against a metal binding protein, MtsA	Streptococcus pyogenes; Vicugna pacos	vicugna pacos		streptococcus pyogenes	Ito, S., Nagatoishi, S., Nakakido, M., Tsumoto, K.	1.65	X-RAY DIFFRACTION	0.228	0.188	True	True	IGHV1									sabdab_dataset/8yj8/annotation/8yj8_D_VH.ann		sabdab_dataset/8yj8/imgt/8yj8_D_H.ann		sabdab_dataset/8yj8/sequence/8yj8_raw.pdb	sabdab_dataset/8yj8/sequence/8yj8_D_VH.fa		sabdab_dataset/8yj8/structure/8yj8.pdb	sabdab_dataset/8yj8/structure/chothia/8yj8.pdb	True	False	validation	2024-06-19	False
8ykt	H	L	0	A	protein		enterotoxin type b	PROTEIN BINDING/IMMUNE SYSTEM	03/12/25	Fab and SEB complex	Homo sapiens; Staphylococcus aureus	homo sapiens	homo sapiens	staphylococcus aureus	Zeng, H., Fan, H.Y.	2.04	X-RAY DIFFRACTION	0.23	0.195	False	True	IGHV3	IGLV1	Lambda						sabdab_dataset/8ykt/abangle/8ykt.abangle	sabdab_dataset/8ykt/annotation/8ykt_H_VH.ann	sabdab_dataset/8ykt/annotation/8ykt_L_VL.ann	sabdab_dataset/8ykt/imgt/8ykt_H_H.ann	sabdab_dataset/8ykt/imgt/8ykt_L_L.ann	sabdab_dataset/8ykt/sequence/8ykt_raw.pdb	sabdab_dataset/8ykt/sequence/8ykt_H_VH.fa	sabdab_dataset/8ykt/sequence/8ykt_L_VL.fa	sabdab_dataset/8ykt/structure/8ykt.pdb	sabdab_dataset/8ykt/structure/chothia/8ykt.pdb	True	False	train	2025-03-12	True
8ysh	A		0	B	protein		spike glycoprotein	VIRAL PROTEIN	09/11/24	MERS-CoV RBD in complex with nanobody Nb14	Middle East respiratory syndrome-related coronavirus; Vicugna pacos	vicugna pacos		middle east respiratory syndrome-relatedcoronavirus 	Wang, Y.X., Ma, S.	1.99	X-RAY DIFFRACTION	0.239	0.229	False	True	IGHV1									sabdab_dataset/8ysh/annotation/8ysh_A_VH.ann		sabdab_dataset/8ysh/imgt/8ysh_A_H.ann		sabdab_dataset/8ysh/sequence/8ysh_raw.pdb	sabdab_dataset/8ysh/sequence/8ysh_A_VH.fa		sabdab_dataset/8ysh/structure/8ysh.pdb	sabdab_dataset/8ysh/structure/chothia/8ysh.pdb	True	True	train	2024-09-11	False
8yub	A	B	0	F	protein		spike protein s2'	IMMUNE SYSTEM	10/01/25	Crystal structure of SARS-CoV-2 ConSp RBD in complex with neutralizing antibody CC25.4 Fab	Homo sapiens; Severe acute respiratory syndrome coronavirus 2	homo sapiens	homo sapiens	severe acute respiratory syndrome coronavirus2 	Kang, J.M., Yuan, M., Han, B.W., Wilson, I.A.	2.49	X-RAY DIFFRACTION	0.255	0.205	False	True	IGHV1	IGLV1	Lambda						sabdab_dataset/8yub/abangle/8yub.abangle	sabdab_dataset/8yub/annotation/8yub_A_VH.ann	sabdab_dataset/8yub/annotation/8yub_B_VL.ann	sabdab_dataset/8yub/imgt/8yub_A_H.ann	sabdab_dataset/8yub/imgt/8yub_B_L.ann	sabdab_dataset/8yub/sequence/8yub_raw.pdb	sabdab_dataset/8yub/sequence/8yub_A_VH.fa	sabdab_dataset/8yub/sequence/8yub_B_VL.fa	sabdab_dataset/8yub/structure/8yub.pdb	sabdab_dataset/8yub/structure/chothia/8yub.pdb	True	False	train	2025-10-01	True
8yvj	A		0	B	protein		toxin a	TOXIN/IMMUNE SYSTEM	12/18/24	Crystal structure of the C. difficile toxin A CROPs domain fragment 2592-2710 bound to H5.2 nanobody	Camelus dromedarius; Clostridioides difficile 342	camelus dromedarius		clostridioides difficile 342	Sluchanko, N.N., Varfolomeeva, L.A., Shcheblyakov, D.V., Belyi, Y.F., Logunov, D.Y., Gintsburg, A.L., Popov, V.O., Boyko, K.M.	1.65	X-RAY DIFFRACTION	0.198	0.149	False	True	IGHV1									sabdab_dataset/8yvj/annotation/8yvj_A_VH.ann		sabdab_dataset/8yvj/imgt/8yvj_A_H.ann		sabdab_dataset/8yvj/sequence/8yvj_raw.pdb	sabdab_dataset/8yvj/sequence/8yvj_A_VH.fa		sabdab_dataset/8yvj/structure/8yvj.pdb	sabdab_dataset/8yvj/structure/chothia/8yvj.pdb	True	True	train	2024-12-18	False
8yvo	A		0	C	protein		toxin a	TOXIN/IMMUNE SYSTEM	12/18/24	Crystal structure of the C. difficile toxin A CROPs domain fragment 2639-2707 bound to C4.2 nanobody	Camelus dromedarius; Clostridioides difficile	camelus dromedarius		clostridioides difficile	Sluchanko, N.N., Varfolomeeva, L.A., Shcheblyakov, D.V., Belyi, Y.F., Logunov, D.Y., Gintsburg, A.L., Popov, V.O., Boyko, K.M.	2.1	X-RAY DIFFRACTION	0.238	0.21	False	True	IGHV1									sabdab_dataset/8yvo/annotation/8yvo_A_VH.ann		sabdab_dataset/8yvo/imgt/8yvo_A_H.ann		sabdab_dataset/8yvo/sequence/8yvo_raw.pdb	sabdab_dataset/8yvo/sequence/8yvo_A_VH.fa		sabdab_dataset/8yvo/structure/8yvo.pdb	sabdab_dataset/8yvo/structure/chothia/8yvo.pdb	True	True	train	2024-12-18	False
8yxi	C	B	0	A	protein		envelopment polyprotein	VIRAL PROTEIN/IMMUNE SYSTEM	09/11/24	Crystal structure of SFTSV Gn in complex with a neutralizing antibody 40C10	Mus musculus; Severe fever with thrombocytopenia syndrome virus	mus musculus	mus musculus	severe fever with thrombocytopenia syndromevirus 	Yang, P., Guo, Y., Zhang, N.	2.4	X-RAY DIFFRACTION	0.249	0.206	False	False	IGHV1	IGKV6	Kappa						sabdab_dataset/8yxi/abangle/8yxi.abangle	sabdab_dataset/8yxi/annotation/8yxi_C_VH.ann	sabdab_dataset/8yxi/annotation/8yxi_B_VL.ann	sabdab_dataset/8yxi/imgt/8yxi_C_H.ann	sabdab_dataset/8yxi/imgt/8yxi_B_L.ann	sabdab_dataset/8yxi/sequence/8yxi_raw.pdb	sabdab_dataset/8yxi/sequence/8yxi_C_VH.fa	sabdab_dataset/8yxi/sequence/8yxi_B_VL.fa	sabdab_dataset/8yxi/structure/8yxi.pdb	sabdab_dataset/8yxi/structure/chothia/8yxi.pdb	True	False	test	2024-09-11	True
8yyz	H	L	0	A	protein		sonic hedgehog protein n-product	IMMUNE SYSTEM	04/09/25	Crystal structure of Sonic hedgehog in complex with antibody 5E1 mutant H-R102A in the absence of metals	Homo sapiens	homo sapiens	homo sapiens	homo sapiens	Caaveiro, J.M.M., Senoo, A., Kaneda, I., Tsumoto, K.	1.9	X-RAY DIFFRACTION	0.222	0.184	False	True	IGHV1	IGKV6	Kappa						sabdab_dataset/8yyz/abangle/8yyz.abangle	sabdab_dataset/8yyz/annotation/8yyz_H_VH.ann	sabdab_dataset/8yyz/annotation/8yyz_L_VL.ann	sabdab_dataset/8yyz/imgt/8yyz_H_H.ann	sabdab_dataset/8yyz/imgt/8yyz_L_L.ann	sabdab_dataset/8yyz/sequence/8yyz_raw.pdb	sabdab_dataset/8yyz/sequence/8yyz_H_VH.fa	sabdab_dataset/8yyz/sequence/8yyz_L_VL.fa	sabdab_dataset/8yyz/structure/8yyz.pdb	sabdab_dataset/8yyz/structure/chothia/8yyz.pdb	False	False	train	2025-04-09	True
8z2e	B		0	E	protein		spike protein s1	VIRAL PROTEIN/IMMUNE SYSTEM	04/23/25	Crystal structure of nanobody Tnb04-1 with antibody 1F11 fab and SARS-CoV-2 RBD	Homo sapiens; Severe acute respiratory syndrome coronavirus 2; Vicugna pacos	vicugna pacos		severe acute respiratory syndrome coronavirus2 	Wang, X.Q., Zhang, L.Q., Chen, J., Dong, H.D.	2.3	X-RAY DIFFRACTION	0.234	0.195	False	True	IGHV1								sabdab_dataset/8z2e/abangle/8z2e.abangle	sabdab_dataset/8z2e/annotation/8z2e_B_VH.ann		sabdab_dataset/8z2e/imgt/8z2e_B_H.ann		sabdab_dataset/8z2e/sequence/8z2e_raw.pdb	sabdab_dataset/8z2e/sequence/8z2e_B_VH.fa		sabdab_dataset/8z2e/structure/8z2e.pdb	sabdab_dataset/8z2e/structure/chothia/8z2e.pdb	True	False	test	2025-04-23	False
8z2v	H	L	0	A	protein		sonic hedgehog protein n-product	IMMUNE SYSTEM	04/16/25	Crystal structure of Sonic hedgehog in complex with antibody 5E1 mutant H-R102A with metals	Homo sapiens	homo sapiens	homo sapiens	homo sapiens	Caaveiro, J.M.M., Kaneda, I., Tsumoto, K.	1.89	X-RAY DIFFRACTION	0.225	0.186	False	True	IGHV1	IGKV6	Kappa						sabdab_dataset/8z2v/abangle/8z2v.abangle	sabdab_dataset/8z2v/annotation/8z2v_H_VH.ann	sabdab_dataset/8z2v/annotation/8z2v_L_VL.ann	sabdab_dataset/8z2v/imgt/8z2v_H_H.ann	sabdab_dataset/8z2v/imgt/8z2v_L_L.ann	sabdab_dataset/8z2v/sequence/8z2v_raw.pdb	sabdab_dataset/8z2v/sequence/8z2v_H_VH.fa	sabdab_dataset/8z2v/sequence/8z2v_L_VL.fa	sabdab_dataset/8z2v/structure/8z2v.pdb	sabdab_dataset/8z2v/structure/chothia/8z2v.pdb	True	False	train	2025-04-16	True
8z39	H	L	0	A	protein		sonic hedgehog protein n-product	IMMUNE SYSTEM	04/16/25	Crystal structure of Sonic hedgehog in complex with antibody 5E1 mutant L-T56A with metals	Homo sapiens	homo sapiens	homo sapiens	homo sapiens	Caaveiro, J.M.M., Kaneda, I., Tsumoto, K.	1.8	X-RAY DIFFRACTION	0.208	0.18	False	True	IGHV1	IGKV6	Kappa						sabdab_dataset/8z39/abangle/8z39.abangle	sabdab_dataset/8z39/annotation/8z39_H_VH.ann	sabdab_dataset/8z39/annotation/8z39_L_VL.ann	sabdab_dataset/8z39/imgt/8z39_H_H.ann	sabdab_dataset/8z39/imgt/8z39_L_L.ann	sabdab_dataset/8z39/sequence/8z39_raw.pdb	sabdab_dataset/8z39/sequence/8z39_H_VH.fa	sabdab_dataset/8z39/sequence/8z39_L_VL.fa	sabdab_dataset/8z39/structure/8z39.pdb	sabdab_dataset/8z39/structure/chothia/8z39.pdb	False	False	train	2025-04-16	True
8z3a	H	L	0	A	protein		sonic hedgehog protein n-product	IMMUNE SYSTEM	04/16/25	Crystal structure of Sonic hedgehog in complex with antibody 5E1 without metals	Homo sapiens	homo sapiens	homo sapiens	homo sapiens	Caaveiro, J.M.M., Kaneda, I., Tsumoto, K.	1.75	X-RAY DIFFRACTION	0.207	0.175	False	True	IGHV1	IGKV6	Kappa						sabdab_dataset/8z3a/abangle/8z3a.abangle	sabdab_dataset/8z3a/annotation/8z3a_H_VH.ann	sabdab_dataset/8z3a/annotation/8z3a_L_VL.ann	sabdab_dataset/8z3a/imgt/8z3a_H_H.ann	sabdab_dataset/8z3a/imgt/8z3a_L_L.ann	sabdab_dataset/8z3a/sequence/8z3a_raw.pdb	sabdab_dataset/8z3a/sequence/8z3a_H_VH.fa	sabdab_dataset/8z3a/sequence/8z3a_L_VL.fa	sabdab_dataset/8z3a/structure/8z3a.pdb	sabdab_dataset/8z3a/structure/chothia/8z3a.pdb	False	False	train	2025-04-16	True
8z8v	B		0	A	protein		serum albumin	TRANSPORT PROTEIN	09/04/24	Crystal structure of human serum albumin in complex with ALB8(VHH) domain of ozoralizumab	Homo sapiens	homo sapiens		homo sapiens	Mima, M., Mishima-Tsumagari, C.	2.05	X-RAY DIFFRACTION	0.239	0.202	False	True	IGHV3									sabdab_dataset/8z8v/annotation/8z8v_B_VH.ann		sabdab_dataset/8z8v/imgt/8z8v_B_H.ann		sabdab_dataset/8z8v/sequence/8z8v_raw.pdb	sabdab_dataset/8z8v/sequence/8z8v_B_VH.fa		sabdab_dataset/8z8v/structure/8z8v.pdb	sabdab_dataset/8z8v/structure/chothia/8z8v.pdb	True	True	train	2024-09-04	False
8zca	C	B	0	E	protein		leukocyte surface antigen cd47	IMMUNE SYSTEM	05/07/25	Crystal structure of human CD47 ECD bound to Fab of Hu1C8	Homo sapiens	homo sapiens	homo sapiens	homo sapiens	Chen, Z., Ding, J.	2.5	X-RAY DIFFRACTION	0.266	0.215	False	True	IGHV3	IGKV1	Kappa						sabdab_dataset/8zca/abangle/8zca.abangle	sabdab_dataset/8zca/annotation/8zca_C_VH.ann	sabdab_dataset/8zca/annotation/8zca_B_VL.ann	sabdab_dataset/8zca/imgt/8zca_C_H.ann	sabdab_dataset/8zca/imgt/8zca_B_L.ann	sabdab_dataset/8zca/sequence/8zca_raw.pdb	sabdab_dataset/8zca/sequence/8zca_C_VH.fa	sabdab_dataset/8zca/sequence/8zca_B_VL.fa	sabdab_dataset/8zca/structure/8zca.pdb	sabdab_dataset/8zca/structure/chothia/8zca.pdb	True	False	train	2025-05-07	True
8zu9	B	A	0	E	protein		entry-fusion complex associated protein opg095	ANTIVIRAL PROTEIN/IMMUNE SYSTEM	04/02/25	The complex structure of MPXV M1R and neutralizing antibody A129	Homo sapiens; Monkeypox virus	homo sapiens	homo sapiens	monkeypox virus	Ge, J.W.	2.17	X-RAY DIFFRACTION	0.262	0.211	False	True	IGHV3	IGKV1	Kappa						sabdab_dataset/8zu9/abangle/8zu9.abangle	sabdab_dataset/8zu9/annotation/8zu9_B_VH.ann	sabdab_dataset/8zu9/annotation/8zu9_A_VL.ann	sabdab_dataset/8zu9/imgt/8zu9_B_H.ann	sabdab_dataset/8zu9/imgt/8zu9_A_L.ann	sabdab_dataset/8zu9/sequence/8zu9_raw.pdb	sabdab_dataset/8zu9/sequence/8zu9_B_VH.fa	sabdab_dataset/8zu9/sequence/8zu9_A_VL.fa	sabdab_dataset/8zu9/structure/8zu9.pdb	sabdab_dataset/8zu9/structure/chothia/8zu9.pdb	True	False	train	2025-04-02	True
9atm	H	L	0	R	protein		sars-cov-2 eg.5 rbd	VIRAL PROTEIN	10/16/24	SARS-CoV-2 EG.5 RBD bound to the VIR-7229 and the S2H97 Fab fragments	Homo sapiens; Severe acute respiratory syndrome coronavirus 2	homo sapiens	homo sapiens	severe acute respiratory syndrome coronavirus2 	Rietz, T., Park, Y.J., Errico, J., Czudnochowski, N., Nix, J.C., Corti, D., Snell, G., Marco, A.D., Pinto, D., Cameroni, E., Seattle Structural Genomics Center for Infectious Disease (SSGCID), Veesler, D.	1.9	X-RAY DIFFRACTION	0.227	0.194	False	True	IGHV3	IGLV2	Lambda						sabdab_dataset/9atm/abangle/9atm.abangle	sabdab_dataset/9atm/annotation/9atm_H_VH.ann	sabdab_dataset/9atm/annotation/9atm_L_VL.ann	sabdab_dataset/9atm/imgt/9atm_H_H.ann	sabdab_dataset/9atm/imgt/9atm_L_L.ann	sabdab_dataset/9atm/sequence/9atm_raw.pdb	sabdab_dataset/9atm/sequence/9atm_H_VH.fa	sabdab_dataset/9atm/sequence/9atm_L_VL.fa	sabdab_dataset/9atm/structure/9atm.pdb	sabdab_dataset/9atm/structure/chothia/9atm.pdb	False	False	validation	2024-10-16	True
9au1	H	L	0	R	protein		sars-cov-2 xbb.1.5 rbd	VIRAL PROTEIN	10/16/24	SARS-CoV-2 XBB.1.5 RBD bound to the VIR-7229 and the S309 Fab fragments	Homo sapiens; Severe acute respiratory syndrome coronavirus 2	homo sapiens	homo sapiens	severe acute respiratory syndrome coronavirus2 	Rietz, T., Park, Y.J., Errico, J., Czudnochowski, N., Nix, J.C., Corti, D., Snell, G., Marco, A.D., Pinto, D., Cameroni, E., Seattle Structural Genomics Center for Infectious Disease (SSGCID), Veesler, D., Structural Genomics Consortium (SGC)	2.41	X-RAY DIFFRACTION	0.257	0.227	False	True	IGHV3	IGLV2	Lambda						sabdab_dataset/9au1/abangle/9au1.abangle	sabdab_dataset/9au1/annotation/9au1_H_VH.ann	sabdab_dataset/9au1/annotation/9au1_L_VL.ann	sabdab_dataset/9au1/imgt/9au1_H_H.ann	sabdab_dataset/9au1/imgt/9au1_L_L.ann	sabdab_dataset/9au1/sequence/9au1_raw.pdb	sabdab_dataset/9au1/sequence/9au1_H_VH.fa	sabdab_dataset/9au1/sequence/9au1_L_VL.fa	sabdab_dataset/9au1/structure/9au1.pdb	sabdab_dataset/9au1/structure/chothia/9au1.pdb	True	False	train	2024-10-16	True
9azr	H	L	0	E	protein		hemagglutinin ha1 chain	VIRAL PROTEIN/IMMUNE SYSTEM	03/12/25	Lineage 860 UCA Fab bound to A/Massachusetts/1/1990 hemagglutinin head	Homo sapiens; Influenza A virus	homo sapiens	homo sapiens	influenza a virus	Maurer, D.P., Schmidt, A.G.	2.3	X-RAY DIFFRACTION	0.27	0.229	False	True	IGHV1	IGLV3	Lambda						sabdab_dataset/9azr/abangle/9azr.abangle	sabdab_dataset/9azr/annotation/9azr_H_VH.ann	sabdab_dataset/9azr/annotation/9azr_L_VL.ann	sabdab_dataset/9azr/imgt/9azr_H_H.ann	sabdab_dataset/9azr/imgt/9azr_L_L.ann	sabdab_dataset/9azr/sequence/9azr_raw.pdb	sabdab_dataset/9azr/sequence/9azr_H_VH.fa	sabdab_dataset/9azr/sequence/9azr_L_VL.fa	sabdab_dataset/9azr/structure/9azr.pdb	sabdab_dataset/9azr/structure/chothia/9azr.pdb	False	False	train	2025-03-12	True
9bdi	C	D	0	B	protein		gt10.2 glycan ko	VIRAL PROTEIN	02/19/25	Crystal structure of HIV-1 MPER scaffold in complex with antibody Fab Ab45.2	Mus musculus	mus musculus	mus musculus	mus musculus	Lee, C.C.D., Wilson, I.A.	2.07	X-RAY DIFFRACTION	0.283	0.235	False	True	IGHV3	IGKV12	Kappa						sabdab_dataset/9bdi/abangle/9bdi.abangle	sabdab_dataset/9bdi/annotation/9bdi_C_VH.ann	sabdab_dataset/9bdi/annotation/9bdi_D_VL.ann	sabdab_dataset/9bdi/imgt/9bdi_C_H.ann	sabdab_dataset/9bdi/imgt/9bdi_D_L.ann	sabdab_dataset/9bdi/sequence/9bdi_raw.pdb	sabdab_dataset/9bdi/sequence/9bdi_C_VH.fa	sabdab_dataset/9bdi/sequence/9bdi_D_VL.fa	sabdab_dataset/9bdi/structure/9bdi.pdb	sabdab_dataset/9bdi/structure/chothia/9bdi.pdb	True	False	train	2025-02-19	True
9bt5	C	D	0	A	protein		hemagglutinin	IMMUNE SYSTEM	06/25/25	The crystal structure of the HA1 domain of hemagglutinin from A/Shanghai/02/2013 (H7N9) bound to H7-235 Fab	Homo sapiens; Influenza A virus (A/Shanghai/02/2013(H7N9))	homo sapiens	homo sapiens	influenza a virus (a/shanghai/02/2013(h7n9))	Buchman, C.D., Dong, J., Crowe, J.E.	2.5	X-RAY DIFFRACTION	0.251	0.195	False	True	IGHV3	IGKV2	Kappa						sabdab_dataset/9bt5/abangle/9bt5.abangle	sabdab_dataset/9bt5/annotation/9bt5_C_VH.ann	sabdab_dataset/9bt5/annotation/9bt5_D_VL.ann	sabdab_dataset/9bt5/imgt/9bt5_C_H.ann	sabdab_dataset/9bt5/imgt/9bt5_D_L.ann	sabdab_dataset/9bt5/sequence/9bt5_raw.pdb	sabdab_dataset/9bt5/sequence/9bt5_C_VH.fa	sabdab_dataset/9bt5/sequence/9bt5_D_VL.fa	sabdab_dataset/9bt5/structure/9bt5.pdb	sabdab_dataset/9bt5/structure/chothia/9bt5.pdb	True	False	train	2025-06-25	True
9cds	B	A	0	C	protein		outer surface protein a	IMMUNE SYSTEM	09/24/25	Crystal structure of OspA ST1 from B. burgdorferi bound to monoclonal antibody LA-2	Borreliella burgdorferi B31; Mus musculus	mus musculus	mus musculus	borreliella burgdorferi b31	Laciak, A.R., Lai, Y.-T., Dhingra, Y.	1.85	X-RAY DIFFRACTION	0.233	0.202	False	True	IGHV9	IGKV19	Kappa						sabdab_dataset/9cds/abangle/9cds.abangle	sabdab_dataset/9cds/annotation/9cds_B_VH.ann	sabdab_dataset/9cds/annotation/9cds_A_VL.ann	sabdab_dataset/9cds/imgt/9cds_B_H.ann	sabdab_dataset/9cds/imgt/9cds_A_L.ann	sabdab_dataset/9cds/sequence/9cds_raw.pdb	sabdab_dataset/9cds/sequence/9cds_B_VH.fa	sabdab_dataset/9cds/sequence/9cds_A_VL.fa	sabdab_dataset/9cds/structure/9cds.pdb	sabdab_dataset/9cds/structure/chothia/9cds.pdb	True	False	train	2025-09-24	True
9d41	H	L	0	A	protein		borealin	IMMUNE SYSTEM	08/20/25	Crystal structure of N-terminal domain of Borealin (20-88) in complex with synthetic antibody fragment	Homo sapiens	homo sapiens	homo sapiens	homo sapiens	Filippova, E.V., Hou, J., Mukherjee, S., Kossiakoff, A.A.	1.84	X-RAY DIFFRACTION	0.197	0.155	False	True	IGHV3	IGKV1	Kappa						sabdab_dataset/9d41/abangle/9d41.abangle	sabdab_dataset/9d41/annotation/9d41_H_VH.ann	sabdab_dataset/9d41/annotation/9d41_L_VL.ann	sabdab_dataset/9d41/imgt/9d41_H_H.ann	sabdab_dataset/9d41/imgt/9d41_L_L.ann	sabdab_dataset/9d41/sequence/9d41_raw.pdb	sabdab_dataset/9d41/sequence/9d41_H_VH.fa	sabdab_dataset/9d41/sequence/9d41_L_VL.fa	sabdab_dataset/9d41/structure/9d41.pdb	sabdab_dataset/9d41/structure/chothia/9d41.pdb	False	False	train	2025-08-20	True
9dbo	H	L	0	C	protein		serine/threonine-protein kinase mtor	Transferase/Immune System	06/11/25	Crystal structure of a synthetic Fab (R3E9) in complex with the FRB domain of mTOR	Homo sapiens	homo sapiens	homo sapiens	homo sapiens	O'Leary, K.M., Slezak, T., Kossiakoff, A.A.	1.55	X-RAY DIFFRACTION	0.217	0.184	False	True	IGHV3	IGKV1	Kappa						sabdab_dataset/9dbo/abangle/9dbo.abangle	sabdab_dataset/9dbo/annotation/9dbo_H_VH.ann	sabdab_dataset/9dbo/annotation/9dbo_L_VL.ann	sabdab_dataset/9dbo/imgt/9dbo_H_H.ann	sabdab_dataset/9dbo/imgt/9dbo_L_L.ann	sabdab_dataset/9dbo/sequence/9dbo_raw.pdb	sabdab_dataset/9dbo/sequence/9dbo_H_VH.fa	sabdab_dataset/9dbo/sequence/9dbo_L_VL.fa	sabdab_dataset/9dbo/structure/9dbo.pdb	sabdab_dataset/9dbo/structure/chothia/9dbo.pdb	False	False	train	2025-06-11	True
9dl0	A	Y	0	G	protein		serine/threonine-protein kinase mtor	IMMUNE SYSTEM/Transferase	06/11/25	Crystal structure of a synthetic Fab (R3H8) in complex with the FRB domain of mTOR	Homo sapiens	homo sapiens	homo sapiens	homo sapiens	O'Leary, K.M., Slezak, T., Kossiakoff, A.A.	2.0	X-RAY DIFFRACTION	0.234	0.205	False	True	IGHV3	IGKV1	Kappa						sabdab_dataset/9dl0/abangle/9dl0.abangle	sabdab_dataset/9dl0/annotation/9dl0_A_VH.ann	sabdab_dataset/9dl0/annotation/9dl0_Y_VL.ann	sabdab_dataset/9dl0/imgt/9dl0_A_H.ann	sabdab_dataset/9dl0/imgt/9dl0_Y_L.ann	sabdab_dataset/9dl0/sequence/9dl0_raw.pdb	sabdab_dataset/9dl0/sequence/9dl0_A_VH.fa	sabdab_dataset/9dl0/sequence/9dl0_Y_VL.fa	sabdab_dataset/9dl0/structure/9dl0.pdb	sabdab_dataset/9dl0/structure/chothia/9dl0.pdb	False	False	train	2025-06-11	True
9dq3	H	L	0	C	protein		cytotoxic t-lymphocyte protein 4	ANTITUMOR PROTEIN/IMMUNE SYSTEM	02/05/25	Crystal structure of engineered Ipilimumab (mipi.4) Fab in complex with human CTLA-4	Homo sapiens	homo sapiens	homo sapiens	homo sapiens	Diong, S.J., Lee, P.S.	1.64	X-RAY DIFFRACTION	0.268	0.232	False	True	IGHV3	IGKV3	Kappa						sabdab_dataset/9dq3/abangle/9dq3.abangle	sabdab_dataset/9dq3/annotation/9dq3_H_VH.ann	sabdab_dataset/9dq3/annotation/9dq3_L_VL.ann	sabdab_dataset/9dq3/imgt/9dq3_H_H.ann	sabdab_dataset/9dq3/imgt/9dq3_L_L.ann	sabdab_dataset/9dq3/sequence/9dq3_raw.pdb	sabdab_dataset/9dq3/sequence/9dq3_H_VH.fa	sabdab_dataset/9dq3/sequence/9dq3_L_VL.fa	sabdab_dataset/9dq3/structure/9dq3.pdb	sabdab_dataset/9dq3/structure/chothia/9dq3.pdb	True	False	train	2025-02-05	True
9dq4	H	L	0	A	protein		cytotoxic t-lymphocyte protein 4	ANTITUMOR PROTEIN/IMMUNE SYSTEM	02/05/25	Crystal structure of engineered Ipilimumab (mipi.4) Fab in complex with mouse CTLA-4	Homo sapiens; Mus musculus	homo sapiens	homo sapiens	mus musculus	Diong, S.J., Lee, P.S.	1.57	X-RAY DIFFRACTION	0.233	0.205	False	True	IGHV3	IGKV3	Kappa						sabdab_dataset/9dq4/abangle/9dq4.abangle	sabdab_dataset/9dq4/annotation/9dq4_H_VH.ann	sabdab_dataset/9dq4/annotation/9dq4_L_VL.ann	sabdab_dataset/9dq4/imgt/9dq4_H_H.ann	sabdab_dataset/9dq4/imgt/9dq4_L_L.ann	sabdab_dataset/9dq4/sequence/9dq4_raw.pdb	sabdab_dataset/9dq4/sequence/9dq4_H_VH.fa	sabdab_dataset/9dq4/sequence/9dq4_L_VL.fa	sabdab_dataset/9dq4/structure/9dq4.pdb	sabdab_dataset/9dq4/structure/chothia/9dq4.pdb	False	False	train	2025-02-05	True
9dx6	B	C	0	A	protein		apical merozoite protein 1	CELL INVASION	11/13/24	Crystal structure of Plasmodium vivax (Palo Alto) PvAMA1 in complex with human Fab 826827	Homo sapiens; Plasmodium vivax	homo sapiens	homo sapiens	plasmodium vivax	Dietrich, M.H., Tham, W.H., Jung, N.C.	2.4	X-RAY DIFFRACTION	0.235	0.192	False	True	IGHV4	IGKV3	Kappa						sabdab_dataset/9dx6/abangle/9dx6.abangle	sabdab_dataset/9dx6/annotation/9dx6_B_VH.ann	sabdab_dataset/9dx6/annotation/9dx6_C_VL.ann	sabdab_dataset/9dx6/imgt/9dx6_B_H.ann	sabdab_dataset/9dx6/imgt/9dx6_C_L.ann	sabdab_dataset/9dx6/sequence/9dx6_raw.pdb	sabdab_dataset/9dx6/sequence/9dx6_B_VH.fa	sabdab_dataset/9dx6/sequence/9dx6_C_VL.fa	sabdab_dataset/9dx6/structure/9dx6.pdb	sabdab_dataset/9dx6/structure/chothia/9dx6.pdb	True	False	train	2024-11-13	True
9e7n	C		0	A	protein		gametocyte surface protein p230	PROTEIN BINDING	07/30/25	Pfs230 D13D14 in complex with nanobody W2809	Plasmodium falciparum 3D7; Vicugna pacos	vicugna pacos		plasmodium falciparum 3d7	Tan, L.L., Dietrich, M.H., Tham, W.H.	2.49	X-RAY DIFFRACTION	0.264	0.224	False	True	IGHV1									sabdab_dataset/9e7n/annotation/9e7n_C_VH.ann		sabdab_dataset/9e7n/imgt/9e7n_C_H.ann		sabdab_dataset/9e7n/sequence/9e7n_raw.pdb	sabdab_dataset/9e7n/sequence/9e7n_C_VH.fa		sabdab_dataset/9e7n/structure/9e7n.pdb	sabdab_dataset/9e7n/structure/chothia/9e7n.pdb	True	True	train	2025-07-30	False
9e7o	A		0	B	protein		gametocyte surface protein p230	PROTEIN BINDING	07/30/25	Pfs230 D13D14 in complex with nanobody W2810	Plasmodium falciparum 3D7; Vicugna pacos	vicugna pacos		plasmodium falciparum 3d7	Dietrich, M.H., Tan, L.L., Tham, W.H.	1.93	X-RAY DIFFRACTION	0.254	0.214	False	True	IGHV1									sabdab_dataset/9e7o/annotation/9e7o_A_VH.ann		sabdab_dataset/9e7o/imgt/9e7o_A_H.ann		sabdab_dataset/9e7o/sequence/9e7o_raw.pdb	sabdab_dataset/9e7o/sequence/9e7o_A_VH.fa		sabdab_dataset/9e7o/structure/9e7o.pdb	sabdab_dataset/9e7o/structure/chothia/9e7o.pdb	True	True	train	2025-07-30	False
9eht	B	A	0	J	protein		programmed cell death protein 1	IMMUNE SYSTEM	12/03/25	Crystal Structure of PD-1/retifanlimab complex	Homo sapiens	homo sapiens	homo sapiens	homo sapiens	Heo, Y.-S.	1.544	X-RAY DIFFRACTION	0.208	0.181	False	True	IGHV1	IGKV3	Kappa						sabdab_dataset/9eht/abangle/9eht.abangle	sabdab_dataset/9eht/annotation/9eht_B_VH.ann	sabdab_dataset/9eht/annotation/9eht_A_VL.ann	sabdab_dataset/9eht/imgt/9eht_B_H.ann	sabdab_dataset/9eht/imgt/9eht_A_L.ann	sabdab_dataset/9eht/sequence/9eht_raw.pdb	sabdab_dataset/9eht/sequence/9eht_B_VH.fa	sabdab_dataset/9eht/sequence/9eht_A_VL.fa	sabdab_dataset/9eht/structure/9eht.pdb	sabdab_dataset/9eht/structure/chothia/9eht.pdb	True	False	train	2025-12-03	True
9en2	B		0	A	protein		procollagen c-endopeptidase enhancer 1	CELL ADHESION	07/03/24	Crystal structure of the metalloproteinase enhancer PCPE-1 complexed with nanobodies VHH-H4 and VHH-I5	Homo sapiens; Lama glama	lama glama		homo sapiens	Lagoutte, P., Gueguen-Chaignon, V., Bourhis, J.-M., Vadon-Le Goff, S.	2.2	X-RAY DIFFRACTION	0.242	0.208	False	True	IGHV3									sabdab_dataset/9en2/annotation/9en2_B_VH.ann		sabdab_dataset/9en2/imgt/9en2_B_H.ann		sabdab_dataset/9en2/sequence/9en2_raw.pdb	sabdab_dataset/9en2/sequence/9en2_B_VH.fa		sabdab_dataset/9en2/structure/9en2.pdb	sabdab_dataset/9en2/structure/chothia/9en2.pdb	True	True	train	2024-07-03	False
9ena	B		0	A	protein		glucosylceramidase	HYDROLASE	06/04/25	Lysosomal glucocerebrosidase in complex with a stabilizing nanobody	Homo sapiens; Lama glama	lama glama		homo sapiens	Dal Maso, T., Versees, W.	1.7	X-RAY DIFFRACTION	0.194	0.163	False	True	IGHV1									sabdab_dataset/9ena/annotation/9ena_B_VH.ann		sabdab_dataset/9ena/imgt/9ena_B_H.ann		sabdab_dataset/9ena/sequence/9ena_raw.pdb	sabdab_dataset/9ena/sequence/9ena_B_VH.fa		sabdab_dataset/9ena/structure/9ena.pdb	sabdab_dataset/9ena/structure/chothia/9ena.pdb	True	True	validation	2025-06-04	False
9erw	E		0	B	protein		2',3'-cyclic-nucleotide 3'-phosphodiesterase	PROTEIN BINDING	12/11/24	Mouse CNPase catalytic domain with nanobody 8C	Mus musculus; Vicugna pacos	vicugna pacos		mus musculus	Markusson, S., Raasakka, A., Opazo, F., Kursula, P.	1.73	X-RAY DIFFRACTION	0.215	0.191	False	True	IGHV1									sabdab_dataset/9erw/annotation/9erw_E_VH.ann		sabdab_dataset/9erw/imgt/9erw_E_H.ann		sabdab_dataset/9erw/sequence/9erw_raw.pdb	sabdab_dataset/9erw/sequence/9erw_E_VH.fa		sabdab_dataset/9erw/structure/9erw.pdb	sabdab_dataset/9erw/structure/chothia/9erw.pdb	True	True	validation	2024-12-11	False
9etl	C		0	B	protein		2',3'-cyclic-nucleotide 3'-phosphodiesterase	PROTEIN BINDING	12/11/24	Mouse CNPase catalytic domain with nanobody 8D	Mus musculus; Vicugna pacos	vicugna pacos		mus musculus	Schroder, M., Markusson, S., Raasakka, A., Opazo, F., Kursula, P.	1.5	X-RAY DIFFRACTION	0.229	0.179	False	True	IGHV3									sabdab_dataset/9etl/annotation/9etl_C_VH.ann		sabdab_dataset/9etl/imgt/9etl_C_H.ann		sabdab_dataset/9etl/sequence/9etl_raw.pdb	sabdab_dataset/9etl/sequence/9etl_C_VH.fa		sabdab_dataset/9etl/structure/9etl.pdb	sabdab_dataset/9etl/structure/chothia/9etl.pdb	True	True	train	2024-12-11	False
9eze	B	C	0	A	protein		duffy receptor	CELL ADHESION	10/29/25	Structure of subdomain 3 of the Plasmodium vivx Duffy binding protein (PvDBP) bound to human antibody DB9	Homo sapiens; Plasmodium vivax Sal-1	homo sapiens	homo sapiens	plasmodium vivax sal-1	Barber, N.M., Higgins, M.K.	1.55	X-RAY DIFFRACTION	0.223	0.204	False	True	IGHV4	IGKV1	Kappa						sabdab_dataset/9eze/abangle/9eze.abangle	sabdab_dataset/9eze/annotation/9eze_B_VH.ann	sabdab_dataset/9eze/annotation/9eze_C_VL.ann	sabdab_dataset/9eze/imgt/9eze_B_H.ann	sabdab_dataset/9eze/imgt/9eze_C_L.ann	sabdab_dataset/9eze/sequence/9eze_raw.pdb	sabdab_dataset/9eze/sequence/9eze_B_VH.fa	sabdab_dataset/9eze/sequence/9eze_C_VL.fa	sabdab_dataset/9eze/structure/9eze.pdb	sabdab_dataset/9eze/structure/chothia/9eze.pdb	True	False	train	2025-10-29	True
9ezh	B		0	A	protein		v-set and immunoglobulin domain-containing protein 4	IMMUNE SYSTEM	10/29/25	Structure of single-domain antibody VHH_h4 in complex with human Vsig4	Camelidae; Homo sapiens	camelidae		homo sapiens	Vizarraga, D., Cianferoni, D., Delgado, J., van der Kant, R., Garcia, T., Maragkou, K., Zhang, Z., Dewilde, M., Schymkowitz, J., Rousseau, F., Serrano, L.	1.94	X-RAY DIFFRACTION	0.239	0.194	False	True	IGHV1									sabdab_dataset/9ezh/annotation/9ezh_B_VH.ann		sabdab_dataset/9ezh/imgt/9ezh_B_H.ann		sabdab_dataset/9ezh/sequence/9ezh_raw.pdb	sabdab_dataset/9ezh/sequence/9ezh_B_VH.fa		sabdab_dataset/9ezh/structure/9ezh.pdb	sabdab_dataset/9ezh/structure/chothia/9ezh.pdb	False	False	train	2025-10-29	False
9ezi	B		0	A	protein		v-set and immunoglobulin domain-containing protein 4	IMMUNE SYSTEM	10/29/25	Structure of single-domain antibody VHH_h5 in complex with human Vsig4	Camelidae; Homo sapiens	camelidae		homo sapiens	Vizarraga, D., Cianferoni, D., Delgado, J., van der Kant, R., Garcia, T., Maragkou, K., Zhang, Z., Dewilde, M., Schymkowitz, J., Rousseau, F., Serrano, L.	1.97	X-RAY DIFFRACTION	0.243	0.198	False	True	IGHV1									sabdab_dataset/9ezi/annotation/9ezi_B_VH.ann		sabdab_dataset/9ezi/imgt/9ezi_B_H.ann		sabdab_dataset/9ezi/sequence/9ezi_raw.pdb	sabdab_dataset/9ezi/sequence/9ezi_B_VH.fa		sabdab_dataset/9ezi/structure/9ezi.pdb	sabdab_dataset/9ezi/structure/chothia/9ezi.pdb	False	False	validation	2025-10-29	False
9ezu	B		0	A	protein		v-set and immunoglobulin domain-containing protein 4	IMMUNE SYSTEM	10/29/25	Structure of the single-domain antibody VHH_h1 in complex with human Vsig4	Camelidae; Homo sapiens	camelidae		homo sapiens	Markovic, I., Savvides, S.N.	1.05	X-RAY DIFFRACTION	0.176	0.157	False	True	IGHV1									sabdab_dataset/9ezu/annotation/9ezu_B_VH.ann		sabdab_dataset/9ezu/imgt/9ezu_B_H.ann		sabdab_dataset/9ezu/sequence/9ezu_raw.pdb	sabdab_dataset/9ezu/sequence/9ezu_B_VH.fa		sabdab_dataset/9ezu/structure/9ezu.pdb	sabdab_dataset/9ezu/structure/chothia/9ezu.pdb	True	True	train	2025-10-29	False
9ezv	B		0	A	protein		v-set and immunoglobulin domain-containing protein 4	IMMUNE SYSTEM	10/29/25	Structure of the single-domain antibody VHH_h2 in complex with human Vsig4	Homo sapiens	homo sapiens		homo sapiens	Markovic, I., Savvides, S.N.	1.45	X-RAY DIFFRACTION	0.215	0.174	False	True	IGHV1									sabdab_dataset/9ezv/annotation/9ezv_B_VH.ann		sabdab_dataset/9ezv/imgt/9ezv_B_H.ann		sabdab_dataset/9ezv/sequence/9ezv_raw.pdb	sabdab_dataset/9ezv/sequence/9ezv_B_VH.fa		sabdab_dataset/9ezv/structure/9ezv.pdb	sabdab_dataset/9ezv/structure/chothia/9ezv.pdb	False	False	train	2025-10-29	False
9ezw	B		0	A	protein		v-set and immunoglobulin domain-containing protein 4	IMMUNE SYSTEM	10/29/25	Structure of the single-domain antibody VHH_h3 in complex with human Vsig4	Homo sapiens	homo sapiens		homo sapiens	Markovic, I., Savvides, S.N.	1.9	X-RAY DIFFRACTION	0.228	0.19	False	True	IGHV1									sabdab_dataset/9ezw/annotation/9ezw_B_VH.ann		sabdab_dataset/9ezw/imgt/9ezw_B_H.ann		sabdab_dataset/9ezw/sequence/9ezw_raw.pdb	sabdab_dataset/9ezw/sequence/9ezw_B_VH.fa		sabdab_dataset/9ezw/structure/9ezw.pdb	sabdab_dataset/9ezw/structure/chothia/9ezw.pdb	False	False	train	2025-10-29	False
9f91	A	B	0	J	protein		designed single epitope respiratory syncytial virusimmunogen in complex with rsv90 fab 	DE NOVO PROTEIN	05/21/25	Crystal structure of a designed Respiratory Syncytial Virus immunogen in complex with RSV90 fab	Homo sapiens; synthetic construct	homo sapiens	homo sapiens	synthetic construct	Castro, K.M., Correia, B.E.	2.43	X-RAY DIFFRACTION	0.287	0.251	False	True	IGHV3	IGKV3	Kappa						sabdab_dataset/9f91/abangle/9f91.abangle	sabdab_dataset/9f91/annotation/9f91_A_VH.ann	sabdab_dataset/9f91/annotation/9f91_B_VL.ann	sabdab_dataset/9f91/imgt/9f91_A_H.ann	sabdab_dataset/9f91/imgt/9f91_B_L.ann	sabdab_dataset/9f91/sequence/9f91_raw.pdb	sabdab_dataset/9f91/sequence/9f91_A_VH.fa	sabdab_dataset/9f91/sequence/9f91_B_VL.fa	sabdab_dataset/9f91/structure/9f91.pdb	sabdab_dataset/9f91/structure/chothia/9f91.pdb	True	False	train	2025-05-21	True
9fc2	B		0	A	protein		spike protein s1	ANTIVIRAL PROTEIN	06/11/25	The crystal structure of the SARS-CoV-2 receptor binding domain in complex with the neutralizing nanobody 4.	Camelus dromedarius; Severe acute respiratory syndrome coronavirus 2	camelus dromedarius		severe acute respiratory syndrome coronavirus2 	Casasnovas, J.M., Fernandez, L.A., Silva, K.	1.21	X-RAY DIFFRACTION	0.17	0.153	False	True	IGHV1									sabdab_dataset/9fc2/annotation/9fc2_B_VH.ann		sabdab_dataset/9fc2/imgt/9fc2_B_H.ann		sabdab_dataset/9fc2/sequence/9fc2_raw.pdb	sabdab_dataset/9fc2/sequence/9fc2_B_VH.fa		sabdab_dataset/9fc2/structure/9fc2.pdb	sabdab_dataset/9fc2/structure/chothia/9fc2.pdb	True	True	train	2025-06-11	False
9fik	B	C	0	A	protein		neurotrophin-3	IMMUNE SYSTEM	04/02/25	Structure of the FAB fragment of the Antibody NTF30037 in complex with NTF3	Homo sapiens	homo sapiens	homo sapiens	homo sapiens	Gallego, P., Aagaard, A., Sjogren, T., Chin, S., Neal, F.	1.86	X-RAY DIFFRACTION	0.186	0.186	False	True	IGHV3	IGLV3	Lambda						sabdab_dataset/9fik/abangle/9fik.abangle	sabdab_dataset/9fik/annotation/9fik_B_VH.ann	sabdab_dataset/9fik/annotation/9fik_C_VL.ann	sabdab_dataset/9fik/imgt/9fik_B_H.ann	sabdab_dataset/9fik/imgt/9fik_C_L.ann	sabdab_dataset/9fik/sequence/9fik_raw.pdb	sabdab_dataset/9fik/sequence/9fik_B_VH.fa	sabdab_dataset/9fik/sequence/9fik_C_VL.fa	sabdab_dataset/9fik/structure/9fik.pdb	sabdab_dataset/9fik/structure/chothia/9fik.pdb	True	False	train	2025-04-02	True
9fvb	C		0	A	protein		sialic acid-binding periplasmic protein siap	TRANSPORT PROTEIN	11/06/24	Crystal structure of VcSiaP in complex with a VHH antibody (VHH_VcP#2)	Vibrio cholerae; Vicugna pacos	vicugna pacos		vibrio cholerae	Schneberger, N., Hagelueken, G.	2.05	X-RAY DIFFRACTION	0.257	0.195	False	True	IGHV1									sabdab_dataset/9fvb/annotation/9fvb_C_VH.ann		sabdab_dataset/9fvb/imgt/9fvb_C_H.ann		sabdab_dataset/9fvb/sequence/9fvb_raw.pdb	sabdab_dataset/9fvb/sequence/9fvb_C_VH.fa		sabdab_dataset/9fvb/structure/9fvb.pdb	sabdab_dataset/9fvb/structure/chothia/9fvb.pdb	True	True	train	2024-11-06	False
9fww	B		0	A	protein		natural cytotoxicity triggering receptor 3	IMMUNE SYSTEM	10/30/24	Human NKp30 in complex with a VHH variant	Homo sapiens	homo sapiens		homo sapiens	Musil, D., Freire, F.	1.844	X-RAY DIFFRACTION	0.208	0.199	False	True	IGHV1									sabdab_dataset/9fww/annotation/9fww_B_VH.ann		sabdab_dataset/9fww/imgt/9fww_B_H.ann		sabdab_dataset/9fww/sequence/9fww_raw.pdb	sabdab_dataset/9fww/sequence/9fww_B_VH.fa		sabdab_dataset/9fww/structure/9fww.pdb	sabdab_dataset/9fww/structure/chothia/9fww.pdb	True	True	validation	2024-10-30	False
9fys	B	C	0	X	protein		alpha-bungarotoxin	TOXIN	07/16/25	D11 mAbs bound to alpha-Bungarotoxin	Bungarus multicinctus; Homo sapiens	homo sapiens	homo sapiens	bungarus multicinctus	Wade, J., Bohn, M.F., Laustsen, A.H., Morth, J.P.	1.32	X-RAY DIFFRACTION	0.192	0.167	False	True	IGHV1	IGLV6	Lambda						sabdab_dataset/9fys/abangle/9fys.abangle	sabdab_dataset/9fys/annotation/9fys_B_VH.ann	sabdab_dataset/9fys/annotation/9fys_C_VL.ann	sabdab_dataset/9fys/imgt/9fys_B_H.ann	sabdab_dataset/9fys/imgt/9fys_C_L.ann	sabdab_dataset/9fys/sequence/9fys_raw.pdb	sabdab_dataset/9fys/sequence/9fys_B_VH.fa	sabdab_dataset/9fys/sequence/9fys_C_VL.fa	sabdab_dataset/9fys/structure/9fys.pdb	sabdab_dataset/9fys/structure/chothia/9fys.pdb	False	False	train	2025-07-16	True
9fyt	C	D	0	A	protein		alpha-cobratoxin	TOXIN	07/16/25	mAbs in complex with cobratoxin at pH 4.5	Homo sapiens; Naja kaouthia	homo sapiens	homo sapiens	naja kaouthia	Wade, J., Bohn, M.F., Laustsen, A.H., Morth, J.P.	1.55	X-RAY DIFFRACTION	0.237	0.186	False	True	IGHV1	IGLV3	Lambda						sabdab_dataset/9fyt/abangle/9fyt.abangle	sabdab_dataset/9fyt/annotation/9fyt_C_VH.ann	sabdab_dataset/9fyt/annotation/9fyt_D_VL.ann	sabdab_dataset/9fyt/imgt/9fyt_C_H.ann	sabdab_dataset/9fyt/imgt/9fyt_D_L.ann	sabdab_dataset/9fyt/sequence/9fyt_raw.pdb	sabdab_dataset/9fyt/sequence/9fyt_C_VH.fa	sabdab_dataset/9fyt/sequence/9fyt_D_VL.fa	sabdab_dataset/9fyt/structure/9fyt.pdb	sabdab_dataset/9fyt/structure/chothia/9fyt.pdb	False	False	validation	2025-07-16	True
9fzc	C		0	A	protein		outer membrane protein a	MEMBRANE PROTEIN	07/17/24	Structure of OmpA-short in complex with nanobody Nb01	Escherichia coli K-12; Vicugna pacos	vicugna pacos		escherichia coli k-12	Ackle, F., Sorgenfrei, M., Seeger, M.A.	2.27	X-RAY DIFFRACTION	0.234	0.208	False	True	IGHV1									sabdab_dataset/9fzc/annotation/9fzc_C_VH.ann		sabdab_dataset/9fzc/imgt/9fzc_C_H.ann		sabdab_dataset/9fzc/sequence/9fzc_raw.pdb	sabdab_dataset/9fzc/sequence/9fzc_C_VH.fa		sabdab_dataset/9fzc/structure/9fzc.pdb	sabdab_dataset/9fzc/structure/chothia/9fzc.pdb	True	True	train	2024-07-17	False
9fzd	B		0	A	protein		outer membrane protein a	MEMBRANE PROTEIN	07/17/24	Structure of OmpA-long in complex with nanobody Nb39	Escherichia coli; Vicugna pacos	vicugna pacos		escherichia coli	Ackle, F., Sorgenfrei, M., Seeger, M.A.	2.3	X-RAY DIFFRACTION	0.283	0.256	False	True	unknown	unknown	unknown							sabdab_dataset/9fzd/annotation/9fzd_B_VH.ann				sabdab_dataset/9fzd/sequence/9fzd_raw.pdb	sabdab_dataset/9fzd/sequence/9fzd_B_VH.fa		sabdab_dataset/9fzd/structure/9fzd.pdb	sabdab_dataset/9fzd/structure/chothia/9fzd.pdb	True	True	train	2024-07-17	False
9g2a	C		0	A	protein		endoribonuclease mazf	TOXIN	07/17/24	Staphylococcus aureus MazF in complex with nanobody 4	Lama glama; Staphylococcus aureus subsp. aureus N315	lama glama		staphylococcus aureus subsp. aureus n315	Prolic-Kalinsek, M., Zorzini, V., Haesaerts, S., Loris, R.	2.04659	X-RAY DIFFRACTION	0.307	0.24	False	True	IGHV1									sabdab_dataset/9g2a/annotation/9g2a_C_VH.ann		sabdab_dataset/9g2a/imgt/9g2a_C_H.ann		sabdab_dataset/9g2a/sequence/9g2a_raw.pdb	sabdab_dataset/9g2a/sequence/9g2a_C_VH.fa		sabdab_dataset/9g2a/structure/9g2a.pdb	sabdab_dataset/9g2a/structure/chothia/9g2a.pdb	False	False	train	2024-07-17	False
9g2g	C		0	A	protein		endoribonuclease mazf	TOXIN	07/24/24	Staphylococcus aureus MazF in complex with nanobody 5	Lama glama; Staphylococcus aureus	lama glama		staphylococcus aureus	Prolic-Kalinsek, M., Zorzini, V., Haesaerts, S., Loris, R.	1.80048	X-RAY DIFFRACTION	0.244	0.195	False	True	IGHV1									sabdab_dataset/9g2g/annotation/9g2g_C_VH.ann		sabdab_dataset/9g2g/imgt/9g2g_C_H.ann		sabdab_dataset/9g2g/sequence/9g2g_raw.pdb	sabdab_dataset/9g2g/sequence/9g2g_C_VH.fa		sabdab_dataset/9g2g/structure/9g2g.pdb	sabdab_dataset/9g2g/structure/chothia/9g2g.pdb	False	False	train	2024-07-24	False
9g48	C		0	A	protein		endoribonuclease mazf	TOXIN	07/24/24	Staphylococcus aureus MazF in complex with Nanobody 6	Lama glama; Staphylococcus aureus	lama glama		staphylococcus aureus	Zorzini, V., Haesaerts, S., Loris, R.	2.14354	X-RAY DIFFRACTION	0.245	0.216	False	True	IGHV1									sabdab_dataset/9g48/annotation/9g48_C_VH.ann		sabdab_dataset/9g48/imgt/9g48_C_H.ann		sabdab_dataset/9g48/sequence/9g48_raw.pdb	sabdab_dataset/9g48/sequence/9g48_C_VH.fa		sabdab_dataset/9g48/structure/9g48.pdb	sabdab_dataset/9g48/structure/chothia/9g48.pdb	True	True	train	2024-07-24	False
9g5l	B		0	A	protein		endoribonuclease mazf	TOXIN	07/24/24	Stapylococcus aureus MazF in complex with nanobody 10	Lama glama; Staphylococcus aureus	lama glama		staphylococcus aureus	Prolic-Kalinsek, M., Haesaerts, S., Loris, R.	1.8222	X-RAY DIFFRACTION	0.228	0.201	False	True	IGHV1									sabdab_dataset/9g5l/annotation/9g5l_B_VH.ann		sabdab_dataset/9g5l/imgt/9g5l_B_H.ann		sabdab_dataset/9g5l/sequence/9g5l_raw.pdb	sabdab_dataset/9g5l/sequence/9g5l_B_VH.fa		sabdab_dataset/9g5l/structure/9g5l.pdb	sabdab_dataset/9g5l/structure/chothia/9g5l.pdb	True	True	train	2024-07-24	False
9g7k	C		0	B	protein		endoribonuclease mazf	TOXIN	07/31/24	Staphylococcus aureus MazF in complex with Nanobody 12	Lama glama; Staphylococcus aureus	lama glama		staphylococcus aureus	Zorzini, V., Haesaerts, S., Loris, R.	2.08687	X-RAY DIFFRACTION	0.234	0.189	False	True	IGHV3									sabdab_dataset/9g7k/annotation/9g7k_C_VH.ann		sabdab_dataset/9g7k/imgt/9g7k_C_H.ann		sabdab_dataset/9g7k/sequence/9g7k_raw.pdb	sabdab_dataset/9g7k/sequence/9g7k_C_VH.fa		sabdab_dataset/9g7k/structure/9g7k.pdb	sabdab_dataset/9g7k/structure/chothia/9g7k.pdb	True	True	train	2024-07-31	False
9g97	B		0	A	protein		lipid iii flippase	TRANSPORT PROTEIN	01/22/25	Lipid III flippase WzxE with NB10 nanobody in outward-facing conformation at 0.9688 A	Escherichia coli; Lama glama	lama glama		escherichia coli	Le Bas, A., El Omari, K., Lee, M., Naismith, J.H.	2.31	X-RAY DIFFRACTION	0.26	0.214	False	True	IGHV1									sabdab_dataset/9g97/annotation/9g97_B_VH.ann		sabdab_dataset/9g97/imgt/9g97_B_H.ann		sabdab_dataset/9g97/sequence/9g97_raw.pdb	sabdab_dataset/9g97/sequence/9g97_B_VH.fa		sabdab_dataset/9g97/structure/9g97.pdb	sabdab_dataset/9g97/structure/chothia/9g97.pdb	False	False	train	2025-01-22	False
9ggp	H	L	0	A	protein		alpha-1-antitrypsin	PROTEIN BINDING	05/14/25	Alpha-1-antitrypsin in complex with the Fab fragment of an anti-polymer antibody	Homo sapiens; Mus musculus	mus musculus	mus musculus	homo sapiens	Lowen, S.M., Laffranchi, M., Lomas, D.A., Irving, J.A.	1.84	X-RAY DIFFRACTION	0.206	0.173	False	True	IGHV2	IGKV19	Kappa						sabdab_dataset/9ggp/abangle/9ggp.abangle	sabdab_dataset/9ggp/annotation/9ggp_H_VH.ann	sabdab_dataset/9ggp/annotation/9ggp_L_VL.ann	sabdab_dataset/9ggp/imgt/9ggp_H_H.ann	sabdab_dataset/9ggp/imgt/9ggp_L_L.ann	sabdab_dataset/9ggp/sequence/9ggp_raw.pdb	sabdab_dataset/9ggp/sequence/9ggp_H_VH.fa	sabdab_dataset/9ggp/sequence/9ggp_L_VL.fa	sabdab_dataset/9ggp/structure/9ggp.pdb	sabdab_dataset/9ggp/structure/chothia/9ggp.pdb	True	False	train	2025-05-14	True
9ghi	H	L	0	A	protein		pre-glycoprotein polyprotein gp complex	VIRAL PROTEIN	06/11/25	Machupo virus GP1-GP2 heterodimer in complex with Fab of MAC1	Mammarenavirus machupoense; Mus musculus	mus musculus	mus musculus	mammarenavirus machupoense	Bowden, T.A., Paesen, G.C.	2.41	X-RAY DIFFRACTION	0.268	0.23	False	True	IGHV1	IGKV10	Kappa						sabdab_dataset/9ghi/abangle/9ghi.abangle	sabdab_dataset/9ghi/annotation/9ghi_H_VH.ann	sabdab_dataset/9ghi/annotation/9ghi_L_VL.ann	sabdab_dataset/9ghi/imgt/9ghi_H_H.ann	sabdab_dataset/9ghi/imgt/9ghi_L_L.ann	sabdab_dataset/9ghi/sequence/9ghi_raw.pdb	sabdab_dataset/9ghi/sequence/9ghi_H_VH.fa	sabdab_dataset/9ghi/sequence/9ghi_L_VL.fa	sabdab_dataset/9ghi/structure/9ghi.pdb	sabdab_dataset/9ghi/structure/chothia/9ghi.pdb	True	False	train	2025-06-11	True
9ghj	H	L	0	A	protein		pre-glycoprotein polyprotein gp complex	VIRAL PROTEIN	06/11/25	Junin virus GP1-GP2 heterodimer in complex with Fab of JUN1	Mammarenavirus juninense; Mus musculus	mus musculus	mus musculus	mammarenavirus juninense	Bowden, T.A., Paesen, G.C.	2.09	X-RAY DIFFRACTION	0.247	0.212	False	True	IGHV13	IGKV6	Kappa						sabdab_dataset/9ghj/abangle/9ghj.abangle	sabdab_dataset/9ghj/annotation/9ghj_H_VH.ann	sabdab_dataset/9ghj/annotation/9ghj_L_VL.ann	sabdab_dataset/9ghj/imgt/9ghj_H_H.ann	sabdab_dataset/9ghj/imgt/9ghj_L_L.ann	sabdab_dataset/9ghj/sequence/9ghj_raw.pdb	sabdab_dataset/9ghj/sequence/9ghj_H_VH.fa	sabdab_dataset/9ghj/sequence/9ghj_L_VL.fa	sabdab_dataset/9ghj/structure/9ghj.pdb	sabdab_dataset/9ghj/structure/chothia/9ghj.pdb	True	False	train	2025-06-11	True
9glz	C		0	A	protein		gtpase kras	HYDROLASE	12/10/25	KRas-G12D-GMPPnP in complex with the nanobody KM12-AM	Homo sapiens	homo sapiens		homo sapiens	Ostermann, N., Zink, F.	2.1	X-RAY DIFFRACTION	0.277	0.239	False	True	IGHV1									sabdab_dataset/9glz/annotation/9glz_C_VH.ann		sabdab_dataset/9glz/imgt/9glz_C_H.ann		sabdab_dataset/9glz/sequence/9glz_raw.pdb	sabdab_dataset/9glz/sequence/9glz_C_VH.fa		sabdab_dataset/9glz/structure/9glz.pdb	sabdab_dataset/9glz/structure/chothia/9glz.pdb	True	True	train	2025-12-10	False
9gox	H	L	0	A	protein		adp-ribosyl cyclase/cyclic adp-ribose hydrolase 1	IMMUNE SYSTEM	02/12/25	Crystal structure of Fab B6-D9 in complex with CD38	Homo sapiens	homo sapiens	homo sapiens	homo sapiens	Dreyfus, C., Freier, R.	1.84	X-RAY DIFFRACTION	0.208	0.174	False	True	IGHV1	IGKV3	Kappa						sabdab_dataset/9gox/abangle/9gox.abangle	sabdab_dataset/9gox/annotation/9gox_H_VH.ann	sabdab_dataset/9gox/annotation/9gox_L_VL.ann	sabdab_dataset/9gox/imgt/9gox_H_H.ann	sabdab_dataset/9gox/imgt/9gox_L_L.ann	sabdab_dataset/9gox/sequence/9gox_raw.pdb	sabdab_dataset/9gox/sequence/9gox_H_VH.fa	sabdab_dataset/9gox/sequence/9gox_L_VL.fa	sabdab_dataset/9gox/structure/9gox.pdb	sabdab_dataset/9gox/structure/chothia/9gox.pdb	False	False	train	2025-02-12	True
9gv3	E		0	A	protein		fructose-bisphosphate aldolase	LYASE	10/01/25	Crystal structure of the complex between Nb474 mutant R53A,D125A and Trypanosoma congolense fructose-1,6-bisphosphate aldolase	Trypanosoma congolense IL3000; Vicugna pacos	vicugna pacos		trypanosoma congolense il3000	McNae, I.W., Dornan, J., Walkinshaw, M.D.	1.751	X-RAY DIFFRACTION	0.188	0.16	False	True	IGHV1									sabdab_dataset/9gv3/annotation/9gv3_E_VH.ann		sabdab_dataset/9gv3/imgt/9gv3_E_H.ann		sabdab_dataset/9gv3/sequence/9gv3_raw.pdb	sabdab_dataset/9gv3/sequence/9gv3_E_VH.fa		sabdab_dataset/9gv3/structure/9gv3.pdb	sabdab_dataset/9gv3/structure/chothia/9gv3.pdb	True	True	train	2025-10-01	False
9gvl	H	h	0	A	protein		interferon alpha-2	IMMUNE SYSTEM	10/08/25	type-I interferons autoantibody pmab15 in complex with Interferon alpha-2	Homo sapiens	homo sapiens		homo sapiens	Duquerroy, S., Rey, F., Mahevas, M., Chappert, P., Ahouzi, O.	2.006	X-RAY DIFFRACTION	0.27	0.214	True	True	unknown	unknown	unknown						sabdab_dataset/9gvl/abangle/9gvl.abangle	sabdab_dataset/9gvl/annotation/9gvl_H_VH.ann	sabdab_dataset/9gvl/annotation/9gvl_H_VL.ann	sabdab_dataset/9gvl/imgt/9gvl_H_H.ann	sabdab_dataset/9gvl/imgt/9gvl_H_L.ann	sabdab_dataset/9gvl/sequence/9gvl_raw.pdb	sabdab_dataset/9gvl/sequence/9gvl_H_VH.fa	sabdab_dataset/9gvl/sequence/9gvl_H_VL.fa	sabdab_dataset/9gvl/structure/9gvl.pdb	sabdab_dataset/9gvl/structure/chothia/9gvl.pdb	True	True	train	2025-10-08	True
9gvn	C	D	0	B	protein		interleukin-5	IMMUNE SYSTEM	01/14/26	DEPEMOKIMAB FAB IN COMPLEX WITH INTERLEUKIN 5	Homo sapiens	homo sapiens	homo sapiens	homo sapiens	Somers, D.O.	1.933	X-RAY DIFFRACTION	0.209	0.183	False	True	IGHV2	IGKV4	Kappa						sabdab_dataset/9gvn/abangle/9gvn.abangle	sabdab_dataset/9gvn/annotation/9gvn_C_VH.ann	sabdab_dataset/9gvn/annotation/9gvn_D_VL.ann	sabdab_dataset/9gvn/imgt/9gvn_C_H.ann	sabdab_dataset/9gvn/imgt/9gvn_D_L.ann	sabdab_dataset/9gvn/sequence/9gvn_raw.pdb	sabdab_dataset/9gvn/sequence/9gvn_C_VH.fa	sabdab_dataset/9gvn/sequence/9gvn_D_VL.fa	sabdab_dataset/9gvn/structure/9gvn.pdb	sabdab_dataset/9gvn/structure/chothia/9gvn.pdb	True	False	train	2026-01-14	True
9gvo	A	a	0	B	protein		interferon alpha-2	IMMUNE SYSTEM	10/08/25	type-I interferons autoantibodies pmab15 and pmab14 in complex with Interferon alpha-2	Homo sapiens	homo sapiens		homo sapiens	Duquerroy, S., Rey, F., Ahouzi, O., Mahevas, M., Chappert, P.	1.81	X-RAY DIFFRACTION	0.215	0.193	True	True	unknown	unknown	unknown						sabdab_dataset/9gvo/abangle/9gvo.abangle	sabdab_dataset/9gvo/annotation/9gvo_A_VH.ann	sabdab_dataset/9gvo/annotation/9gvo_A_VL.ann	sabdab_dataset/9gvo/imgt/9gvo_A_H.ann	sabdab_dataset/9gvo/imgt/9gvo_A_L.ann	sabdab_dataset/9gvo/sequence/9gvo_raw.pdb	sabdab_dataset/9gvo/sequence/9gvo_A_VH.fa	sabdab_dataset/9gvo/sequence/9gvo_A_VL.fa	sabdab_dataset/9gvo/structure/9gvo.pdb	sabdab_dataset/9gvo/structure/chothia/9gvo.pdb	True	True	test	2025-10-08	True
9h1f	B		0	A	protein		cofilin-1	PROTEIN BINDING	03/19/25	Cofilin-1 in complex with high-affinity Sybody B12	Homo sapiens; synthetic construct	synthetic construct		homo sapiens	Paraschiakos, T., Windhorst, S., Pogenberg, V.	1.8	X-RAY DIFFRACTION	0.226	0.203	False	True	IGHV1									sabdab_dataset/9h1f/annotation/9h1f_B_VH.ann		sabdab_dataset/9h1f/imgt/9h1f_B_H.ann		sabdab_dataset/9h1f/sequence/9h1f_raw.pdb	sabdab_dataset/9h1f/sequence/9h1f_B_VH.fa		sabdab_dataset/9h1f/structure/9h1f.pdb	sabdab_dataset/9h1f/structure/chothia/9h1f.pdb	False	False	train	2025-03-19	False
9h39	C		0	A	protein		lysm type receptor kinase	PLANT PROTEIN	07/16/25	Crystal structure of Lotus japonicus CHIP13 extracellular domain in complex with a nanobody	Lama glama; Lotus japonicus	lama glama		lotus japonicus	Gysel, K., Andersen, K.R.	1.66	X-RAY DIFFRACTION	0.225	0.182	False	True	IGHV1									sabdab_dataset/9h39/annotation/9h39_C_VH.ann		sabdab_dataset/9h39/imgt/9h39_C_H.ann		sabdab_dataset/9h39/sequence/9h39_raw.pdb	sabdab_dataset/9h39/sequence/9h39_C_VH.fa		sabdab_dataset/9h39/structure/9h39.pdb	sabdab_dataset/9h39/structure/chothia/9h39.pdb	True	True	train	2025-07-16	False
9h4r	H	L	0	A	protein		zona pellucida sperm-binding protein 2	CELL ADHESION	03/12/25	Structure of fertilization-blocking monoclonal antibody IE-3 VHVL bound to the ZP-N1 domain of mouse ZP2 (crystal form I)	Mus musculus; Rattus norvegicus	rattus norvegicus	rattus norvegicus	mus musculus	Dioguardi, E., De Sanctis, D., Jovine, L.	1.53	X-RAY DIFFRACTION	0.233	0.206	False	True	IGHV1	IGKV8	Kappa						sabdab_dataset/9h4r/abangle/9h4r.abangle	sabdab_dataset/9h4r/annotation/9h4r_H_VH.ann	sabdab_dataset/9h4r/annotation/9h4r_L_VL.ann	sabdab_dataset/9h4r/imgt/9h4r_H_H.ann	sabdab_dataset/9h4r/imgt/9h4r_L_L.ann	sabdab_dataset/9h4r/sequence/9h4r_raw.pdb	sabdab_dataset/9h4r/sequence/9h4r_H_VH.fa	sabdab_dataset/9h4r/sequence/9h4r_L_VL.fa	sabdab_dataset/9h4r/structure/9h4r.pdb	sabdab_dataset/9h4r/structure/chothia/9h4r.pdb	True	True	test	2025-03-12	True
9h4s	H	L	0	A	protein		zona pellucida sperm-binding protein 2	CELL ADHESION	03/12/25	Structure of fertilization-blocking monoclonal antibody IE-3 VHVL bound to the ZP-N1 domain of mouse ZP2 (crystal form II)	Mus musculus; Rattus norvegicus	rattus norvegicus	rattus norvegicus	mus musculus	Dioguardi, E., De Sanctis, D., Jovine, L.	2.02	X-RAY DIFFRACTION	0.205	0.189	False	True	IGHV1	IGKV8	Kappa						sabdab_dataset/9h4s/abangle/9h4s.abangle	sabdab_dataset/9h4s/annotation/9h4s_H_VH.ann	sabdab_dataset/9h4s/annotation/9h4s_L_VL.ann	sabdab_dataset/9h4s/imgt/9h4s_H_H.ann	sabdab_dataset/9h4s/imgt/9h4s_L_L.ann	sabdab_dataset/9h4s/sequence/9h4s_raw.pdb	sabdab_dataset/9h4s/sequence/9h4s_H_VH.fa	sabdab_dataset/9h4s/sequence/9h4s_L_VL.fa	sabdab_dataset/9h4s/structure/9h4s.pdb	sabdab_dataset/9h4s/structure/chothia/9h4s.pdb	False	False	validation	2025-03-12	True
9h6v	C		0	A	protein		lysm type receptor kinase	PLANT PROTEIN	07/16/25	Lotus japonicus CERK6 extracellular domain in complex with two nanobodies	Lama glama; Lotus japonicus	lama glama		lotus japonicus	Gysel, K., Alsarraf, H.M.A.B., Hansen, S.B., Andersen, K.R.	2.19	X-RAY DIFFRACTION	0.252	0.204	False	True	IGHV1									sabdab_dataset/9h6v/annotation/9h6v_C_VH.ann		sabdab_dataset/9h6v/imgt/9h6v_C_H.ann		sabdab_dataset/9h6v/sequence/9h6v_raw.pdb	sabdab_dataset/9h6v/sequence/9h6v_C_VH.fa		sabdab_dataset/9h6v/structure/9h6v.pdb	sabdab_dataset/9h6v/structure/chothia/9h6v.pdb	True	True	train	2025-07-16	False
9h77	A		0	C	protein		m-phase phosphoprotein 8	GENE REGULATION	11/05/25	MPP8 chromodomain in complex with nanobody 3A02	Homo sapiens; Lama glama	lama glama		homo sapiens	Richards, M.W., Bayliss, R.	2.01	X-RAY DIFFRACTION	0.281	0.253	False	True	IGHV3									sabdab_dataset/9h77/annotation/9h77_A_VH.ann		sabdab_dataset/9h77/imgt/9h77_A_H.ann		sabdab_dataset/9h77/sequence/9h77_raw.pdb	sabdab_dataset/9h77/sequence/9h77_A_VH.fa		sabdab_dataset/9h77/structure/9h77.pdb	sabdab_dataset/9h77/structure/chothia/9h77.pdb	True	True	validation	2025-11-05	False
9hi4	A	B	0	D	protein		fi6-focused design_03	BIOSYNTHETIC PROTEIN	12/03/25	Structure of FI6-focused design_03 scaffold in complex with FI6-Fab	Bacteroides uniformis ATCC 8492; Homo sapiens	homo sapiens	homo sapiens	bacteroides uniformis atcc 8492	Cramer, J.T., Krey, T.	2.0	X-RAY DIFFRACTION	0.196	0.17	False	True	IGHV3	IGKV4	Kappa						sabdab_dataset/9hi4/abangle/9hi4.abangle	sabdab_dataset/9hi4/annotation/9hi4_A_VH.ann	sabdab_dataset/9hi4/annotation/9hi4_B_VL.ann	sabdab_dataset/9hi4/imgt/9hi4_A_H.ann	sabdab_dataset/9hi4/imgt/9hi4_B_L.ann	sabdab_dataset/9hi4/sequence/9hi4_raw.pdb	sabdab_dataset/9hi4/sequence/9hi4_A_VH.fa	sabdab_dataset/9hi4/sequence/9hi4_B_VL.fa	sabdab_dataset/9hi4/structure/9hi4.pdb	sabdab_dataset/9hi4/structure/chothia/9hi4.pdb	False	False	train	2025-12-03	True
9hi6	H	L	0	A	protein		fi6-focused design_04	BIOSYNTHETIC PROTEIN	12/03/25	Structure of scaffold FI6-focused design_04 in complex with FI6-Fab	Bacteroides uniformis ATCC 8492; Homo sapiens	homo sapiens	homo sapiens	bacteroides uniformis atcc 8492	Cramer, J.T., Krey, T.	1.5	X-RAY DIFFRACTION	0.204	0.178	False	True	IGHV3	IGKV4	Kappa						sabdab_dataset/9hi6/abangle/9hi6.abangle	sabdab_dataset/9hi6/annotation/9hi6_H_VH.ann	sabdab_dataset/9hi6/annotation/9hi6_L_VL.ann	sabdab_dataset/9hi6/imgt/9hi6_H_H.ann	sabdab_dataset/9hi6/imgt/9hi6_L_L.ann	sabdab_dataset/9hi6/sequence/9hi6_raw.pdb	sabdab_dataset/9hi6/sequence/9hi6_H_VH.fa	sabdab_dataset/9hi6/sequence/9hi6_L_VL.fa	sabdab_dataset/9hi6/structure/9hi6.pdb	sabdab_dataset/9hi6/structure/chothia/9hi6.pdb	False	False	train	2025-12-03	True
9hj9	C	D	0	B	protein		hemagglutinin	VIRAL PROTEIN	12/10/25	H1-H3 chimeric hemagglutinin	Homo sapiens; Influenza A virus	homo sapiens	homo sapiens	influenza a virus	Seraj, N., Harshbarger, W., Mallett, C.P., Vassilev, V.	2.06	X-RAY DIFFRACTION	0.21	0.168	False	True	IGHV4	IGKV1	Kappa						sabdab_dataset/9hj9/abangle/9hj9.abangle	sabdab_dataset/9hj9/annotation/9hj9_C_VH.ann	sabdab_dataset/9hj9/annotation/9hj9_D_VL.ann	sabdab_dataset/9hj9/imgt/9hj9_C_H.ann	sabdab_dataset/9hj9/imgt/9hj9_D_L.ann	sabdab_dataset/9hj9/sequence/9hj9_raw.pdb	sabdab_dataset/9hj9/sequence/9hj9_C_VH.fa	sabdab_dataset/9hj9/sequence/9hj9_D_VL.fa	sabdab_dataset/9hj9/structure/9hj9.pdb	sabdab_dataset/9hj9/structure/chothia/9hj9.pdb	True	False	train	2025-12-10	True
9hk1	H	L	0	A	protein		programmed cell death protein 1	IMMUNOSUPPRESSANT	01/15/25	PD1 signaling receptor bound to FAB Complex	Homo sapiens; Mus musculus	mus musculus	mus musculus	homo sapiens	Bjorkelid, C., Paluch, C., Robertson, N.J.	2.03	X-RAY DIFFRACTION	0.276	0.21	False	True	IGHV1	IGKV1	Kappa						sabdab_dataset/9hk1/abangle/9hk1.abangle	sabdab_dataset/9hk1/annotation/9hk1_H_VH.ann	sabdab_dataset/9hk1/annotation/9hk1_L_VL.ann	sabdab_dataset/9hk1/imgt/9hk1_H_H.ann	sabdab_dataset/9hk1/imgt/9hk1_L_L.ann	sabdab_dataset/9hk1/sequence/9hk1_raw.pdb	sabdab_dataset/9hk1/sequence/9hk1_H_VH.fa	sabdab_dataset/9hk1/sequence/9hk1_L_VL.fa	sabdab_dataset/9hk1/structure/9hk1.pdb	sabdab_dataset/9hk1/structure/chothia/9hk1.pdb	True	False	train	2025-01-15	True
9hll	B		0	A	protein		integrin alpha-m	IMMUNE SYSTEM	12/17/25	murine aM I-domain in complex with nanobody aCR3	Lama glama; Mus musculus	lama glama		mus musculus	Fruergaard, M.U., Andersen, G.R.	2.17	X-RAY DIFFRACTION	0.259	0.202	False	True	IGHV1									sabdab_dataset/9hll/annotation/9hll_B_VH.ann		sabdab_dataset/9hll/imgt/9hll_B_H.ann		sabdab_dataset/9hll/sequence/9hll_raw.pdb	sabdab_dataset/9hll/sequence/9hll_B_VH.fa		sabdab_dataset/9hll/structure/9hll.pdb	sabdab_dataset/9hll/structure/chothia/9hll.pdb	True	True	train	2025-12-17	False
9hml	C		0	B	protein		kir2dl protein	IMMUNE SYSTEM	04/09/25	KIR2DL1 bound to RIFIN PfKE01_040007400	Escherichia coli; Homo sapiens; Plasmodium falciparum			homo sapiens	Chamberlain, S.G., Higgins, M.K.	2.171	X-RAY DIFFRACTION	0.232	0.221	False	True	IGHV1									sabdab_dataset/9hml/annotation/9hml_C_VH.ann		sabdab_dataset/9hml/imgt/9hml_C_H.ann		sabdab_dataset/9hml/sequence/9hml_raw.pdb	sabdab_dataset/9hml/sequence/9hml_C_VH.fa		sabdab_dataset/9hml/structure/9hml.pdb	sabdab_dataset/9hml/structure/chothia/9hml.pdb	True	True	test	2025-04-09	False
9ho4	C		0	A	protein		frataxin mature form	OXIDOREDUCTASE	12/24/25	Crystal Structure of the Human Frataxin protein in complex with a tailored Camelid Nanobody 6B1	Homo sapiens; Lama glama	lama glama		homo sapiens	Garay-Alvarez, A., Molina, R., Hermoso, J.A.	1.76	X-RAY DIFFRACTION	0.175	0.151	False	True	IGHV1									sabdab_dataset/9ho4/annotation/9ho4_C_VH.ann		sabdab_dataset/9ho4/imgt/9ho4_C_H.ann		sabdab_dataset/9ho4/sequence/9ho4_raw.pdb	sabdab_dataset/9ho4/sequence/9ho4_C_VH.fa		sabdab_dataset/9ho4/structure/9ho4.pdb	sabdab_dataset/9ho4/structure/chothia/9ho4.pdb	True	True	train	2025-12-24	False
9ho5	C		0	A	protein		frataxin mature form	OXIDOREDUCTASE	12/24/25	Crystal Structure of the Human Frataxin protein in complex with a tailored Camelid Nanobody 4A7	Homo sapiens; Lama glama	lama glama		homo sapiens	Garay-Alvarez, A., Molina, R., Hermoso, J.A.	1.5	X-RAY DIFFRACTION	0.21	0.187	False	True	IGHV1									sabdab_dataset/9ho5/annotation/9ho5_C_VH.ann		sabdab_dataset/9ho5/imgt/9ho5_C_H.ann		sabdab_dataset/9ho5/sequence/9ho5_raw.pdb	sabdab_dataset/9ho5/sequence/9ho5_C_VH.fa		sabdab_dataset/9ho5/structure/9ho5.pdb	sabdab_dataset/9ho5/structure/chothia/9ho5.pdb	True	True	train	2025-12-24	False
9ho6	C		0	B	protein		frataxin mature form	OXIDOREDUCTASE	12/24/25	Crystal Structure of the Human Frataxin protein in complex with a tailored Camelid Nanobody 16C10	Homo sapiens; Lama glama	lama glama		homo sapiens	Garay-Alvarez, A., Molina, R., Hermoso, J.A.	2.0	X-RAY DIFFRACTION	0.227	0.18	False	True	IGHV1									sabdab_dataset/9ho6/annotation/9ho6_C_VH.ann		sabdab_dataset/9ho6/imgt/9ho6_C_H.ann		sabdab_dataset/9ho6/sequence/9ho6_raw.pdb	sabdab_dataset/9ho6/sequence/9ho6_C_VH.fa		sabdab_dataset/9ho6/structure/9ho6.pdb	sabdab_dataset/9ho6/structure/chothia/9ho6.pdb	False	False	train	2025-12-24	False
9hub	B	C	0	X	protein		alpha-bungarotoxin	TOXIN	11/19/25	D11 mAbs bound to alpha-Bungarotoxin at pH 7.5	Bungarus multicinctus; Homo sapiens	homo sapiens	homo sapiens	bungarus multicinctus	Wade, J.W., Bohn, M.F., Laustsen, A.H., Morth, J.P.	1.33	X-RAY DIFFRACTION	0.195	0.159	False	True	IGHV1	IGLV6	Lambda						sabdab_dataset/9hub/abangle/9hub.abangle	sabdab_dataset/9hub/annotation/9hub_B_VH.ann	sabdab_dataset/9hub/annotation/9hub_C_VL.ann	sabdab_dataset/9hub/imgt/9hub_B_H.ann	sabdab_dataset/9hub/imgt/9hub_C_L.ann	sabdab_dataset/9hub/sequence/9hub_raw.pdb	sabdab_dataset/9hub/sequence/9hub_B_VH.fa	sabdab_dataset/9hub/sequence/9hub_C_VL.fa	sabdab_dataset/9hub/structure/9hub.pdb	sabdab_dataset/9hub/structure/chothia/9hub.pdb	True	True	train	2025-11-19	True
9huo	C	D	0	B	protein		alpha-cobratoxin	TOXIN	11/19/25	A01 mAbs bound to cobratoxin at pH 5.5	Homo sapiens; Naja kaouthia	homo sapiens	homo sapiens	naja kaouthia	Wade, J.W., Bohn, M.F., Laustsen, A.H., Morth, J.P.	1.6	X-RAY DIFFRACTION	0.225	0.183	False	True	IGHV1	IGLV3	Lambda						sabdab_dataset/9huo/abangle/9huo.abangle	sabdab_dataset/9huo/annotation/9huo_C_VH.ann	sabdab_dataset/9huo/annotation/9huo_D_VL.ann	sabdab_dataset/9huo/imgt/9huo_C_H.ann	sabdab_dataset/9huo/imgt/9huo_D_L.ann	sabdab_dataset/9huo/sequence/9huo_raw.pdb	sabdab_dataset/9huo/sequence/9huo_C_VH.fa	sabdab_dataset/9huo/sequence/9huo_D_VL.fa	sabdab_dataset/9huo/structure/9huo.pdb	sabdab_dataset/9huo/structure/chothia/9huo.pdb	True	True	test	2025-11-19	True
9hur	B		0	A	protein		cd63 antigen	CELL ADHESION	11/19/25	Crystal structure of Tetraspanin CD63mutant Large Extracellular Loop (LEL) in complex with sybody LA4	Homo sapiens; synthetic construct	synthetic construct		homo sapiens	Nagarathinam, K., Krey, T.	1.65	X-RAY DIFFRACTION	0.238	0.211	False	True	IGHV1									sabdab_dataset/9hur/annotation/9hur_B_VH.ann		sabdab_dataset/9hur/imgt/9hur_B_H.ann		sabdab_dataset/9hur/sequence/9hur_raw.pdb	sabdab_dataset/9hur/sequence/9hur_B_VH.fa		sabdab_dataset/9hur/structure/9hur.pdb	sabdab_dataset/9hur/structure/chothia/9hur.pdb	True	True	train	2025-11-19	False
9hxo	C	D	0	A	protein		alpha-cobratoxin	TOXIN	11/19/25	A01 mAbs bound to cobratoxin at pH 6.0	Homo sapiens; Naja kaouthia	homo sapiens	homo sapiens	naja kaouthia	Wade, J.W., Bohn, M.F., Laustsen, A.H., Morth, J.P.	1.49	X-RAY DIFFRACTION	0.249	0.204	False	True	IGHV1	IGLV3	Lambda						sabdab_dataset/9hxo/abangle/9hxo.abangle	sabdab_dataset/9hxo/annotation/9hxo_C_VH.ann	sabdab_dataset/9hxo/annotation/9hxo_D_VL.ann	sabdab_dataset/9hxo/imgt/9hxo_C_H.ann	sabdab_dataset/9hxo/imgt/9hxo_D_L.ann	sabdab_dataset/9hxo/sequence/9hxo_raw.pdb	sabdab_dataset/9hxo/sequence/9hxo_C_VH.fa	sabdab_dataset/9hxo/sequence/9hxo_D_VL.fa	sabdab_dataset/9hxo/structure/9hxo.pdb	sabdab_dataset/9hxo/structure/chothia/9hxo.pdb	False	False	test	2025-11-19	True
9hzj	A		0	B	protein		circumsporozoite protein	IMMUNE SYSTEM	04/23/25	sdAb1 in complex with PfCSP a-TSR domain	Lama glama; Plasmodium falciparum NF54	lama glama		plasmodium falciparum nf54	Sterckx, Y.G.-J., Geens, R.	2.06	X-RAY DIFFRACTION	0.242	0.195	False	True	IGHV1									sabdab_dataset/9hzj/annotation/9hzj_A_VH.ann		sabdab_dataset/9hzj/imgt/9hzj_A_H.ann		sabdab_dataset/9hzj/sequence/9hzj_raw.pdb	sabdab_dataset/9hzj/sequence/9hzj_A_VH.fa		sabdab_dataset/9hzj/structure/9hzj.pdb	sabdab_dataset/9hzj/structure/chothia/9hzj.pdb	True	True	train	2025-04-23	False
9hzk	A		0	B	protein		circumsporozoite protein	IMMUNE SYSTEM	04/23/25	sdAb9 in complex with PfCSP aTSR domain	Lama glama; Plasmodium falciparum NF54	lama glama		plasmodium falciparum nf54	Sterckx, Y.G.-J., Geens, R.	2.07	X-RAY DIFFRACTION	0.226	0.184	False	True	IGHV1									sabdab_dataset/9hzk/annotation/9hzk_A_VH.ann		sabdab_dataset/9hzk/imgt/9hzk_A_H.ann		sabdab_dataset/9hzk/sequence/9hzk_raw.pdb	sabdab_dataset/9hzk/sequence/9hzk_A_VH.fa		sabdab_dataset/9hzk/structure/9hzk.pdb	sabdab_dataset/9hzk/structure/chothia/9hzk.pdb	False	False	validation	2025-04-23	False
9i59	H	L	0	A	protein		envelopment polyprotein	VIRAL PROTEIN	11/26/25	RVFV GnH complexed with RVFV-379 Fab	Homo sapiens; Rift Valley fever virus	homo sapiens	homo sapiens	rift valley fever virus	Paesen, G.C., Bowden, T.A.	2.09	X-RAY DIFFRACTION	0.251	0.212	False	True	IGHV4	IGKV1	Kappa						sabdab_dataset/9i59/abangle/9i59.abangle	sabdab_dataset/9i59/annotation/9i59_H_VH.ann	sabdab_dataset/9i59/annotation/9i59_L_VL.ann	sabdab_dataset/9i59/imgt/9i59_H_H.ann	sabdab_dataset/9i59/imgt/9i59_L_L.ann	sabdab_dataset/9i59/sequence/9i59_raw.pdb	sabdab_dataset/9i59/sequence/9i59_H_VH.fa	sabdab_dataset/9i59/sequence/9i59_L_VL.fa	sabdab_dataset/9i59/structure/9i59.pdb	sabdab_dataset/9i59/structure/chothia/9i59.pdb	True	False	train	2025-11-26	True
9imx	C		0	B	protein		secreted protein orf2	VIRAL PROTEIN/IMMUNE SYSTEM	09/03/25	Immune complex of HEV E2s and P1-5B nanobody	Hepatitis E virus (strain Pakistan); Vicugna pacos	vicugna pacos		hepatitis e virus (strain pakistan)	Tingting, L., Wenhui, X., Ying, G., Shaowei, L.	2.2	X-RAY DIFFRACTION	0.245	0.217	False	True	IGHV1									sabdab_dataset/9imx/annotation/9imx_C_VH.ann		sabdab_dataset/9imx/imgt/9imx_C_H.ann		sabdab_dataset/9imx/sequence/9imx_raw.pdb	sabdab_dataset/9imx/sequence/9imx_C_VH.fa		sabdab_dataset/9imx/structure/9imx.pdb	sabdab_dataset/9imx/structure/chothia/9imx.pdb	True	True	train	2025-09-03	False
9iqp	B		0	A	protein		spike protein s1	VIRAL PROTEIN/IMMUNE SYSTEM	07/16/25	Crystal structure of the Wuhan SARS-CoV-2 Spike RBD (319-541) complexed with 1p1B10 nanobody	Camelus bactrianus; Severe acute respiratory syndrome coronavirus 2	camelus bactrianus		severe acute respiratory syndrome coronavirus2 	Sluchanko, N.N., Matyuta, I.O., Dronova, E.A., Favorskaya, I.A., Esmagambetov, I.B., Shcheblyakov, D.V., Logunov, D.Y., Gintsburg, A.L., Popov, V.O., Boyko, K.M.	1.55	X-RAY DIFFRACTION	0.208	0.174	False	True	IGHV1									sabdab_dataset/9iqp/annotation/9iqp_B_VH.ann		sabdab_dataset/9iqp/imgt/9iqp_B_H.ann		sabdab_dataset/9iqp/sequence/9iqp_raw.pdb	sabdab_dataset/9iqp/sequence/9iqp_B_VH.fa		sabdab_dataset/9iqp/structure/9iqp.pdb	sabdab_dataset/9iqp/structure/chothia/9iqp.pdb	True	True	train	2025-07-16	False
9jbq	A	B	0	C	protein		pcrv	ANTIMICROBIAL PROTEIN/IMMUNE SYSTEM	09/11/24	Structure of the complex between h1F3 Fab and PcrV fragment	Homo sapiens; Pseudomonas aeruginosa	homo sapiens	homo sapiens	pseudomonas aeruginosa	Numata, S., Hara, T., Izawa, M., Okuno, Y., Sato, Y., Yamane, S., Maki, H., Sato, T., Yamano, Y.	2.0	X-RAY DIFFRACTION	0.216	0.169	False	True	IGHV1	IGKV1	Kappa						sabdab_dataset/9jbq/abangle/9jbq.abangle	sabdab_dataset/9jbq/annotation/9jbq_A_VH.ann	sabdab_dataset/9jbq/annotation/9jbq_B_VL.ann	sabdab_dataset/9jbq/imgt/9jbq_A_H.ann	sabdab_dataset/9jbq/imgt/9jbq_B_L.ann	sabdab_dataset/9jbq/sequence/9jbq_raw.pdb	sabdab_dataset/9jbq/sequence/9jbq_A_VH.fa	sabdab_dataset/9jbq/sequence/9jbq_B_VL.fa	sabdab_dataset/9jbq/structure/9jbq.pdb	sabdab_dataset/9jbq/structure/chothia/9jbq.pdb	True	False	train	2024-09-11	True
9jcy	C	B	0	A	protein		spike protein s1	ANTIVIRAL PROTEIN	07/30/25	Crystal structure of the HCoV-HKU1 RBD in complex with Fab	Homo sapiens; Human coronavirus HKU1 (isolate N1)	homo sapiens	homo sapiens	human coronavirus hku1 (isolate n1)	Wang, H., Zhao, Z., Liu, X., Duan, Y., Yang, H.	1.8	X-RAY DIFFRACTION	0.203	0.173	False	True	IGHV4	IGKV1	Kappa						sabdab_dataset/9jcy/abangle/9jcy.abangle	sabdab_dataset/9jcy/annotation/9jcy_C_VH.ann	sabdab_dataset/9jcy/annotation/9jcy_B_VL.ann	sabdab_dataset/9jcy/imgt/9jcy_C_H.ann	sabdab_dataset/9jcy/imgt/9jcy_B_L.ann	sabdab_dataset/9jcy/sequence/9jcy_raw.pdb	sabdab_dataset/9jcy/sequence/9jcy_C_VH.fa	sabdab_dataset/9jcy/sequence/9jcy_B_VL.fa	sabdab_dataset/9jcy/structure/9jcy.pdb	sabdab_dataset/9jcy/structure/chothia/9jcy.pdb	True	False	train	2025-07-30	True
9jd0	E		0	C	protein		transmembrane protease serine 2 catalytic chain	ANTIVIRAL PROTEIN	07/30/25	Crystal structure of TMPRSS2 in complex with nanobody	Homo sapiens; Vicugna pacos	vicugna pacos		homo sapiens	Wang, H., Zhao, Z., Liu, X., Duan, Y., Yang, H.	2.0	X-RAY DIFFRACTION	0.221	0.188	False	True	IGHV3									sabdab_dataset/9jd0/annotation/9jd0_E_VH.ann		sabdab_dataset/9jd0/imgt/9jd0_E_H.ann		sabdab_dataset/9jd0/sequence/9jd0_raw.pdb	sabdab_dataset/9jd0/sequence/9jd0_E_VH.fa		sabdab_dataset/9jd0/structure/9jd0.pdb	sabdab_dataset/9jd0/structure/chothia/9jd0.pdb	False	False	train	2025-07-30	False
9jd1	B	A	0	D	protein		transmembrane protease serine 2 catalytic chain	ANTIVIRAL PROTEIN	07/30/25	Crystal structure of TMPRSS2 in complex with Fab	Homo sapiens	homo sapiens	homo sapiens	homo sapiens	Wang, H., Liu, X., Zhao, Z., Duan, Y., Yang, H.	1.9	X-RAY DIFFRACTION	0.223	0.19	False	True	IGHV3	IGLV6	Lambda						sabdab_dataset/9jd1/abangle/9jd1.abangle	sabdab_dataset/9jd1/annotation/9jd1_B_VH.ann	sabdab_dataset/9jd1/annotation/9jd1_A_VL.ann	sabdab_dataset/9jd1/imgt/9jd1_B_H.ann	sabdab_dataset/9jd1/imgt/9jd1_A_L.ann	sabdab_dataset/9jd1/sequence/9jd1_raw.pdb	sabdab_dataset/9jd1/sequence/9jd1_B_VH.fa	sabdab_dataset/9jd1/sequence/9jd1_A_VL.fa	sabdab_dataset/9jd1/structure/9jd1.pdb	sabdab_dataset/9jd1/structure/chothia/9jd1.pdb	True	False	test	2025-07-30	True
9jeb	A	a	0	B	protein		spike protein s1	VIRAL PROTEIN/IMMUNE SYSTEM	09/03/25	Crystal structure of SARS-CoV-2 RBD in complex with a neutralizing antibody scFv N1	Homo sapiens; Severe acute respiratory syndrome coronavirus 2	homo sapiens		severe acute respiratory syndrome coronavirus2 	Guo, K., Zhang, N., Guo, Y.	2.3	X-RAY DIFFRACTION	0.206	0.178	True	True	unknown	unknown	unknown						sabdab_dataset/9jeb/abangle/9jeb.abangle	sabdab_dataset/9jeb/annotation/9jeb_A_VH.ann	sabdab_dataset/9jeb/annotation/9jeb_A_VL.ann	sabdab_dataset/9jeb/imgt/9jeb_A_H.ann	sabdab_dataset/9jeb/imgt/9jeb_A_L.ann	sabdab_dataset/9jeb/sequence/9jeb_raw.pdb	sabdab_dataset/9jeb/sequence/9jeb_A_VH.fa	sabdab_dataset/9jeb/sequence/9jeb_A_VL.fa	sabdab_dataset/9jeb/structure/9jeb.pdb	sabdab_dataset/9jeb/structure/chothia/9jeb.pdb	True	True	train	2025-09-03	True
9jno	D	B	0	A	protein		hemagglutinin	VIRAL PROTEIN/IMMUNE SYSTEM	02/18/26	The complex structure of antibody CH76 bound to the hemagglutinin of influenza B virus	Homo sapiens; Influenza B virus	homo sapiens	homo sapiens	influenza b virus	Ge, J.W., Fan, M., Zhao, M.	1.95	X-RAY DIFFRACTION	0.278	0.226	False	True	IGHV1	IGKV1	Kappa						sabdab_dataset/9jno/abangle/9jno.abangle	sabdab_dataset/9jno/annotation/9jno_D_VH.ann	sabdab_dataset/9jno/annotation/9jno_B_VL.ann	sabdab_dataset/9jno/imgt/9jno_D_H.ann	sabdab_dataset/9jno/imgt/9jno_B_L.ann	sabdab_dataset/9jno/sequence/9jno_raw.pdb	sabdab_dataset/9jno/sequence/9jno_D_VH.fa	sabdab_dataset/9jno/sequence/9jno_B_VL.fa	sabdab_dataset/9jno/structure/9jno.pdb	sabdab_dataset/9jno/structure/chothia/9jno.pdb	True	False	train	2026-02-18	True
9jqv	C	D	0	B	protein		envelopment polyprotein	VIRAL PROTEIN/IMMUNE SYSTEM	06/18/25	The crystal structure of SFTSV Gn and SD12 antibody complex	Homo sapiens; SFTS virus HB29	homo sapiens	homo sapiens	sfts virus hb29	Shi, W.F., Quan, C.S., Qi, J.X.	2.4	X-RAY DIFFRACTION	0.255	0.225	False	True	IGHV3	IGKV1	Kappa						sabdab_dataset/9jqv/abangle/9jqv.abangle	sabdab_dataset/9jqv/annotation/9jqv_C_VH.ann	sabdab_dataset/9jqv/annotation/9jqv_D_VL.ann	sabdab_dataset/9jqv/imgt/9jqv_C_H.ann	sabdab_dataset/9jqv/imgt/9jqv_D_L.ann	sabdab_dataset/9jqv/sequence/9jqv_raw.pdb	sabdab_dataset/9jqv/sequence/9jqv_C_VH.fa	sabdab_dataset/9jqv/sequence/9jqv_D_VL.fa	sabdab_dataset/9jqv/structure/9jqv.pdb	sabdab_dataset/9jqv/structure/chothia/9jqv.pdb	True	False	test	2025-06-18	True
9k6j	A	B	0	C	protein		spike protein s1	VIRAL PROTEIN/IMMUNE SYSTEM	01/07/26	Crystal structure of SARS-CoV-2 WT RBD bound with P5-1C8 Fab	Homo sapiens; Severe acute respiratory syndrome coronavirus 2	homo sapiens	homo sapiens	severe acute respiratory syndrome coronavirus2 	Lv, N.N., Yang, R.Y.	2.39	X-RAY DIFFRACTION	0.283	0.236	False	True	IGHV3	IGKV3	Kappa						sabdab_dataset/9k6j/abangle/9k6j.abangle	sabdab_dataset/9k6j/annotation/9k6j_A_VH.ann	sabdab_dataset/9k6j/annotation/9k6j_B_VL.ann	sabdab_dataset/9k6j/imgt/9k6j_A_H.ann	sabdab_dataset/9k6j/imgt/9k6j_B_L.ann	sabdab_dataset/9k6j/sequence/9k6j_raw.pdb	sabdab_dataset/9k6j/sequence/9k6j_A_VH.fa	sabdab_dataset/9k6j/sequence/9k6j_B_VL.fa	sabdab_dataset/9k6j/structure/9k6j.pdb	sabdab_dataset/9k6j/structure/chothia/9k6j.pdb	False	False	train	2026-01-07	True
9kur	G	D	0	A	protein		nucleoprotein	VIRAL PROTEIN	10/15/25	Crystal structure of mAb nCoV400Fab with SARS-CoV-2 N-CTD Complex	Homo sapiens; Severe acute respiratory syndrome coronavirus 2	homo sapiens	homo sapiens	severe acute respiratory syndrome coronavirus2 	Xue, S.J., Chen, S.D.	2.06	X-RAY DIFFRACTION	0.249	0.199	False	True	IGHV3	IGLV3	Lambda						sabdab_dataset/9kur/abangle/9kur.abangle	sabdab_dataset/9kur/annotation/9kur_G_VH.ann	sabdab_dataset/9kur/annotation/9kur_D_VL.ann	sabdab_dataset/9kur/imgt/9kur_G_H.ann	sabdab_dataset/9kur/imgt/9kur_D_L.ann	sabdab_dataset/9kur/sequence/9kur_raw.pdb	sabdab_dataset/9kur/sequence/9kur_G_VH.fa	sabdab_dataset/9kur/sequence/9kur_D_VL.fa	sabdab_dataset/9kur/structure/9kur.pdb	sabdab_dataset/9kur/structure/chothia/9kur.pdb	True	False	train	2025-10-15	True
9l9y	A	B	0	D	protein		capsid protein	VIRAL PROTEIN/IMMUNE SYSTEM	01/14/26	Immune complex of HEV E2s and mAb 6H8	Hepatitis E virus; Mus musculus	mus musculus	mus musculus	hepatitis e virus	Zimin, T., Guiping, W., Hai, Y., Qing, Z., Zizheng, Z., Ningshao, X., Shaowei, L.	2.44	X-RAY DIFFRACTION	0.236	0.216	False	False	IGHV1	IGKV4	Kappa						sabdab_dataset/9l9y/abangle/9l9y.abangle	sabdab_dataset/9l9y/annotation/9l9y_A_VH.ann	sabdab_dataset/9l9y/annotation/9l9y_B_VL.ann	sabdab_dataset/9l9y/imgt/9l9y_A_H.ann	sabdab_dataset/9l9y/imgt/9l9y_B_L.ann	sabdab_dataset/9l9y/sequence/9l9y_raw.pdb	sabdab_dataset/9l9y/sequence/9l9y_A_VH.fa	sabdab_dataset/9l9y/sequence/9l9y_B_VL.fa	sabdab_dataset/9l9y/structure/9l9y.pdb	sabdab_dataset/9l9y/structure/chothia/9l9y.pdb	True	False	train	2026-01-14	True
9lad	B		0	C	protein		neuronal pentraxin-2	PROTEIN BINDING	12/10/25	Crystal structure of the complex between Neuronal Pentraxin 2 (NP2 PTX) and antibody fragment VHH N1	Homo sapiens; Vicugna pacos	vicugna pacos		homo sapiens	Caaveiro, J.M.M., Yokoo, T., Tsumoto, K.	2.02	X-RAY DIFFRACTION	0.22	0.182	False	True	IGHV1									sabdab_dataset/9lad/annotation/9lad_B_VH.ann		sabdab_dataset/9lad/imgt/9lad_B_H.ann		sabdab_dataset/9lad/sequence/9lad_raw.pdb	sabdab_dataset/9lad/sequence/9lad_B_VH.fa		sabdab_dataset/9lad/structure/9lad.pdb	sabdab_dataset/9lad/structure/chothia/9lad.pdb	True	True	validation	2025-12-10	False
9lh2	B		0	A	protein		spike protein s1	ANTIVIRAL PROTEIN	01/14/26	Crystal structure of SARS-CoV-2 spike receptor-binding domain (Delta) in complex with pH-dependent nanobody MNb-11.	Severe acute respiratory syndrome coronavirus 2; Vicugna pacos	vicugna pacos		severe acute respiratory syndrome coronavirus2 	Zhang, X.D., Lu, G.W.	2.3	X-RAY DIFFRACTION	0.236	0.209	False	True	IGHV3									sabdab_dataset/9lh2/annotation/9lh2_B_VH.ann		sabdab_dataset/9lh2/imgt/9lh2_B_H.ann		sabdab_dataset/9lh2/sequence/9lh2_raw.pdb	sabdab_dataset/9lh2/sequence/9lh2_B_VH.fa		sabdab_dataset/9lh2/structure/9lh2.pdb	sabdab_dataset/9lh2/structure/chothia/9lh2.pdb	True	True	train	2026-01-14	False
9lme	C		0	B	protein		cd276 antigen	IMMUNE SYSTEM	01/21/26	Checkpoint regulator protein in complex with a nanobody	Homo sapiens; Lama glama	lama glama		homo sapiens	Chen, W.M., Sahili, A., Yew, W.N., Lescar, J.	2.404	X-RAY DIFFRACTION	0.21	0.178	False	True	IGHV3									sabdab_dataset/9lme/annotation/9lme_C_VH.ann		sabdab_dataset/9lme/imgt/9lme_C_H.ann		sabdab_dataset/9lme/sequence/9lme_raw.pdb	sabdab_dataset/9lme/sequence/9lme_C_VH.fa		sabdab_dataset/9lme/structure/9lme.pdb	sabdab_dataset/9lme/structure/chothia/9lme.pdb	True	True	train	2026-01-21	False
9lrf	H	L	0	K	protein		killer cell immunoglobulin-like receptor 2dl2	IMMUNE SYSTEM	10/15/25	Killer immunoglobulin receptor KIR2DL2 in complex with KIR2DL2_KIR2DL2/3 agonist 61-Fab	Homo sapiens	homo sapiens	homo sapiens	homo sapiens	Nishikawa, Y.	2.5	X-RAY DIFFRACTION	0.274	0.234	False	True	IGHV1	IGKV1	Kappa						sabdab_dataset/9lrf/abangle/9lrf.abangle	sabdab_dataset/9lrf/annotation/9lrf_H_VH.ann	sabdab_dataset/9lrf/annotation/9lrf_L_VL.ann	sabdab_dataset/9lrf/imgt/9lrf_H_H.ann	sabdab_dataset/9lrf/imgt/9lrf_L_L.ann	sabdab_dataset/9lrf/sequence/9lrf_raw.pdb	sabdab_dataset/9lrf/sequence/9lrf_H_VH.fa	sabdab_dataset/9lrf/sequence/9lrf_L_VL.fa	sabdab_dataset/9lrf/structure/9lrf.pdb	sabdab_dataset/9lrf/structure/chothia/9lrf.pdb	True	False	train	2025-10-15	True
9m5b	A	B	0	C	protein		low affinity immunoglobulin gamma fc region receptor ii-b	IMMUNE SYSTEM	12/17/25	A Human Fc Receptor Ectodomain in Complex With a Fab	Homo sapiens	homo sapiens	homo sapiens	homo sapiens	Zhao, Z., Wang, H., Duan, Y., Zhang, H., Yang, H.	1.66	X-RAY DIFFRACTION	0.218	0.189	False	True	IGHV3	IGKV1	Kappa						sabdab_dataset/9m5b/abangle/9m5b.abangle	sabdab_dataset/9m5b/annotation/9m5b_A_VH.ann	sabdab_dataset/9m5b/annotation/9m5b_B_VL.ann	sabdab_dataset/9m5b/imgt/9m5b_A_H.ann	sabdab_dataset/9m5b/imgt/9m5b_B_L.ann	sabdab_dataset/9m5b/sequence/9m5b_raw.pdb	sabdab_dataset/9m5b/sequence/9m5b_A_VH.fa	sabdab_dataset/9m5b/sequence/9m5b_B_VL.fa	sabdab_dataset/9m5b/structure/9m5b.pdb	sabdab_dataset/9m5b/structure/chothia/9m5b.pdb	True	False	train	2025-12-17	True
9m6j	A		0	H	protein		immunoglobulin g-binding protein a	IMMUNE SYSTEM	11/12/25	Crystal structure of S. aureus protein A bound to a camelid single-domain antibody	Camelidae; Staphylococcus aureus subsp. aureus NCTC 8325	camelidae		staphylococcus aureus subsp. aureus nctc 8325	Kong, Y., Shi, J.L., Wu, F.D., Zhao, T., Zhu, X.Y., Xu, Q.Y., Wang, R.B., Song, Y.D., Li, Q.X., Wang, Y.L., Gao, X.Y., Yang, Y.D., Wu, Y.L., Yang, Z.L., Yao, J.H., Ying, T.L.	2.0	X-RAY DIFFRACTION	0.226	0.192	False	True	IGHV1									sabdab_dataset/9m6j/annotation/9m6j_A_VH.ann		sabdab_dataset/9m6j/imgt/9m6j_A_H.ann		sabdab_dataset/9m6j/sequence/9m6j_raw.pdb	sabdab_dataset/9m6j/sequence/9m6j_A_VH.fa		sabdab_dataset/9m6j/structure/9m6j.pdb	sabdab_dataset/9m6j/structure/chothia/9m6j.pdb	True	True	train	2025-11-12	False
9m6o	B		0	A	protein		immunoglobulin g-binding protein a	IMMUNE SYSTEM	11/12/25	Crystal structure of S. aureus protein A bound to a camelid single-domain antibody	Camelus dromedarius; Staphylococcus aureus (strain NCTC 8325 / PS 47)	camelus dromedarius		staphylococcus aureus (strain nctc 8325 / ps47) 	Kong, Y., Shi, J.L., Wu, F.D., Zhao, T., Zhu, X.Y., Xu, Q.Y., Wang, R.B., Song, Y.D., Li, Q.X., Wang, Y.L., Gao, X.Y., Yang, Y.D., Wu, Y.L., Yang, Z.L., Yao, J.H., Ying, T.L.	1.49	X-RAY DIFFRACTION	0.257	0.224	False	True	IGHV1									sabdab_dataset/9m6o/annotation/9m6o_B_VH.ann		sabdab_dataset/9m6o/imgt/9m6o_B_H.ann		sabdab_dataset/9m6o/sequence/9m6o_raw.pdb	sabdab_dataset/9m6o/sequence/9m6o_B_VH.fa		sabdab_dataset/9m6o/structure/9m6o.pdb	sabdab_dataset/9m6o/structure/chothia/9m6o.pdb	False	False	train	2025-11-12	False
9mer	H	L	0	B	protein		h1h5 ha	VIRAL PROTEIN/IMMUNE SYSTEM	03/19/25	Structure of H1H5:FluA20 Chimeric Influenza HA Complex	Homo sapiens; Influenza A virus	homo sapiens	homo sapiens	influenza a virus	Seraj, N.	2.0	X-RAY DIFFRACTION	0.215	0.206	False	True	IGHV4	IGKV1	Kappa						sabdab_dataset/9mer/abangle/9mer.abangle	sabdab_dataset/9mer/annotation/9mer_H_VH.ann	sabdab_dataset/9mer/annotation/9mer_L_VL.ann	sabdab_dataset/9mer/imgt/9mer_H_H.ann	sabdab_dataset/9mer/imgt/9mer_L_L.ann	sabdab_dataset/9mer/sequence/9mer_raw.pdb	sabdab_dataset/9mer/sequence/9mer_H_VH.fa	sabdab_dataset/9mer/sequence/9mer_L_VL.fa	sabdab_dataset/9mer/structure/9mer.pdb	sabdab_dataset/9mer/structure/chothia/9mer.pdb	False	False	train	2025-03-19	True
9mev	H	L	0	B	protein		h1h3 ha	VIRAL PROTEIN/IMMUNE SYSTEM	03/19/25	Structure of H1H3:FluA20 Chimeric Antigen Complex	Homo sapiens; Influenza A virus	homo sapiens	homo sapiens	influenza a virus	Seraj, N.	2.06	X-RAY DIFFRACTION	0.209	0.181	False	True	IGHV4	IGKV1	Kappa						sabdab_dataset/9mev/abangle/9mev.abangle	sabdab_dataset/9mev/annotation/9mev_H_VH.ann	sabdab_dataset/9mev/annotation/9mev_L_VL.ann	sabdab_dataset/9mev/imgt/9mev_H_H.ann	sabdab_dataset/9mev/imgt/9mev_L_L.ann	sabdab_dataset/9mev/sequence/9mev_raw.pdb	sabdab_dataset/9mev/sequence/9mev_H_VH.fa	sabdab_dataset/9mev/sequence/9mev_L_VL.fa	sabdab_dataset/9mev/structure/9mev.pdb	sabdab_dataset/9mev/structure/chothia/9mev.pdb	False	False	train	2025-03-19	True
9mic	H	L	0	C	protein		eod-gt8 engineered mutant of gp120	IMMUNE SYSTEM	05/28/25	Crystal structure of the VRC01-class antibody 4D01, derived from GT1.1 vaccination, in complex with eOD-GT8	Homo sapiens; Human immunodeficiency virus 1	homo sapiens	homo sapiens	human immunodeficiency virus 1	Agrawal, S., Wilson, I.A.	1.97	X-RAY DIFFRACTION	0.252	0.222	False	True	IGHV1	IGKV1	Kappa						sabdab_dataset/9mic/abangle/9mic.abangle	sabdab_dataset/9mic/annotation/9mic_H_VH.ann	sabdab_dataset/9mic/annotation/9mic_L_VL.ann	sabdab_dataset/9mic/imgt/9mic_H_H.ann	sabdab_dataset/9mic/imgt/9mic_L_L.ann	sabdab_dataset/9mic/sequence/9mic_raw.pdb	sabdab_dataset/9mic/sequence/9mic_H_VH.fa	sabdab_dataset/9mic/sequence/9mic_L_VL.fa	sabdab_dataset/9mic/structure/9mic.pdb	sabdab_dataset/9mic/structure/chothia/9mic.pdb	True	False	train	2025-05-28	True
9mid	H	L	0	C	protein		eod-gt8 engineered mutant of gp120	IMMUNE SYSTEM	05/28/25	Crystal structure of the VRC01-class antibody 3G08, derived from GT1.1 vaccination, in complex with eOD-GT8	Homo sapiens; Human immunodeficiency virus 1	homo sapiens	homo sapiens	human immunodeficiency virus 1	Agrawal, S., Wilson, I.A.	1.74	X-RAY DIFFRACTION	0.247	0.206	False	True	IGHV1	IGLV2	Lambda						sabdab_dataset/9mid/abangle/9mid.abangle	sabdab_dataset/9mid/annotation/9mid_H_VH.ann	sabdab_dataset/9mid/annotation/9mid_L_VL.ann	sabdab_dataset/9mid/imgt/9mid_H_H.ann	sabdab_dataset/9mid/imgt/9mid_L_L.ann	sabdab_dataset/9mid/sequence/9mid_raw.pdb	sabdab_dataset/9mid/sequence/9mid_H_VH.fa	sabdab_dataset/9mid/sequence/9mid_L_VL.fa	sabdab_dataset/9mid/structure/9mid.pdb	sabdab_dataset/9mid/structure/chothia/9mid.pdb	True	False	train	2025-05-28	True
9mif	H	L	0	C	protein		eod-gt8 engineered mutant of gp120	IMMUNE SYSTEM	05/28/25	Crystal structure of the VRC01-class antibody 9C09, derived from GT1.1 vaccination, in complex with eOD-GT8	Homo sapiens; Human immunodeficiency virus 1	homo sapiens	homo sapiens	human immunodeficiency virus 1	Agrawal, S., Wilson, I.A.	1.93	X-RAY DIFFRACTION	0.275	0.233	False	True	IGHV1	IGKV1	Kappa						sabdab_dataset/9mif/abangle/9mif.abangle	sabdab_dataset/9mif/annotation/9mif_H_VH.ann	sabdab_dataset/9mif/annotation/9mif_L_VL.ann	sabdab_dataset/9mif/imgt/9mif_H_H.ann	sabdab_dataset/9mif/imgt/9mif_L_L.ann	sabdab_dataset/9mif/sequence/9mif_raw.pdb	sabdab_dataset/9mif/sequence/9mif_H_VH.fa	sabdab_dataset/9mif/sequence/9mif_L_VL.fa	sabdab_dataset/9mif/structure/9mif.pdb	sabdab_dataset/9mif/structure/chothia/9mif.pdb	True	False	train	2025-05-28	True
9mj3	H	L	0	C	protein		eod-gt8 engineered mutant of gp120	IMMUNE SYSTEM	05/28/25	Crystal structure of the VRC01-class antibody 12A01, derived from GT1.1 vaccination, in complex with eOD-GT8	Homo sapiens; Human immunodeficiency virus 1	homo sapiens	homo sapiens	human immunodeficiency virus 1	Agrawal, S., Wilson, I.A.	2.2	X-RAY DIFFRACTION	0.246	0.217	False	True	IGHV1	IGKV3	Kappa						sabdab_dataset/9mj3/abangle/9mj3.abangle	sabdab_dataset/9mj3/annotation/9mj3_H_VH.ann	sabdab_dataset/9mj3/annotation/9mj3_L_VL.ann	sabdab_dataset/9mj3/imgt/9mj3_H_H.ann	sabdab_dataset/9mj3/imgt/9mj3_L_L.ann	sabdab_dataset/9mj3/sequence/9mj3_raw.pdb	sabdab_dataset/9mj3/sequence/9mj3_H_VH.fa	sabdab_dataset/9mj3/sequence/9mj3_L_VL.fa	sabdab_dataset/9mj3/structure/9mj3.pdb	sabdab_dataset/9mj3/structure/chothia/9mj3.pdb	True	False	train	2025-05-28	True
9ml8	E	F	0	B	protein		spike protein s1	VIRAL PROTEIN/IMMUNE SYSTEM	06/04/25	Crystal structure of the SARS-CoV-2 RBD in complex with the rabbit M8b-B1 Fab	Oryctolagus cuniculus; Severe acute respiratory syndrome coronavirus 2	oryctolagus cuniculus	oryctolagus cuniculus	severe acute respiratory syndrome coronavirus2 	Fan, C., Bjorkman, P.J.	2.4	X-RAY DIFFRACTION	0.247	0.223	False	True	IGHV1	IGKV1	Kappa						sabdab_dataset/9ml8/abangle/9ml8.abangle	sabdab_dataset/9ml8/annotation/9ml8_E_VH.ann	sabdab_dataset/9ml8/annotation/9ml8_F_VL.ann	sabdab_dataset/9ml8/imgt/9ml8_E_H.ann	sabdab_dataset/9ml8/imgt/9ml8_F_L.ann	sabdab_dataset/9ml8/sequence/9ml8_raw.pdb	sabdab_dataset/9ml8/sequence/9ml8_E_VH.fa	sabdab_dataset/9ml8/sequence/9ml8_F_VL.fa	sabdab_dataset/9ml8/structure/9ml8.pdb	sabdab_dataset/9ml8/structure/chothia/9ml8.pdb	True	False	test	2025-06-04	True
9mqv	H	L	0	A	protein		neuraminidase	VIRAL PROTEIN, HYDROLASE/IMMUNE SYSTEM	07/23/25	Crystal structure of human 1122A11 Fab in complex with influenza virus neuraminidase from A/Singapore/INFIMH-16-0019/2016 (H3N2)	Homo sapiens; Influenza A virus	homo sapiens	homo sapiens	influenza a virus	Zhu, X., Wilson, I.A.	2.2	X-RAY DIFFRACTION	0.204	0.169	False	True	IGHV1	IGLV3	Lambda						sabdab_dataset/9mqv/abangle/9mqv.abangle	sabdab_dataset/9mqv/annotation/9mqv_H_VH.ann	sabdab_dataset/9mqv/annotation/9mqv_L_VL.ann	sabdab_dataset/9mqv/imgt/9mqv_H_H.ann	sabdab_dataset/9mqv/imgt/9mqv_L_L.ann	sabdab_dataset/9mqv/sequence/9mqv_raw.pdb	sabdab_dataset/9mqv/sequence/9mqv_H_VH.fa	sabdab_dataset/9mqv/sequence/9mqv_L_VL.fa	sabdab_dataset/9mqv/structure/9mqv.pdb	sabdab_dataset/9mqv/structure/chothia/9mqv.pdb	True	False	train	2025-07-23	True
9mxi	E	F	0	G	protein		heat-labile enterotoxin b chain	IMMUNE SYSTEM/TOXIN	02/12/25	Crystal Structure of synthetic antibody, COP-2, in complex with the C-terminal domain of Clostridium perfringens Enterotoxin	Clostridium perfringens; synthetic construct	synthetic construct	synthetic construct	clostridium perfringens	Ogbu, C.P., Kapoor, S., Vecchio, A.J.	2.2	X-RAY DIFFRACTION	0.233	0.182	False	True	IGHV3	IGKV1	Kappa						sabdab_dataset/9mxi/abangle/9mxi.abangle	sabdab_dataset/9mxi/annotation/9mxi_E_VH.ann	sabdab_dataset/9mxi/annotation/9mxi_F_VL.ann	sabdab_dataset/9mxi/imgt/9mxi_E_H.ann	sabdab_dataset/9mxi/imgt/9mxi_F_L.ann	sabdab_dataset/9mxi/sequence/9mxi_raw.pdb	sabdab_dataset/9mxi/sequence/9mxi_E_VH.fa	sabdab_dataset/9mxi/sequence/9mxi_F_VL.fa	sabdab_dataset/9mxi/structure/9mxi.pdb	sabdab_dataset/9mxi/structure/chothia/9mxi.pdb	False	False	train	2025-02-12	True
9n8i	A	B	0	E	protein		gametocyte surface protein p230	IMMUNE SYSTEM	02/04/26	Pfs230 domain 1 bound by RUPA-39 Fab	Homo sapiens; Lama glama; Plasmodium falciparum 3D7	homo sapiens	homo sapiens	plasmodium falciparum 3d7	Ivanochko, D., Semesi, A., Julien, J.P.	1.85	X-RAY DIFFRACTION	0.233	0.188	False	True	IGHV3	IGKV3	Kappa						sabdab_dataset/9n8i/abangle/9n8i.abangle	sabdab_dataset/9n8i/annotation/9n8i_A_VH.ann	sabdab_dataset/9n8i/annotation/9n8i_B_VL.ann	sabdab_dataset/9n8i/imgt/9n8i_A_H.ann	sabdab_dataset/9n8i/imgt/9n8i_B_L.ann	sabdab_dataset/9n8i/sequence/9n8i_raw.pdb	sabdab_dataset/9n8i/sequence/9n8i_A_VH.fa	sabdab_dataset/9n8i/sequence/9n8i_B_VL.fa	sabdab_dataset/9n8i/structure/9n8i.pdb	sabdab_dataset/9n8i/structure/chothia/9n8i.pdb	True	False	train	2026-02-04	True
9n8n	A	B	0	I	protein		gametocyte surface protein p230,gametocyte surface proteinp45/48 	IMMUNE SYSTEM	02/04/26	Tandem antigen chimera of Pfs230 and Pfs48/45 bound by potent mAbs	Homo sapiens; Plasmodium falciparum 3D7	homo sapiens	homo sapiens	plasmodium falciparum 3d7	Ivanochko, D., Semesi, A., Julien, J.P.	2.22	X-RAY DIFFRACTION	0.21	0.174	False	True	IGHV3	IGKV3	Kappa						sabdab_dataset/9n8n/abangle/9n8n.abangle	sabdab_dataset/9n8n/annotation/9n8n_A_VH.ann	sabdab_dataset/9n8n/annotation/9n8n_B_VL.ann	sabdab_dataset/9n8n/imgt/9n8n_A_H.ann	sabdab_dataset/9n8n/imgt/9n8n_B_L.ann	sabdab_dataset/9n8n/sequence/9n8n_raw.pdb	sabdab_dataset/9n8n/sequence/9n8n_A_VH.fa	sabdab_dataset/9n8n/sequence/9n8n_B_VL.fa	sabdab_dataset/9n8n/structure/9n8n.pdb	sabdab_dataset/9n8n/structure/chothia/9n8n.pdb	True	False	train	2026-02-04	True
9ncd	H	L	0	A	protein		non-specific lipid-transfer protein	ALLERGEN	02/18/26	Crystal structure of the peanut allergen Ara h 9 with bound Fab IGX-3103 and antiFab nanobody	Arachis hypogaea; Homo sapiens; Lama glama	homo sapiens	homo sapiens	arachis hypogaea	Pedersen, L.C., Mueller, G.A.	1.6	X-RAY DIFFRACTION	0.195	0.169	False	True	IGHV3	IGKV1	Kappa						sabdab_dataset/9ncd/abangle/9ncd.abangle	sabdab_dataset/9ncd/annotation/9ncd_H_VH.ann	sabdab_dataset/9ncd/annotation/9ncd_L_VL.ann	sabdab_dataset/9ncd/imgt/9ncd_H_H.ann	sabdab_dataset/9ncd/imgt/9ncd_L_L.ann	sabdab_dataset/9ncd/sequence/9ncd_raw.pdb	sabdab_dataset/9ncd/sequence/9ncd_H_VH.fa	sabdab_dataset/9ncd/sequence/9ncd_L_VL.fa	sabdab_dataset/9ncd/structure/9ncd.pdb	sabdab_dataset/9ncd/structure/chothia/9ncd.pdb	True	False	train	2026-02-18	True
9njy	H	L	0	A	protein		clumping factor a	IMMUNE SYSTEM	07/30/25	Terminal two domains of ClfA002 with bound Fab of AZD7745	Mammalia; Staphylococcus aureus	mammalia	mammalia	staphylococcus aureus	Oganesyan, V.Y.	1.58	X-RAY DIFFRACTION	0.219	0.199	False	True	IGHV4	IGKV1	Kappa						sabdab_dataset/9njy/abangle/9njy.abangle	sabdab_dataset/9njy/annotation/9njy_H_VH.ann	sabdab_dataset/9njy/annotation/9njy_L_VL.ann	sabdab_dataset/9njy/imgt/9njy_H_H.ann	sabdab_dataset/9njy/imgt/9njy_L_L.ann	sabdab_dataset/9njy/sequence/9njy_raw.pdb	sabdab_dataset/9njy/sequence/9njy_H_VH.fa	sabdab_dataset/9njy/sequence/9njy_L_VL.fa	sabdab_dataset/9njy/structure/9njy.pdb	sabdab_dataset/9njy/structure/chothia/9njy.pdb	True	False	validation	2025-07-30	True
9npi	C	B	0	A	protein		major allergen can f 1	ALLERGEN/IMMUNE SYSTEM	08/27/25	X-ray crystal structure of recombinant Can f 1 in complex with human IgE 12F3 Fab	Canis lupus familiaris; Homo sapiens	homo sapiens	homo sapiens	canis lupus familiaris	Khatri, K., Ball, A., Smith, S.A., Champan, M.D., Pomes, A., Chruszcz, M.	1.85	X-RAY DIFFRACTION	0.226	0.179	False	True	IGHV1	IGKV3	Kappa						sabdab_dataset/9npi/abangle/9npi.abangle	sabdab_dataset/9npi/annotation/9npi_C_VH.ann	sabdab_dataset/9npi/annotation/9npi_B_VL.ann	sabdab_dataset/9npi/imgt/9npi_C_H.ann	sabdab_dataset/9npi/imgt/9npi_B_L.ann	sabdab_dataset/9npi/sequence/9npi_raw.pdb	sabdab_dataset/9npi/sequence/9npi_C_VH.fa	sabdab_dataset/9npi/sequence/9npi_B_VL.fa	sabdab_dataset/9npi/structure/9npi.pdb	sabdab_dataset/9npi/structure/chothia/9npi.pdb	False	False	train	2025-08-27	True
9oar	B	D	0	A	protein		germline-targeting hiv-1 gp120 engineered outer domain eod-gt8-mingly 	IMMUNE SYSTEM	06/25/25	Crystal structure of antibody Fab G001-179 from IAVI G001 human trial in complex with a germline-targeting gp120 engineered outer domain eOD-GT8-mingly	Homo sapiens	homo sapiens	homo sapiens	homo sapiens	Lin, X., Wilson, I.A.	1.94	X-RAY DIFFRACTION	0.248	0.213	False	True	IGHV1	IGKV1	Kappa						sabdab_dataset/9oar/abangle/9oar.abangle	sabdab_dataset/9oar/annotation/9oar_B_VH.ann	sabdab_dataset/9oar/annotation/9oar_D_VL.ann	sabdab_dataset/9oar/imgt/9oar_B_H.ann	sabdab_dataset/9oar/imgt/9oar_D_L.ann	sabdab_dataset/9oar/sequence/9oar_raw.pdb	sabdab_dataset/9oar/sequence/9oar_B_VH.fa	sabdab_dataset/9oar/sequence/9oar_D_VL.fa	sabdab_dataset/9oar/structure/9oar.pdb	sabdab_dataset/9oar/structure/chothia/9oar.pdb	True	False	train	2025-06-25	True
9obn	E		0	B	protein		gametocyte surface protein p45/48	PROTEIN BINDING	01/21/26	Crystal structure of malaria transmission-blocking antigen Pfs48/45 C-terminal domain in complex with nanobody B2	Plasmodium falciparum 3D7; Vicugna pacos	vicugna pacos		plasmodium falciparum 3d7	Lyons, F.M.T., Dietrich, M.H., Tham, W.H.	2.5	X-RAY DIFFRACTION	0.254	0.208	False	True	IGHV1									sabdab_dataset/9obn/annotation/9obn_E_VH.ann		sabdab_dataset/9obn/imgt/9obn_E_H.ann		sabdab_dataset/9obn/sequence/9obn_raw.pdb	sabdab_dataset/9obn/sequence/9obn_E_VH.fa		sabdab_dataset/9obn/structure/9obn.pdb	sabdab_dataset/9obn/structure/chothia/9obn.pdb	True	True	train	2026-01-21	False
9pi9	A	B	0	E	protein		tumor-associated calcium signal transducer 2	SIGNALING PROTEIN	12/10/25	Sacituzumab Fab bound to Trop2 Dimer	Homo sapiens	homo sapiens	homo sapiens	homo sapiens	Ferrao, R.F., Lansdon, E.B.	1.56	X-RAY DIFFRACTION	0.211	0.181	False	True	IGHV7	IGKV6	Kappa						sabdab_dataset/9pi9/abangle/9pi9.abangle	sabdab_dataset/9pi9/annotation/9pi9_A_VH.ann	sabdab_dataset/9pi9/annotation/9pi9_B_VL.ann	sabdab_dataset/9pi9/imgt/9pi9_A_H.ann	sabdab_dataset/9pi9/imgt/9pi9_B_L.ann	sabdab_dataset/9pi9/sequence/9pi9_raw.pdb	sabdab_dataset/9pi9/sequence/9pi9_A_VH.fa	sabdab_dataset/9pi9/sequence/9pi9_B_VL.fa	sabdab_dataset/9pi9/structure/9pi9.pdb	sabdab_dataset/9pi9/structure/chothia/9pi9.pdb	True	False	train	2025-12-10	True
9pru	B	A	0	W	protein		low affinity immunoglobulin gamma fc region receptor iii-a	IMMUNE SYSTEM	12/31/25	Complex of the 3G8 Fab bound to Fc gamma receptor 3a / CD16a F158 allotype	Homo sapiens; Mus musculus	mus musculus	mus musculus	homo sapiens	Barb, A.W., Lanzilotta, W.N., Kremer, P.G.	1.9	X-RAY DIFFRACTION	0.28	0.23	False	True	IGHV8	IGKV3	Kappa						sabdab_dataset/9pru/abangle/9pru.abangle	sabdab_dataset/9pru/annotation/9pru_B_VH.ann	sabdab_dataset/9pru/annotation/9pru_A_VL.ann	sabdab_dataset/9pru/imgt/9pru_B_H.ann	sabdab_dataset/9pru/imgt/9pru_A_L.ann	sabdab_dataset/9pru/sequence/9pru_raw.pdb	sabdab_dataset/9pru/sequence/9pru_B_VH.fa	sabdab_dataset/9pru/sequence/9pru_A_VL.fa	sabdab_dataset/9pru/structure/9pru.pdb	sabdab_dataset/9pru/structure/chothia/9pru.pdb	True	False	train	2025-12-31	True
9pzi	F	E	0	G	protein		heat-labile enterotoxin b chain	IMMUNE SYSTEM/TOXIN	08/20/25	Crystal Structure of synthetic antibody COP-2 in complex with the C-terminal domain of Clostridium perfringens enterotoxin	Clostridium perfringens; Homo sapiens	homo sapiens	homo sapiens	clostridium perfringens	Vecchio, A.J., Ogbu, C.P., Kapoor, S.	2.5	X-RAY DIFFRACTION	0.225	0.178	False	True	IGHV3	IGKV1	Kappa						sabdab_dataset/9pzi/abangle/9pzi.abangle	sabdab_dataset/9pzi/annotation/9pzi_F_VH.ann	sabdab_dataset/9pzi/annotation/9pzi_E_VL.ann	sabdab_dataset/9pzi/imgt/9pzi_F_H.ann	sabdab_dataset/9pzi/imgt/9pzi_E_L.ann	sabdab_dataset/9pzi/sequence/9pzi_raw.pdb	sabdab_dataset/9pzi/sequence/9pzi_F_VH.fa	sabdab_dataset/9pzi/sequence/9pzi_E_VL.fa	sabdab_dataset/9pzi/structure/9pzi.pdb	sabdab_dataset/9pzi/structure/chothia/9pzi.pdb	False	False	train	2025-08-20	True
9q8l	H	L	0	A	protein		programmed cell death protein 1	IMMUNE SYSTEM	08/13/25	Crystal Structure of 21A08Ap1-Fab in Complex with Human PD-1 at 1.85 angstrom Resolution	Homo sapiens; Mus musculus	mus musculus	mus musculus	homo sapiens	Murer, P., Petersen, L., Egli, N., Salazar, U., Neubert, P., Zurbach, A., Rau, A., Stocker, C., Katopodis, A., Huber, C., Carr, K., Arduin, A.	1.85	X-RAY DIFFRACTION	0.216	0.178	False	True	IGHV3	IGLV1	Lambda						sabdab_dataset/9q8l/abangle/9q8l.abangle	sabdab_dataset/9q8l/annotation/9q8l_H_VH.ann	sabdab_dataset/9q8l/annotation/9q8l_L_VL.ann	sabdab_dataset/9q8l/imgt/9q8l_H_H.ann	sabdab_dataset/9q8l/imgt/9q8l_L_L.ann	sabdab_dataset/9q8l/sequence/9q8l_raw.pdb	sabdab_dataset/9q8l/sequence/9q8l_H_VH.fa	sabdab_dataset/9q8l/sequence/9q8l_L_VL.fa	sabdab_dataset/9q8l/structure/9q8l.pdb	sabdab_dataset/9q8l/structure/chothia/9q8l.pdb	False	False	train	2025-08-13	True
9qrv	H	L	0	D	protein		von willebrand factor	BLOOD CLOTTING	02/11/26	Crystal Structure of an anti-VWF CK Domain Fab in Complex with the C-Terminal CK Domain of Cynomolgus Monkey von Willebrand Factor.	Macaca fascicularis; synthetic construct	synthetic construct	synthetic construct	macaca fascicularis	Bak-Thomsen, T., Hager, M., Carnbring Deemand, A., Gluver Norgaard, H., Kempf-Amkaer, L., Anthonsen, A., Nielsen, R., Naretto, A., Kelpsas, V., Sabljic, I., Rose, N., Ostergaard, H., Gandhi, P., Walse, B.	2.5	X-RAY DIFFRACTION	0.249	0.217	False	True	IGHV1	IGKV1	Kappa						sabdab_dataset/9qrv/abangle/9qrv.abangle	sabdab_dataset/9qrv/annotation/9qrv_H_VH.ann	sabdab_dataset/9qrv/annotation/9qrv_L_VL.ann	sabdab_dataset/9qrv/imgt/9qrv_H_H.ann	sabdab_dataset/9qrv/imgt/9qrv_L_L.ann	sabdab_dataset/9qrv/sequence/9qrv_raw.pdb	sabdab_dataset/9qrv/sequence/9qrv_H_VH.fa	sabdab_dataset/9qrv/sequence/9qrv_L_VL.fa	sabdab_dataset/9qrv/structure/9qrv.pdb	sabdab_dataset/9qrv/structure/chothia/9qrv.pdb	True	False	train	2026-02-11	True
9rit	A		0	C	protein		cytotoxin 1	TOXIN	11/05/25	Co-crystal of broadly neutralizing biparatopic VHH in complex with cardiotoxin (P01468) Naja pallida	Naja pallida; Vicugna pacos	vicugna pacos		naja pallida	Burlet, N.J., Laustsen, A.H., Morth, J.P.	1.6	X-RAY DIFFRACTION	0.258	0.222	False	True	IGHV1									sabdab_dataset/9rit/annotation/9rit_A_VH.ann		sabdab_dataset/9rit/imgt/9rit_A_H.ann		sabdab_dataset/9rit/sequence/9rit_raw.pdb	sabdab_dataset/9rit/sequence/9rit_A_VH.fa		sabdab_dataset/9rit/structure/9rit.pdb	sabdab_dataset/9rit/structure/chothia/9rit.pdb	True	True	train	2025-11-05	False
9riu	A		0	B	protein		short neurotoxin 1	TOXIN	11/05/25	Co-crystal of broadly neutralizing VHH in complex with short neurotoxin 1 (P01426) Naja pallida	Naja pallida; Vicugna pacos	vicugna pacos		naja pallida	Burlet, N.J., Laustsen, A.H., Morth, J.P.	2.5	X-RAY DIFFRACTION	0.361	0.324	False	True	unknown	unknown	unknown							sabdab_dataset/9riu/annotation/9riu_A_VH.ann				sabdab_dataset/9riu/sequence/9riu_raw.pdb	sabdab_dataset/9riu/sequence/9riu_A_VH.fa		sabdab_dataset/9riu/structure/9riu.pdb	sabdab_dataset/9riu/structure/chothia/9riu.pdb	True	True	train	2025-11-05	False
9rm2	A	B	0	C	protein		major capsid protein vp1	VIRAL PROTEIN	07/09/25	BKPyV VP1 IN COMPLEX WITH 319C07-FAB	Betapolyomavirus hominis; Homo sapiens	homo sapiens	homo sapiens	betapolyomavirus hominis	Schmitt, S., Hillenbrand, M.	1.96	X-RAY DIFFRACTION	0.218	0.187	False	True	IGHV4	IGKV3	Kappa						sabdab_dataset/9rm2/abangle/9rm2.abangle	sabdab_dataset/9rm2/annotation/9rm2_A_VH.ann	sabdab_dataset/9rm2/annotation/9rm2_B_VL.ann	sabdab_dataset/9rm2/imgt/9rm2_A_H.ann	sabdab_dataset/9rm2/imgt/9rm2_B_L.ann	sabdab_dataset/9rm2/sequence/9rm2_raw.pdb	sabdab_dataset/9rm2/sequence/9rm2_A_VH.fa	sabdab_dataset/9rm2/sequence/9rm2_B_VL.fa	sabdab_dataset/9rm2/structure/9rm2.pdb	sabdab_dataset/9rm2/structure/chothia/9rm2.pdb	True	False	train	2025-07-09	True
9rn6	B		0	A	protein		spike protein s2',chimeric protein mimic of sars-cov-2spike hr1 	VIRAL PROTEIN	01/21/26	Crystal structure of a protein mimic of SARS-CoV-2 spike's HR1 domain in complex with two nanobodies bound to different epitopes	Severe acute respiratory syndrome coronavirus 2; Vicugna pacos	vicugna pacos		severe acute respiratory syndrome coronavirus2 	Camara-Artigas, A., Conejero-Lara, F., Polo-Megias, D., Salinas-Garcia, M.C., Gavira, J.A.	2.4	X-RAY DIFFRACTION	0.263	0.247	False	True	IGHV1									sabdab_dataset/9rn6/annotation/9rn6_B_VH.ann		sabdab_dataset/9rn6/imgt/9rn6_B_H.ann		sabdab_dataset/9rn6/sequence/9rn6_raw.pdb	sabdab_dataset/9rn6/sequence/9rn6_B_VH.fa		sabdab_dataset/9rn6/structure/9rn6.pdb	sabdab_dataset/9rn6/structure/chothia/9rn6.pdb	True	True	test	2026-01-21	False
9th6	B		0	A	protein		guanine-n7 methyltransferase nsp14	VIRAL PROTEIN	02/11/26	nsp14 of SARS-CoV-2 in complex with a camelid nanobody	Lama glama; Severe acute respiratory syndrome coronavirus 2	lama glama		severe acute respiratory syndrome coronavirus2 	Gauffre, P., Ferron, F., Canard, B.	2.267	X-RAY DIFFRACTION	0.29	0.233	False	True	IGHV1									sabdab_dataset/9th6/annotation/9th6_B_VH.ann		sabdab_dataset/9th6/imgt/9th6_B_H.ann		sabdab_dataset/9th6/sequence/9th6_raw.pdb	sabdab_dataset/9th6/sequence/9th6_B_VH.fa		sabdab_dataset/9th6/structure/9th6.pdb	sabdab_dataset/9th6/structure/chothia/9th6.pdb	True	True	train	2026-02-11	False
9u8g	E		0	B	protein		transmembrane protease serine 2 catalytic chain	IMMUNE SYSTEM	07/30/25	Crystal structure of TMPRSS2 in complex with nanobody77_10	Homo sapiens; Vicugna pacos	vicugna pacos		homo sapiens	Duan, Y., Zhao, Z., Liu, X., Wang, H., Yang, H.	2.0	X-RAY DIFFRACTION	0.23	0.193	False	True	IGHV3									sabdab_dataset/9u8g/annotation/9u8g_E_VH.ann		sabdab_dataset/9u8g/imgt/9u8g_E_H.ann		sabdab_dataset/9u8g/sequence/9u8g_raw.pdb	sabdab_dataset/9u8g/sequence/9u8g_E_VH.fa		sabdab_dataset/9u8g/structure/9u8g.pdb	sabdab_dataset/9u8g/structure/chothia/9u8g.pdb	True	True	train	2025-07-30	False
9uk5	H	L	0	A	protein		interleukin 31	CYTOKINE/IMMUNE SYSTEM	10/29/25	crystal structure of the complex of interleukin-31 and its antibody	Canis lupus familiaris	canis lupus familiaris	canis lupus familiaris	canis lupus familiaris	Guo, T., Gao, F., Xiao, H.	1.9	X-RAY DIFFRACTION	0.239	0.201	False	True	IGHV5	IGKV6	Kappa						sabdab_dataset/9uk5/abangle/9uk5.abangle	sabdab_dataset/9uk5/annotation/9uk5_H_VH.ann	sabdab_dataset/9uk5/annotation/9uk5_L_VL.ann	sabdab_dataset/9uk5/imgt/9uk5_H_H.ann	sabdab_dataset/9uk5/imgt/9uk5_L_L.ann	sabdab_dataset/9uk5/sequence/9uk5_raw.pdb	sabdab_dataset/9uk5/sequence/9uk5_H_VH.fa	sabdab_dataset/9uk5/sequence/9uk5_L_VL.fa	sabdab_dataset/9uk5/structure/9uk5.pdb	sabdab_dataset/9uk5/structure/chothia/9uk5.pdb	True	False	validation	2025-10-29	True
9uvi	B	A	0	C	protein		beta-2-microglobulin	IMMUNE SYSTEM	09/03/25	Crystal structure of beta 2 microglobulin in complex with antibody BBM.1	Homo sapiens; Mus musculus	mus musculus	mus musculus	homo sapiens	Wei, P.C., Wu, J.J.	2.5	X-RAY DIFFRACTION	0.246	0.197	False	True	IGHV14	IGKV12	Kappa						sabdab_dataset/9uvi/abangle/9uvi.abangle	sabdab_dataset/9uvi/annotation/9uvi_B_VH.ann	sabdab_dataset/9uvi/annotation/9uvi_A_VL.ann	sabdab_dataset/9uvi/imgt/9uvi_B_H.ann	sabdab_dataset/9uvi/imgt/9uvi_A_L.ann	sabdab_dataset/9uvi/sequence/9uvi_raw.pdb	sabdab_dataset/9uvi/sequence/9uvi_B_VH.fa	sabdab_dataset/9uvi/sequence/9uvi_A_VL.fa	sabdab_dataset/9uvi/structure/9uvi.pdb	sabdab_dataset/9uvi/structure/chothia/9uvi.pdb	True	True	validation	2025-09-03	True
9uzb	H	L	0	A	protein		rna-directed rna polymerase l	HYDROLASE	12/31/25	Crystal structure of Kasokero virus cap-snatching endonuclease in apo form	Kasokero virus; Mus musculus	mus musculus	mus musculus	kasokero virus	Deng, Z., Kuang, W., Tian, Z.	1.9	X-RAY DIFFRACTION	0.221	0.182	False	True	IGHV5	IGKV1	Kappa						sabdab_dataset/9uzb/abangle/9uzb.abangle	sabdab_dataset/9uzb/annotation/9uzb_H_VH.ann	sabdab_dataset/9uzb/annotation/9uzb_L_VL.ann	sabdab_dataset/9uzb/imgt/9uzb_H_H.ann	sabdab_dataset/9uzb/imgt/9uzb_L_L.ann	sabdab_dataset/9uzb/sequence/9uzb_raw.pdb	sabdab_dataset/9uzb/sequence/9uzb_H_VH.fa	sabdab_dataset/9uzb/sequence/9uzb_L_VL.fa	sabdab_dataset/9uzb/structure/9uzb.pdb	sabdab_dataset/9uzb/structure/chothia/9uzb.pdb	True	False	train	2025-12-31	True
9uzc	H	L	0	A	protein		rna-directed rna polymerase l	HYDROLASE	12/31/25	Crystal structure of Kasokero virus cap- snatching endonuclease in complex with manganese ions	Kasokero virus; Mus musculus	mus musculus	mus musculus	kasokero virus	Deng, Z., Kuang, W., Tian, Z.	1.98	X-RAY DIFFRACTION	0.257	0.23	False	True	IGHV5	IGKV1	Kappa						sabdab_dataset/9uzc/abangle/9uzc.abangle	sabdab_dataset/9uzc/annotation/9uzc_H_VH.ann	sabdab_dataset/9uzc/annotation/9uzc_L_VL.ann	sabdab_dataset/9uzc/imgt/9uzc_H_H.ann	sabdab_dataset/9uzc/imgt/9uzc_L_L.ann	sabdab_dataset/9uzc/sequence/9uzc_raw.pdb	sabdab_dataset/9uzc/sequence/9uzc_H_VH.fa	sabdab_dataset/9uzc/sequence/9uzc_L_VL.fa	sabdab_dataset/9uzc/structure/9uzc.pdb	sabdab_dataset/9uzc/structure/chothia/9uzc.pdb	False	False	train	2025-12-31	True
9uzd	H	L	0	A	protein		rna-directed rna polymerase l	HYDROLASE	12/31/25	Crystal structure of Kasokero virus cap- snatching endonuclease (E668A mutant)	Kasokero virus; Mus musculus	mus musculus	mus musculus	kasokero virus	Deng, Z., Kuang, W., Tian, Z.	2.4	X-RAY DIFFRACTION	0.248	0.191	False	True	IGHV5	IGKV1	Kappa						sabdab_dataset/9uzd/abangle/9uzd.abangle	sabdab_dataset/9uzd/annotation/9uzd_H_VH.ann	sabdab_dataset/9uzd/annotation/9uzd_L_VL.ann	sabdab_dataset/9uzd/imgt/9uzd_H_H.ann	sabdab_dataset/9uzd/imgt/9uzd_L_L.ann	sabdab_dataset/9uzd/sequence/9uzd_raw.pdb	sabdab_dataset/9uzd/sequence/9uzd_H_VH.fa	sabdab_dataset/9uzd/sequence/9uzd_L_VL.fa	sabdab_dataset/9uzd/structure/9uzd.pdb	sabdab_dataset/9uzd/structure/chothia/9uzd.pdb	False	False	train	2025-12-31	True
9uze	H	L	0	A	protein		rna-directed rna polymerase l	HYDROLASE	12/31/25	Crystal structure of Kasokero virus cap- snatching endonuclease (E682A mutant)	Kasokero virus; Mus musculus	mus musculus	mus musculus	kasokero virus	Deng, Z., Kuang, W., Tian, Z.	2.41	X-RAY DIFFRACTION	0.233	0.178	False	True	IGHV5	IGKV1	Kappa						sabdab_dataset/9uze/abangle/9uze.abangle	sabdab_dataset/9uze/annotation/9uze_H_VH.ann	sabdab_dataset/9uze/annotation/9uze_L_VL.ann	sabdab_dataset/9uze/imgt/9uze_H_H.ann	sabdab_dataset/9uze/imgt/9uze_L_L.ann	sabdab_dataset/9uze/sequence/9uze_raw.pdb	sabdab_dataset/9uze/sequence/9uze_H_VH.fa	sabdab_dataset/9uze/sequence/9uze_L_VL.fa	sabdab_dataset/9uze/structure/9uze.pdb	sabdab_dataset/9uze/structure/chothia/9uze.pdb	False	False	test	2025-12-31	True
9uzf	H	L	0	A	protein		rna-directed rna polymerase l	HYDROLASE	12/31/25	Crystal structure of Kasokero virus cap- snatching endonuclease (D719A mutant)	Kasokero virus; Mus musculus	mus musculus	mus musculus	kasokero virus	Deng, Z., Kuang, W., Tian, Z.	2.47	X-RAY DIFFRACTION	0.257	0.2	False	True	IGHV5	IGKV1	Kappa						sabdab_dataset/9uzf/abangle/9uzf.abangle	sabdab_dataset/9uzf/annotation/9uzf_H_VH.ann	sabdab_dataset/9uzf/annotation/9uzf_L_VL.ann	sabdab_dataset/9uzf/imgt/9uzf_H_H.ann	sabdab_dataset/9uzf/imgt/9uzf_L_L.ann	sabdab_dataset/9uzf/sequence/9uzf_raw.pdb	sabdab_dataset/9uzf/sequence/9uzf_H_VH.fa	sabdab_dataset/9uzf/sequence/9uzf_L_VL.fa	sabdab_dataset/9uzf/structure/9uzf.pdb	sabdab_dataset/9uzf/structure/chothia/9uzf.pdb	False	False	train	2025-12-31	True
9uzg	H	L	0	A	protein		rna-directed rna polymerase l	HYDROLASE	12/31/25	Crystal structure of Kasokero virus cap- snatching endonuclease in complex with 2,4-dioxo-4-phenylbutanoic acid (DPBA)	Kasokero virus; Mus musculus	mus musculus	mus musculus	kasokero virus	Deng, Z., Kuang, W., Tian, Z.	2.15	X-RAY DIFFRACTION	0.233	0.181	False	True	IGHV5	IGKV1	Kappa						sabdab_dataset/9uzg/abangle/9uzg.abangle	sabdab_dataset/9uzg/annotation/9uzg_H_VH.ann	sabdab_dataset/9uzg/annotation/9uzg_L_VL.ann	sabdab_dataset/9uzg/imgt/9uzg_H_H.ann	sabdab_dataset/9uzg/imgt/9uzg_L_L.ann	sabdab_dataset/9uzg/sequence/9uzg_raw.pdb	sabdab_dataset/9uzg/sequence/9uzg_H_VH.fa	sabdab_dataset/9uzg/sequence/9uzg_L_VL.fa	sabdab_dataset/9uzg/structure/9uzg.pdb	sabdab_dataset/9uzg/structure/chothia/9uzg.pdb	False	False	train	2025-12-31	True
9uzh	H	L	0	A	protein		rna-directed rna polymerase l	HYDROLASE	12/31/25	Crystal structure of Kasokero virus cap- snatching endonuclease in complex with L-742,001	Kasokero virus; Mus musculus	mus musculus	mus musculus	kasokero virus	Deng, Z., Kuang, W., Tian, Z.	1.95	X-RAY DIFFRACTION	0.214	0.178	False	True	IGHV5	IGKV1	Kappa						sabdab_dataset/9uzh/abangle/9uzh.abangle	sabdab_dataset/9uzh/annotation/9uzh_H_VH.ann	sabdab_dataset/9uzh/annotation/9uzh_L_VL.ann	sabdab_dataset/9uzh/imgt/9uzh_H_H.ann	sabdab_dataset/9uzh/imgt/9uzh_L_L.ann	sabdab_dataset/9uzh/sequence/9uzh_raw.pdb	sabdab_dataset/9uzh/sequence/9uzh_H_VH.fa	sabdab_dataset/9uzh/sequence/9uzh_L_VL.fa	sabdab_dataset/9uzh/structure/9uzh.pdb	sabdab_dataset/9uzh/structure/chothia/9uzh.pdb	False	False	train	2025-12-31	True
9uzi	H	L	0	A	protein		rna-directed rna polymerase l	HYDROLASE	12/31/25	Crystal structure of Kasokero virus cap- snatching endonuclease in complex with baloxavir acid (BXA)	Kasokero virus; Mus musculus	mus musculus	mus musculus	kasokero virus	Deng, Z., Kuang, W., Tian, Z.	2.16	X-RAY DIFFRACTION	0.227	0.174	False	True	IGHV5	IGKV1	Kappa						sabdab_dataset/9uzi/abangle/9uzi.abangle	sabdab_dataset/9uzi/annotation/9uzi_H_VH.ann	sabdab_dataset/9uzi/annotation/9uzi_L_VL.ann	sabdab_dataset/9uzi/imgt/9uzi_H_H.ann	sabdab_dataset/9uzi/imgt/9uzi_L_L.ann	sabdab_dataset/9uzi/sequence/9uzi_raw.pdb	sabdab_dataset/9uzi/sequence/9uzi_H_VH.fa	sabdab_dataset/9uzi/sequence/9uzi_L_VL.fa	sabdab_dataset/9uzi/structure/9uzi.pdb	sabdab_dataset/9uzi/structure/chothia/9uzi.pdb	False	False	train	2025-12-31	True
9vdy	C	D	0	A	protein		envelopment polyprotein	VIRAL PROTEIN/IMMUNE SYSTEM	01/07/26	hA5-6 Fab bound to SFTSV glycoprotein Gn	Homo sapiens; Severe fever with thrombocytopenia syndrome virus	homo sapiens	homo sapiens	severe fever with thrombocytopenia syndromevirus 	Deng, Z., Kuang, W., Zhao, H.	2.28	X-RAY DIFFRACTION	0.24	0.204	False	True	IGHV1	IGKV3	Kappa						sabdab_dataset/9vdy/abangle/9vdy.abangle	sabdab_dataset/9vdy/annotation/9vdy_C_VH.ann	sabdab_dataset/9vdy/annotation/9vdy_D_VL.ann	sabdab_dataset/9vdy/imgt/9vdy_C_H.ann	sabdab_dataset/9vdy/imgt/9vdy_D_L.ann	sabdab_dataset/9vdy/sequence/9vdy_raw.pdb	sabdab_dataset/9vdy/sequence/9vdy_C_VH.fa	sabdab_dataset/9vdy/sequence/9vdy_D_VL.fa	sabdab_dataset/9vdy/structure/9vdy.pdb	sabdab_dataset/9vdy/structure/chothia/9vdy.pdb	True	False	test	2026-01-07	True
9vdz	A	B	0	C	protein		envelopment polyprotein	VIRAL PROTEIN/IMMUNE SYSTEM	01/07/26	hA5-6(W30B/E45) Fab bound to SFTSV glycoprotein Gn	Homo sapiens; Severe fever with thrombocytopenia syndrome virus	homo sapiens	homo sapiens	severe fever with thrombocytopenia syndromevirus 	Deng, Z., Kuang, W., Zhao, H.	2.43	X-RAY DIFFRACTION	0.256	0.202	False	True	IGHV1	IGKV3	Kappa						sabdab_dataset/9vdz/abangle/9vdz.abangle	sabdab_dataset/9vdz/annotation/9vdz_A_VH.ann	sabdab_dataset/9vdz/annotation/9vdz_B_VL.ann	sabdab_dataset/9vdz/imgt/9vdz_A_H.ann	sabdab_dataset/9vdz/imgt/9vdz_B_L.ann	sabdab_dataset/9vdz/sequence/9vdz_raw.pdb	sabdab_dataset/9vdz/sequence/9vdz_A_VH.fa	sabdab_dataset/9vdz/sequence/9vdz_B_VL.fa	sabdab_dataset/9vdz/structure/9vdz.pdb	sabdab_dataset/9vdz/structure/chothia/9vdz.pdb	False	False	train	2026-01-07	True
9vjj	H	L	0	B	protein		transforming growth factor beta-1 proprotein	CYTOKINE	02/04/26	Crystal Structure of human Latent TGF-beta1 in complex with SOF10	Homo sapiens	homo sapiens	homo sapiens	homo sapiens	Kawauchi, H., Kanamori, M., Sato, I., Fukami, T.A., Irie, M., Torizawa, T., Shimada, H.	2.477	X-RAY DIFFRACTION	0.31	0.281	False	True	IGHV3	IGKV1	Kappa						sabdab_dataset/9vjj/abangle/9vjj.abangle	sabdab_dataset/9vjj/annotation/9vjj_H_VH.ann	sabdab_dataset/9vjj/annotation/9vjj_L_VL.ann	sabdab_dataset/9vjj/imgt/9vjj_H_H.ann	sabdab_dataset/9vjj/imgt/9vjj_L_L.ann	sabdab_dataset/9vjj/sequence/9vjj_raw.pdb	sabdab_dataset/9vjj/sequence/9vjj_H_VH.fa	sabdab_dataset/9vjj/sequence/9vjj_L_VL.fa	sabdab_dataset/9vjj/structure/9vjj.pdb	sabdab_dataset/9vjj/structure/chothia/9vjj.pdb	True	False	train	2026-02-04	True
9vp0	H	L	0	A	protein		interleukin 31	CYTOKINE/IMMUNE SYSTEM	10/29/25	Structural insights into IL-31 signaling inhibition by a neutralization antibody	Canis lupus familiaris	canis lupus familiaris	canis lupus familiaris	canis lupus familiaris	Guo, T., Gao, F., Xiao, H.	2.1	X-RAY DIFFRACTION	0.234	0.191	False	True	IGHV5	IGKV6	Kappa						sabdab_dataset/9vp0/abangle/9vp0.abangle	sabdab_dataset/9vp0/annotation/9vp0_H_VH.ann	sabdab_dataset/9vp0/annotation/9vp0_L_VL.ann	sabdab_dataset/9vp0/imgt/9vp0_H_H.ann	sabdab_dataset/9vp0/imgt/9vp0_L_L.ann	sabdab_dataset/9vp0/sequence/9vp0_raw.pdb	sabdab_dataset/9vp0/sequence/9vp0_H_VH.fa	sabdab_dataset/9vp0/sequence/9vp0_L_VL.fa	sabdab_dataset/9vp0/structure/9vp0.pdb	sabdab_dataset/9vp0/structure/chothia/9vp0.pdb	False	False	validation	2025-10-29	True
9y0a	A	B	0	C	protein		major pollen allergen bet v 1-a	ALLERGEN/IMMUNE SYSTEM	02/11/26	Crystal structure of Bet v 1.0101 in complex with human IgE Fab 2H22	Betula pendula; Homo sapiens	homo sapiens	homo sapiens	betula pendula	O'Malley, A., Borders, B.T., Smith, S.A., Chruszcz, M.	2.12	X-RAY DIFFRACTION	0.218	0.171	False	True	IGHV4	IGLV1	Lambda						sabdab_dataset/9y0a/abangle/9y0a.abangle	sabdab_dataset/9y0a/annotation/9y0a_A_VH.ann	sabdab_dataset/9y0a/annotation/9y0a_B_VL.ann	sabdab_dataset/9y0a/imgt/9y0a_A_H.ann	sabdab_dataset/9y0a/imgt/9y0a_B_L.ann	sabdab_dataset/9y0a/sequence/9y0a_raw.pdb	sabdab_dataset/9y0a/sequence/9y0a_A_VH.fa	sabdab_dataset/9y0a/sequence/9y0a_B_VL.fa	sabdab_dataset/9y0a/structure/9y0a.pdb	sabdab_dataset/9y0a/structure/chothia/9y0a.pdb	True	False	train	2026-02-11	True
9yio	D	C	0	B	protein		pvripr egf7-8	CELL INVASION	02/04/26	Crystal structure of 5B3 Fab in complex with PvRipr EGF7-8	Mus musculus; Plasmodium vivax	mus musculus	mus musculus	plasmodium vivax	Xiao, X., Cowman, A.F., Scally, S.W.	2.08	X-RAY DIFFRACTION	0.235	0.204	False	True	IGHV14	IGKV4	Kappa						sabdab_dataset/9yio/abangle/9yio.abangle	sabdab_dataset/9yio/annotation/9yio_D_VH.ann	sabdab_dataset/9yio/annotation/9yio_C_VL.ann	sabdab_dataset/9yio/imgt/9yio_D_H.ann	sabdab_dataset/9yio/imgt/9yio_C_L.ann	sabdab_dataset/9yio/sequence/9yio_raw.pdb	sabdab_dataset/9yio/sequence/9yio_D_VH.fa	sabdab_dataset/9yio/sequence/9yio_C_VL.fa	sabdab_dataset/9yio/structure/9yio.pdb	sabdab_dataset/9yio/structure/chothia/9yio.pdb	True	False	train	2026-02-04	True
